NZ0000002426	CAP 30UF 370V 50/60 HZ MOTOR	 $32.89 
89026947000A	CAP 4.7UF 16V MINIATURE C3 C4	 $4.82 
89026056000A	CAP 50MF-40V	 $1.36 
41016284000A	CAP CARRIER OUTER BOTTOM	 $257.06 
30017300000	CAP JEWELS LOWER COMPL.	 $0.66 
30017320000	CAP JEWELS SETTING SCREWS-LO	 $0.57 
30017310000	CAP JEWELS SETTING SCREWS-UP	 $0.09 
30017290000	CAP JEWELS- UPPER COMP.	 $0.70 
IB0681431100	CAP N/PCB  0959 3624	 $32.67 
TS4368849900	CAP OF FUSE HOLDER	 $19.12 
21014149000A	CAP PLUG	 $4.59 
L1000141000C	CAP SCREW	 $2.84 
27000054000A	CAP SHEET   GREY IN STOCK	 $307.80 
31017124000A	CAP TUBE	 $10.01 
MSN61539000A	CAP, .48 DIA SCREW-BLACK *CAPL	 $0.08 
41027299000A	CAP, DETENT ROD, 3/16	 $43.01 
82006177000A	CAP, POLY .0033MFD 100V	 $0.90 
MSN72627000A	CAP, RED LENS - PILOT LAMP *AP	 $2.56 
MSN92423000A	CAP, SWITCH - LARGEBLACK -	 $0.69 
MSN82734000A	CAP, TOGGLE SWITCH-BLUE *C & K	 $0.88 
MSN69518000A	CAP, YELLOW LENS-PILOT LAMP *A	 $2.56 
89027814000A	CAP,1.5 KUF 200 VOLT RA 35X50X	 $38.23 
39009303053A	CAP,16 V,470 UF	 $9.22 
39009303062A	CAP,16 V,4700 PF	 $10.35 
89027810000A	CAP,22UF,25V ALUM RA 5X11.2X2	 $0.14 
39009303060A	CAP,25 V,1000 UF	 $2.32 
39009303068A	CAP,35 V,33 UF	 $8.92 
39009303084A	CAP,50 V,0.1 UF	 $8.84 
89029946000A	CAP,AL,35V,2700UF,20%	 $7.55 
89029932000A	CAP,AL,50V,47UF,20%	 $0.34 
89028721000A	CAP,ALUM,RA 16X25X7.5 L.S.4.7K	 $4.10 
89029931000A	CAP,CER,250V-N.A.	 $1.34 
89029941000A	CAP,CER,50V,10F,10%	 $0.42 
10818130000	CAP,ELCTLT,MF324,110V	 $43.47 
89030907000A	CAP,ELECT RAD,47UF 50V,M6.3X11	 $0.05 
NZ0000002947	cap,electrolytic axial	 $1.21 
NZ0000002946	cap,electrolytic radial	 $1.12 
31017156000A	CAP,END	 $2.38 
31017156000B	CAP,END	 $170.10 
TSN90470000A	CAP,FC-804-5	 $2.19 
89030259000A	CAP,FXD,AL(Seville ONLY)	 $3.12 
19005148007A	CAP,FXD,AL,U 00002.20,0050.0V,20.0%,RDL	 $0.14 
29013280000C	CAP,FXD,AL,U 00004.70,0035.0V,20.0%,SMD	 $0.40 
19005082010A	CAP,FXD,AL,U 00033.00,0035.0V,20.0%,RDL	 $0.41 
19005048018A	CAP,FXD,AL,U 00075.00,0050.0V,-10+75%,AX	 $3.74 
19005094025A	CAP,FXD,AL,U 00100.00,0016.0V,20.0%,AX	 $1.59 
29016118000A	CAP,FXD,AL,U 00100.00,0025.0V,20.0%,SMD	 $0.33 
29015976000A	CAP,FXD,AL,U 00100.00,0025.0V,20.0%,SMD,LIMPD	 $0.98 
19005094054A	CAP,FXD,AL,U 00100.00,0035.0V,20.0%,AX	 $0.59 
19005151008A	CAP,FXD,AL,U 00100.00,0035.0V,20.0%,RDL	 $0.77 
19005082024A	CAP,FXD,AL,U 00100.00,0050.0V,20.0%,RDL	 $0.49 
19005224000A	CAP,FXD,AL,U 00100.00,0050.0V,20.0%,SMD	 $1.51 
29013398000A	CAP,FXD,AL,U 00100.00,0050.0V,20.0%,SMD	 $0.95 
19005082026A	CAP,FXD,AL,U 00220.00,0035.0V,20.0%,RDL	 $1.03 
29015976000C	CAP,FXD,AL,U 00220.00,0035.0V,20.0%,SMD,LIMPD	 $8.93 
19005094070A	CAP,FXD,AL,U 00220.00,0050.0V,20.0%,AX	 $3.12 
10646910000	CAP,FXD,AL,U 00250.00,0050.0V,-10+150%,AX	 $18.10 
29016050000A	CAP,FXD,AL,U 00270.00,0063.0V,20.0%,RDL,LIMPD	 $2.30 
19005141009A	CAP,FXD,AL,U 01000.00,0010.0V,20.0%,RDL	 $1.59 
19005142002B	CAP,FXD,AL,U 01000.00,0025.0V,20.0%,RDL	 $3.11 
19005094058A	CAP,FXD,AL,U 01000.00,0035.0V,20.0%,AX	 $5.35 
19005168000A	CAP,FXD,AL,U 01000.00,0050.0V,20.0%,RDL	 $1.67 
19005192000J	CAP,FXD,AL,U 01000.00,0063.0V,20.0%,RDL,LIMPD	 $6.03 
19005094059A	CAP,FXD,AL,U 02200.00,0035.0V,20.0%,AX	 $7.62 
19005171000A	CAP,FXD,AL,U 03900.00,0035.0V,20.0%,PC	 $10.87 
19005125000A	CAP,FXD,AL,U 05600.00,0035.0V,-10+80%,AX	 $14.41 
19005204072A	CAP,FXD,CER,P 00000.01,0025.0V,20.0%,0603	 $0.45 
19005205044A	CAP,FXD,CER,P 00015.00,0050.0V,10.0%,0603	 $0.16 
19005205034A	CAP,FXD,CER,P 00022.00,0050.0V,05.0%,0603	 $0.07 
19005205023A	CAP,FXD,CER,P 00100.00,0050.0V,05.0%,0603	 $0.09 
19005100022A	CAP,FXD,CER,P 00120.00,0050.0V,20.0%,AX	 $0.54 
19005204091A	CAP,FXD,CER,P 00220.00,0050.0V,10.0%,0603	 $0.04 
19005204076A	CAP,FXD,CER,P 00220.00,0050.0V,20.0%,0603	 $0.16 
29015974000D	CAP,FXD,CER,P 00220.00,0050.0V,20.0%,0603	 $0.14 
19005205010A	CAP,FXD,CER,P 00220.00,0100.0V,05.0%,SMD	 $0.07 
19005204011A	CAP,FXD,CER,P 00330.00,0050.0V,20.0%,0805	 $9.89 
29015974000F	CAP,FXD,CER,P 00470.00,0050.0V,10.0%,0603	 $3.24 
19005205043A	CAP,FXD,CER,P 00560.00,0050.0V,10.0%,0805	 $0.30 
19005205011A	CAP,FXD,CER,P 01000.00,0050.0V,05.0%,SMD	 $0.04 
19005204040A	CAP,FXD,CER,P 01000.00,0050.0V,10.0%,0603	 $4.84 
19005204023A	CAP,FXD,CER,P 01000.00,0050.0V,10.0%,0805	 $0.08 
29015978000K	CAP,FXD,CER,P 01000.00,0050.0V,20.0%,1206	 $0.45 
19005084018A	CAP,FXD,CER,P 02200.00,0100.0V,10.0%,RDL	 $0.59 
19005205045A	CAP,FXD,CER,P 03300.00,0025.0V,10.0%,0805	 $0.59 
19005063037A	CAP,FXD,CER,P 10000.00,0100.0V,10.0%,RDL	 $1.32 
19005204022A	CAP,FXD,CER,P 22000.00,0050.0V,05.0%,0805	 $0.05 
19005099005A	CAP,FXD,CER,P 22000.00,0050.0V,20.0%,AX	 $0.69 
19005099008A	CAP,FXD,CER,P 39000.00,0050.0V,20.0%,AX	 $1.59 
19005099009A	CAP,FXD,CER,P 47000.00,0050.0V,20.0%,AX	 $0.86 
19005099010A	CAP,FXD,CER,P 56000.00,0050.0V,20.0%,AX	 $1.03 
19005204073A	CAP,FXD,CER,P 68000.00,0100.0V,20.0%,1206	 $0.33 
29015978000D	CAP,FXD,CER,P 68000.00,0100.0V,20.0%,1206	 $0.33 
19005204016A	CAP,FXD,CER,U 00000.01,0050.0V,05.0%,1206	 $0.08 
19005204041A	CAP,FXD,CER,U 00000.01,0050.0V,10.0%,0603	 $0.09 
49228484000A	CAP,FXD,CER,U 00000.10,0010.0V,10.0%,0402	 $0.05 
19005204043A	CAP,FXD,CER,U 00000.10,0016.0V,10.0%,0603	 $0.05 
29015974000H	CAP,FXD,CER,U 00000.10,0016.0V,10.0%,0603	 $0.01 
29015974000A	CAP,FXD,CER,U 00000.10,0025.0V,20.0%,080	 $0.05 
19005204055A	CAP,FXD,CER,U 00000.10,0050.0V,05.0%,0805	 $0.13 
29015974000X	CAP,FXD,CER,U 00000.10,0050.0V,05.0%,0805	 $1.21 
19005201001A	CAP,FXD,CER,U 00000.10,0050.0V,05.0%,1206	 $0.45 
19005084038A	CAP,FXD,CER,U 00000.10,0050.0V,10.0%,RDL	 $0.83 
19005204007A	CAP,FXD,CER,U 00000.10,0050.0V,20.0%,1206	 $0.25 
19005099013A	CAP,FXD,CER,U 00000.10,0050.0V,20.0%,AX	 $0.59 
19005177000A	CAP,FXD,CER,U 00000.10,0050.0V,20.0%,AX	 $0.21 
19005210000A	CAP,FXD,CER,U 00000.10,0050.0V,-20+80%,SMD	 $0.09 
29015978000B	CAP,FXD,CER,U 00000.10,0100.0V,20.0%,1206	 $0.29 
19005218000A	CAP,FXD,CER,U 00000.10,0100.0V,20.0%,1812	 $2.03 
19005204045A	CAP,FXD,CER,U 00000.22,0050.0V,10.0%,1210	 $0.63 
19005084042A	CAP,FXD,CER,U 00000.22,0050.0V,10.0%,RDL	 $1.58 
29015974000W	CAP,FXD,CER,U 00000.33,0016.0V,05.0%,0805	 $1.91 
19005101008A	CAP,FXD,CER,U 00000.47,0050.0V,20.0%,AX	 $1.27 
19005204032A	CAP,FXD,CER,U 00001.00,0010.0V,20.0%,1206	 $0.32 
19005204048A	CAP,FXD,CER,U 00001.00,0016.0V,10.0%,1206	 $0.36 
19005204057A	CAP,FXD,CER,U 00001.00,0025.0V,20.0%,1206	 $0.22 
29015978000C	CAP,FXD,CER,U 00001.00,0025.0V,20.0%,1206	 $0.20 
19005084050A	CAP,FXD,CER,U 00001.00,0050.0V,10.0%,RDL	 $12.14 
19005164000A	CAP,FXD,CER,U 00001.00,0100.0V,20.0%,RDL	 $23.63 
49226201000B	CAP,FXD,CER,U 00004.70,0016.0V,20.0%,1206	 $0.05 
49226197000C	CAP,FXD,CER,U 00010.00,0006.3V,20.0%,0805	 $0.94 
19005057001A	CAP,FXD,MTL PLYEST,P 01000.00,0600.0V,05.0%,AX	 $5.72 
19005057021A	CAP,FXD,MTL PLYEST,P 82000.00,0100.0V,05.0%,AX	 $5.87 
19005057022A	CAP,FXD,MTL PLYEST,U 00000.10,0100.0V,05.0%,AX	 $4.94 
19005057028A	CAP,FXD,MTL PLYEST,U 00000.33,0100.0V,05.0%,AX	 $5.89 
19005058034A	CAP,FXD,MTL PLYEST,U 00001.00,0100.0V,10.0%,AX	 $11.00 
110024270000	CAP,FXD,OIL,U 00008.00,0330.0V,10.0%,QDISC	 $60.09 
19005073009A	CAP,FXD,TANT,U 00000.47,0020.0V,20.0%,AX	 $1.94 
19005073011A	CAP,FXD,TANT,U 00000.68,0020.0V,20.0%,AX	 $4.08 
19005009006A	CAP,FXD,TANT,U 00000.68,0050.0V,20.0%,RDL	 $1.09 
19005009005C	CAP,FXD,TANT,U 00001.00,0050.0V,05.0%,RDL	 $0.62 
19005009005A	CAP,FXD,TANT,U 00001.00,0050.0V,20.0%,RDL	 $1.05 
19005019003A	CAP,FXD,TANT,U 00002.20,0025.0V,20.0%,RDL	 $3.20 
19005009001B	CAP,FXD,TANT,U 00004.70,0010.0V,10.0%,RDL	 $0.98 
19005073021A	CAP,FXD,TANT,U 00004.70,0020.0V,20.0%,AX	 $0.95 
19005206004A	CAP,FXD,TANT,U 00004.70,0025.0V,20.0%,SMD	 $1.04 
19005206034A	CAP,FXD,TANT,U 00006.80,0035.0V,20.0%,SMD,LOW ESR	 $3.32 
29016056000A	CAP,FXD,TANT,U 00006.80,0035.0V,20.0%,SMD,LOW ESR	 $4.37 
19005180000A	CAP,FXD,TANT,U 00010.00,0016.0V,20.0%,RDL	 $2.03 
19005073025A	CAP,FXD,TANT,U 00010.00,0020.0V,20.0%,AX	 $3.08 
19005107026A	CAP,FXD,TANT,U 00012.00,0050.0V,20.0%,AX	 $8.13 
19005073027A	CAP,FXD,TANT,U 00015.00,0020.0V,20.0%,AX	 $8.27 
19005073029A	CAP,FXD,TANT,U 00022.00,0020.0V,20.0%,AX	 $1.35 
19005206003A	CAP,FXD,TANT,U 00022.00,0020.0V,20.0%,SMD	 $1.52 
29015977000K	CAP,FXD,TANT,U 00022.00,0020.0V,20.0%,SMD	 $0.98 
29013320000D	CAP,FXD,TANT,U 00022.00,0025.0V,10.0%,SMD	 $2.75 
18001412000A	CAP,FXD,TANT,U 00047.00,0006.0V,20.0%,AX	 $2.11 
19038631000K	CAP,FXD,TANT,U 00047.00,0025.0V,10.0%,SMD	 $0.96 
19005169000A	CAP,FXD,TANT,U 00047.00,0035.0V,20.0%,AX	 $13.83 
19005229000A	CAP,FXD,TANT,U 00068.00,0010.0V,20.0%,SMD	 $3.63 
TSN66726000A	CAP,LAMP	 $2.19 
TSN66727000A	CAP,LAMP	 $2.19 
29012124000A	CAP,LMP FXTR	 $23.80 
19005127007A	CAP,MDL,CER,P 00220.00,0050.0V,20.0%,SIP	 $8.48 
19005120017A	CAP,MDL,CER,P 22000.00,0050.0V,20.0%,DIP	 $0.78 
19005120025A	CAP,MDL,CER,U 00000.10,0050.0V,20.0%,DIP	 $1.30 
29010574000A	CAP,PIN,ACTR	 $158.17 
4102070400AD	CAP,PLASTIC,1/2 IN	 $4.31 
TSN90708000A	CAP,PLASTIC-BACK UP/FEEDER	 $8.19 
89029951000A	CAP,PPRO,1.6KV	 $1.78 
1750358182	CAP,SEAL ASSEMBLY SP	 $1,443.52 
29012188000A	CAP,SL,CSET	 $1.78 
11062329000A	CAP,SMT,ISO,0.1UF,0603,2,1,10%	 $0.09 
89030809000A	CAP,SMT,ISO,0.1UF,0603,2,1,10%	 $1.87 
89030814000A	CAP,SMT,ISO,10NF,0603,2,1,10%,	 $22.12 
89030794000A	CAP,SMT,ISO,1NF,0603,2,1,200V,	 $7.23 
89029934000A	CAP,TAN,25VDC,10UF	 $1.87 
29010854000B	CAP,THUMB	 $4.87 
41020544000B	CAP,TOP VERTICAL VAT	 $23.39 
89029122000A	CAP.,1.5KUF,200V,RADIAL,1.4"X2	 $44.60 
89028773000A	CAP.2,200 M.F.35V RADIAL	 $3.57 
89028972000A	CAP.2.2 UF 35V TANTALOM RADIAL	 $1.10 
89030453000A	CAP; 220 nF- G5 CCA	 $1.85 
89029627000A	CAP;TANTALUM,10UF,6.3V 20%	 $1.87 
89030302000B	CAP;THM,ISO,3300uF,RAD,VLOW,DEPOT REPAIR,1X200	 $2.23 
89031426000A	CAP1 ADA AGILIS 2.4.8 IMAGE	 $24.44 
MSZ17503640A	CAP-10MFD/236VAC   N69650	 $77.94 
89031359021A	CAPA,1000.00UF,10.0X12.50,10.0	 $4.28 
89031359020A	CAPA,220.00UF,6.3X11.00,6.3V,T	 $1.14 
89031359019A	CAPA,470.00 UF,6.3X11.00,10V D	 $0.80 
89028965000A	CAPACIATOR AXIAL 47UF AT 100 V	 $0.58 
11041299000A	CAPACITOR	 $282.56 
89030128000A	capacitor	 $2.85 
89030129000A	capacitor	 $13.02 
89030130000A	capacitor	 $13.02 
MSN69433000A	CAPACITOR	 $20.92 
11037972000A	CAPACITOR      PELCO	 $15.51 
11034603000A	CAPACITOR   1UF  50 VOLT ELECT	 $0.23 
19005118000A	CAPACITOR   30MFD  220VAC	 $16.11 
19005048013A	CAPACITOR  25MFD 50V	 $5.35 
11032055000A	CAPACITOR  3.3MFD 5.5V	 $30.15 
89029233000A	CAPACITOR  350UF 16V AXIAL ALU	 $13.80 
89027813000A	CAPACITOR - 470 UF, 35V, ALUM,	 $1.29 
89029247000A	CAPACITOR  8200UF 15V ALUM AX	 $9.05 
11034349000A	CAPACITOR 1 MFD 160V  AUTO BEA	 $4.33 
MSN68491000A	CAPACITOR 1.5	 $47.68 
11031984000A	CAPACITOR 1000 MFD 25V AXIAL L	 $3.79 
89030611000A	CAPACITOR 100UF LOW ESR TANTAL	 $4.87 
11034350000A	CAPACITOR 10MFD 16VDC BIP AUTO	 $1.26 
89030658000A	CAPACITOR 10uf 35v	 $1.97 
89029304000A	CAPACITOR 2200MF 25VDC TYPE 1E	 $2.46 
89030584000A	CAPACITOR 22UF LOW ESR TANTALU	 $11.00 
89029072000A	CAPACITOR 4.7F 2.3V RADIAL	 $8.80 
89028991000A	CAPACITOR 4.7UF 63V ALUM.RADIA	 $0.23 
89029689000A	CAPACITOR 4.7UF,25V,BI-POLAR,S	 $7.83 
89028716000A	CAPACITOR 470 MF 200 VOLT D C	 $27.95 
89031565000A	Capacitor 470uf @16v Alum Rad. Electrolytic	 $0.33 
11031335000A	CAPACITOR 6.8 MFD 10% 250 VDC	 $7.81 
19005082018A	CAPACITOR 6.8 MFD 50 VDC	 $2.00 
11036379000A	CAPACITOR 7.5 MFD 6X655D E	 $107.69 
11034594000A	CAPACITOR CERAMIC .22UF	 $0.86 
89028680000A	CAPACITOR CERAMIC DISK .022UF	 $4.01 
89027921000A	CAPACITOR ELECT 2,200MF/35V	 $5.00 
NZ0000002727	CAPACITOR RUN 8UF	 $0.02 
28001020000A	CAPACITOR STARTING 50 MFD 330V	 $128.26 
11065259000A	CAPACITOR, 1006.0005	 $134.53 
19005082012A	CAPACITOR, 100MFD 35V	 $4.53 
11034465000A	CAPACITOR, 10UF@ 35V NONPOLAR	 $21.67 
MSN94010000A	CAPACITOR, 7MFD GE - LEFEBURE	 $19.98 
MSN69776000A	CAPACITOR,10000UFD*SPRGE#36D10	 $80.33 
89028964000A	CAPACITOR,RADIAL 47 UF AT 100V	 $0.40 
89028980000A	CAPACITOR.22UF 50V RADIAL ALUM	 $0.15 
89028978000A	CAPACITOR.33 UF 50V RADIAL ALU	 $0.14 
89029856000A	CAPACITOR.47UF 50V ELECTROLIT,	 $0.15 
89028681000A	CAPACITOR-ALUMINUM ELECTROLYTI	 $2.12 
89031396000A	CAPITAL ONE AGILIS 2.4	 $19.55 
11044727000A	CAPNUT	 $1.84 
11066120000A	Capping / stamping tool.	 $50.91 
NZ0000002734	CAP-RUN	 $0.02 
NZ0000002755	CAP-RUN	 $0.02 
UL105BROWN00	CAPS,END,PLASTIC	 $0.52 
UL105GRAY000	CAPS,END,PLASTIC	 $0.52 
UL105WHITE00	CAPS,END,PLASTIC	 $0.52 
11031551000D	CAPSTAN BELT   3/1        RCA	 $7.24 
11034360000A	CAPSTAN BELT   VSS303	 $3.67 
89029520000A	CAPSTAN BRAKE SPRING  # 655550	 $1.04 
89028979000A	CAPSTAN MOTOR	 $237.05 
11034076000A	CAPSTAN MOTOR   VSS302	 $202.80 
11034859000A	CAPSTAN MOTOR VSS303  #5578791	 $178.14 
11032080000A	CAPSTAN MOTOR# 5577357TL	 $148.91 
39011997031A	CAPSTAN ROLLER 1	 $54.75 
39011997030A	CAPSTAN ROLLER 2	 $54.33 
89029578000A	CAPSTAN ROTOR     AG6730	 $35.57 
89029579000A	CAPSTAN STATOR     AG6730	 $52.46 
11032039000A	CAPSTAN TACH DISK            #	 $56.64 
48010514000A	CAR CASTING ASSY	 $1,418.56 
11050067000A	CARBN MONXIDE DETECTOR 12/24V	 $113.96 
11065227000A	CARBON MONOXIDE DETECTOR	 $221.85 
NZ0000003010	card acceptance window 5688/58	 $48.23 
NZ0000002159	CARD CAGE ASSY, HI3 STYLE	 $109.62 
19039155000A	CARD CHUTE ASM. - 5085	 $54.81 
11044763000A	CARD DLINK WIRELESS	 $443.39 
11037237000A	CARD FEED DRV	 $84.42 
39011997007A	CARD FEEDING COVER	 $36.86 
00050302000A	CARD GLOVES,WHITE/BLUE,1X1000	 $106.70 
28008469000A	CARD GUIDE SPECIAL -SPECIAL-	 $9.22 
TP799661000A	CARD ONE SOFTWARE INST. PROC R	 $33.30 
NZ0000002995	CARD ORIENTATION WINDOW	 $15.35 
NZ0000001525	Card Orientation Window Panel	 $4.46 
11050068000A	CARD READ CHARC W/JUNC BOX KIT	 $440.90 
NZ0000004197	CARD READER	 $2,921.63 
11040752000A	CARD READER #FP3511A-BK 30 BIT	 $330.23 
11040753000A	CARD READER #FP3521A-BK 30BIT	 $330.23 
WN007000222A	Card Reader CHD DIP Hybrid  ICM330-2	 $963.77 
TP799856001C	CARD READER COMMON DEVICE INTE	 $36.90 
NZ0000003145	CARD READER CONTROL BD N/S	 $493.29 
11050069000A	CARD READER CONTROLLER	 $689.92 
NZ0000003049	CARD READER DIP W/NOSE	 $427.52 
TP799609TABS	CARD READER INDEX TABS	 $0.45 
NZ0000003097	CARD READER SDC I/F BD NEW STY	 $241.16 
NZ0000002234	CARD READER SENSOR DETECT PCB	 $175.39 
NZ0000002235	CARD READER SENSOR LED PCB	 $72.35 
NZ9980235205	CARD READER SENSOR LED PCB	 $72.35 
FJ5100002836	CARD READER TRACK II	 $0.05 
NZ0000002096	CARD READER, TRK 1,2,3 W/SDC	 $1,863.54 
NZ0000002945	CARD READER, TRK 2 W/CROPF	 $2,411.64 
11035693000A	CARD READER,NARROW     RDR MSL	 $653.15 
NZ0000003070	CARD RET POWER FAIL BD NEW STY	 $361.75 
NZ0000002619	card retaining bin	 $131.54 
NZ0000003069	CARD RETURN POWER FAIL BATT	 $175.39 
11037219000A	CARD SEP FLAP	 $5.47 
11037235000A	CARD SNSR	 $135.35 
19040655000A	Card Switch Lever	 $106.70 
SP000247000D	CARD SYS CS GOLD4.1 FEATURE SP	 $37.80 
TP820856001A	CARD SYS VALUE TERMINAL	 $1.35 
NZ0000001902	CARD THROAT, LOWER	 $23.02 
NZ0000001901	CARD THROAT, UPPER	 $23.02 
11038125000A	CARD, INSTRN	 $0.45 
MSN91374000A	CARD, INSTRUCTION - C22	 $15.05 
MSN64511000A	CARD, ISOLATION INTERFACE	 $0.00 
MSN88074000A	CARD, MAGNETIC - TRACK 2/HIGH	 $3.56 
MSN88077000A	CARD, MAGNETIC - TRACKS 0 & 2/	 $0.00 
19040013000C	CARD,ADRS	 $0.45 
49018970000A	CARD,CALIBRATION,PPM CAMR	 $76.19 
WN000118400A	CARD,CLEANING,PMXX ASSY.	 $46.15 
TSN89975000A	CARD,SEPARATOR-RED	 $1.85 
49221698000A	CARD,TST,ASD	 $14.87 
49020034000A	CARD,VIDEO LEVEL ADJUSTMENT	 $0.17 
11050071000A	CARDOID DYN HI OR LO Z NOISE	 $246.65 
00100104000F	CARDONE LAUNDRY,COPIER	 $3,036.96 
NZ0000002826	CARDREADER T2 56XX/58XX	 $1,534.68 
11051574000A	CARDS	 $4.02 
11051580000A	CARDS	 $6.53 
DM1386000000	CARDS,ISOPROX II,HID,PHOTO ID	 $9.46 
DM1326000000	CARDS,PROX,HID,RANDOM CODES	 $5.75 
41020704001A	CARRIAGE BAR ASSY,24 IN,LH	 $163.75 
41020704000A	CARRIAGE BAR ASSY,24 IN,RH	 $163.75 
11044725000A	CARRIAGE BOLT 8155PB	 $1.24 
89028279000A	CARRIAGE,PRINTHEAD,100204	 $77.62 
11065674000A	CARRIER	 $464.16 
11038019000A	CARRIER ARRIVAL PAD                   	 $67.38 
11043511000A	CARRIER ASM #6270-003	 $328.79 
31020267000A	CARRIER ASSEMBLY 4.5 DIA VAT-III REPLACEMENT	 $130.74 
31020229000A	CARRIER ASSEMBLY 4.5 DIA. VAT-21/23	 $33.60 
31020229000P	CARRIER ASSEMBLY 4.5 DIA. VAT-21/23	 $33.60 
1750357936	CARRIER ASSY,VAT 30/8 PC/DE	 $10,284.39 
41016923000C	CARRIER ASSY,VAT 30/8 PC/DE	 $5,833.46 
28010440000A	CARRIER BUMPER	 $2.51 
41023308000A	CARRIER CATCH,VAT 40 OPER	 $140.82 
TS4366265290	CARRIER CHAIN ASSEMBLY,ASM-CRR-DRV	 $909.44 
TS4368840470	carrier chain assy-asmcrrdrv	 $2,526.22 
TS4368841042	carrier clamper drive unit	 $7,660.59 
TS4366265080	CARRIER CLAMPER UNIT,ASM-CRR-DRV	 $1,526.66 
11038287000G	CARRIER CLEAR/BLACK	 $87.17 
11038287000A	CARRIER CLEAR/RED	 $91.52 
21019950000A	CARRIER CUSHION	 $3.02 
TS4368843152	CARRIER FRAME	 $40.97 
11038320000C	carrier green side opening	 $80.51 
29013441000B	CARRIER KIT,10C	 $45.77 
29013441000D	CARRIER KIT,1C	 $45.77 
29013441000A	CARRIER KIT,25C	 $45.77 
29013441000C	CARRIER KIT,5C	 $45.77 
11043670000A	CARRIER LANDING PAD	 $413.78 
TS4368844530	carrier lock plate for home	 $193.91 
TS4368843040	carrier lock plate-for work	 $101.05 
TS4368842293	carrier lock-incl in carrier	 $126.59 
31019624000A	CARRIER RMVL TUBE 8 X 18 IN LNG	 $54.02 
41018684000C	CARRIER TURNTABLE	 $2,752.78 
41018684000D	CARRIER TURNTABLE	 $2,751.48 
41018684000A	CARRIER TURNTABLE, CUSTOMER	 $1,586.10 
41018684000B	CARRIER TURNTABLE, OPERATOR	 $2,271.00 
TS4368841002	Carrier Unit Assb	 $9,566.87 
TS4366265040	CARRIER UNIT,ASM-CRR-MAIN	 $2,203.96 
TS4368873400	carrier unit-asmcrrmainus	 $11,800.86 
MSN70360000A	carrier, 4-1/2 end open w/ lab	 $68.17 
MSN70360000P	CARRIER,4 1/2 ENDOPEN W/L PINK	 $52.34 
49223722000B	CARRIER,HDDSK DRV	 $22.53 
49235277000A	CARRIER,HDDSK DRV,ENCRYPT,C2D	 $28.32 
39011390015A	CARRIER,PAD	 $0.05 
11038325000F	carrier-back side opening	 $87.17 
11038320000F	carrier-black side opening	 $88.76 
11038323000F	carrier-black side opening	 $67.03 
11038324000F	carrier-black side opening	 $100.90 
31020229GERA	CARRIER-GERM RESISTANT BLACK	 $38.56 
31020229GERP	CARRIER-GERM RESISTANT PINK	 $38.56 
11038323000C	carrier-green side opening	 $87.30 
11038324000C	carrier-green side opening	 $87.17 
11036275000B	CARRIER-MAX BLUE         76 42	 $13.10 
11036275000A	CARRIER-MAX GREEN        76 42	 $14.45 
11036275000C	CARRIER-MAX RED          76 42	 $11.10 
11038323000A	carrier-red side opening	 $87.30 
11038325000A	carrier-red side opening	 $96.10 
11038320000A	carrier-side opening red	 $80.51 
11038321000E	carrier-white side opening	 $77.48 
11038323000D	carrier-yellow side opening	 $79.18 
49017368000A	CART,MMD	 $153.69 
BRP01036000A	CARTER POWER SUPPLY	 $0.05 
21017387000A	CARTRIDGE,CLN	 $29.73 
21017412000A	CARTRIDGE,INTL RMVBL	 $62.03 
00050481000A	CARTRIDGE,RIBBON,SYSTEM 1000	 $13.80 
48020412000A	CASE FRAME ASSEM	 $87.12 
39011997045A	CASE GUARD	 $10.55 
MSN87749000A	CASE, LOCK -R.H. *S&G #4440-00	 $112.56 
MSN74123000A	CASE, STEEL LOCK - RH	 $11.57 
UL460MCBL000	CASE,CAMR,MINI,BLK	 $31.36 
UL460MC00000	CASE,CAMR,MINI,WHITE	 $35.63 
11043058000A	CASE,FAN,DUAL ASSY,12CFM,LT	 $126.80 
19055150000A	CASE,PLASTIC,MOBILE BADGING	 $1,233.23 
BUFI0388000B	CASH ACCEPTOR FIRMWARE $5/10 B	 $0.78 
BRP00771000A	CASH CODE ACCEPTOR MOUNT ASSY	 $0.05 
BRP00769000A	CASH CODE BEZEL	 $0.05 
BRP00770000A	CASH CODE POWER HARNESS	 $0.05 
NZ0000002796	CASH DEPOSITOR I/F MOLDING 568	 $74.54 
89031065000A	CASH DEPOT - OS2 IMAGE CD	 $9.77 
89031074000A	CASH DPOT/WALMRT WNDOW 1.6 IMG	 $9.77 
BRP00783000A	CASH FLOW 83MM HEAD BILL ACC	 $0.05 
BRP00781000A	CASH FLOW ACCEPTOR BOARD SC660	 $0.05 
BRP00779000A	CASH FLOW ACCEPTOR SC6600 1200	 $0.05 
BRP00773000A	CASH FLOW BEZEL	 $0.05 
BRP00754000A	CASH FLOW CASSETTE BAG ASSY	 $0.05 
BRP00746000A	CASH FLOW CASSETTE SC6600 1200	 $0.05 
BRP00782000A	CASH FLOW HOUSING SC6600 1200	 $0.05 
BRP00774000A	CASH FLOW SC6600 ACCEPTOR HARN	 $0.05 
BRP00747000A	CASH FLOW SC6600 BEZEL	 $0.05 
BRP00772000A	CASH FLOW SC6600 MOUNT ASSMBLY	 $0.05 
89031511000A	CASH HANDLER TRAINING-CBT	 $9.77 
11043816000A	CASH LOCKER HINGE 6 & 1/4 "	 $118.33 
TP820651001B	CASH SOURCE PLUS 410 INSTALL	 $12.60 
89030848000A	Cash Spot Quick Referance Guid	 $40.53 
00022078000A	CASH TRAY	 $56.30 
41019202501A	CASH TRAY CORE KIT NONMSTRD	 $25.11 
41019202502A	CASH TRAY CORE KIT NONMSTRD	 $29.07 
41019202503A	CASH TRAY CORE KIT NONMSTRD	 $29.07 
41019202504A	CASH TRAY CORE KIT NONMSTRD	 $25.11 
41019202505A	CASH TRAY CORE KIT NONMSTRD	 $29.07 
41019202506A	CASH TRAY CORE KIT NONMSTRD	 $29.07 
41019202511A	CASH TRAY CORE KIT NONMSTRD	 $29.07 
41019202513A	CASH TRAY CORE KIT NONMSTRD	 $27.68 
41019202514A	CASH TRAY CORE KIT NONMSTRD	 $27.68 
41019202516A	CASH TRAY CORE KIT NONMSTRD	 $25.16 
41019202518A	CASH TRAY CORE KIT NONMSTRD	 $25.11 
41019202520A	CASH TRAY CORE KIT NONMSTRD	 $29.07 
41019202521A	CASH TRAY CORE KIT NONMSTRD	 $25.11 
41019202522A	CASH TRAY CORE KIT NONMSTRD	 $25.11 
41019202525A	CASH TRAY CORE KIT NONMSTRD	 $25.11 
41019202526A	CASH TRAY CORE KIT NONMSTRD	 $25.11 
41019202530A	CASH TRAY CORE KIT NONMSTRD	 $25.11 
41019202531A	CASH TRAY CORE KIT NONMSTRD	 $29.07 
41019202532A	CASH TRAY CORE KIT NONMSTRD	 $25.11 
41019202534A	CASH TRAY CORE KIT NONMSTRD	 $25.11 
41019202535A	CASH TRAY CORE KIT NONMSTRD	 $25.11 
41019202537A	CASH TRAY CORE KIT NONMSTRD	 $29.07 
41019202538A	CASH TRAY CORE KIT NONMSTRD	 $25.11 
41019202540A	CASH TRAY CORE KIT NONMSTRD	 $29.07 
41019202542A	CASH TRAY CORE KIT NONMSTRD	 $22.82 
41019202543A	CASH TRAY CORE KIT NONMSTRD	 $25.11 
41019202545A	CASH TRAY CORE KIT NONMSTRD	 $25.11 
41019202546A	CASH TRAY CORE KIT NONMSTRD	 $25.11 
41019202548A	CASH TRAY CORE KIT NONMSTRD	 $25.11 
41019202552A	CASH TRAY CORE KIT NONMSTRD	 $27.68 
41019202565A	CASH TRAY CORE KIT NONMSTRD	 $25.11 
41019202570A	CASH TRAY CORE KIT NONMSTRD	 $25.11 
41019202574A	CASH TRAY CORE KIT NONMSTRD	 $25.11 
41019202575A	CASH TRAY CORE KIT NONMSTRD	 $25.11 
41019202576A	CASH TRAY CORE KIT NONMSTRD	 $27.68 
41019202579A	CASH TRAY CORE KIT NONMSTRD	 $25.11 
41019202582A	CASH TRAY CORE KIT NONMSTRD	 $25.11 
41019202585A	CASH TRAY CORE KIT NONMSTRD	 $22.82 
41019202589A	CASH TRAY CORE KIT NONMSTRD	 $25.11 
41019202592A	CASH TRAY CORE KIT NONMSTRD	 $29.07 
41019202594A	CASH TRAY CORE KIT NONMSTRD	 $25.11 
41019202595A	CASH TRAY CORE KIT NONMSTRD	 $26.37 
41019202598A	CASH TRAY CORE KIT NONMSTRD	 $25.11 
41019202599A	CASH TRAY CORE KIT NONMSTRD	 $25.11 
51020889559A	CASH TRAY CORE KIT NONMSTRD,BLK	 $26.24 
51020889561A	CASH TRAY CORE KIT NONMSTRD,BLK	 $26.24 
51020889562A	CASH TRAY CORE KIT NONMSTRD,BLK	 $26.24 
51020889564A	CASH TRAY CORE KIT NONMSTRD,BLK	 $26.24 
51020889565A	CASH TRAY CORE KIT NONMSTRD,BLK	 $26.24 
51020889567A	CASH TRAY CORE KIT NONMSTRD,BLK	 $26.24 
51020889568A	CASH TRAY CORE KIT NONMSTRD,BLK	 $26.24 
51020889570A	CASH TRAY CORE KIT NONMSTRD,BLK	 $26.24 
51020889571A	CASH TRAY CORE KIT NONMSTRD,BLK	 $26.24 
51020889572A	CASH TRAY CORE KIT NONMSTRD,BLK	 $26.24 
51020889573A	CASH TRAY CORE KIT NONMSTRD,BLK	 $26.24 
51020889574A	CASH TRAY CORE KIT NONMSTRD,BLK	 $26.24 
51020889575A	CASH TRAY CORE KIT NONMSTRD,BLK	 $26.24 
51020889576A	CASH TRAY CORE KIT NONMSTRD,BLK	 $26.24 
51020889577A	CASH TRAY CORE KIT NONMSTRD,BLK	 $26.24 
51020889578A	CASH TRAY CORE KIT NONMSTRD,BLK	 $26.24 
51020889579A	CASH TRAY CORE KIT NONMSTRD,BLK	 $26.24 
51020889580A	CASH TRAY CORE KIT NONMSTRD,BLK	 $26.24 
51020889582A	CASH TRAY CORE KIT NONMSTRD,BLK	 $26.24 
51020889583A	CASH TRAY CORE KIT NONMSTRD,BLK	 $26.24 
51020889584A	CASH TRAY CORE KIT NONMSTRD,BLK	 $26.24 
51020889585A	CASH TRAY CORE KIT NONMSTRD,BLK	 $26.24 
51020889586A	CASH TRAY CORE KIT NONMSTRD,BLK	 $26.24 
51020889588A	CASH TRAY CORE KIT NONMSTRD,BLK	 $26.24 
51020889589A	CASH TRAY CORE KIT NONMSTRD,BLK	 $26.24 
51020889590A	CASH TRAY CORE KIT NONMSTRD,BLK	 $26.24 
51020889591A	CASH TRAY CORE KIT NONMSTRD,BLK	 $26.24 
51020889592A	CASH TRAY CORE KIT NONMSTRD,BLK	 $26.24 
51020889593A	CASH TRAY CORE KIT NONMSTRD,BLK	 $26.24 
51020889594A	CASH TRAY CORE KIT NONMSTRD,BLK	 $26.24 
51020889595A	CASH TRAY CORE KIT NONMSTRD,BLK	 $26.24 
51020889596A	CASH TRAY CORE KIT NONMSTRD,BLK	 $26.24 
51020889597A	CASH TRAY CORE KIT NONMSTRD,BLK	 $26.24 
51020889598A	CASH TRAY CORE KIT NONMSTRD,BLK	 $26.24 
51020889599A	CASH TRAY CORE KIT NONMSTRD,BLK	 $26.24 
51020889600A	CASH TRAY CORE KIT NONMSTRD,BLK	 $26.24 
51020889601A	CASH TRAY CORE KIT NONMSTRD,BLK	 $26.24 
51020889602A	CASH TRAY CORE KIT NONMSTRD,BLK	 $26.24 
51020889603A	CASH TRAY CORE KIT NONMSTRD,BLK	 $26.24 
51020889604A	CASH TRAY CORE KIT NONMSTRD,BLK	 $26.24 
BRP01006000A	CASHFLOW PPM HAND HELD	 $0.05 
BRP01006000B	CASHFLOW PPM HANDHELD: BLU LAB	 $0.05 
TP820246001D	CashSource Plus 400 and 400P Installation Manual and User's Guide	 $17.10 
TP820495001B	CashSource Plus 400 with Presenter Installation Manual and User's Guide	 $14.40 
TP820077001A	CASHSOURCE PLUS ALARM INSTALLATION OPTION KIT INSTALL MANUAL	 $11.34 
00050411000B	CASHSOURCE PLUS DIEBOLD LOGO B	 $6.15 
TP820161001A	CASHSOURCE PLUS HOST UTILITIES	 $12.60 
00051026000A	CASHSOURCE PLUS KIT	 $473.78 
49208021222A	CASING, BEARING	 $15.29 
31010888000D	CASING-SIDE FOR 130-42 CHEST	 $43.70 
TSN92157000A	CASSETTE	 $992.63 
49245349000H	CASSETTE BACK FLOOR INSIDE	 $26.51 
49245349000J	CASSETTE BACK FLOOR INSIDE	 $26.51 
00090479000B	CASSETTE CARRY CASE DIVERT/CAS	 $207.90 
11033772000A	CASSETTE COVER               V	 $51.16 
89029188000A	CASSETTE DOOR   VSS 305  # F62	 $7.10 
49253833000B	CASSETTE FRONT DOOR FRAME	 $17.50 
BRP00127000A	CASSETTE GUIDE A	 $0.05 
89029882000A	CASSETTE HOLDER ASM     VSS306	 $76.30 
BRP00071000A	CASSETTE KEYS	 $0.05 
NZ0000002643	CASSETTE LATCH SPRING	 $2.20 
BRP00044000A	CASSETTE LEFT GUIDE B	 $0.05 
89029325000A	CASSETTE LID OPEN ASM   # 6897	 $4.60 
11034364000A	CASSETTE LOADING MOTOR   VSS30	 $78.19 
89031390000A	CASSETTE LOADING PRACTICES	 $17.20 
49245346000K	CASSETTE PICKER COVER	 $12.85 
49245346000M	CASSETTE PICKER COVER	 $13.10 
NZ4450598388	CASSETTE PUSHER PLATE SPRING	 $2.75 
WN007000282A	Cassette R BC CCDM V2	 $351.90 
NZ0000002955	CASSETTE SHUTTER, LEFT WIDE	 $4.14 
BRP01024000A	CASSETTE SPRING	 $0.05 
19014195000A	Cassette Stop 1323	 $14.06 
49269013000A	CASSETTE TOP	 $15.62 
NZ0000004359	CASSETTE WITH LOCK ASSEMBLY NON TI	 $550.94 
19054981000A	CASSETTE,CASH SORTER,CS700	 $2,567.19 
89031459000A	CASSTTE LOAD PRACTICES FRENCH	 $19.55 
11051729000A	CAST ALUMINUM WALL ARM FOR RUG	 $165.20 
11032616000A	CAST BOLT-USE MFG BOLT	 $33.34 
41018005000C	CAST TAPE DRIVE SPROCKET DUAL SIDED VAT 21	 $23.48 
11047392000A	CASTER KIT,USPS ONLY	 $97.07 
19041346000A	CASTERS,CABINET,SECURITY,VIDEO,D-28	 $14.18 
19074419000A	Cat 6 Jack Black T568A/B  IP5 KEYCONNECT	 $19.40 
19074421000A	Cat 6 Jack Blue T568A/B  IP5 KEYCONNECT	 $19.40 
19074420000A	Cat 6 Jack Orange T568A/B  IP5 KEYCONNECT	 $19.40 
19074418000A	Cat 6 Jack White T568A/B  IP5 KEYCONNECT	 $19.40 
11050073000A	CAT5 25 PAIR UTP WIRING	 $797.49 
11047405000A	CAT5 LAN & POE EXTENDER,USPS ONLY	 $405.76 
19074408000A	Cat5E Jack Almond	 $11.03 
19074410000A	Cat5e Jack Black	 $11.03 
19074412000A	Cat5e Jack Blue	 $11.03 
19074411000A	Cat5e Jack Dark Orange	 $11.03 
19074409000A	Cat5e jack White	 $11.03 
89030864000A	CATALINA QUICK REFERENCE GUIDE	 $39.58 
MSN80080000A	CATALOG, MOSLER EXPRESS	 $0.04 
17000794L000	CATCH	 $0.32 
29009995X01A	CATCH	 $9.36 
TSN88901000A	CATCH	 $2.35 
MS8157800A0A	CATCH CARRIER  LEFT HAND	 $103.76 
MS8157800B0A	CATCH CARRIER  RIGHT HAND	 $103.76 
29006588000A	CATCH RCPT,NYLATCH,1X25	 $1.04 
MSZ79092760A	CATCH- ROLLER	 $1.13 
29008820000B	CATCH SPRING, CONVENIENCE	 $3.21 
29008820000C	CATCH SPRING, CONVENIENCE	 $5.81 
MSN83763000A	CATCH, DRAWER - COMPLETE/LOWER	 $0.04 
39008878000A	CATCH,BASE	 $5.21 
39007872000A	CATCH,BOLT EXTN	 $29.91 
49012877000A	CATCH,LATCH, CARD READER	 $6.32 
39006819000B	CATCH,LID	 $8.79 
21014978000A	CATCH,MAG	 $2.93 
29006441000A	CATCH,MAG	 $14.25 
TSN92037000A	CATCH-STKR	 $0.00 
TSN63167000A	CAVLE,CF420-K/B	 $120.17 
18020504000A	CB,PB,SP,01.50A,250.00VAC	 $40.16 
28000029000C	CB,PB,SP,03.00A,250.00VAC	 $19.40 
29014091000A	CB,PB,SP,04.00A,250.00VAC,QDISC	 $16.40 
28000926000E	CB,PB,SP,10.00A,250.00VAC,TD	 $21.96 
28000926000G	CB,PB,SP,20.00A,250.00VAC,TD	 $26.36 
29004653000C	CB,RKR,SP,05.00A,250.00VAC,TD	 $45.77 
39017558000A	CB,TGL,SP,25.00A,250.00VAC,TD,QDISC	 $126.69 
11050056000A	CBL ASSY 30" FOR US W/SNG BRG	 $492.69 
11065430000A	CBL ASSYS IN BATT CLIP JST	 $11.20 
11044777000A	CBL PIN PAD DATA	 $21.37 
11044744000A	CBL,SCANNER INTERFACE:7872,NCR	 $59.12 
11044761000A	CBL; USB SCANNER SYMBOL	 $221.70 
49260638000A	CBL-BER-34	 $3.83 
49260639000A	CBL-BER-34COVER	 $3.83 
00052106000A	CBM-910 PARALLEL PRINTER	 $496.13 
11066430000A	CC Airlock Flap Assb.	 $276.85 
11043459000A	CC MAINTENANCE KIT	 $650.04 
11050074000A	CC3710S 6	 $797.49 
11065442000A	CC-601 SERIES 600 135D FX TMP	 $15.65 
11066038000A	CCA	 $37.75 
11041942000A	CCA 865 MOTHERBOARD, AT/200	 $490.55 
39002063000A	CCA ANNUNCIATOR DSPLY	 $113.10 
19043045000A	CCA ASSY,12VG	 $1,438.77 
19043037000A	CCA ASSY,RDR,WIEGAND,ADPTR,HDR	 $137.03 
59000620000A	CCA COMMON CIR BD	 $403.20 
NZ0000004167	CCA Double Pick I/F	 $54.90 
39004066000A	CCA DRIVER,	 $19.37 
39017696000A	CCA KIT,INVERTER,CCFL,DUAL,08.5W	 $125.38 
19042137000A	CCA KIT,MMD CNTRL,4-HI,24V,STD	 $1,133.78 
49240454000C	CCA KIT,TOUCH SCRN CNTRLR,10.4 IN	 $283.26 
28020951000A	CCA LED BD P&A	 $353.68 
39004847000A	CCA MG II	 $183.92 
49001506000A	CCA MG11 POLICE ALRM	 $327.16 
49001665000A	CCA PREMISE CARD VAULT ALARM	 $228.48 
390151090XXA	CCA PRINTER,REFURB	 $7.64 
190194500XXC	CCA PRTR CNTRL (SUPPORT BOARD)	 $160.87 
19036131000A	CCA PWR SPLY	 $728.60 
11041940000A	CCA RISER ACCUTR 200/865	 $106.88 
49002325000A	CCA TMR BD,KY SW CONT	 $405.84 
49001492000A	CCA VAULT ALARM PLS 2	 $203.76 
41027119000A	CCA, 816, MIC\SPKR , WIDEBAND	 $386.20 
TE003210001B	CCA, ActivCash Stacking Heat Stake	 $317.66 
TE002900002A	CCA, ENA Escrow Wear	 $63.12 
49240524000A	CCA, LCD SNSR,LED BKLT,15IN,DSPL	 $90.32 
TE000040VICS	CCA, PCISX4-3	 $137.61 
49001740000B	CCA, POLICE ALARM MGIII	 $231.87 
31018454000B	CCA, PRCSR, MX	 $2,617.18 
TE003167004B	CCA, Presenter Sensor Wear	 $79.47 
31019478000A	CCA, VAT CONTROLLER	 $1,204.97 
31019969000C	CCA, VAT,INTCON	 $74.12 
41015274000A	CCA,1486SX-25,04 MB	 $1,338.93 
49012799000B	CCA,24.0V PWR MON	 $17.54 
49211393000A	CCA,24V DIST	 $85.44 
49007018000B	CCA,300 BAUD MODEM	 $198.71 
11038766000A	CCA,386SX CPU	 $452.19 
39014049000A	CCA,386SX CPU	 $533.47 
31018672000A	CCA,386SX,CPU W/RS485	 $879.71 
31018670000A	CCA,386X CPU	 $912.34 
19046479000A	CCA,4-READER EXPANSION	 $1,993.72 
19046478000A	CCA,8-READER EXPANSION	 $3,226.94 
1750348775	CCA,8X16,ACM	 $441.93 
41017135000A	CCA,8X16,ACM	 $508.32 
41026863000A	CCA,8X16,ACM	 $353.28 
41017131000B	CCA,8X16,INTFC,CUST	 $371.40 
39017507000A	CCA,AC MOT SPD CNTRL	 $162.78 
41017132000C	CCA,ACM,ONE ON ONE	 $567.29 
41017312000B	CCA,ACM,ONE ON ONE	 $625.44 
NCN1000IVCB0	CCA,ACS CNTRL PNL,4-DOOR	 $4,573.31 
21017383000A	CCA,ADPTR,ISA	 $0.00 
21017381000A	CCA,ADPTR,ISA,ASYNC	 $91.13 
29013849000A	CCA,ADPTR,SLOT 1 TO PPGA	 $21.92 
39003439000A	CCA,ALRM CA INTFC	 $144.73 
49005337000A	CCA,ALRM OPTN BD,MST	 $314.06 
19047513000A	CCA,ALRM PNL	 $511.93 
ULMA350CBO00	CCA,ANALYZER,SHOCK,3 ZONE	 $72.68 
39002061000A	CCA,ANNUN TERM BD	 $88.22 
49002914000A	CCA,ATM CAMR TERM BD	 $83.45 
41017127000E	CCA,AUDIO SWITCHER,4X4	 $809.20 
41017127000D	CCA,AUDIO SWITCHER,8X16	 $1,064.83 
49007568000A	CCA,BELL HSG	 $617.85 
21017197000A	CCA,BKPLN,NIA	 $110.01 
31020141000A	CCA,CALL CONT,EXT	 $289.80 
49002308000A	CCA,CAMR DISPLAY	 $113.22 
41017120000C	CCA,CCTV,CUSTOMER	 $703.52 
31020069000B	CCA,CCTV,OPERATOR	 $229.10 
41015274000E	CCA,CD	 $205.54 
31018528000A	CCA,CD RDR	 $342.34 
39011887000A	CCA,CD RDR BD	 $342.34 
49001289000A	CCA,CL-16 BKPLN	 $120.30 
49001282000A	CCA,CL-16 CNTRL	 $219.11 
49000685000A	CCA,CL-16 MDL BD	 $92.43 
49003486000B	CCA,CLCK&CNTRL,50/60 HZ	 $322.27 
19058725000A	CCA,CNTRL,I/O ALRM,MATRIX SWTCHR	 $434.10 
ULAIC0000000	CCA,CNTRLR,ALRM,INPUT,POINTGUARD	 $1,188.01 
ULROC0000000	CCA,CNTRLR,RLY OUTPUT,POINTGUARD	 $69.89 
31018833000A	CCA,COVER	 $61.77 
49005381000A	CCA,CPB,MST	 $621.79 
11040160000A	CCA,CPU KIT,VAT 23	 $1,612.13 
49008103000A	CCA,DBM	 $873.06 
NO1769000000	CCA,DET ACTIVITY	 $274.05 
31016660000A	CCA,DIG COMM	 $32.89 
19053002000A	CCA,DIG LINE	 $728.60 
49216119005A	CCA,DISPR CNTRL	 $415.80 
49010485000A	CCA,DISTR BOX/MNL RGTR	 $41.18 
49012780000A	CCA,DISTR,DWR MDL	 $96.05 
31018455000A	CCA,DSP,LED	 $82.22 
19048828000A	CCA,ENCRYPTED CMD PRCSR	 $1,158.30 
11037228000A	CCA,EOF SNSR	 $31.98 
NO2707000400	CCA,ETHERNET,10/100 BASE T	 $178.14 
ULFXPORT0000	CCA,ETHERNET,100BASEFX	 $1,493.58 
ULTXPORT0000	CCA,ETHERNET,100BASETX	 $986.58 
31019448000A	CCA,EXP BD,VAT-28/30	 $374.82 
ULRD04XX0000	CCA,EXPNSN,ASYNC,RS232,4PORT	 $526.18 
ULRD08XX0000	CCA,EXPNSN,ASYNC,RS232,8PORT	 $915.33 
39009914000A	CCA,EXTN,PRCSR BUS	 $119.60 
49243512000D	CCA,FLEX,CSET	 $461.16 
21016836000A	CCA,FRAME GRABBER	 $3,014.55 
21018934000A	CCA,FRAME GRABBER,PCI BUS	 $723.49 
49263077000A	CCA,HALL,ANLG,DUAL	 $44.60 
49244591000A	CCA,HUB USB,13 PORT, 2.0	 $181.17 
49010547000A	CCA,I/O CNTRLR,UDM	 $124.74 
39005755000A	CCA,I/O SUPPR	 $101.04 
39005755000J	CCA,I/O SUPPR	 $197.20 
49216119003A	CCA,I/O,DEVICE	 $103.95 
49010491000A	CCA,IBPC,DSPL TERM	 $0.45 
TE002812004B	CCA,IDMBD BASE RIBBON WEAR	 $251.22 
TE002812001B	CCA,IDMBD BASE SENSOR WEAR	 $86.47 
TE002812006B	CCA,IDMBD BIN2 AND STAMP WEAR	 $99.23 
29008584000A	CCA,INTFC EXP,CD RDR,2 TO 4,MAG STRIPE	 $344.52 
29008583000A	CCA,INTFC EXP,CD RDR,2 TO 4,WIEGAND	 $524.61 
19041820000B	CCA,INTFC,DOOR ACS	 $959.18 
ULFDDIPORT00	CCA,INTFC,FDDI PORT	 $1,027.69 
ULRD496X0000	CCA,INTFC,RMT CNTRL,RCDR,RD-496	 $282.28 
ULKR7000RS10	CCA,INTFC,RS-232C	 $0.00 
49248263000C	CCA,INTFC,SHTL	 $78.84 
19059265000A	CCA,INTFC,UNIV,8 DOOR,FIRE INTFC	 $2,981.47 
31018452000A	CCA,INTFC,WIEGAND	 $548.10 
39008108000A	CCA,ISM ANNUN	 $378.74 
49007561000A	CCA,JNL PRNTR(957-A)	 $0.05 
39003412000A	CCA,KEY LOCK CONTROL SWITCH	 $1,024.46 
49004936000B	CCA,KYBD MST	 $115.61 
49216119016A	CCA,LMP,FLICKER	 $28.35 
49003082000A	CCA,LPWR SER INTFC	 $315.43 
49255060000B	CCA,LTI	 $213.78 
19036415000A	CCA,MAG STRIPE RDR CONV	 $313.20 
39013156005A	CCA,MAIN CONTROL	 $524.99 
NCPTMLB00000	CCA,MAIN LOGIC,PASSPOINT SYSTEM	 $2,735.02 
39011586000A	CCA,MEDIA LOW,XMTR	 $343.10 
49006386000A	CCA,MEM EXP	 $205.43 
29005431023A	CCA,MEM,24K,ACS	 $822.15 
29005431052A	CCA,MEM,32	 $822.15 
39005157000A	CCA,MG III	 $233.95 
39002886000A	CCA,MGII/SAFE ALRM	 $77.45 
31019761000A	CCA,MIC/SPKR	 $330.86 
41017137000B	CCA,MIC/SPKR	 $252.35 
31019761000B	CCA,MIC/SPKR,VAT 7	 $451.40 
49216119001A	CCA,MODEM	 $141.75 
11037396000A	CCA,MODEM INTFC	 $1,594.97 
19046649000A	CCA,MODEM,56.0 KBPS,V.92	 $104.14 
21018939000A	CCA,MODEM,DIAL-UP,PCI	 $89.68 
29014287000A	CCA,MODEM,DIAL-UP,PCI	 $44.81 
19042539000A	CCA,MOTHERBOARD	 $816.67 
39014401000A	CCA,MOTHERBOARD	 $490.55 
19047741000A	CCA,MOTHERBOARD,V8.0	 $647.45 
19036130000A	CCA,MPU TERMR	 $231.30 
49211469000A	CCA,OPNL,STAT,LED	 $235.10 
390029780XXB	CCA,OPT SNSR	 $158.35 
GL6502660000	CCA,OUTPUT,FX LED	 $91.45 
41020932000B	CCA,PBX,METRICS	 $1,300.06 
21017568000A	CCA,PC-104	 $0.00 
19046480000A	CCA,PCB,24VDC	 $1,575.79 
21017879000A	CCA,PCI BUS,FRAME GRABBER,FLASHPOINT	 $2,887.16 
29008594000A	CCA,PERSONALITY MDL,MAG STRIPE	 $96.57 
39005981000A	CCA,PHOTO XMTR	 $623.12 
29000775000B	CCA,PLS TMR	 $316.94 
19036326000A	CCA,PRCSR BASE,MAG STRIPE	 $1,290.78 
19036325000A	CCA,PRCSR BASE,WIEGAND	 $1,290.78 
29008588000A	CCA,PRCSR BASE,WIEGAND	 $850.86 
19036704000A	CCA,PRCSR,ATM ACCESS CNTRL	 $2,153.57 
19036328000A	CCA,PRCSR,DISTR	 $1,035.91 
39002209000A	CCA,PREMISE IND	 $45.85 
41015075000A	CCA,PRESIDER,COMBO BD	 $496.13 
41015075000F	CCA,PRESIDER,COMBO BD	 $985.95 
49216119025A	CCA,PRNTR CNTRL,RCPT	 $245.70 
49001638000A	CCA,PRNTR DRVR	 $376.38 
49001722000A	CCA,PROX MDL	 $341.50 
ULB60045020A	CCA,PRSCR W/MEM	 $2,302.02 
31018454000D	CCA,PRSCR,MX	 $2,617.18 
ULPSP0000000	CCA,PRSCR,POINTGUARD	 $1,507.28 
ULPB2000000A	CCA,PRSCR,RTU	 $1,575.79 
19047047000A	CCA,PRSCR,RTU,REPLACEMENT	 $1,712.82 
19047041000A	CCA,PRSCR,SPARE,RTU-180	 $1,644.30 
39002551000A	CCA,PULSE EXT	 $114.95 
39007648000A	CCA,PULSE EXT	 $108.12 
48020417000A	CCA,PWR & AUD	 $314.67 
39013881000A	CCA,PWR,REAR CAMR,PPM	 $209.52 
19043036000A	CCA,RDR,WIEGAND,ADPTR,PLUG	 $137.03 
29014317000A	CCA,RELAY VISTA	 $96.39 
39014394000A	CCA,RISER,ACCUTRACK STANDALONE	 $106.88 
19036327000A	CCA,RLY TERM BD	 $907.11 
39017516000A	CCA,RLY,GP,1 FORM C,SCR,DC,024.0V	 $37.85 
29014288000A	CCA,RS-232 SYNC/ASYNC,PCI BUS	 $1,123.61 
49007018000A	CCA,RS485 LINE DRVR	 $182.84 
49004370000A	CCA,SAFE ALRM #1	 $265.98 
49002745000A	CCA,SAFE ALRM,MULTIGUARD V	 $238.29 
21017320000A	CCA,SCSI CNTRL,EISA	 $767.34 
29012070000D	CCA,SERIAL I/O,MULTIPORT/2	 $1,164.72 
19040021000A	CCA,SERIAL I/O,RS232,04 PORT	 $234.36 
19046647000A	CCA,SERIAL I/O,RS232/422/485,04 PORT	 $553.58 
19046481000A	CCA,SIM-32,12VDC,W/EXPANDED MEM	 $2,117.03 
19046482000A	CCA,SIM-32,24VDC,W/EXPANDED MEM	 $2,254.06 
19036414000A	CCA,SIREN	 $213.89 
49243506000C	CCA,SNS,GATE MEDIA	 $56.75 
19047042000A	CCA,SPARE	 $822.15 
19047043000A	CCA,SPARE	 $1,726.52 
19047039000A	CCA,SPARE,TELCO,175 SERIES	 $822.15 
19046717000A	CCA,SPARE,W/CCU,W/O BACKPLANE	 $4,799.38 
31020193000A	CCA,SPEAKER COVER,BOX ASSEMBLY	 $12.17 
11037544000A	CCA,STATUS PANEL	 $1,567.57 
49010486000A	CCA,SW,BOX RGTR	 $76.81 
ULB75018000A	CCA,TELCO,SPARE	 $1,246.93 
49001548000A	CCA,TERM BD,FIELD WIRING	 $193.18 
19036132000A	CCA,TERM,PWR,SPLY	 $122.85 
19036134000A	CCA,TERMR,TELCO	 $122.85 
49001496000A	CCA,TMR	 $578.75 
31019564000C	CCA,TOKEN RING ADPTR	 $419.30 
29012070000C	CCA,TOKEN RING ADPTR,AUTO 16/4	 $663.20 
31019019000A	CCA,TPD,W/RADIO	 $2,293.80 
49002258000A	CCA,TRANSACTION LOGIC	 $147.34 
49010483000A	CCA,TRNSN,LH	 $11.09 
49010483000B	CCA,TRNSN,RH	 $11.09 
21015903000A	CCA,ULTRSNC RBN	 $140.41 
41016207000C	CCA,VAC,STANDALONE	 $531.16 
31020722000A	CCA,VAL	 $323.79 
31020791000B	CCA,VAT,CNTRL	 $855.82 
31020794000B	CCA,VAT,CUST	 $723.84 
31019448000B	CCA,VAT,EXPANSION	 $328.82 
31019448000C	CCA,VAT,EXPANSION	 $770.35 
31020187000B	CCA,VAT21,CNTRL	 $265.55 
31020824000B	CCA,VAT30,OPER	 $460.52 
49003292000A	CCA,VAULT ALRM DSPL	 $158.17 
19042603000A	CCA,VGA,AGP	 $241.16 
41016205000A	CCA,VIA	 $275.81 
19047746000A	CCA,VID CAPTURE,16 CAMR,4/3 FPS	 $13,702.50 
19055262000A	CCA,VID UPGR,STD,8-CHAN	 $4,384.80 
19055058000A	CCA,VID,8-CHAN,STD,UPGR	 $4,384.80 
19055059000A	CCA,VID,ADPTR,8 CHAN,IN/OUT,LOOP	 $767.34 
NO2702000200	CCA,VID,AGP,4MB	 $158.95 
39017331000A	CCA,VID,DVI,PCI EXPRESS ADD2	 $75.69 
19055264000A	CCA,VID,HI-PERF,4-CHAN,30FPS	 $8,440.74 
19047743000A	CCA,VID,NVIDIA	 $328.86 
ULB11031010A	CCA,W/CRD KEY RDR INTFC	 $857.78 
ULB11031030A	CCA,W/CRD KEY RDR INTFC	 $545.36 
ULB11031020A	CCA,W/CRD KEY RDR,W/KYPD	 $904.37 
11035694000A	CCA; CONTROLLER, CARD RDR  MSL	 $836.92 
49010061XX0A	CCA;SERIAL INTF,PASSBK PRTR IX	 $0.05 
49002099000A	CCA-16K RAM	 $704.31 
49001729000A	CCA-2-SAFE ALARM	 $151.01 
41013150000A	CCA-AIRLOCK CONTROL	 $1,220.92 
39002065000A	CCA-ANNUNCIATOR LOGIC	 $182.41 
39002065000B	CCA-ANNUNCIATOR LOGIC	 $124.34 
49002213000A	CCA-ATM CAM POWER SUPPLY	 $191.96 
39002038000A	CCA-AUX CONTROL-VAULT ALARM	 $46.59 
29000866000B	CCA-DETECTOR UNIT	 $357.62 
49002100000A	CCA-EXTENDER CARD	 $284.81 
49000131000A	CCA-L E D DISPLAY	 $189.01 
49001740000A	CCA-POLICE ALARM MGIII	 $346.11 
89029443000A	CCD - NTSC 1/3"  LZ2314J	 $395.45 
89030053000A	CCD Board  -  ICD33	 $31.52 
11034336000B	CCD CHIP CAMERA   ICD-40VP	 $255.78 
NZ0000002876	CCD-CAMERA	 $931.77 
WN007000176A	CCDM Shutter Cable  (2250xe, 2350xe)	 $247.40 
89031328000A	C-CLIP, RS 3.2	 $1.42 
89031318000A	C-CLIP, RS 7	 $1.42 
BUFI0911000I	CCR2e-ID UPGRADE,740	 $4.40 
BUFI0902000C	CCR2-ID UPGRADE,522	 $11.34 
BUFI0902000D	CCR2-ID UPGRADE,522	 $11.46 
49258378000A	CCR4, LENS	 $7.07 
BRP01040000A	C-CS5000 EMBEDDED PC	 $0.05 
TP799690000A	CCTB MONITOR MODEL PM-175B INS	 $7.20 
19048180000D	CCTP 25 PR CA,CAT 3,MALE TO RAW,15FT,ORN	 $52.54 
19048180000E	CCTP 25 PR CA,CAT 3,MALE TO RAW,30FT,ORN	 $79.91 
19048180000A	CCTP 25 PR CA,CAT 3,MALE TO RAW,3FT,ORN	 $31.52 
19048180000B	CCTP 25 PR CA,CAT 3,MALE TO RAW,5FT,ORN	 $35.03 
19048180000C	CCTP 25 PR CA,CAT 3,MALE TO RAW,7FT,ORN	 $38.54 
89030716000A	CCTV CLASS HANDOUTS S/W/ CD	 $26.88 
TP799958001D	CCTV FOR VATs INSTALLATION REFERENCE GUIDE	 $5.82 
11050079000A	CCTV PTZ CCTV MID BNC CAX 24V	 $319.19 
19053284000A	CCU,1047,BACKPLANE	 $603.74 
49001517000A	CD CG,ALRM	 $212.30 
49010206000A	CD CG,BK	 $0.00 
49010207000B	CD CG,LEFT	 $0.00 
TSN94661000A	CD CURRENCY UPGRADE - $50.00	 $1,871.10 
TSN94674000A	CD CURRENCY UPGRADE $10.00	 $1,871.10 
TSN94681000A	CD CURRENCY UPGRADE $5.00	 $225.00 
19011990000A	CD EJCTR,NYL	 $1.00 
19021637000A	CD EJCTR,NYL	 $1.76 
19000279000B	CD GUIDE,NYL,04.50,SNAP-IN	 $0.44 
29000779000N	CD GUIDE,NYL,08.00,SNAP-IN	 $2.68 
11018649000B	CD GUIDE,PLYCBN,02.50,SNAP-IN	 $1.91 
11018649000N	CD GUIDE,PLYCBN,06.38,SNAP-IN	 $4.01 
39010888000A	CD HOPPER,REAR ACS	 $36.82 
21018405000A	CD RCDR,KIT,VSS-400,232 SHD	 $2,584.58 
41016005000A	CD RCDR,VID CSET,VSS-400,232,SHD	 $2,584.58 
00100107001G	CD RDR ELEV CNTRL MDL,8 FLOOR 12VDC	 $429.03 
19053108000A	CD RDR INTFC,ONLY	 $1,209.98 
31019534000F	CD RDR KIT,ACS CNTRL,DL-115,ANTIQUE BRASS	 $1,803.25 
31019534000B	CD RDR KIT,ACS CNTRL,DL-115,BEIGE	 $1,849.84 
31019534000A	CD RDR KIT,ACS CNTRL,DL-115,BLK	 $1,803.25 
31019534000G	CD RDR KIT,ACS CNTRL,DL-115,BRASS	 $1,844.36 
31019534000E	CD RDR KIT,ACS CNTRL,DL-115,CHROME	 $2,641.84 
31019534000D	CD RDR KIT,ACS CNTRL,DL-115,CLR COAT	 $1,803.25 
31019534000C	CD RDR KIT,ACS CNTRL,DL-115,GRAY	 $1,849.84 
00013875000F	CD RDR KIT,ACS CNTRL,SA- 115-34,ANTIQUE BRASS	 $2,058.12 
00013875000G	CD RDR KIT,ACS CNTRL,SA- 115-34,BRASS	 $2,099.22 
00013875000E	CD RDR KIT,ACS CNTRL,SA- 115-34,CHROME	 $2,058.12 
00013875000D	CD RDR KIT,ACS CNTRL,SA- 115-34,CLR COAT	 $2,058.12 
00013875000C	CD RDR KIT,ACS CNTRL,SA- 115-34,GREY	 $2,123.89 
00013875000B	CD RDR KIT,ACS CNTRL,SA-115-34 BEIGE	 $2,123.89 
00100105000E	CD RDR KIT,SWIPE,DVT	 $840.29 
00100107001K	CD RDR,ALRM STAT PNL	 $1,890.95 
49021315000A	CD RDR,BAR CODE,VISIBLE/INVISIBLE	 $120.96 
49216119022A	CD RDR,DIP	 $132.30 
29008586000A	CD RDR,DIP,TRK2	 $323.38 
11037884000F	CD RDR,ELEV,SL-105EL,MS,ANTIQUE BRS	 $901.63 
11037884000B	CD RDR,ELEV,SL-105EL,MS,BEIGE	 $833.11 
11037884000G	CD RDR,ELEV,SL-105EL,MS,BRS	 $929.03 
11037884000E	CD RDR,ELEV,SL-105EL,MS,CHROME	 $901.63 
11037884000C	CD RDR,ELEV,SL-105EL,MS,GRY	 $833.11 
11037884000D	CD RDR,ELEV,SL-105EL,MS,GRY	 $901.63 
11037885000A	CD RDR,ELEV,SL-115EL,MS ,BLK	 $871.48 
11037885000F	CD RDR,ELEV,SL-115EL,MS,ANTIQUE BRS	 $940.00 
11037885000B	CD RDR,ELEV,SL-115EL,MS,BEIGE	 $871.48 
11037885000G	CD RDR,ELEV,SL-115EL,MS,BRS	 $967.40 
11037885000E	CD RDR,ELEV,SL-115EL,MS,CHROME	 $940.00 
11037885000D	CD RDR,ELEV,SL-115EL,MS,CLEAR COAT	 $940.00 
11037885000C	CD RDR,ELEV.SL-115EL,MS,GRY	 $871.48 
00100107000G	CD RDR,ENV ADD-ON	 $429.03 
29008592000A	CD RDR,ES PROX,UNIDIR,INDOOR	 $1,350.68 
19036732000A	CD RDR,MAG STRIPE,WEIGAND	 $331.21 
19036732000B	CD RDR,MAG STRIPE,WEIGAND	 $1,153.62 
19036167000A	CD RDR,PROX	 $189.10 
19036753000A	CD RDR,PROX,LONG RNG	 $1,024.38 
11037865000F	CD RDR,SA-115,ANTIQUE BRASS	 $761.86 
11037865000B	CD RDR,SA-115,BEIGE	 $731.72 
11037865000G	CD RDR,SA-115,BRASS	 $789.26 
11037865000E	CD RDR,SA-115,CHROME	 $761.86 
11037865000D	CD RDR,SA-115,CLEAR COAT	 $682.39 
11037882000F	CD RDR,SL-105,ANTIQUE BRS	 $748.16 
11037882000B	CD RDR,SL-105,BEIGE	 $1,071.54 
11037882000A	CD RDR,SL-105,BLK	 $1,071.54 
11037882000G	CD RDR,SL-105,BRS	 $775.57 
11037882000D	CD RDR,SL-105,CLEAR COAT	 $748.16 
11037882000C	CD RDR,SL-105,GRY	 $802.97 
11037884000A	CD RDR,SL-105EL,ELEV MS,BLK	 $833.11 
11037883000F	CD RDR,SL-115,ANTIQUE BRS	 $786.53 
11037883000B	CD RDR,SL-115,BEIGE	 $718.01 
11037883000A	CD RDR,SL-115,BLK	 $940.00 
11037883000G	CD RDR,SL-115,BRS	 $813.93 
11037883000E	CD RDR,SL-115,CHROME	 $786.53 
11037883000D	CD RDR,SL-115,CLEAR COAT	 $786.53 
19036748000A	CD RDR,STD OUTDOOR 1 PC	 $739.94 
19036417000A	CD RDR,SWIPE,TRK1 RD	 $292.32 
29008596000A	CD RDR,SWIPE,TRK2 RD	 $274.05 
31018142000B	CD RDR,SWIPE,TRK2 RD	 $1,359.37 
31018534000A	CD RDR,SWIPE,TRK2 RD	 $56.97 
89030676000A	CD RES GUIDE DIG STILL CAM NCC	 $11.75 
11049647000A	CD SYNCH STRB 24VDC RED UI1971	 $69.31 
11049648000A	CD SYNCH STRB RED STRB MEETS	 $77.07 
19021026000A	CD THROAT,LWR	 $112.49 
89030420000A	cd training 17570	 $9.77 
TE002496001S	CD, BRECKENRIDGE TEST	 $11.46 
TE002727001S	CD, CLS STATION LOADING SOFTWARE	 $11.46 
11041069000A	CD, MEDSELECT Training/Documen	 $3.60 
TE002553005S	CD, OPTEVA HARD DRIVE ERASING	 $11.46 
TE002485003S	CD, OPTEVA MODULE TEST	 $11.46 
TE002485001S	CD, OPTEVA TEST SYSTEM SOFTWARE	 $11.46 
TE002485005S	CD, OPTEVA TEST SYSTEM SOFTWARE	 $11.46 
TE002553004S	CD, TSI SOFTWARE REMOVAL	 $11.46 
19053018000A	CD,BLANK,HIGH DENSITY,80 MIN,700MB	 $4.89 
TP820683001A	CD,CNFGR GUIDE,ACO2 V3.0.0	 $20.70 
41021693000A	CD,PRGM,ACCUTRACK V3.01.06 W/RAID	 $21.99 
39016461000A	CD,PRGM,ACCUTRACK,V2.01.01	 $23.49 
39016461000B	CD,PRGM,ACCUTRACK,V2.01.02	 $23.49 
39016461000I	CD,PRGM,ACCUTRACK,V3.01.06	 $23.49 
41022616000A	CD,PRGM,EVA TOOLKIT,1.03.01	 $43.98 
31020437000B	CD,PRGRM,ACCUTRACK,V1.61.01	 $6.35 
31020437000C	CD,PRGRM,ACCUTRACK,V1.61.02	 $6.35 
TMMDSS00TABD	CD. RDR/WRTR - TM-MDSS04	 $0.45 
49250227000A	CDK 302 LOCK KIT,6 IN SPINDLE	 $747.06 
11047200000A	CDR DRIVE,NETDVR-ES	 $411.08 
19062031000D	CD-ROM,220/228 OPR MNL	 $7.33 
39013998000A	CD-ROM,IDE,40X	 $128.39 
19042966000H	CD-ROM,OPTEVA OPR MNL	 $12.85 
19042966000B	CD-ROM,OPTEVA OPR MNL,1X50	 $12.85 
19042342000A	CD-ROM,SLF SRVC TERM OPR MNL	 $18.00 
11043027000A	CDRW DRIVE,12.7MM,V6,V7,LT	 $387.23 
19055458000A	CD-RW DRIVE,USB,3000/4000 SERIES	 $493.29 
19046654000B	CD-RW DRV,52X/32X/52X,INTL,IDE	 $74.00 
19048599000A	CD-RW DRV,52X/32X/52X,INTL,IDE	 $72.44 
19048599000B	CD-RW DRV,52X/32X/52X,INTL,IDE	 $74.00 
11041376000A	CD-RW IDE,INTERNAL-GE4260001	 $215.57 
11047785000A	CD-RW, 52X32X52 OEM, BLK	 $133.25 
39017333000A	CD-RW,IDE,INTL	 $175.79 
11046661000A	CDRW,INTERNAL	 $137.03 
29014233000A	CD-RW,INTERNAL,BACK-UP	 $890.67 
19047677000A	CDRW,NICE	 $685.13 
BRP00411000A	CDU CHIPS	 $0.05 
BRP00555000A	CDU CONTROLLER BOARD	 $0.05 
BRP00561000A	CDU DEPOSIT LOCK DIAL LOWER DR	 $0.05 
BRP00502000A	CDU DOOR ASSEMBLY	 $0.05 
BRP00503000A	CDU DOOR SHOCK	 $0.05 
BRP00437000A	CDU DOOR SPRING	 $0.05 
BRP00560000A	CDU EJECTOR BAR	 $0.05 
BRP00521000A	CDU HARNESS SET	 $0.05 
BRP00564000A	CDU HINGED SHELF ASSEMBLY	 $0.05 
BRP00559000A	CDU LOCK DIAL UPPER DOOR	 $0.05 
BRP00585000A	CDU LOWER DOOR W/ENV DROP ASSY	 $0.05 
BRP00557000A	CDU MOTOR CONTROL BOARD	 $0.05 
BRP00589000A	CDU MOTOR POSITION CABLE	 $0.05 
BRP00590000A	CDU MOTOR POSITION HARNESS	 $0.05 
BRP00421000A	CDU PLASTIC TUBES	 $0.05 
BRP00501000A	CDU POWER SUPPLY	 $0.05 
BRP00556000A	CDU SENSOR BOARD	 $0.05 
BRP00558000A	CDU SOLENOID ASSEMBLY	 $0.05 
BRP00562000A	CDU SOLENOID LIMIT SWITCH	 $0.05 
BRP00569000A	CDU SPACER 1/4 HEX NYLON NO 4	 $0.05 
11051326000A	CDW 2197133 CISCO 8 PORT SWITC	 $979.84 
89030801000A	CE RING CE 8	 $1.22 
TM000235001A	CEIA HI-PE/CF Metal detector i	 $88.20 
AA000066000A	CEIA SECURELINE ELECTRONIC MET	 $19.80 
11050083000A	CEIL MNT HRN STRB MUL CD 95	 $81.38 
11050084000A	CEIL MNT HRN STRB MUL CD TEMP	 $77.94 
PLHS8000CA00	CEILING ADPTR WALL FLUSH W\CEI	 $31.50 
11037970000A	CEILING COVER	 $117.49 
21021405000A	CEILING LIGHT FIXTURE TRANSFORMER	 $64.64 
PLMM30000000	CEILING MOUNT FOR 9 & 12" MONI	 $94.50 
11050087000A	CEILING MOUNT STROBE	 $67.37 
SEECD3000000	CEILING MOUNT ULTRASONIC	 $171.05 
19064846000A	Ceiling Mount, Indoor PTZ domes	 $184.16 
11065353000A	CEILING MOUNT, UNIVERSAL	 $68.52 
11050088000A	CEILING MT H S MULTI CD WHITE	 $13.10 
19064267000A	CEILING MT,15 IN TO 21 IN NPT,LCD,CA FEED-THRU	 $137.03 
31016914000B	CEILING TRIM KIT-VAT 7/12	 $8.57 
11051570000A	CEILING/WALL MT SWIVEL BRKT	 $15.22 
11038392000A	Cellular Handset	 $271.31 
MH200404800A	cenband quick ref	 $21.55 
BUFI0556000A	CENCON 2000 ELECT LK KEYPAD AND SAFE DR HDL UPGR	 $3.56 
MH238037000A	cencon quick ref	 $4.31 
21021120000A	CENTER BOLT - MACH.	 $326.12 
11037319000B	CENTER SPLICE	 $10.34 
MSN61282000A	CENTER, PLUMB BOB * AMERICAN V	 $61.88 
TP820486001A	CENTRACK USER'S GUIDE	 $7.76 
19053176000A	CENTRAL CARD DATA BASE UPGRADE KIT,SRTU 20K	 $970.48 
11035754000A	CENTRAL PROCESSING MODULE  AD	 $3,124.17 
11050089000A	CENTRAL PROCESSING UNIT	 $280.11 
11042183000A	CENTRE DISC	 $210.29 
TPM11347000A	CENTRURION 2000 OP INSTR	 $11.70 
TMM11339000A	CENTURION 2000 INSTL/PROGRM	 $137.70 
TMM11793000A	CENTURION 2000 PROG REC BK	 $77.40 
TM000372001A	CENTURY VAULT DOOR SERVICE AND PARTS MANUAL	 $109.80 
BRP01011000A	CF ACCEPTOR HARNESS	 $0.05 
11050091000A	CGF MESS/GRP DIS FRM RED CON	 $46.73 
00151258000A	CH 2105-2000 CLEAR STRAP CLIPS	 $0.51 
00151251000A	CH 2120-3031 BLACK BADGE REEL	 $0.36 
00151260000A	CH BLACK CUSTOM LANYARDS	 $0.59 
00151259000A	CH RED CUSTOM LANYARDS	 $0.54 
TSN88278000A	CHAIN	 $0.00 
TSN88279000A	CHAIN	 $0.00 
TSN88280000A	CHAIN	 $0.00 
TSN88281000A	CHAIN	 $0.00 
11051585000A	CHAIN CEILING SPEAKER	 $9.76 
11051731000A	CHAIN LINK FENCE MT KIT	 $111.20 
TSN89144000A	CHAIN,DRIVE	 $103.78 
TS4366262230	CHAIN,K-CHN-RS25-125	 $152.94 
TS4368841331	CHAIN-CARRIER DR-KCHNRS25137	 $284.03 
TS4368836671	CHAIN-PUSHER UNIT-CHAINRS35254	 $111.97 
11044726000A	CHAMBER COMBINATION SIMPLEX	 $253.98 
39010844000B	CHAN,BEZEL MTG,BOT	 $37.27 
39012120000A	CHAN,BEZEL MTG,BOT	 $37.47 
49011170000A	CHAN,BEZEL MTG,LH SD	 $43.52 
39012119000A	CHAN,BEZEL MTG,TOP	 $34.80 
49009234000A	CHAN,CA	 $18.20 
49006215000D	CHAN,COV SPRT	 $82.43 
39006497000B	CHAN,KYBD	 $12.42 
39006484000B	CHAN,RAIN SHLD	 $71.90 
39011036000A	CHAN,SIGNAGE SPRT,LH	 $11.57 
39011035000A	CHAN,SIGNAGE SPRT,RH	 $11.53 
30016610000	CHANGE KEY	 $35.55 
30016660000	CHANGE KEY	 $292.01 
MSN80846000A	CHANGE KEY	 $58.64 
MSN80852000A	CHANGE KEY	 $2,551.50 
MSN81149000A	CHANGE KEY	 $2,551.50 
MSN81186000A	CHANGE KEY	 $58.64 
10217950000	CHANGE KEY S&G M-6700 SERIES	 $17.89 
31016843000A	CHANGE KEY/COVER ASSY GRI	 $35.55 
11038385000A	change tool #54-018	 $52.60 
TP799912001B	changed guard 8300 & 8400 ser.	 $3.06 
TP820337001A	CHANGEGARD 8100 CASH CONTR TFN	 $11.70 
TP820336001A	changegard 8200 cashcontroller	 $9.00 
TP820334001A	CHANGEGARD 8400 CASH CONTROL	 $14.40 
11030678000A	CHANNEL CLIP	 $11.70 
38020076000A	CHANNEL LOWER FRONT*03242	 $45.94 
MSZ75915360A	CHANNEL SUPPORT-PRESSED	 $23.90 
MSN76306000A	CHANNEL, LIGHT COVER	 $2.87 
29008464000A	CHANNEL,RTNR	 $3.17 
11035823000A	CHARACTER DISPLAY    F8200650	 $130.50 
11034632000A	CHARACTER DISPLAY BOARD   VSS3	 $310.77 
11033712000A	CHARACTER MIXING BD.  LA-D	 $117.14 
11050092000A	CHARGER KIT	 $187.02 
TE000196VICS	Charger, 18V, Odyssey Door Cord Tester	 $106.06 
41015274000J	CHAS COMPL	 $266.22 
11050095000A	CHAS W SPC FOR 3 ASU/3REM&4LRM	 $193.15 
41015274001A	CHAS,17.30 IN	 $950.04 
41015274000M	CHAS,FR BEZEL	 $78.30 
41015274000L	CHAS,TOP COV	 $78.30 
89031490000A	CHASE V212 BRECKENRIDGE	 $9.77 
89031488000A	CHASE V212 DENVER	 $9.77 
89031489000A	CHASE V212 SIERRA	 $9.77 
89031378000A	CHASE-V111 BRECKENRIDGE	 $9.77 
89031377000A	CHASE-V111 DENVER	 $9.77 
89031379000A	CHASE-V111 SIERRA	 $9.77 
NZ0000002632	CHASSIS MOUNTING RAIL	 $14.25 
19055038000A	CHASSIS W/16 CHAN,VID,STD,ONGUARD GO	 $22,746.15 
19055044000A	CHASSIS W/16 VID CHAN,3U ONGUARD GO	 $28,775.25 
19055047000A	CHASSIS W/16 VID CHAN,3U ONGUARD GO	 $31,241.70 
19055054000A	CHASSIS W/16 VID CHAN,3U ONGUARD GO	 $25,486.65 
19055050000A	CHASSIS W/16 VID CHAN,STD ONGUARD GO	 $14,798.70 
19055041000A	CHASSIS W/16 VID CHAN,STD,ONGUARD GO	 $24,116.40 
19055045000A	CHASSIS W/24 VID CHAN,3U ONGUARD GO	 $33,845.18 
19055048000A	CHASSIS W/24 VID CHAN,3U ONGUARD GO	 $36,311.63 
19055055000A	CHASSIS W/24 VID CHAN,3U ONGUARD GO	 $30,556.58 
19055051000A	CHASSIS W/24 VID CHAN,STD ONGUARD GO	 $19,731.60 
19055039000A	CHASSIS W/24 VID CHAN,STD,ONGUARD GO	 $27,816.08 
19055042000A	CHASSIS W/24 VID CHAN,STD,ONGUARD GO	 $29,186.33 
19055056000A	CHASSIS W/32 VID CHAN,3U ONGUARD GO	 $34,941.38 
19055052000A	CHASSIS W/32 VID CHAN,STD ONGUARD GO	 $23,294.25 
19055043000A	CHASSIS W/8 VID CHAN,3U ONGUARD GO	 $24,390.45 
19055046000A	CHASSIS W/8 VID CHAN,3U ONGUARD GO	 $26,856.90 
19055053000A	CHASSIS W/8 VID CHAN,3U ONGUARD GO	 $21,101.85 
19055049000A	CHASSIS W/8 VID CHAN,STD ONGUARD GO	 $11,236.05 
19055040000A	CHASSIS W/8 VID CHAN,STD,ONGUARD GO	 $19,731.60 
19055037000A	CHASSIS W/8-CHAN,VID,STD ONGUARD GO	 $18,361.35 
MSN61075000A	CHASSIS, BATTERY BOX	 $76.69 
MSN91241000A	CHASSIS, SECURE PHONE *DEC #SF	 $0.00 
19047055000A	CHASSIS,19IN,VCM,W/PWR SPLY	 $2,740.50 
19053130000A	CHASSIS,BTRY BOX	 $0.00 
BRP00826000A	CHASSIS/MTR SERIES 3900 ASSY	 $0.05 
21019880000A	CHASTITY LOCK KEY-B	 $119.75 
11037961000A	CHECK VALVE FLAP             B	 $63.39 
11041991000A	CHECK VALVE RETAINER	 $63.39 
TSN51174000A	CHECKER,SKEW-US COMPR SYS	 $1,043.62 
19039104000A	CHEST HEATER ELEMENT 5085/5088	 $383.67 
11025152000A	CHEST LOCK  S&G 259 1/2 SPEC B	 $37.76 
00017548R000	CHEST LOCK DN F/F	 $140.65 
00017550R000	CHEST LOCK SN F/F    KC	 $59.05 
19040233000A	CHGR,BTRY,2.4V	 $98.28 
1103381300BA	CHICAGO UNCTR LOCK-BANKLOCK ON	 $17.28 
11051252000A	CHIM STDY OR TEM H/LO DB OPUT	 $185.13 
21019760000A	CHIME	 $352.36 
11050098000A	CHIME MULTI CANDELA RED CEILIN	 $163.06 
11050096000A	CHIME STE OR TEM HI/LO BD OUTP	 $79.39 
19049534000A	CHIME,WIRELESS	 $351.28 
89029667000A	CHIP CAPACITOR  .01MFD  50V	 $0.52 
29009766004A	CHIP CONT STA,REAR 16 PIN,SMART CD RDR	 $1,655.02 
TSN94659000A	Chip Currency Upgrade	 $1,871.10 
TSN94673000A	CHIP CURRENCY UPGRADE $10.00	 $1,871.10 
TSN94680000A	CHIP CURRENCY UPGRADE $5.00	 $1,871.10 
TSN94660000A	CHIP CURRENCY UPGRADE- $50.00	 $1,871.10 
89029460000A	CHIP DIODE	 $0.52 
11041815000A	Chip Flash Ram Blank	 $7.10 
89030649000A	Chip Memory	 $7.88 
BRP00463000A	CHIPS CDU UPGRADE	 $0.05 
BRP00453000A	CHIPS RS 232	 $0.05 
BRP00662000A	CHIPS RS 485	 $0.05 
MSN51335000A	CHISEL, COLD 6	 $15.42 
TP799691I01A	CHK LIST,TRAINING,CUST,1053(4793)	 $2.70 
TP799691000A	CHK LIST,TRAINING,EXP DLVY,INTERBOLD 1053,IBM 4793	 $2.70 
41022239120T	CHK TRAY,RMVBL FOR MODEL 108 FLAT DWR	 $215.46 
19040058000A	CHKLIST,DM/MDM	 $0.90 
11050099000A	CHM STRB SQ WAL 24VDC 15/30/75	 $182.21 
11050100000A	CHM STRB SQ WAL 24VDC 1575CD R	 $160.68 
89031126000A	CHRTR ONE I/IX ATM OS2 INST/RE	 $8.55 
39015250000B	CHUTE	 $96.89 
39015250000C	CHUTE	 $77.70 
19039157000A	CHUTE ASM., CARD READER - 5088	 $208.28 
19039184000A	CHUTE PIN PLUNGER, CRD RDR - 5	 $1.10 
TS4368840550	chute unit-outlet for straps	 $7,570.47 
49251444000B	CHUTE, 1 PC, 720G	 $37.52 
49251443000B	CHUTE, RH	 $10.55 
49256676000A	CHUTE,COIN,878	 $12.61 
MSZ75915600A	CHUTE-DISPATCH	 $58.21 
11041353000A	CILBARCO CBL PASSPORT	 $67.20 
NZ4450617449	cim mcrw	 $0.00 
NZ0000003711	CIM/MM TURNAROUND PLUG-IMCRW	 $16.79 
19013750000A	CIRCLIP                TAS TAB	 $0.70 
19013787000A	CIRCLIP & 032MS  TTS ONLY TAS	 $0.66 
19013817000A	CIRCLIP AM 1800-37 TTS TAS TAB	 $0.33 
19013785000A	CIRCLIP,1300 X 2	 $0.50 
11038432000A	Circuit Board	 $1,233.23 
TS4365994413	Circuit Board	 $2,470.95 
28000926000B	CIRCUIT BRKR   6AMPS  VAT 9	 $35.93 
TS4843240387	CIRCUIT PRO-PROTECT TRANS-15A	 $92.85 
TS4368853840	CIRCUIT PROTEC-MAIN SWIT-20A	 $120.17 
TS4843240385	CIRCUIT PROTEC-PRO AC MOT 7.5A	 $24.58 
TS4843240367	CIRCUIT PROTECT-AC MOTOR 2A	 $24.58 
TS4843240368	CIRCUIT PROTECTOR-PROAC-MOT-5A	 $24.58 
MSN66397000A	CIRCUIT, INTEGRATED - 24 PIN/1	 $0.00 
MSN63284000A	CIRCUIT, INTEGRATED - 256K RAM	 $8.09 
MSN64433000A	CIRCUIT, INTEGRATED - EPROM (1	 $48.54 
MSN64439000A	CIRCUIT, INTEGRATED - EPROM (1	 $48.54 
MSN64490000A	CIRCUIT, INTEGRATED - EPROM (6	 $48.54 
MSN64576000A	CIRCUIT, INTEGRATED - EPROM/CA	 $48.54 
MSN65710000A	CIRCUIT, INTEGRATED - EPROM/IN	 $48.54 
MSN64724000A	CIRCUIT, INTEGRATED - EPROM/MP	 $48.54 
MSN64727000A	CIRCUIT, INTEGRATED - EPROM/MP	 $48.54 
MSN64728000A	CIRCUIT, INTEGRATED - EPROM/MP	 $48.54 
MSN64729000A	CIRCUIT, INTEGRATED - EPROM/MP	 $48.54 
MSN64730000A	CIRCUIT, INTEGRATED - EPROM/MP	 $48.54 
MSN64859000A	CIRCUIT, INTEGRATED - EPROM/MS	 $48.54 
MSN64884000A	CIRCUIT, INTEGRATED - EPROM/OV	 $48.54 
MSN65950000A	CIRCUIT, INTEGRATED - EPROM/Z4	 $48.54 
MSN65952000A	CIRCUIT, INTEGRATED - EPROM/Z6	 $48.54 
MSN64449000A	CIRCUIT, INTEGRATED - ROM (3F/	 $48.54 
MSN64721000A	CIRCUIT, INTEGRATED- EPROM/MPC	 $48.54 
TSN65614000A	CIRCUIT,INTEGRATED	 $0.00 
TSN66829000A	CIRCUIT,INTEGRATED	 $0.00 
TSN66832000A	CIRCUIT,INTEGRATED	 $0.00 
TSN66833000A	CIRCUIT,INTEGRATED	 $0.00 
TSN66837000A	CIRCUIT,INTEGRATED	 $0.00 
TSN66838000A	CIRCUIT,INTEGRATED	 $0.00 
TSN66839000A	CIRCUIT,INTEGRATED	 $0.00 
TSN66840000A	CIRCUIT,INTEGRATED	 $0.00 
TSN66841000A	CIRCUIT,INTEGRATED	 $0.00 
TSN66843000A	CIRCUIT,INTEGRATED	 $0.00 
TSN66844000A	CIRCUIT,INTEGRATED	 $0.00 
TSN66845000A	CIRCUIT,INTEGRATED	 $0.00 
TSN66847000A	CIRCUIT,INTEGRATED	 $0.00 
TSN66848000A	CIRCUIT,INTEGRATED	 $0.00 
TSN66849000A	CIRCUIT,INTEGRATED	 $0.00 
TSN66850000A	CIRCUIT,INTEGRATED	 $0.00 
TSN66851000A	CIRCUIT,INTEGRATED	 $0.00 
TSN66852000A	CIRCUIT,INTEGRATED	 $0.00 
TSN66853000A	CIRCUIT,INTEGRATED	 $0.00 
TSN66854000A	CIRCUIT,INTEGRATED	 $0.00 
TSN66855000A	CIRCUIT,INTEGRATED	 $0.00 
TSN66856000A	CIRCUIT,INTEGRATED	 $0.00 
TSN66857000A	CIRCUIT,INTEGRATED	 $0.00 
TSN66858000A	CIRCUIT,INTEGRATED	 $0.00 
TSN66859000A	CIRCUIT,INTEGRATED	 $0.00 
TSN66860000A	CIRCUIT,INTEGRATED	 $0.00 
TSN66861000A	CIRCUIT,INTEGRATED	 $0.00 
TSN66862000A	CIRCUIT,INTEGRATED	 $0.00 
TSN66863000A	CIRCUIT,INTEGRATED	 $0.00 
TSN66864000A	CIRCUIT,INTEGRATED	 $0.00 
TSN66865000A	CIRCUIT,INTEGRATED	 $0.00 
TSN66866000A	CIRCUIT,INTEGRATED	 $0.00 
TSN66867000A	CIRCUIT,INTEGRATED	 $0.00 
TSN66979000A	CIRCUIT,INTEGRATED	 $16.39 
TSN66980000A	CIRCUIT,INTEGRATED	 $28.40 
TSN66981000A	CIRCUIT,INTEGRATED	 $2.19 
TSN66983000A	CIRCUIT,INTEGRATED	 $0.00 
TSN66984000A	CIRCUIT,INTEGRATED	 $0.00 
TSN66985000A	CIRCUIT,INTEGRATED	 $0.00 
MSN64930000A	CIRCUIT,INTEGRATED - EPROM/DIA	 $48.54 
MSN66557000A	CIRCUIT,INTEGRATED - EPROM/MAC	 $48.54 
TSN65587000A	CIRCUIT,INTEGRATED-ROM	 $0.00 
MSN65746000A	CIRCUITS, INTERGRATED - EPROM/	 $49.51 
MSN66308000A	CIRCUITS,INTEGRATED -EPROM/VGH	 $0.00 
89031127000A	CIT BANK I/IX ATM OS2 INST/REC	 $8.55 
89031463000A	CITIZENS/CHARTER ONE AGILIS 2.	 $43.98 
89031018000A	CITIZNS BNK 1-1X OS2 SW INSTCD	 $9.77 
11050102000A	CITY TIE MOD MNT IN 2 GANG ELE	 $219.00 
MSZ60007730A	CKT BD ASSY-TM3101,P/SUPP	 $56.18 
MSZ60011350A	CKT BRD ASM	 $53.63 
MSZ62070370A	CKT BRD ASM-30N6 C/T SD	 $525.80 
MSZ60017330A	CKT.BRD.ASSY-D.C.REVERSAL	 $41.21 
BUFI0561000A	CL 5 GSA VD ESCAPE DEVICE RETROFIT KIT INSTL	 $0.28 
00041235000B	CL-35 CAMERA 1/75 #	 $1,753.34 
00041235000E	CL-35 CAMR CNTRL	 $1,099.92 
L20003450000	CLADDING  VESTIBULE SIDE REAR	 $211.37 
L20200230000	CLADDING, VEST, FRONT TOP	 $74.08 
41020589000B	CLADDING,BOTTOM	 $405.84 
41015421000A	CLADDING,LEFT SD	 $243.04 
41015422000A	CLADDING,RIGHT SD	 $243.04 
39006914000B	CLADDING,VESTIBULE HNG SD,LH SWING DR	 $133.96 
39006914000A	CLADDING,VESTIBULE HNG SD,RH SWING DR	 $133.96 
19014093000A	CLAMP	 $1.14 
38020939000A	CLAMP	 $0.59 
21017183000A	CLAMP BOLT,STRG RM VD	 $77.56 
21017183000B	CLAMP BOLT,STRG RM VD	 $172.37 
NZ0000003443	CLAMP DOWN SENSOR	 $38.78 
MSZ79217500A	CLAMP -FLANGE	 $71.69 
MSN85210000A	CLAMP SLEEVE	 $0.88 
BRP00164000A	CLAMP TY-RAP CABLE STRAP SCREW	 $0.05 
NZ0000003446	CLAMP UP SENSOR	 $43.85 
NZ0000002454	CLAMP, ARM ASSY.	 $0.02 
MSN73412000A	CLAMP, LOCK BOLT	 $2.47 
MSN68030000A	CLAMP,1/2 TO 1 GROUND *HALEX #	 $8.21 
48021371000A	CLAMP,COV SPRT	 $1.69 
21015824000A	CLAMP,HTR	 $0.17 
19013727000A	CLAMP,TGL	 $5.24 
10433830000	CLAMP-LOOP-CUSHIONED	 $0.66 
MSZ76233070A	CLAMP-MODIFIED,TELLER TER	 $7.72 
TP821216001A	CLASS 5 DUTCH-STYLE BI-FOLD DAYGATE INSTALLATION GUIDE	 $2.70 
TSN51320000A	CLEANER,SCBRACKET	 $0.00 
TSN92747000A	CLEANER,THICKNESS ROLLER	 $38.23 
11065501000A	CLEANING CARTRIDGES	 $57.56 
19046825000A	CLEANING CRDS,PERSONA	 $54.05 
ULACGBFC020A	CLEANING CRDS,PRO-L	 $41.11 
ULACF856170A	CLEANING CRTG,DTC500 SERIES	 $172.66 
00051896000A	CLEANING KIT	 $35.91 
ULACF815930A	CLEANING KIT,DTC500 SERIES	 $79.48 
ULACGBFC010A	CLEANING KIT,PRO-L	 $79.48 
89030431000A	CLEANING POSTER TOSHIBA STRAPP	 $76.81 
89030430000A	CLEANING POSTER TOSHIBA TRANSP	 $128.01 
ULACF856160A	CLEANING TAPES,DTC500 SERIES	 $60.29 
11038697000A	Clear Acrylic Faceplate Lens	 $8.23 
00052249000A	Clear Bag, Red Trim #1989	 $3.63 
19065170000A	CLEAR DOME, FOR FLEXIDOME SERIES	 $48.65 
11043593000A	CLEAR GREASE 4CC TUBE FOR TD	 $307.00 
11037924000A	CLEAR LOWER DOME   AMERICAN DY	 $200.06 
79BINDER00QQ	CLEAR OVERLAY 1" BINDER 8.5" X	 $6.62 
79BINDER00UU	CLEAR OVERLAY 1.5" BINDER 8.5"	 $4.73 
NZ0000002467	CLEAR PLASTIC PANEL	 $0.02 
110070110000	CLEAR SILICONE SEALANT	 $25.25 
79BINDER00VV	CLEAR-OVERLAY 1/2" BINDER 8.5"	 $4.73 
11038689000A	C-LEM PCB only	 $74.00 
21019927000A	CLIC CLAMP KIT	 $94.60 
19014125000A	CLIP	 $0.48 
28010496000A	CLIP SWITCH	 $4.08 
NZ0000002852	CLIP, CIRCLIP	 $0.41 
MSN75063000A	CLIP, ESCUTCHEON	 $0.00 
89026129000A	CLIP, FUNCTION LEVER (186782)	 $3.62 
49256497000A	CLIP, LOCKING	 $1.92 
MSN79709000A	CLIP, METAL BELT	 $4.13 
11043682000A	CLIP, RECEIPT - HA33 PLASTIC	 $38.23 
11065100000A	CLIP, RECEIPT, 8000-2	 $7.80 
29005853000A	CLIP, SUPT	 $35.60 
21018060000A	CLIP,COMM MASTER RETENTION	 $2.63 
19046429000A	CLIP,CRD RETRACTOR,BASE STATION	 $0.00 
29009668000A	CLIP,DISPR,RIGHT	 $32.67 
89031150000A	CLIP,EARTHING LEFT BULK 100	 $2.38 
TSN93700000A	CLIP,ERR40	 $0.52 
TSN92751000A	CLIP,ERRO30	 $0.15 
TSN93699000A	CLIP,ERRO60	 $0.52 
39011390012A	CLIP,ESD	 $0.05 
19046438000A	CLIP,FUSE,ON-BOARD,1058 & 1065	 $0.00 
MSN51153000A	CLIP,METRICE-STYLE*MCMASTER#98	 $0.39 
19035196000A	CLIP,MMD	 $1.85 
19035196000B	CLIP,MMD	 $3.24 
21019881000B	CLIP,PEN	 $6.06 
29007029000A	CLIP,RETAINING	 $2.56 
TSN88912000A	CLIP,RING	 $1.48 
11035005000A	CLIP,RTNG	 $0.57 
29009288000A	CLIP,RTNG,BASE PL	 $7.13 
29009670000A	CLIP,SPCR,DISPR	 $6.42 
29003923000A	CLIP,SPR	 $9.42 
49208285000A	CLIP,SWITCH	 $3.95 
21014629000A	CLIP-SLOT BLOCK	 $163.86 
39009751000B	CLMP,CA MTG	 $21.32 
29001882000A	CLMP,CA,RBN,EDGE,ADHESIVE,1X10	 $0.44 
29012265000A	CLMP,CA,RECT,0.20 X 0.42,LKG	 $0.17 
10600610000	CLMP,CA,RND	 $0.12 
29014446000A	CLMP,CA,RND,0.09 DIA,SNAP-IN,W/RLSE	 $0.32 
29008752000A	CLMP,CA,RND,0.12 X 0.17,SNAP-IN,W/RLSE	 $0.14 
29012239000A	CLMP,CA,RND,0.25 DIA,SNAP-IN	 $0.19 
29014447000A	CLMP,CA,RND,0.32 DIA,SNAP-IN,W/RLSE	 $0.24 
29012021000F	CLMP,CA,RND,0.38 DIA,10 HDW,W/RLSE	 $0.32 
29012021000E	CLMP,CA,RND,0.50 DIA,10 HDW,W/RLSE	 $0.35 
29013799000A	CLMP,CA,RND,0.50 DIA,SNAP-IN,W/RLSE	 $0.50 
11005095000G	CLMP,CA,RND,0.63 DIA,08 HDW	 $0.20 
29012021000D	CLMP,CA,RND,0.63 DIA,10 HDW,W/RLSE	 $0.33 
29010983000A	CLMP,CA,RND,0.75 DIA,SNAP-IN,W/RLSE	 $1.00 
29012021000B	CLMP,CA,RND,1.00 DIA,10 HDW,W/RLSE	 $0.37 
29012021000A	CLMP,CA,RND,1.50 DIA,10 HDW,W/RLSE	 $0.51 
49202995000B	CLMP,CA,RND,10MM DIA,POP-IN	 $1.68 
49200860000B	CLMP,CA,RND,25 DIA,POP-IN	 $0.48 
49202758000A	CLMP,CA,RND,M 04.80 DIA,SNAP-IN	 $0.14 
29009150000A	CLMP,CAP	 $6.95 
19006075000A	CLMP,CONN CA,DIP,014 CKT,0.100	 $0.46 
28000699000H	CLMP,CONN CA,MR,036 CKT	 $5.76 
28000527000A	CLMP,CONN CA,M-RECT,036 CKT,AUTO WIRE	 $29.47 
28000527000B	CLMP,CONN CA,M-RECT,050 CKT,AUTO WIRE	 $39.06 
39005825001A	CLMP,CONN CA,MT,003 CKT,0.100,CLE	 $0.67 
39005851001A	CLMP,CONN CA,MT,003 CKT,0.156,FDTHRU	 $3.65 
39006814003A	CLMP,CONN CA,MT,004 CKT,0.100,FDTHRU	 $0.48 
39005851002A	CLMP,CONN CA,MT,004 CKT,0.156,FDTHRU	 $1.03 
39005825003A	CLMP,CONN CA,MT,005 CKT,0.100,CLE	 $1.03 
39005825004A	CLMP,CONN CA,MT,006 CKT,0.100,CLE	 $0.24 
39005549004A	CLMP,CONN CA,MT,006 CKT,0.156,CLE	 $1.16 
39005851004A	CLMP,CONN CA,MT,006 CKT,0.156,FDTHRU	 $0.52 
39005825006A	CLMP,CONN CA,MT,008 CKT,0.100,CLE	 $1.42 
39006814011A	CLMP,CONN CA,MT,012 CKT,0.100,FDTHRU	 $0.99 
39005825011A	CLMP,CONN CA,MT,013 CKT,0.100,CLE	 $0.33 
39003396000B	CLMP,CONN CA,UNIV,003 CKT	 $3.02 
29008552000A	CLMP,FERRITE CORE	 $2.35 
39009752000A	CLMP,FLEX CKT	 $25.49 
11044922000B	CLMP,POLE,STAINLESS STL,BLK	 $95.92 
39009315000A	CLMP,UPR BEZEL	 $10.63 
11051515000A	CLOCK STOPPER STI-9631	 $67.33 
41015274001J	CLOCK,REAL TIME,DALLAS	 $46.98 
11043834000A	CLOSED LIMIT SWITCH	 $69.72 
MSN61741000A	CLOTH, 14 X 14 SELVYT *CAS KER	 $22.69 
00050499000D	CLOTHS,LINT FREE	 $0.15 
31020835000A	CLP,SPR	 $0.56 
BUFIS595000B	CLR CRT PRIV UPGR	 $0.45 
19041023000A	CLR FILTER AP72401 "DEPOT PRT	 $223.02 
TS4350121720	CLR OSDXD14OF	 $0.78 
NZ0000001504	CLUSTER DRIVE - 56XX	 $8.04 
TSN65465000A	CLUTCH	 $0.00 
TSN88165000A	CLUTCH	 $0.00 
TSN88172000A	CLUTCH	 $0.00 
89029637000A	CLUTCH   -  BURLE	 $44.37 
TSN88171000A	CLUTCH ASSB	 $0.00 
11044720000A	CLUTCH ASSB SIMPLEX 3000	 $78.96 
49218175000A	CLUTCH HOUSING,6MM,OSC	 $18.12 
49218175000B	CLUTCH HOUSING,6MM,OSC	 $22.17 
11044721000A	CLUTCH MOVEMENT REST 3000	 $11.02 
11038790000A	CLUTCH ONE WAY	 $92.01 
21020159000A	CLUTCH PLATE	 $189.60 
11032076000A	CLUTCH PLATE GYYR #6889931  VS	 $27.68 
11032076000B	CLUTCH PLATE VSS 302/303  #643	 $15.14 
NZ0000001966	CLUTCH SPRING - 56XX	 $2.20 
NZ0000002502	CLUTCH, SHAFT ASSEMBLY	 $0.02 
TSN65570000A	CLUTCH,FEEDER-CLH-BO-4	 $303.15 
49215738000A	CLUTCH,SPCL	 $19.76 
TSN88163000A	CLUTCH/BRAKE	 $0.00 
TSN88164000A	CLUTCH/BRAKE	 $0.00 
PLCM85070000	CM8500 OPTION BOARD,RS422 CO	 $1,320.92 
11050104000A	CM9760 MATRIX LOOP 32X12 OUT	 $12,518.66 
89030639000A	CMOS ANALOG MULT ADG508AKR	 $12.72 
IKCMA4000000	C-MOUNT ADAPTER IKEGAMI	 $25.06 
IKPCMA400000	C-MOUNT ADPTR IKEGAMI ICD-4024	 $25.06 
ULCSRING0000	C-Mount Lens Adapter	 $2.75 
39013996000A	CMPTR PLTFRM,300GL	 $2,291.06 
19054982000A	CMPTR PLTFRM,CASH SORTER,CS700	 $2,242.19 
TSPCASSY000A	CMPTR PLTFRM,CASH SORTING ASSY	 $2,090.94 
19055129000A	CMPTR PLTFRM,CLIENT,OPC	 $3,548.95 
19055130000A	CMPTR PLTFRM,CLIENT,OPC,W/5 USER LIC	 $13,633.99 
19053392000A	CMPTR PLTFRM,CT&T,P3,800MHZ	 $2,959.74 
19043106000C	CMPTR PLTFRM,PASSVAULT	 $1,479.87 
ULRAIDRACKS0	CMPTR PLTFRM,RAID,RACK SYSTEM	 $58,646.70 
19055128000A	CMPTR PLTFRM,SRVR,OPC	 $6,851.25 
19055280000A	CMPTR PLTFRM,SRVR,WIN2K,W/ARCHIVE CNTRL	 $34,187.74 
19055242000A	CMPTR PLTFRM,W/ONGUARD VID CLIENT DATABASE	 $7,673.40 
19055241000A	CMPTR PLTFRM,W/ONGUARD VID DATABASE	 $10,687.95 
19041650000A	CMPTR,PII450,W/15 IN MON	 $15,648.26 
19041651000A	CMPTR,PII450,WIN95,W/15IN MON	 $13,305.13 
19041652000A	CMPTR,PII450,WIN98,W/15IN MON	 $13,359.94 
ULSUNTESS000	CMPTR,PLTFRM,NT,SGL USER,SAFENET PKG	 $25,212.60 
ULSUNTBDGESS	CMPTR,PLTFRM,NT,SGL USER,SAFENET PKG,BADGING	 $27,405.00 
UL3UNTESS000	CMPTR,PLTFRM,NT,THREE USER,SAFENET PKG	 $35,900.55 
UL2UNTESS000	CMPTR,PLTFRM,NT,TWO USER,SAFENET PKG	 $30,419.55 
41014981000S	CMPTR,PLTFRM,PREMIERE,PCI,PENT 66	 $3,586.14 
ULRAIDRACKD0	CMPTR,PLTFRM,RAID,RACK SYSTEM,DUAL	 $109,620.00 
ULFS99R00000	CMPTR,PLTFRM,SERVER,HEAVY DUTY	 $12,606.30 
ULFS99T00000	CMPTR,PLTFRM,SERVER,MULTI-USER,SAFENET	 $11,236.05 
ULWS99R00000	CMPTR,WORKSTATION,HVYDUTY,SAFENET	 $7,399.35 
ULWS99T00000	CMPTR,WORKSTATION,STD DUTY,SAFENET	 $6,029.10 
19006132000A	CND CONN,0.50 IN,SQZ	 $1.76 
19035045000A	CND CONN,0.75 IN,SQZ	 $2.23 
29008760000D	CND CONN,DIN PG 09.0,CPRSN,LIQ TIGHT	 $4.28 
29008760000B	CND CONN,DIN PG 13.5,CPRSN,LIQ TIGHT	 $4.34 
ULFT10000000	CND,TUBE,FLEX,GALV,25FT	 $27.95 
ULFT20000001	CND,TUBE,FLEX,STAINLESS STEEL,25FT	 $120.92 
AAIXCNFG000A	CNFGR FORM,IX UPGR	 $38.75 
TP799918001A	CNFGR GUIDE,473X CMPTBL FEAT,RLSE 3.0(TURB0 3X)	 $13.50 
49001269000B	CNTR,ELEC,07 DIG,LED,SPCL	 $302.72 
41014412000A	CNTRL BOX,SYS,VAT 21	 $1,141.46 
19036309000A	CNTRL COMM	 $456.45 
19049163000A	CNTRL OPTION,THERMAL CAMR ENCL	 $490.55 
31019298000A	CNTRL PNL	 $182.08 
31019992000A	CNTRL PNL,VAT 21 OPR	 $79.62 
31019992000B	CNTRL PNL,VAT 21 OPR	 $127.51 
31019992000C	CNTRL PNL,VAT 21 OPR	 $144.77 
31019298000C	CNTRL PNL,VAT 30,OPR	 $783.61 
31020783000A	CNTRL PNL,VAT CUST	 $150.71 
31020783000E	CNTRL PNL,VAT CUST	 $172.53 
31020783000F	CNTRL PNL,VAT CUST	 $175.59 
DMXR200L63W0	CNTRL PNL,W/SPCL FRMW	 $480.57 
19047049000A	CNTRL TERM,ARMING,LCD DSPLY	 $2,740.50 
ULACT700000A	CNTRL TERM,LCD,ACT7	 $1,027.69 
19047050000A	CNTRL UNIT,ARMING,W/LCD DSPLY	 $1,397.66 
19041903000A	CNTRL,ABM SCREAMER II	 $548.65 
19058344000A	CNTRL,ABM SCREAMER IIM,MODIFIED	 $576.08 
19041491000A	CNTRL,COMM,D1201-U	 $233.38 
19041812000B	CNTRLR ASSY,PASSVAULT	 $2,776.13 
19045900000A	CNTRLR CHIP,PRGM,REPL	 $35.55 
11040153000A	CNTRLR KIT ,VAT 30/Easy-aire 10	 $690.03 
11040153000B	CNTRLR KIT,VAT 30/EA-10	 $995.21 
11040153000D	CNTRLR KIT,VAT 30/EA-10	 $949.90 
19056565000A	CNTRLR SYSTEM	 $3,538.50 
GL1208811000	CNTRLR UPGRADE,PDC TO 2 DOOR	 $71.95 
GL1208217000	CNTRLR,2 DOOR,PCB ONLY	 $812.31 
19044802000A	CNTRLR,ACS,CRD,ACS-2	 $2,260.92 
UL0CPUIFDUAL	CNTRLR,CPU,DUAL NT,SERIAL,INTF	 $2,740.50 
11037449000A	CNTRLR,DOOR,DC-116	 $1,033.17 
11037450000A	CNTRLR,DOOR,DC664	 $2,186.92 
GL1007200000	CNTRLR,FX PRO,V4 SERIES	 $503.87 
19047367000A	CNTRLR,G3 AUTOTRACK,STANDALONE BOX,24VAC,INDOOR ONLY	 $1,233.23 
41020501000A	CNTRLR,KEYPAD DSPL	 $1,409.53 
ULAT300X4HN1	CNTRLR,PROTOCOL CONVERSION,MX-AT300/HDD/NTSC/110	 $5,023.34 
ULAT300X4HP2	CNTRLR,PROTOCOL,CONVERSION,MX-AT300/04/HDD/PAL/220	 $5,023.34 
ULMUPROXCTLR	CNTRLR,PROX,INTFC,24V,COAX-WIEGAND	 $1,849.84 
ULMUPROX0HSM	CNTRLR,PROX,INTFC,HSM	 $411.08 
ULB95126000A	CNTRLR,RTU,REDUNDANT FIBER	 $849.56 
ULESCCABLE00	CNTRLR,SECURITY,CA	 $137.03 
ULESCCOM0000	CNTRLR,SECURITY,COMM,PCB ONLY	 $1,849.84 
ULESCPROC000	CNTRLR,SECURITY,ENTERPRISE,PCB ONLY	 $2,466.45 
ULESCPKG0000	CNTRLR,SECURITY,ENTERPRISE,PKG	 $3,288.60 
19053020000A	CNTRLR,SMARTLINX,8-SLOT	 $1,252.41 
19053021000A	CNTRLR,SMARTLINX,8-SLOT,W/PWR MON	 $1,540.16 
ULRD18XX0000	CNTRLR,SYS,AUTO CHANGEOVER UNIT,RD-18	 $2,674.73 
ULAT200X8HN1	CNTRLR,SYS,MX-AT200/08/HDD,NTSC/110	 $5,185.03 
ULAT200X8HP2	CNTRLR,SYS,MX-AT200/08/HDD/PAL/220	 $5,185.03 
GL1208813000	CNTRLR,UPGRADE,T2K TO DOOR	 $71.95 
19047366000A	CNTRLR,W/TRKR,OUTDOOR,NEMA 4X RATED,24VAC,W/O XFMR	 $1,370.25 
41023152000A	CNTRWT,DOOR,AHD	 $99.76 
11050106000A	CO DET 12/24V FLSH/SURFC MOUNT	 $226.15 
11050107000A	CO DETECTOR, 12 VDC	 $41.11 
19017048000A	COAX CABLE ASM.  278-971	 $32.30 
11050108000A	COAX CABLE ROLL OF 100'	 $137.03 
MSN93154000A	COAX, RQ59 W/2 COND 500'*BELDO	 $0.77 
PLCX9224RXI1	COAXITRON INDR RCVR,24V P\T,12	 $811.19 
11037988000A	COAXITRON MOTHER BOARD	 $318.31 
PLCX9024RXPP	COAXITRON OUTDOOR,24VAC,P/T	 $1,346.57 
TP799989001A	CODE ALERT PLANNING GUIDE	 $12.60 
11035783000A	CODE DISTRIBUTOR UNIT    AD 16	 $1,083.46 
11050109000A	CODER PROVIDES MARCH TIME	 $335.85 
NZ0000003627	COG BELT N/S CARD READER	 $13.16 
TSN66715000A	COIL	 $0.00 
19021049000A	COIL SPRING	 $18.52 
TSN89054000A	Coil Spring	 $10.93 
11065586000A	COIL SPRING (L) D501/D551	 $7.20 
BTC9311VC300	COILED CCTV CABLE 6FT, COAX PL	 $36.90 
BTC9311VC400	COILED CCTV CABLE 7FT COAX PLU	 $92.70 
BTC9311VC500	COILED CCTV CABLE COAX PLUS 11	 $117.18 
00050553000C	COIN BOXES  DIMES	 $6.47 
00050553000E	COIN BOXES  HALVES	 $6.47 
00050553000B	COIN BOXES  NICKELS	 $6.47 
00050553000A	COIN BOXES  PENNIES	 $6.47 
00050553000D	COIN BOXES  QUARTERS	 $6.47 
00050553000F	COIN BOXES  SBA DOLLARS	 $6.47 
11042222000A	COIN CARTRIDGE 809	 $1,217.92 
11042226000A	COIN CARTRIDGE 826	 $1,080.21 
00051224000A	Coin Cassette Carrier	 $141.75 
00052088000B	COIN CNTR CLNING WIPES-3/PK 40	 $88.20 
49257766000A	COIN COLLECTOR BIN	 $41.17 
00103203000B	COIN CSET ASSY,10C	 $208.59 
00103207000B	COIN CSET ASSY,1C	 $208.59 
00103201000B	COIN CSET ASSY,25C	 $208.59 
00103205000B	COIN CSET ASSY,5C	 $208.59 
49011867000A	COIN DEFLECTOR	 $20.06 
11043672000A	COIN DETECTION SENSOR	 $109.34 
BUFI0130000B	COIN DISP MDL UPGR, 1062(4782)RL,/1072(4785)/1073(4787) ATM, IX	 $3.18 
BUFI0765000A	Coin Dispenser Field Upgrade for Opteva 720 Front-load Terminals	 $35.24 
BUFI0766000A	Coin Dispenser Field Upgrade for Opteva 760 Terminals	 $54.65 
TM000031001C	Coin Dispenser On-site Repair Manual	 $108.00 
TP820812001A	COIN DISPENSER OP GUIDE	 $7.20 
CBCBSK26HR03	COIN DISPENSER, ACCESS DOOR	 $26.39 
11042193000A	COIN DIVIDER 809	 $1,849.28 
11048564000A	COIN DIVIDER EPP COMPLETE	 $1,245.36 
49226463000B	COIN DOOR,878	 $26.67 
49268568000E	COIN HOPPER, DB, 1 BRAZIL REAL	 $488.70 
49268490000C	COIN HOPPER,HIGH CAP,AUSTRALIAN 20 CENTS	 $488.70 
49268488000C	COIN HOPPER,HIGH CAP,CANADIAN 25 CENTS	 $488.70 
49268489000E	COIN HOPPER,HIGH CAP,COLOMBIAN 1000 PESOS	 $488.70 
49268487000A	COIN HOPPER,HIGH CAP,US 1 CENT	 $488.70 
49268487000D	COIN HOPPER,HIGH CAP,US 25 CENTS	 $488.70 
49256226000A	COIN HPPR, VERT FLG RH	 $11.09 
89031104000A	COIN LABEL KITS	 $21.55 
89031103000A	COIN LABELS	 $0.05 
11042235000A	COIN RUNWAY BACKPLATE STD 826	 $128.12 
49265319000B	COIN SL COV	 $12.27 
MSN79725000A	COIN TRAY, STANDARD - HALVES	 $0.00 
00050552000C	COIN TRAYS  DIMES	 $4.45 
00050552000E	COIN TRAYS  HALVES	 $4.45 
00050552000B	COIN TRAYS  NICKELS	 $4.45 
00050552000A	COIN TRAYS  PENNIES	 $4.45 
00050552000D	COIN TRAYS  QUARTERS	 $4.45 
00050552000F	COIN TRAYS  SBA DOLLARS	 $4.45 
11042269000A	COIN TUBE 809	 $146.63 
11042271000A	COIN TUBE 826	 $166.78 
00052098000C	COIN TUBES-DIME(GREEN)	 $23.18 
00052098000E	COIN TUBES-HALF DOLLAR(WHITE)	 $23.18 
00052098000B	COIN TUBES-NICKEL(BLUE)	 $23.18 
00052098000A	COIN TUBES-PENNY(RED)	 $23.18 
00052098000D	COIN TUBES-QUARTER(ORANGE)	 $23.18 
00052098000F	COIN TUBES-SBA DOLLAR(GRAY)	 $23.18 
29010030000A	COIN,COV,SW	 $4.49 
TP821189001A	CoinCount Model D809 User Guid	 $37.80 
TP821190001A	CoinCount Model D826 User Guid	 $37.80 
11040480000A	COLLAR	 $21.55 
MSN93874000A	COLLAR	 $1.90 
TS4350121040	COLLAR 030x0180	 $0.78 
TS4350106010	COLLAR 060*0010F	 $12.29 
TS4350108010	COLLAR 080*0010A	 $8.19 
TS4368835061	COLLAR 10 X 1	 $8.19 
TS4350110020	COLLAR 10x2	 $12.56 
TS4368835771	COLLAR 120-0020	 $24.58 
TS4368835911	COLLAR 120-0050	 $25.13 
TS4368835931	COLLAR 120-0080F	 $25.95 
BRP00197000A	COLLAR 3/4-16 TH SPLIT	 $0.05 
NZ0000003421	COLLAR BOTTOM - 5885	 $361.75 
31019939000B	COLLAR CCTV VAT-21	 $17.21 
TS4350123200	COLLAR DOOR HINGE	 $8.19 
NZ0000003420	COLLAR TOP - 5885	 $339.82 
NZ0000003422	COLLAR VERTICAL - 5885	 $361.75 
NZ0000001556	COLLAR VERTICAL 5685	 $175.39 
MSN86543000A	COLLAR, 1 5/32 I.D.X 1 1/2 O.D	 $55.61 
MSN73592000A	COLLAR, HANDLE  (SPECIFY FINIS	 $0.00 
NZ0000002964	collar, horizontal bottom	 $232.95 
MSZ79104960A	COLLAR, LOCK	 $2.84 
TS4368888672	Collar, Spring Assb	 $136.56 
TSN90399000A	COLLAR,040X0090F-CS	 $1.37 
TSN92713000A	COLLAR,B-BRG-SPK	 $0.00 
39007738000A	COLLAR,CLMP	 $7.29 
29013884000A	COLLAR,SHAFT,0.313 BORE	 $42.82 
29007751000A	COLLAR,SHAFT,0.750 BORE	 $3.65 
89030908000A	COLLAR,SHIPPING,DENVER CCA	 $8.79 
TSN91376000A	COLLAR,STOP-CF	 $0.00 
NZ0000002879	COLLAR-ADVERT	 $135.59 
11042210000A	collect chuck for coin runway	 $32.45 
TSN88909000A	COLLER,L.E.D.	 $0.00 
FB008011000A	Color 8011-Wine Red, Aspen White	 $17.43 
FB008014000A	Color 8014-Red, Green	 $17.53 
FB008017000A	Color 8017-Charcoal Gray, Ash Gray	 $17.43 
FB008018000A	Color 8018-Dark Blue, Aspen White	 $17.43 
FB008019000A	Color 8019-Purple, Aspen White	 $17.43 
FB008021000A	Color 8021-Slate Blue, Aspen White	 $17.43 
FB008022000A	Color 8022-Red, Aspen White	 $17.53 
FB008023000A	Color 8023-Red, Blue	 $17.43 
FB008026000A	Color 8026-Violet, Aspen White	 $17.43 
FB008027000A	Color 8027-Tan, Tan	 $17.43 
FB008028000A	Color 8028-Teal Green, Teal Green	 $17.43 
FB008029000A	Color 8029-Blue, Aspen White	 $17.43 
FB008030000A	Color 8030-Blue, Gray	 $17.53 
FB008031000A	Color 8031-Charcoal Gray, Black	 $17.34 
FB008032000A	Color 8032-Dark Blue, Dark Blue	 $17.43 
FB008034000A	Color 8034-Charcoal Gray, Williamsburg Green	 $17.43 
FB008035000A	Color 8035-Coarcoal Gray, Aspen White	 $17.43 
FB008037000A	Color 8037-Teal, Aspen White	 $17.43 
FB008039000A	Color 8039-Burgundy, Light Gray	 $17.43 
FB008042000A	Color 8042-Steel Blue, Steel Blue	 $17.43 
FB008044000A	Color 8044-Silhoutte Gray, Green	 $17.53 
FB008045000A	Color 8045-Blue, Peach	 $17.43 
FB008048000A	Color 8048-Charcoal Gray, Blue	 $17.43 
FB008049000A	Color 8049-Red, Aspen White	 $17.43 
FB008050000A	Color 8050-Green, Aspen White	 $17.43 
FB008051000A	Color 8051-Blue, Aspen White	 $17.43 
FB008052000A	Color 8052-Barn Red, Dark Blue	 $17.53 
FB008053000A	Color 8053-Charcoal Gray, Aspen White	 $17.34 
FB008054000A	Color 8054-Fuchia, Purple	 $17.53 
FB008055000A	Color 8055-Sky Blue, Aspen White, Orange	 $17.53 
FB008056000A	Color 8056-Orange, Aspen White, Blue	 $17.53 
FB008058000A	Color 8058-Royal Blue, Royal Blue	 $17.34 
FB008059000A	Color 8059-Green, Green	 $17.43 
FB008060000A	Color 8060-Red, Aspen White	 $17.43 
FB008061000A	Color 8061-Dark Green, Aspen White	 $17.43 
FB008063000A	Color 8063-Blue, Aspen White	 $17.43 
FB008065000A	Color 8065-Indigo Blue, Indigo Blue	 $17.43 
FB008066000A	Color 8066-MSU Green, MSU Green	 $17.43 
FB008068000A	Color 8068-Sky Blue, Aspen White	 $17.53 
FB008069000A	Color 8069-Kendall Charcoal, Kendall Charcoal	 $17.34 
FB008070000A	Color 8070-Charcoal Gray, Charcoal Gray	 $17.34 
FB008071000A	Color 8071-Blue, Aspen White	 $17.34 
FB008072000A	Color 8072-Lavender, Aspen White	 $17.34 
FB008073000A	Color 8073-Liberty Red, Aspen White	 $17.34 
FB008074000A	Color 8074-Yellow, Gray	 $17.34 
FB008075000A	Color 8075-Purple, Aspen White	 $17.34 
FB008078000A	Color 8078-Teal Blue, Aspen White	 $17.34 
FB008079000A	Color 8079-Charcoal Gray, Blue	 $17.34 
FB008080000A	Color 8080-Sand Yellow, Aspen White	 $17.34 
FB008081000A	Color 8081-Oyster White, Aspen White	 $17.34 
FB008082000A	Color 8082-Light Ivory, Aspen White	 $17.34 
FB008083000A	Color 8083-Flame Red, Flame Red	 $17.34 
FB008084000A	Color 8084-Brillant Blue, Brillant Blue	 $17.34 
FB008085000A	Color 8085-Turquise Blue, Aspen White	 $17.34 
FB008086000A	Color 8086-Capri Blue, Aspen White	 $17.34 
FB008087000A	Color 8087-Pale Green, Aspen White	 $17.34 
FB008088000A	Color 8088-Light Green, Aspen White	 $17.34 
FB008089000A	Color 8089-Pebble Gray, Aspen White	 $17.34 
FB008090000A	Color 8090-Ocher Brown, Aspen White	 $17.34 
FB008091000A	Color 8091-Clay Brown, Aspen White	 $17.34 
FB008092000A	Color 8092-Nut Brown, Aspen White	 $17.34 
FB008093000A	Color 8093-Mahogany Brown, Aspen White	 $17.34 
FB008094000A	Color 8094-Grey Brown, Aspen White	 $17.34 
FB008095000A	Color 8095-Beige Brown, Aspen White	 $17.34 
FB008096000A	Color 8096-Cream, Aspen White	 $17.34 
FB008097000A	Color 8097-Pure White, Aspen White	 $17.34 
FB008098000A	Color 8098-Traffic White, Aspen White	 $17.34 
FB008099000A	Color 8099-Papyrus White, Aspen White	 $17.34 
FB008100000A	Color 8100-Papyrus White, Papyrus White	 $17.34 
FB008102000A	Color 8102-Medium Gray, Aspen White	 $17.34 
FB008103000A	Color 8103-Charcoal Gray, Aspen White	 $17.34 
FB008104000A	Color 8104-Beige, Aspen White	 $17.34 
FB008105000A	Color 8105-Brown Beige, Beige Brown	 $17.34 
FB008106000A	Color 8106-Pine Green, Aspen White	 $17.34 
FB008107000A	Color 8107-Olive Green, Aspen White	 $17.34 
FB008108000A	Color 8108-Signal Gray, Aspen White	 $17.34 
FB008109000A	Color 8109-Signal Gray, Light Green	 $17.34 
FB008110000A	Color 8110-Terra Brown, Aspen White	 $17.34 
FB008112000A	Color 8112-Yellow, Aspen White	 $17.34 
FB008113000A	Color 8113-Blue, Aspen White	 $17.34 
FB008116000A	Color 8116-Green, Granite Gray	 $17.34 
FB008118000A	Color 8118-Light Ivory, Aspen White	 $17.34 
FB008119000A	Color 8119-Light Blue, Light Gray	 $17.34 
FB008120000A	Color 8120-Blue, Gray	 $17.34 
FB008121000A	Color 8121-Black, Gold	 $17.34 
FB008122000A	Color 8122-Blue, Aspen White	 $17.34 
FB008124000A	Color 8124-Light Green, Aspen White	 $17.34 
FB008126000A	Color 8126-Charcoal Gray, Blue	 $17.34 
FB008128000A	Color 8128-Blue, Gray	 $17.34 
FB008129000A	Color 8129-Charcoal Gray, Blue	 $17.34 
FB008130000A	Color 8130-Silhouette Gray, Deep Royal Blue	 $17.34 
NZ0000001206	COLOR CRT 15" VGA	 $2,104.70 
NZ0000001229	COLOR CRT, 15 VGA"	 $2,630.88 
11038736000A	COLOR DISPLAY W/GASKET AND HDW	 $756.00 
TP799344000A	COLOR GRAPHICS FEATURE PROG. M	 $34.20 
11042079000A	COLOR MEDIA PAPER A6	 $263.93 
19039118000A	COLOR MONITOR, VGA - 5070	 $2,630.88 
FB008132000A	COLOR SCHEME 8132	 $17.34 
FB008005000A	COLOR SCHEME,8005	 $0.05 
28000442000C	COLORED BOTTOM *02997	 $29.29 
11007348000A	COLORED BULB BOOT-RED	 $0.96 
BLTC92100000	COLUMN MOUNT, 8", 15LB MAX	 $68.04 
89029722000A	COM CHIP MAX231CWE 9539	 $17.84 
11041289000A	COMASTER CONTROL MEMBRANE KIT	 $237.41 
21016300W04B	COMB KIT,SRVC,W/DURESS,RMT OVRD	 $507.64 
21017299000A	COMB LK	 $73.87 
00017746000B	COMB LOCK	 $137.63 
21117299000A	COMB LOCK	 $73.87 
MSZ89160560A	COMB LOCK DIAL INSERT	 $2.95 
OX012407000A	COMB LOCK S&G 6709 R/L	 $36.23 
17001651000A	COMB LOCK T8410MP VERT UP	 $276.49 
21017491000A	COMB LOCK WITH WING COVER	 $215.46 
NZ0000002728	COMBINATION/KEYLOCK W/KEY	 $0.02 
89031602000A	COMBO CHANGE BUSINESS CARDS 50 PACK	 $19.55 
BRP00066000A	COMBO WRENCH 7/16"	 $0.05 
49215789000A	COMBO,28T GEAR,0.8M,16T PULLEY	 $10.71 
49266323000A	COMBO,GEAR,27T,M1.25	 $6.17 
49225595000A	COMBO,GEAR,MOD1,20T,32T	 $11.09 
BUPDN203000A	COMBOGARD ELEC LOCK WIRE CHECK	 $0.32 
TM000278001A	COMBOGARD ELECT LOCK SRVC,INSTL & PARTS MNL	 $157.50 
11038688000A	COMBOLEM PCB only	 $117.85 
89031416000A	COMERICA AGILIS 3 IP FOR IS	 $24.44 
89031415000A	COMERICA AGILIS 3 IP STANDARD	 $24.44 
89031059000A	COMERICA OPTEVA BRECKNRIDGE CD	 $9.77 
89031058000A	COMERICA OPTEVA DENVER CD	 $9.77 
89031352000A	COMERICA OPTEVA SIERRA CD	 $24.44 
89031057000A	COMERICA WINDOWS 1X CD	 $9.77 
TM000358001A	COML INSUL SAFES & CAB PTS MNL	 $117.00 
TP799678000C	COMM MASTER OPR INSTRN	 $7.20 
ULB11320000A	COMM MDL RS-485	 $326.12 
ULB11340000A	COMM MDL RTU-60/75	 $674.16 
ULB11330000A	COMM MDL,RS-485	 $679.64 
ULB11028000A	COMM MDL,RTU-60/75	 $422.04 
ULB11370000A	COMM MDL,RTU-60/75	 $575.51 
ULB11380000A	COMM MDL,RTU-60/75	 $602.91 
ULB11310000A	COMM MDLRTU-60/75	 $474.11 
11041164000A	COMM MODULE (COMM) CCA	 $1,863.54 
19064109000A	COMM PORT EXPNSN,EXPANDED PNLS	 $4,234.08 
19041703000A	COMM,CNTRL,D1201-U	 $254.04 
19041510000A	COMM,CNTRL,D1900-STD	 $655.45 
19041502000A	COMM,CNTRL,PKG,D1700-ATK	 $296.22 
11038721000A	Comm\Cont for MKII Motherbd	 $109.62 
11038722000A	Comm\Cont for Rev 1.2 Cont ID	 $109.62 
11038723000A	Comm\Cont for Rev 1.3 Cont ID	 $109.62 
11065012000A	COMMAND & CONTROL MODULE	 $548.10 
19036083000B	COMMAND CENTER,ALPHA II	 $234.36 
FBSPHX136N0A	COMMANDER 1:1 Manager Server License	 $4.89 
FBSPHX137N0A	COMMANDER 1:1 Manager Terminal License	 $4.89 
FBSPHX129N0A	COMMANDER Asset Manager Server License	 $4.89 
FBSPHX130N0A	COMMANDER Asset Manager Terminal License	 $4.89 
FBSPHX141N0A	COMMANDER Base Server License	 $4.89 
FBSPHX131N0A	COMMANDER Campaign Manager Server License	 $4.89 
FBSPHX132N0A	COMMANDER Campaign Manager Terminal License	 $4.89 
FBSPHX148N0A	COMMANDER Content Manager Server License	 $4.89 
FBSPHX149N0A	COMMANDER Content Manager Terminal License	 $4.89 
FBSPHX164N0A	COMMANDER Deposit Manager Server License	 $4.89 
FBSPHX165N0A	COMMANDER Deposit Manager Terminal	 $4.89 
FBSPHX155N0A	COMMANDER eCommunication Manager Server License	 $4.89 
FBSPHX156N0A	COMMANDER eCommunication Manager Terminal License	 $4.89 
FBSPHX177N0A	COMMANDER Enhanced Transaction Gateway - Additional Node License	 $4.89 
FBSPHX176N0A	COMMANDER Enhanced Transaction Gateway - Includes First Node License	 $4.89 
FBSPHX170N0A	COMMANDER External System Standard Gateway Server License	 $4.89 
FBSPHX142N0A	COMMANDER Personalization Manager Server License	 $4.89 
FBSPHX143N0A	COMMANDER Personalization Manager Terminal License	 $4.89 
FBSPHX150N0A	COMMANDER Software Manager Server License	 $4.89 
FBSPHX152N0A	COMMANDER Software Manager Terminal License	 $4.89 
FBSPHX133N0A	COMMANDER Troubleshooting Manager Server License	 $4.89 
FBSPHX134N0A	COMMANDER Troubleshooting Manager Terminal License	 $4.89 
11036460000A	COMMINICATION BUS BOARD	 $57.42 
TP799865001C	COMMON DEVICE INTERFACE (CDI)	 $9.90 
11050111000A	COMMU DISTR MODULE 1 REQ 1040E	 $346.67 
MSZ17577300A	COMMUNICATION CABLE #HOC-ETLAN	 $97.07 
39017669000J	COMMUNICATION CABLE, ECR AFMT	 $90.50 
19039180000A	COMMUNICATIONS CONTROLLER  U-8	 $18.64 
19041499000A	COMMUNICATOR,CNTRL,D1700	 $369.68 
11050112000A	COMMUNITY SEAT TRACK KIT	 $87.70 
TS4365698100	COMP SPRING-TRANSPORT PITCH	 $2.73 
11051238000A	COMPACT ECHO SPEAKER	 $20.49 
CO5045600000	Compat Dbld 50456 Rib Pack	 $8.45 
CO5048300000	Compat Dbld 50483 Rib Pack	 $21.27 
CO5049600000	Compat Dbld 50496 Rib Pack	 $7.72 
CO1986790000	COMPAT NCR 198679 RIBBON PACK	 $74.79 
TMCMDPCD000A	compatible dip card reader SM	 $89.10 
11042201000A	COMPLETE LOCKING SYSTEM 826	 $526.41 
19065401000A	COMPLETE RACK/ENCLOSURE W/DOORS 36x24x30 W/ LAMINATE & STAND-OFFS   - USPS only	 $3,607.74 
19064961000A	COMPLETE RACK/ENCLOSURE W/DOORS 71x24x32 WITH DOORS AND SIDES     "USPS only"	 $4,554.00 
19064960000A	COMPLETE RACK/ENCLOSURE W/DOORS 71x24x32 WITHOUT DOORS AND SIDES   "USPS only"	 $2,483.63 
31020502000B	COMPRESSION COUPLING, V-BAND	 $125.86 
MSZ17569340A	COMPRESSION SPRING	 $7.85 
11035097000A	COMPRESSION SPRING   ROTARY W/	 $0.32 
4924441700AZ	COMPRESSION SPRING, CARD CAPTURE SOLENOID	 $13.83 
4924441700BI	COMPRESSION SPRING, IC CONTACT SOLENOID	 $0.46 
05000544000A	Computer Platform,6600 Loaner	 $3,285.59 
BRP00906000A	COMPUTER POWER CORD	 $0.05 
19085595000A	CompX Drawer Lock Housing	 $29.32 
19085608000A	CompX Gang Drawer Lock Housing	 $29.32 
11047842000A	COMPX GANGLOCK U/C CUT KEY	 $2.63 
19036212000A	CONDUIT BOX  COMMAND CENTER  D	 $17.96 
19046462000A	CONDUIT BOX,KEYPAD	 $8.21 
BUFN0008000A	CONFIG DISCOUNTS IN CS GOLD	 $2.70 
TP820317001A	CONFIG GUIDE, 473X COMPTBL FEAT, RLSE 5.0	 $12.60 
TMM11840000A	CONFIG STD MODEM LINX REF GD	 $2.70 
19049438000A	CONFIG TOOL,BILINX,DOMES & CAMRS	 $705.68 
19048100000A	CONFIG TOOL,RCDR,VID,DIG	 $1,192.12 
4924441700AA	CONICAL, SPRING, SHUTTER SOLENOID	 $13.83 
89026764000A	CONN 14 PIN .08X.016 DIP PLUG	 $20.58 
39016805000A	CONN ADPTR,DB37M/DB37F,W/FLTR	 $57.42 
49020076000A	CONN ADPTR,DB9F/DB25F,OEM	 $41.65 
29012236000A	CONN ADPTR,DB9F/DB9F	 $44.60 
19041383000A	CONN ADPTR,DB9F/DB9F,NULL MODEM	 $89.21 
19000823000A	CONN ADPTR,MALE/MALE,BNC,BHD	 $13.55 
39017452000A	CONN ADPTR,RCPT/RCPT,MDLR,006 CKT,06 POSN,IN-LINE	 $51.51 
19048444000A	CONN CA KIT,16BNC	 $445.33 
19006046000A	CONN CAP,DIP,PC,016 CKT	 $0.80 
19006045000A	CONN CAP,PLUG,DIP,014 CKT	 $0.36 
19057917000A	CONN CORD,TELCO	 $19.42 
89031067000A	CONN HEADER 2POS 4.2MM R/A TIN	 $1.68 
82006051000A	CONN, 14P 2 X 7          12-006192-000A	 $2.28 
82006046000A	CONN, 5P RT ANGLE	 $0.72 
19006041000A	CONN,,PLUG DIP PC,014 CKT,POL	 $2.54 
21012487000A	CONN,014 CKT	 $7.16 
82006060000A	CONN,14P RT ANGLE 2 X 7	 $1.52 
19057371000A	CONN,BNC RG59,NON-TEFLON CRIMP	 $1.57 
19057370000A	CONN,BNC RG59,TEFLON CRIMP	 $4.68 
89030328000A	CONN,BNC,F,75R,SLDR,VERT TALL	 $11.78 
ULCACPAD5010	CONN,BNC,FEMALE,RCA MALE	 $2.71 
19041971000A	CONN,BNC-F TO RCA-M	 $2.67 
21017346000A	CONN,DIN,PNL MT,005 CKT	 $1.63 
39006998000A	CONN,EDGE,DBL,PC,024 CKT,0.100	 $19.54 
39003399013A	CONN,EDGE,DBL,PC,060 CKT,0.100	 $11.48 
19006107000A	CONN,EDGE,DBL,RBN,050 CKT,0.100	 $8.03 
29009263000A	CONN,EDGE,PC,050 CKT	 $8.96 
19056559000A	CONN,FEMALE,25 PAIR,AMPHENOL,9	 $0.00 
19056558000A	CONN,FEMALE,25 PAIR,AMPHENOL,RED,90 DEG END	 $0.26 
89030706000A	CONN,HDR,THM 2X17, STR M 0.100	 $8.92 
89030331000A	CONN,JACK-RA,RCA,LONG,STL,4-PI	 $25.33 
89030707000A	CONN,MDIN THM 2X6 RA F MOUSE	 $7.14 
89031359006A	CONN,MISC,22 P,RJ45/2XUSB,1000	 $16.36 
19013810000A	CONN,MULTI,2 PIN	 $5.54 
38000572000T	CONN,PLUG,CIRC,CA,008 CKT,SKT	 $154.48 
19006042000A	CONN,PLUG,DIP,PC,016 CKT,POL	 $5.02 
11005005000B	CONN,PLUG,DSUB,CA,009 CKT,SLDR SKT	 $4.19 
11005005000F	CONN,PLUG,DSUB,CA,025 CKT,SLDR SKT	 $5.36 
39017367000A	CONN,PLUG,DSUB,PC,015 CKT,THD INSR&BD LK	 $9.05 
39014133000B	CONN,PLUG,DSUB,PC,025 CKT,W/JKSKT&BD LK	 $18.71 
39014423000B	CONN,PLUG,DSUB,PC,037 CKT,THD INSR&BD LK	 $7.18 
39013863000C	CONN,PLUG,DSUB,TERM BD,015 CKT,RFI,W/CLMP & JKSCR	 $87.70 
29006004000D	CONN,PLUG,MNL,CA,002 CKT	 $0.32 
29006004000F	CONN,PLUG,MNL,CA,003 CKT	 $0.54 
11013754000D	CONN,PLUG,MNL,CA,006 CKT	 $0.64 
29006004000K	CONN,PLUG,MNL,CA,006 CKT	 $0.05 
29006004000M	CONN,PLUG,MNL,CA,008 CKT	 $0.39 
11013755000H	CONN,PLUG,MNL,CA,012 CKT	 $0.63 
39017318000A	CONN,PLUG,PHONE,003 CKT,SHLD	 $32.56 
19006080000A	CONN,PLUG,PHONE,CA,002 CKT	 $1.84 
39002269003A	CONN,PLUG,POST,CA,004 CKT,0.156	 $0.41 
19021585000A	CONN,PLUG,POST,MT,002 CKT,0.100,#22-26 AWG,LK-PLZN	 $3.75 
19021585000B	CONN,PLUG,POST,MT,003 CKT,0.100,#22-26 AWG,LK-PLZN	 $2.11 
39005850001A	CONN,PLUG,POST,MT,003 CKT,0.156,#22 AWG,FDTHRU	 $2.52 
39011499000B	CONN,PLUG,POST,MT,004 CKT,0.100,#22 AWG,FDTHRU	 $0.30 
39011556000A	CONN,PLUG,POST,MT,004 CKT,0.156,#18 AWG,FDTHRU	 $0.59 
39005826003A	CONN,PLUG,POST,MT,005 CKT,0.100,#22 AWG,CLE	 $0.33 
19021585000D	CONN,PLUG,POST,MT,005 CKT,0.100,#22-26 AWG,LK-PLZN	 $3.32 
19021585000E	CONN,PLUG,POST,MT,006 CKT,0.100,#22-26 AWG,LK-PLZN	 $3.92 
39011556000B	CONN,PLUG,POST,MT,006 CKT,0.156,#18 AWG,FDTHRU	 $0.49 
39017283000J	CONN,PLUG,POST,MT,008 CKT,0.100,#22 AWG,CLE	 $16.28 
39011499000A	CONN,PLUG,POST,MT,012 CKT,0.100,#22 AWG,FDTHRU	 $0.86 
39017283000D	CONN,PLUG,POST,MT,013 CKT,0.100,#22 AWG,CLE	 $16.50 
19021585000K	CONN,PLUG,POST,MT,018 CKT,0.100,#22-26 AWG,LK-PLZN	 $10.39 
39011352000B	CONN,PLUG,POST,PC,002 CKT,0.100	 $0.21 
39011877000C	CONN,PLUG,POST,PC,003 CKT,0.100	 $0.41 
39005805000Y	CONN,PLUG,POST,PC,003 CKT,0.156,GOLD	 $1.64 
39006842001C	CONN,PLUG,POST,PC,004 CKT,0.100,W/LK	 $3.57 
29010526000A	CONN,PLUG,POST,PC,005 CKT,0.100	 $0.16 
39006619001B	CONN,PLUG,POST,PC,005 CKT,0.100,RTANG,W/LK	 $2.77 
29010526000B	CONN,PLUG,POST,PC,006 CKT,0.100	 $0.52 
39006619001A	CONN,PLUG,POST,PC,006 CKT,0.100,RTANG,W/LK	 $4.73 
39006842001A	CONN,PLUG,POST,PC,006 CKT,0.100,W/LK	 $4.37 
39009232000A	CONN,PLUG,POST,PC,008 CKT,0.050	 $7.73 
29006011000A	CONN,PLUG,UNIV,CA,002 CKT	 $0.65 
29006011000C	CONN,PLUG,UNIV,CA,003 CKT	 $0.76 
29006011000M	CONN,PLUG,UNIV,CA,012 CKT	 $1.69 
19006083000A	CONN,RCPT,BNC,CA	 $8.68 
19013358000A	CONN,RCPT,BNC,CA	 $3.11 
39013750000A	CONN,RCPT,CDIN,PC,006 CKT,MINI,DUAL	 $32.56 
38020512000C	CONN,RCPT,CIRC,BHD,004 CKT,PIN	 $4.63 
38020512000A	CONN,RCPT,CIRC,BHD,016 CKT,PIN	 $4.88 
11005005000E	CONN,RCPT,DSUB,CA,025 CKT,SLDR PIN	 $5.62 
39014422000A	CONN,RCPT,DSUB,PC,009 CKT,W/BD LK	 $4.11 
39017472000C	CONN,RCPT,FLEX CKT,SMD,016 CKT,M01.0,RTANG,ZIF	 $12.01 
39017545000A	CONN,RCPT,FLEX CKT,SMD,018 CKT,M00.5,RTANG,ZIF	 $4.97 
39011801000A	CONN,RCPT,HDENS PWR,CA,006 CKT,W/LK	 $0.20 
39017489000B	CONN,RCPT,HDENS PWR,PC,002 CKT,DBL,W/LK	 $0.01 
39005824000A	CONN,RCPT,MD,CA,019 CKT	 $9.28 
22006156000C	CONN,RCPT,MDLR,PC,06 CKT,06 POSN	 $2.57 
39013814000A	CONN,RCPT,MDLR,PC,06 CKT,06 POSN,RTANG,SHLD	 $2.21 
39013775000A	CONN,RCPT,MDLR,PC,08 CKT,08 POSN,RTANG	 $0.84 
29006004000C	CONN,RCPT,MNL,CA,002 CKT	 $0.39 
11013754000A	CONN,RCPT,MNL,CA,003 CKT	 $0.23 
29006004000E	CONN,RCPT,MNL,CA,003 CKT	 $0.39 
29006004000G	CONN,RCPT,MNL,CA,004 CKT	 $1.91 
11013754000C	CONN,RCPT,MNL,CA,006 CKT	 $1.64 
11013755000C	CONN,RCPT,MNL,CA,008 CKT	 $2.31 
29006004000N	CONN,RCPT,MNL,CA,010 CKT	 $0.68 
38000957000A	CONN,RCPT,MR,CA,002 CKT	 $1.11 
49001258000M	CONN,RCPT,MR,PC,002 CKT,GOLD	 $2.30 
49000991000K	CONN,RCPT,MR,PC,003 CKT	 $0.95 
49000991000A	CONN,RCPT,MR,PC,004 CKT	 $3.30 
49001258000C	CONN,RCPT,MR,PC,009 CKT,GOLD	 $18.47 
89030327000A	CONN,RCPT,PCCARD 1600/800/100	 $55.14 
29002743000A	CONN,RCPT,POST,JMPR,002 CKT,0.100,HP	 $0.39 
39010669000C	CONN,RCPT,POST,MT,002 CKT,0.100,#22-26 AWG,LK-PLZN	 $2.63 
39010669000F	CONN,RCPT,POST,MT,003 CKT,0.100,#22-26 AWG,LK-PLZN	 $3.37 
39010669000B	CONN,RCPT,POST,MT,005 CKT,0.100,#22-26 AWG,LK-PLZN	 $3.65 
39006244003A	CONN,RCPT,POST,MT,006 CKT,0.156,#22 AWG,CLE	 $15.46 
19021575000A	CONN,RCPT,POST,PC,002 CKT,0.100,LCH	 $2.82 
39017518000A	CONN,RCPT,POST,PC,002 CKT,M02.0,RTANG	 $0.65 
19021575001A	CONN,RCPT,POST,PC,003 CKT,0.100,LCH	 $3.17 
39015177000C	CONN,RCPT,POST,PC,003 CKT,M02.0,RTANG	 $3.06 
39014273000B	CONN,RCPT,POST,PC,003 CKT,M02.0,RTANG,W/LK	 $0.59 
39014272000E	CONN,RCPT,POST,PC,003 CKT,M02.0,W/LK	 $0.36 
19021575002A	CONN,RCPT,POST,PC,004 CKT,0.100,LCH	 $4.55 
39015418000A	CONN,RCPT,POST,PC,004 CKT,M02.0	 $0.99 
39015177000D	CONN,RCPT,POST,PC,004 CKT,M02.0,RTANG	 $3.27 
39017112000A	CONN,RCPT,POST,PC,004 CKT,M02.0,W/PLZN	 $2.30 
19021575003A	CONN,RCPT,POST,PC,005 CKT,0.100,LCH	 $3.88 
19021575004A	CONN,RCPT,POST,PC,006 CKT,0.100,LCH	 $4.14 
39014272000F	CONN,RCPT,POST,PC,006 CKT,M02.0,W/LK	 $0.64 
19021575005A	CONN,RCPT,POST,PC,010 CKT,0.100,LCH	 $5.45 
39017120000A	CONN,RCPT,POST,PC,010 CKT,0.118,RTANG,W/LK	 $10.41 
39017113000B	CONN,RCPT,POST,PC,012 CKT,M02.0,RTANG	 $6.88 
39017151000A	CONN,RCPT,POST,PC,013 CKT,M02.0	 $2.38 
39017116000A	CONN,RCPT,POST,PC,026 CKT,0.100,DBL	 $13.23 
39017159000A	CONN,RCPT,POST,PC,026 CKT,M02.0,RTANG,DBL	 $4.74 
39005815008A	CONN,RCPT,POST,PC,034 CKT,0.100,RTANG,W/EXTR	 $40.50 
39017117000A	CONN,RCPT,POST,SMD,006 CKT,M02.5,RTANG	 $3.21 
39017552000A	CONN,RCPT,PWR,BHD,002 CKT,125V,15A,GND	 $5.74 
29009167000A	CONN,RCPT,PWR,BHD,002 CKT,250V,15A,GND	 $1.56 
39015200000D	CONN,RCPT,PWR,CA,008 CKT,W/LK,DUAL ACTN,DBL	 $0.87 
29014359000B	CONN,RCPT,PWR,PC,004 CKT,BD LK,DUAL ACTN,RTANG	 $4.66 
28000389000A	CONN,RCPT,QDISC,CA,003 CKT	 $0.77 
29006011000B	CONN,RCPT,UNIV,CA,002 CKT	 $0.41 
29006011000G	CONN,RCPT,UNIV,CA,004 CKT	 $0.61 
29006011000R	CONN,RCPT,UNIV,CA,015 CKT	 $0.28 
39001712005A	CONN,RCPT,UNIV,PC,003 CKT,PIN	 $1.23 
39017115000A	CONN,RCPT,USB,PC,004 CKT,RTANG,TYPE B	 $4.13 
19006043000A	CONN,RCPTR,DIP,PC,014 CKT,POL	 $2.84 
GL1208503000	CONN,RS-232 TO PC CONNECTION ADPTR	 $42.75 
GL1002185000	CONN,RS-485 TO PC CONNECTION ADPTR	 $215.70 
11046556000A	CONN,SERIAL TO USB,1-PORT,PTZ INTEGRATION	 $383.67 
11046557000A	CONN,SERIAL TO USB,2-PORT,PTZ INTEGRATION	 $630.32 
11046558000A	CONN,SERIAL TO USB,4-PORT,PTZ INTEGRATION	 $1,013.99 
UL467WCON000	CONN,VID,BD,CAMR,PRE-WIRED	 $52.61 
ULMX90170000	CONN,VID,INPUT,CCA-RBN,MX-9017	 $605.66 
19006130000A	CONN.,ELEC, ELASTOMER	 $4.70 
19046422000A	CONN/TERM BLOCK KIT,1057	 $0.00 
19046421000A	CONN/TERM BLOCK KIT,1058	 $0.00 
19046423000A	CONN/TERM BLOCK KIT,1064	 $9.83 
19046425000A	CONN/TERM BLOCK KIT,1065	 $0.00 
19046424000A	CONN/TERM BLOCK KIT,1067	 $0.00 
19046426000A	CONN/TERM BLOCK KIT,WITNESS	 $0.00 
19014255000A	CONNECTING ROD   1323	 $3.02 
89029983000A	connection gear	 $2.08 
11037471000A	CONNECTOR	 $2.75 
11037471000B	CONNECTOR	 $2.75 
11037471000C	CONNECTOR	 $2.75 
11040021000A	CONNECTOR	 $5.48 
11040022000A	CONNECTOR	 $6.17 
11040023000A	CONNECTOR	 $6.85 
11040025000A	CONNECTOR	 $8.91 
11040026000A	CONNECTOR	 $10.28 
31015102000E	CONNECTOR	 $8.95 
11031988000A	CONNECTOR      1751000COMP	 $34.95 
38020436000A	CONNECTOR *03118	 $52.00 
28000577000A	CONNECTOR BRK\'T	 $1.04 
28000614000A	CONNECTOR CONTACT	 $0.65 
NZ0000001114	CONNECTOR CUSHION	 $1.08 
19006040000A	CONNECTOR EDGE PC 18	 $4.66 
19049124000A	CONNECTOR FOR THE D1252/D1255 KEYPAD	 $10.43 
89028711000A	CONNECTOR HEADER-40 PIN	 $26.40 
28000843000A	CONNECTOR PANEL ASSY	 $190.34 
TS4368854640	CONNECTOR POWER OUTLET	 $253.99 
89028072000A	CONNECTOR PTR SHUNT	 $5.45 
NZ0000001115	CONNECTOR RETAINER	 $1.65 
11044559000A	CONNECTOR TNC-N (FEM-FEM)	 $20.56 
11044558000A	CONNECTOR TNC-N (FEM-MALE)	 $23.29 
11037472000A	CONNECTOR TOOL	 $65.77 
TS4368854470	CONNECTOR(POWER)OUTLET	 $169.33 
11040024000A	CONNECTOR,	 $8.23 
MSN67925000A	CONNECTOR, 12 CKT FEMALE - CRI	 $3.03 
MSN67262000A	CONNECTOR, 15 PIN *AMP #1-6404	 $3.03 
MSZ69594580A	CONNECTOR, 2 PIN MOLEX	 $0.64 
MSN70521000A	CONNECTOR, 4-PIN FEMALE   S/L	 $21.11 
MSN70519000A	CONNECTOR, 6-PIN  SRI	 $1.26 
MSZ69595030A	CONNECTOR, 7 PIN MOLEX	 $1.88 
MSN68126000A	CONNECTOR, 8 CONT RECP *AMPHEN	 $75.18 
MSN70520000A	CONNECTOR, 8-PIN	 $5.62 
MSN70522000A	CONNECTOR, 8-PIN FEMALE  S/L	 $7.26 
19000343000A	CONNECTOR, EDGE	 $4.37 
MSN61641000A	CONNECTOR, PLUMB BOB HOLDER &	 $15.49 
MSN67234000A	CONNECTOR,COAX-MALE BNC TYPE *	 $4.98 
11037867000A	CONNECTOR,RDR,2 POSN	 $4.11 
11037867000B	CONNECTOR,RDR,5 POSN	 $8.23 
11037867000C	CONNECTOR,RDR,8 POSN	 $12.33 
MSZ69591910A	CONNECTOR-18 GA 2 CIRCUIT	 $0.35 
MSZ69592470A	CONNECTOR-18 GA 7 CIRCUIT	 $2.25 
MSZ69592710A	CONNECTOR-18 GA. 10 CIRKT	 $5.06 
MSZ69592040A	CONNECTOR-18 GA. 3 CIRKT	 $0.97 
MSZ69592120A	CONNECTOR-18 GA. 4 CIRKT	 $0.88 
MSZ69592390A	CONNECTOR-18 GA. 6 CIRKT	 $1.26 
MSZ69592630A	CONNECTOR-18 GA-9 CIRKT	 $4.01 
MSZ69592200A	CONNECTOR-MOLEX 5 PIN	 $3.58 
89030615000A	CONNECTORS,MODULAR,6 CONTACTS	 $8.86 
89030614000A	CONNECTORS,MODULAR,8 CONTACTS	 $6.31 
MSZ69595110A	CONN-MOLEX 8 PIN SIDE ENT	 $2.56 
MSZ69595380A	CONN-MOLEX,9 POS	 $2.72 
MSZ69580920A	CONN-SKT W/CABLE CLAMP S3	 $6.99 
BUFI0016000A	CONS DSPL UPGR KIT,VGA MONO,1064(4783/89)	 $1.12 
BUFI0176000A	CONS PRNTR SL RWK,80 COL,DU TERM,1073(4787)	 $1.12 
19065179000A	Consists of the following Pelco models: EH3512-2, C10DN-6, 13VD3-8, SS3512.	 $1,245.17 
BRP00714000A	CONSL CBL RJ45 8PIN DAT CAB 10	 $0.05 
BRP00037000A	CONSOLE ASSEMBLY	 $0.05 
BRP00106000A	CONSOLE CABLE ADAPTOR	 $0.05 
BRP00017000A	CONSOLE CABLE DS25M-DS25F SHEL	 $0.05 
BRP00018000A	CONSOLE CABLE DS25M-DS25F SHEL	 $0.05 
BRP00813000A	CONSOLE DC POWER INSERTER	 $0.05 
PLCE600E0000	CONSOLE EXTENDER,CE600W-1 FULL	 $164.70 
BRP00144000A	CONSOLE FEET SCREW 6/32X1/2 LG	 $0.05 
11042279000A	CONSOLE FOR CLEANING SYSTEM	 $398.52 
11042203000A	CONSOLE FOR COIN WHEEL	 $249.43 
BRP00128000A	CONSOLE RUBBER FEET	 $0.05 
BRP00424000A	CONSOLE SOUNDERS	 $0.05 
TMCAMIOR000A	CONSUMER AWARENESS MONITOR CUS	 $72.90 
49201571000A	CONSUMER DSPL,15IN,FW UPGR KIT	 $34.02 
TMMDSS00TABG	CONSUMER I/F PANEL - TM-MDSS07	 $0.45 
11007376000A	CONT,CIRC,PIN,CRP	 $0.27 
11007376000G	CONT,CIRC,PIN,CRP	 $0.21 
28000526000K	CONT,CIRC,PIN,CRP,GOLD	 $3.62 
28000526000R	CONT,CIRC,PIN,CRP,GOLD	 $4.90 
29001019000C	CONT,CIRC,PIN,CRP,PWR	 $5.71 
19017785000B	CONT,DSUB,FER,PRESS	 $0.96 
19017785000C	CONT,DSUB,FER,PRESS	 $1.09 
29000164000A	CONT,DSUB,PIN,CRP,GOLD	 $0.65 
29025031000B	CONT,DSUB,PIN,CRP,GOLD	 $0.30 
29000164000C	CONT,DSUB,SKT,CRP,GOLD	 $3.22 
29025031000A	CONT,DSUB,SKT,CRP,GOLD	 $0.35 
19025291000C	CONT,EDGE,DBL,CRP,GOLD	 $2.32 
18020989000A	CONT,FINGER	 $2.32 
19021587000A	CONT,FINGER,STRP	 $17.78 
19040593000A	CONT,FINGER,STRP	 $5.82 
29010890000A	CONT,HDENS PWR,SKT,CRP,GOLD	 $0.14 
11013757000C	CONT,MNL,PIN,CRP	 $0.45 
11013757000E	CONT,MNL,PIN,CRP	 $0.08 
11013757000G	CONT,MNL,PIN,CRP	 $0.05 
49257441000A	CONT,MNL,PIN,CRP,20-14 AWG	 $1.08 
11013757000B	CONT,MNL,SKT,CRP	 $0.15 
11013757000D	CONT,MNL,SKT,CRP	 $0.09 
18001316000A	CONT,MR,PIN,CRP	 $0.20 
18001316000F	CONT,MR,PIN,CRP,GND	 $0.16 
18001316000B	CONT,MR,PIN,CRP,GOLD	 $1.40 
18001316000C	CONT,MR,SKT,CRP	 $0.43 
18001316000E	CONT,MR,SKT,CRP,GOLD	 $0.69 
29002601000A	CONT,POST,SKT,CRP,GOLD	 $0.69 
29014404000A	CONT,POST,SKT,CRP,RECT	 $5.38 
29006012000C	CONT,UNIV,PIN,CRP	 $0.50 
29006012000F	CONT,UNIV,PIN,CRP	 $0.57 
29006012000B	CONT,UNIV,SKT,CRP	 $0.05 
29002117000A	CONTACT BAR	 $9.95 
29002117000B	CONTACT BAR	 $11.70 
29002118000A	CONTACT BAR ASSY	 $467.64 
28000614000B	CONTACT CONNECTOR	 $0.49 
29000164000F	CONTACT PIN SOLDER 20 GA.	 $0.44 
10826270000	CONTACT PIN*2523	 $0.05 
MSN70370000A	CONTACT, DOOR - FLUSH/BRN/FIRE	 $22.33 
MSN70371000A	CONTACT, DOOR - FLUSH/GREY/CUS	 $22.33 
MSN64545000A	CONTACT, DOOR - RECESS MTG. WH	 $10.68 
11051732000A	CONTACT, EXPLOSION PROOF	 $365.42 
SE5012WG0000	CONTACT, MAG MINI SURFACE MOUN	 $6.53 
SE50F12W0000	CONTACT, MAG MINI SURFACE MOUN	 $5.54 
MSN86020000A	CONTACT, POWER BRUSH       *TR	 $0.00 
19057808000A	CONTACT,ADDRESSABLE,W/SNAP-ON COVER,V-PLEX,SERVICE MT,WHT	 $31.21 
19015813000A	CONTACT,FINGER	 $0.29 
19058032000A	CONTACT,MINI,SURF MT,W/TERM,SPST	 $7.71 
19057809000A	CONTACT,RECESSED,V-PLEX,W/CASE,WHT	 $30.66 
19057800000A	CONTACT,RECESSED,V-PLEX,WHT,W/CASE	 $31.27 
19058027000A	CONTACT,SURF MT,2400V SURGE PROTECT,6FT CL2 CA	 $20.38 
19058115000A	CONTACT,SURF MT,ALUM HSG,36 IN ARMORED CA,SURGE PROTECTION	 $58.35 
TM000442001A	Contactless Card Reader (CCR2-ID) On-site Repair Manual	 $95.40 
11051733000A	CONTACTLESS SMART CARD READER	 $561.81 
48021334000A	CONTAINER	 $1,303.39 
38010618000A	CONTAINER MOUNT *3710    ASSY	 $450.68 
11050113000A	CONTINENTAL EPROM	 $263.09 
29006186000A	CONTRL PIN	 $58.18 
TS4368885671	Control Arm	 $477.94 
MSN86874000A	CONTROL ASSB., AUXILIARY - C22	 $0.00 
NZ0000003101	CONTROL BD IEE	 $1,315.44 
NZ0000003065	CONTROL BD W/EPROM	 $460.40 
11041097000A	CONTROL BOARD AUTOVEYER 3000	 $9,722.79 
NZ0000003096	CONTROL BOARD IE W/LVDT	 $1,534.68 
00041281001E	CONTROL CABINET	 $2,777.43 
00041283001E	CONTROL CABINET	 $2,349.56 
00041290001E	CONTROL CABINET	 $1,909.28 
00041280001E	CONTROL CABINET  NON 9000	 $1,944.51 
00041291001E	CONTROL CABINET TABS 910/911	 $2,118.65 
00041292001E	CONTROL CABINET TABS 910/911	 $2,461.92 
19056496000A	CONTROL CENTER ASSY	 $2,891.76 
19056498000A	CONTROL CENTER KEYBOARD ASSEMBLY,W/INTERCONNECT	 $65.22 
19056505000A	CONTROL CENTER,16 X 4 MATRIX,300 KYBD	 $3,261.39 
11038046000A	CONTROL DOOR         VSS 400	 $26.04 
11051191000A	CONTROL KEY,MEDCO,MST SPC INFO	 $19.57 
11051385000A	CONTROL KEYS,ARROW	 $12.84 
NZ0000003142	CONTROL MODULE	 $2,192.40 
48001370000A	CONTROL PANEL ASSY *3733	 $3,824.73 
41018003000A	CONTROL PANEL DUAL SIDED VAT 21	 $306.14 
31019298000B	CONTROL PANEL MEMB.	 $215.38 
NZ0000002129	CONTROL PCB	 $295.97 
NZ0000002165	CONTROL PCB (IE) FOR ENVELOPE	 $208.28 
MS820760000A	CONTROL PLATE	 $53.35 
21018334000A	CONTROL PNL,OVERRIDE SW	 $107.73 
21018338000A	CONTROL PNL,SONALERT SIREN	 $64.64 
11042029000A	CONTROL SYSTEM, ENTRY BOARD	 $646.38 
MSN64791000A	CONTROL, PIN PAD ACCESS *MOOSE	 $158.18 
19036632000A	CONTROL/COMMUNICATOR	 $743.00 
11040191000A	CONTROL/COMMUNICATOR,D9112B-05	 $858.00 
41027133000A	CONTROLLER ASSY. SAFEWIZ II	 $1,971.36 
11051638000A	CONTROLLER KIT, VAT30, EA 10	 $733.01 
NZ0000002916	CONTROLLER TOUCH SCREEN	 $767.34 
11037516000A	CONTROLLER,DOOR,DC316	 $1,701.86 
19049799000A	CONTROLLER,PTZ CAMERA DOMES	 $1,257.89 
11050124000A	CONV ZONE CD 16 CLAS B CKTS 4	 $592.77 
11066134000A	Conv. Kit Bottom Pin # 0	 $39.95 
11066135000A	Conv. Kit Bottom Pin # 1	 $39.95 
11066136000A	Conv. Kit Bottom Pin # 2	 $39.95 
11066137000A	Conv. Kit Bottom Pin # 3	 $39.95 
11066138000A	Conv. Kit Bottom Pin # 4	 $39.95 
11066139000A	Conv. Kit Bottom Pin # 5	 $39.95 
11066140000A	Conv. Kit Bottom Pin # 6	 $39.95 
11066141000A	Conv. Kit Bottom Pin # 7	 $39.95 
11066142000A	Conv. Kit Bottom Pin # 8	 $39.95 
11066143000A	Conv. Kit Bottom Pin # 8	 $39.95 
11050117000A	CONVEN ANNUCIA DISPLAY AND CPU	 $824.67 
11050119000A	CONVENT REM ANNUN CPU/DIS 2	 $1,043.31 
11050120000A	CONVENTION SUPER DUCT DETECTOR	 $261.86 
11050118000A	CONVENTIONAL DETECTOR CARD	 $1,273.65 
BTC9380PG000	CONVERSION KIT NPT TO PG11 FIT	 $41.76 
BTC9385PG000	CONVERSION KIT NPT TO PG11 FIT	 $65.25 
BTC9380NPT00	CONVERSION KIT PG11 TO NPT FIT	 $41.76 
AMRFIDUPU001	CONVERSION KIT, RFID LPU	 $5.82 
11036596000A	CONVERTER PLUG	 $15.25 
19064958000A	Converter RS232 to Biphase (16out)   "USPS only"	 $493.98 
LXATMEXTMOD0	CONVERTER,232 TO 422,CAT 5	 $783.00 
11047380000A	CONVERTER,GIGABIT,1000BASE-LX,1310NM,SGL MODE,USPS ONLY	 $1,083.51 
11047378000A	CONVERTER,GIGABIT,1000BASE-SX,850NM,MULTIMODE,USPS ONLY	 $546.64 
11047376000A	CONVERTER,MEDIA,10/100 STANDALONE TO 100BASE,USPS ONLY	 $388.75 
ULMCCPANEL00	CONVERTER,MEDIA,CHASSIS,BLNK PNL	 $68.52 
19059214000A	CONVERTER,RS232 TO RS485	 $471.64 
ULKPGACON100	CONVERTER,RS-232/485	 $271.31 
11047377000A	CONVERTER,TX,RJ45 TO 100BASE MULTIMODE FIBER,USPS ONLY	 $563.61 
BC3161010000	CONVEX ALIGN WASHER	 $0.77 
11050123000A	CONVN ZON CARD 8 CLAS A CKTS 2	 $444.59 
MSZ17135470A	COOLING FAN	 $278.10 
NZ0090011148	cooling fan	 $26.31 
TP821565001A	CO-OP Shared Branch Application, Version 1.0, Installation and Configuration Guide	 $34.20 
TP821566001A	CO-OP Shared Branch Application, Version 1.0, Users Guide	 $15.30 
FB006897000A	Co-op Shared Branch Plug-in 1.0 Annual Lic Package	 $0.00 
FB006891000A	Co-op Shared Branch Plug-in for Opteva License Package	 $0.00 
11051405000A	COR RUSS JUMBO FREEDOM PROGRAM	 $128.26 
11034645000A	CORBIN LOCK FOR DANKO ENCLOSUR	 $11.08 
11048862000A	CORBIN RUSSW JUMBO MORTISE CYL	 $128.26 
MSN68160000A	CORD ASSEMBLY COIL  (Z1745469)	 $55.58 
MSZ64015340A	CORD COIL BILL TRAP T-49K	 $74.76 
MSN51336000A	CORD, EXTENSION - 25	 $44.41 
MSN69356000A	CORD, TELEPHONE - 2 FT. LG.	 $16.50 
MSN94135000A	CORD, TELEPHONE 14FT	 $4.46 
MSN72697000A	CORD,2 COND.DOOR-18IN.W/PLUG *	 $36.60 
19036086000A	CORD,PHONE	 $9.45 
MSZ61200620A	CORD-PHONE,MODULAR,ADEMCO	 $8.37 
TM000436001B	Core  2 Duo, 2.8 GHz Processor On-site Repair Manual	 $117.00 
49209558014A	CORE HOLDER,HP	 $37.85 
BUFI0975000A	Core i5 Third Gen Processor Upgrade for 328RL	 $16.85 
BUFI0973000B	Core i5 Third Gen Processor Upgrade for 522FL&RL	 $3.62 
BUFI0988000B	Core i5 Third Gen Processor Upgrade for 562R	 $4.40 
BUFI0957000C	Core i5 Third Gen Processor Upgrade for 858	 $8.82 
BUFI0958000C	Core i5 Third Gen Processor Upgrade for 878	 $8.48 
21015706000B	CORE MUFFLER	 $5.92 
41019132000A	CORE REMOVAL KEY MSTRD	 $1.69 
41019214000A	CORE REMOVAL KEY NONMSTRD	 $2.23 
41019431000A	CORE REMOVAL KEY,DIAL	 $4.43 
MSN92724000A	CORE, BX CUST. LOCK *SEC. CORP	 $89.10 
11051734000A	CORNER ADAPTER WALL MT FOR WM2	 $87.70 
NZ0000002999	corner brace 5675 vestibule	 $10.96 
19064844000A	Corner Mont Adapter,  Indoor/Outdoor PTZ domes	 $103.59 
11051735000A	CORNER MOUNT ADAPTER GRAY	 $84.96 
BTC9311CA200	CORNER MOUNT BRACKET	 $99.18 
19065175000A	CORNER MOUNT, FOR USE WITH PENDANT ARM STYLE POWER SUPPLIES	 $141.14 
BTC9300CB000	CORNER MOUNTED BRKT FOR BTC930	 $91.35 
PLCM10000000	CORNER MT ADPTR FOR PELCO ED27	 $54.90 
PLCM80000000	CORNER MT BRACKET FOR PELCO HS	 $65.66 
45010183000A	CORR PAD 16.5X6.75 R275 JOINT	 $0.58 
11050125000A	CORRIDOR DOME LIGHT 1 LAMP	 $18.36 
11050126000A	CORRIDOR LIGHT COUPLER	 $173.66 
11037998000A	COTTER PIN                   H	 $33.42 
L10002210000	COTTER PIN  .03 X .38	 $0.21 
89028748000A	COUNTER BELT	 $2.08 
89028752000A	COUNTER BELT	 $1.31 
11031682000A	COUNTER BELT, LARGE   VSS/300	 $4.80 
11031801000A	COUNTER BELT, SMALL   VSS 300/	 $4.38 
00050798000A	COUNTER COIN TRAY	 $11.64 
17010729000A	COUNTER SHAFT	 $2.57 
MSN69809000A	COUNTER,6 DIGIT-24 VDC *ENM #E	 $65.44 
41018544000D	COUNTERETTE HEATER,120V	 $1,875.56 
11040339000A	COUNTERETTE KIT, HTR 115V	 $879.07 
00012130000C	COUNTERETTE, DEAL DRAWER	 $11,971.64 
11040339000C	Counterette, Drawer Forced Air Heater - 115 VAC	 $2,466.97 
11044522000A	Counterfeit Currency Upgrade	 $12.29 
00051978000A	COUNTERFEIT DETECTOR PEN	 $3.07 
4924441700BZ	COUNTERSUNK SCR, M2.5 x 4	 $0.46 
11019283000A	COUNTERWEIGHT	 $30.37 
28020094000A	COUNTERWEIGHT	 $93.33 
MSN79321000A	COUPLER, .375 DIA. SHAFT  (RS)	 $30.34 
MSN91864000A	COUPLER, CLUTCH ROD         *S	 $24.13 
18000763000A	COUPLING BLOCK	 $0.34 
41018484000B	COUPLING CARRIER	 $85.45 
MSZ75954810A	COUPLING TEMPLATE	 $60.71 
MSN85842000A	COUPLING, 3/8 DIA. FLEXIBLE *L	 $81.88 
49222497000A	COUPLING,DRV,EXT,15T	 $47.29 
31018079000A	COUPLING,EXTL	 $211.27 
29007592000A	COUPLING,MOT	 $29.60 
41018475000A	COUPLING,MOTOR	 $67.31 
TSN92035000A	COUPLING-SNS-FLAP	 $4.37 
AA0032850000	COUPON BOOK-UNDERCOUNTER & ALA	 $62.37 
19011080000A	COUPON PIN  200413	 $2.54 
11066005000A	COV HD DWR PLASTIC B	 $3.39 
TS4368884502	COV OF CASS-FRNTPNLCST	 $150.21 
49016104X05A	COV PLATE	 $66.47 
39011648000A	COV,A/B LNR,DWR MDL	 $4.26 
49016321000A	COV,ACCESS	 $8.23 
49200792000C	COV,CAMR,LENS,CRV,OPTEVA 750	 $57.47 
49011842000A	COV,CCA	 $49.07 
49233116000A	COV,FR,CA	 $234.16 
48012813000B	COV,LATCH & CA, SCM	 $7.59 
49012813000B	COV,LATCH & CA,SCM	 $7.59 
49233193000A	COV,REAR,CA	 $212.39 
49269893000A	COV,USB PORT	 $17.40 
10639460000	COVER	 $6.03 
11030987000A	COVER	 $1.77 
17010637000D	COVER	 $2.47 
21000999000C	COVER	 $71.75 
29001602000A	COVER	 $8.15 
29002951000A	COVER	 $96.80 
29010288000B	COVER	 $35.33 
39006669000B	COVER	 $12.85 
39007593000B	COVER	 $34.51 
41013537000A	COVER	 $14.58 
49001430000A	COVER	 $1,420.40 
49001471000A	COVER	 $18.64 
49001827000A	COVER	 $112.56 
IB0275098500	COVER      0988 3614	 $2.70 
L10001160000	COVER - DOOR HINGE	 $3.32 
41014160000A	COVER 18094,95,96	 $0.45 
21002512000C	COVER ASM	 $136.76 
21002512000E	COVER ASM	 $140.23 
41022668000A	COVER ASM,HINGE TOP,DOOR	 $121.21 
11033779000A	COVER ASM.  49-4372-A/B	 $96.57 
28000972000A	COVER ASSY	 $16.58 
48000389000A	COVER AUDIO PANEL	 $3.29 
11042221000A	COVER BOX FOR MAIN PLUG	 $123.15 
11065845000A	COVER CNTRLR CCA	 $3.56 
49225415000B	COVER FINGER GATE	 $8.95 
11042277000A	COVER FOR ELECTRONICS	 $175.96 
NZ0000002627	COVER FOR PPD I/F PCB	 $32.89 
11066203000A	Cover Front 3 Mvmnt Time Lock Case	 $53.80 
89030770000A	COVER KEYPAD 1061-02PD	 $49.90 
21014280000A	COVER MACHINING	 $17.93 
21014281000A	COVER MACHINING	 $6.45 
31020274000A	COVER MIC CHAMBER	 $3.67 
01056406000B	COVER PLATE	 $3.40 
27000082L000	COVER PLATE	 $0.70 
NZ0000003465	COVER PLATE ASSY NON-ID TTW MO	 $121.68 
11038011000A	COVER PLATE, ELECTRIC PLUG  PE	 $10.14 
MSK8244700BA	COVER PLATE-LETTER	 $40.37 
21016635000A	COVER RELOCK	 $21.85 
TP799455000A	COVER SHT,MULTILINGUAL	 $0.90 
39011997010A	COVER SUSPENDER	 $34.68 
L2000206000G	COVER TRIM	 $37.76 
MSN91411000A	COVER, 14 59/64 LG. PLEXIGLAS	 $36.49 
49024168000A	COVER, ACCESS, CABLE	 $20.43 
MSN61074000A	COVER, BATTERY BOX	 $51.98 
18020963000A	COVER, BOX *4194	 $1.28 
MSN90249000A	COVER, CARD READER - SILKSCREE	 $15.05 
49200642000F	COVER, CCA	 $46.31 
49248090000F	COVER, CCA	 $27.09 
39006609000A	COVER, DEPOSITOR OPENING	 $39.61 
49264461000B	COVER, DOCKING CONNECTOR	 $11.34 
MSN84933000A	COVER, DUST - BLACK	 $15.98 
MSN76871000A	COVER, DUST -CLEAR	 $1.94 
4924441700AD	COVER, ENCODER, MAGNETIC CARRIAGE	 $26.67 
MSN81402000A	COVER, FOR BC SERIES B/W BOARD	 $53.63 
NZ0000002989	cover, grey, dual pick i/f pcb	 $54.81 
19039145000A	COVER, HEAD DRIVE 5085/5088	 $54.81 
89031087000A	COVER, I/O BNA	 $8.44 
MSN75026000A	COVER, LOCK	 $0.00 
MSZ89017510A	COVER, LOCK LH (4440 LOCK)	 $8.62 
MSN86930000A	COVER, MOUNTING BRACKET	 $37.45 
NZ0000001758	COVER, NCRW FASCIA	 $4.82 
NZ4450624367	cover, ncrw fascia	 $23.02 
49006328000A	COVER, PRINTER	 $97.87 
MSN91920000A	COVER, PRINTER UNIT	 $18.32 
41016720000A	COVER, RAIN	 $154.21 
MSN81354000A	COVER, RELOCK	 $0.00 
MSN83508000A	COVER, RELOCK - 302 SERIES LOC	 $0.00 
11034764000A	COVER, VIDEO SWITCHER	 $5.69 
11034765000A	COVER, VIDEO SWITCHER	 $4.67 
11065032000A	COVER, WALLSPKR STRB RED FIRE	 $31.82 
41015274000P	COVER,05.25 IN PRPHL,EMI,MTL	 $33.93 
41015274000N	COVER,05.25 IN PRPHL,PLSTC	 $18.27 
TSN65536000A	COVER,5X212 GLASS	 $0.00 
TSN65535000A	COVER,9X212 GLASS	 $13.65 
49011894000A	COVER,AC	 $15.98 
49016719000A	COVER,ACCESS OPENING	 $3.56 
TSN88173000A	COVER,ACRYLIC	 $0.00 
29009283000A	COVER,ACS,CA	 $7.33 
31019747000A	COVER,AIR INTAKE	 $16.61 
49011554000B	COVER,BK,PRCSR,PENTIUM	 $41.28 
49258362XMQB	COVER,BLANK,GALTREPID	 $5.35 
49258362XXXB	COVER,BLANK,GALTREPID	 $5.35 
39007093000B	COVER,BOLTWORK	 $41.03 
49005147L00A	COVER,BOLTWORK	 $68.68 
39006019000A	COVER,BOT	 $7.55 
TSN92031000A	COVER,BOTTOM-K/B	 $87.39 
39008051000B	COVER,BRG	 $10.53 
49200792000B	COVER,CAMERA LENS,CURVED,TTW ATM	 $48.62 
39009948000A	COVER,CAMR	 $42.82 
39009948000B	COVER,CAMR	 $42.82 
49203058X0AB	COVER,CARD,PAINTED,LEFT	 $17.50 
49203058XXXB	COVER,CARD,PAINTED,LEFT	 $4.97 
49203058XMFC	COVER,CARD,PAINTED,RIGHT	 $4.74 
49215701000A	COVER,CCA	 $7.26 
49215701000B	COVER,CCA	 $9.56 
49220901000A	COVER,CCA	 $82.42 
49010005000A	COVER,CCA DISPR,6 HI	 $205.06 
49009270000B	COVER,CCA,CLEAR	 $84.96 
39010242000A	COVER,CCA,COIN	 $18.27 
49215672000A	COVER,CCA,MAIN	 $40.28 
49221691000B	COVER,CCA,SEC EMTR	 $1.91 
49202926000C	COVER,CCA,TTW ATM	 $39.69 
39008871000A	COVER,CD RDR,SWIPE	 $11.23 
11043075000A	COVER,CD-DOOR,LT	 $49.82 
41017356000A	COVER,CNTRL BOX VAT 21	 $77.40 
39009949000A	COVER,COIN PKT	 $42.82 
39009949000B	COVER,COIN PKT	 $42.82 
49018176000A	COVER,COIN POCKET,IDM II,1073I	 $5.18 
49203093000A	COVER,COIN POCKET,LOBBY	 $5.27 
31019187000B	COVER,COMB LK	 $11.73 
49007207000B	COVER,CONS PRNTR CCA	 $32.30 
49255881000A	COVER,CPC	 $3.37 
MSZ70276600A	COVER,CTL-90P, ASSY	 $67.74 
39006284000D	COVER,DEP OPNG	 $24.82 
19047435000A	COVER,DUMMY,VMD-RA00,QTY 4	 $109.62 
TSN79592000A	COVER,DUST-LOWER TRANSPORT	 $43.29 
AMAB01538A00	COVER,EDGE ROLLER BOX UT	 $24.44 
49005768XXXE	COVER,ENVELOPE TRAY,1074IX	 $34.79 
29008919000A	COVER,EQUIP CASE	 $12.56 
49220889000B	COVER,ESCROW	 $43.54 
49217319000A	COVER,ESCROW DRIVE TRAIN	 $25.13 
49258566000A	COVER,FAN	 $12.85 
49251301000A	COVER,FIXED BLADE,ASPEN PRNT ENGINE	 $9.48 
49011550000A	COVER,FR PRCSR,PENTIUM	 $0.00 
49011550000B	COVER,FR,PRCSR,PENTIUM	 $0.00 
TSN92029000A	COVER,FRONT	 $412.42 
19042097000B	COVER,GUARD KEY,DARK GRAY	 $4.26 
49014508000A	COVER,HD,DWR,RTN,LGE	 $8.09 
31019974000C	COVER,I.R.	 $25.26 
TSN88868000A	COVER,KEY-MODE	 $5.90 
TSN90964000A	COVER,KEYPAD-AMOUNT CLAIM	 $0.00 
TSN90957000A	COVER,KEYPAD-BLANK	 $1.45 
TSN90965000A	COVER,KEYPAD-CHANGE DISPLAY	 $0.00 
TSN90963000A	COVER,KEYPAD-COMPL	 $30.94 
TSN90959000A	COVER,KEYPAD-CONT	 $0.00 
TSN90961000A	COVER,KEYPAD-NUMBER	 $0.00 
TSN90962000A	COVER,KEYPAD-RECEIPT	 $31.38 
TSN90958000A	COVER,KEYPAD-RESET	 $0.00 
TSN90960000A	COVER,KEYPAD-START	 $22.46 
TSN90956000A	COVER,KEYPAD-STOP	 $0.00 
49005308000D	COVER,LATCH	 $53.35 
49223784000A	COVER,LATCH	 $14.89 
49200864000A	COVER,LED	 $1.75 
49200864XXXB	COVER,LED	 $3.06 
49203102000B	COVER,LED,BNA	 $2.23 
49200864XXXD	COVER,LED,PAINTED	 $1.07 
29001486000A	COVER,LENS	 $45.02 
TSN88869000A	COVER,LENS-MODE	 $0.00 
29009440000A	COVER,LK MTG,DISPR	 $5.60 
49215920X01A	COVER,LOCK HOLE	 $2.30 
49215920X0BB	COVER,LOCK HOLE	 $2.30 
49215920XXXA	COVER,LOCK HOLE	 $2.30 
49215920XXXB	COVER,LOCK HOLE	 $2.30 
31020275000A	COVER,MIC	 $0.87 
49250978000A	COVER,MIC	 $1.60 
29009374000B	COVER,MON BOT	 $19.90 
31019958000A	COVER,MOTOR CNTRLR	 $113.95 
19057942000A	COVER,OUTDOOR,UNIV VOICE SYS STATION	 $94.94 
49207794XMQC	COVER,OUTER,SMALL,AC	 $413.10 
49202728000B	COVER,PARTITION LOCK	 $48.24 
39006014000A	COVER,PC BD	 $68.57 
49007217000D	COVER,PC BD	 $15.99 
31019048000A	COVER,PL DUCT	 $17.21 
31019048000B	COVER,PL DUCT	 $12.39 
29014321000A	COVER,PLATE,STAINLESS,W/HOLE	 $9.45 
29009042000B	COVER,PNL	 $11.88 
39012459000A	COVER,PRNTR CCA	 $17.22 
49208535000A	COVER,PULLEY	 $0.87 
49218899000A	COVER,PUSH PLATE MOTOR	 $32.45 
41015274000Q	COVER,PWR SW	 $18.27 
39009425000A	COVER,RCPT	 $1.34 
TSN89159000A	COVER,REJ	 $133.82 
29011652000A	COVER,RELOCK	 $11.00 
19047305000A	COVER,SLOPED TOP,LTC 9303 HSG	 $109.62 
39010728000A	COVER,SMART CD,MAG STRP UP	 $3.75 
11047221000A	COVER,SMK,CAMR DOME,5000 SERIES	 $27.41 
11047235000A	COVER,SMK,CAMR DOME,ZC-D4000 SERIES	 $38.37 
49209558016A	COVER,SNSR CTR,MYLAR,SUN	 $11.55 
29008455091A	COVER,SNSR,LWR	 $3.09 
49202064000B	COVER,SNSR,RCPT PRNTR,122mm	 $6.04 
29008455092A	COVER,SNSR,UPR	 $6.63 
29010909000A	COVER,SOL,CPT	 $7.33 
49258352000A	COVER,SPKR	 $2.38 
39007890000B	COVER,SRVC	 $5.27 
29009624000A	COVER,SW,COIN	 $1.16 
39012642000B	COVER,SW,PPR FEED	 $17.20 
39009778000A	COVER,SWIPE RDR	 $5.89 
49221680000A	COVER,TAMPER,DIP ASD	 $6.88 
49202997000A	COVER,TAMPER,DIP RDR	 $5.89 
31016837000A	COVER,TD	 $56.26 
29005280000A	COVER,TERM	 $5.71 
49013565000A	COVER,TERMINAL	 $5.84 
11044384000A	COVER,TINTED,INDR CAMR DOME	 $27.41 
49207853000A	COVER,TMR,ELECT,PRGM,07 DAY/24 HR	 $45.95 
29007397000A	COVER,TOP,DR STOP	 $44.73 
TSN92030000A	COVER,TOP-K/B	 $0.00 
TSN65555000A	COVER,UPPER SENSOR	 $0.00 
31018340000A	COVER,UPR AUDIO SWTCR	 $6.88 
19055206000A	COVER,WALL PLATE,SGL GANG BOX	 $16.22 
49233977X0AA	COVER,WITHOUT BIOMETRIC	 $4.74 
39011824000A	COVER,XFMR	 $30.47 
21013046000A	COVER--LOCK MECH.	 $51.71 
39006802000C	COVER-OPENER,LK	 $10.71 
MSZ76789300A	COVER-SEAL	 $3.28 
MSZ69364830A	COVER-TERMINAL	 $1.46 
MSZ64018760A	COVER-WELDED	 $37.45 
11050127000A	CP 2297 SURGE PROTECTOR	 $96.19 
19071703000A	CP124-3UL,POWER SUPPLY,1 CHANNEL,24 VAC,3 AMP,100VA,NEMA 4X ENCLOSURE,UL LISTED,8 IN X 6 IN X 4.5 IN,WILL ACCOMODATE DITEK MODEL DTK-DP4P SURGE PROTECTOR	 $299.21 
TMLE0530000A	CP-3101 (LEFEBURE) QUICK REF G	 $130.50 
11065443000A	CP883 CRIMP ON CONNECTORS	 $3.02 
11065444000A	CP885 CRIMP ON CONNECTOR	 $2.53 
TP799442000B	CPAGE BUILD (CPAGEBLD) UTILTY	 $23.40 
11050128000A	CPD 7051 IONIZ SMK DET NOTE UN	 $117.48 
49224513000A	CPLG,PIPE,00.500 NPT,MAL IRON	 $0.00 
29002953000A	CPLG,THD	 $60.27 
39011622000A	CPLR,MOT,ORAL DISPR	 $0.59 
19064137000A	CPLR,STAR,RS-485,5 BRANCHES	 $2,217.25 
NZ0000003743	CPM YELLOW FEED ROLLER	 $20.25 
NZ0000004300	CPM2 Connector Board	 $560.95 
NZ0000004299	CPM2 Main Controller	 $961.63 
NZ0000004011	CPM3 POCKET WITH TABLE BIN	 $2,745.00 
11041346000A	CPP DB9 RS232 DATA MOD #90600	 $134.10 
11041998000A	CPU 1.7GHZ-P4 W/COOLING FAN	 $205.54 
11050131000A	CPU 2000	 $1,894.81 
11050132000A	CPU DOR W/FILLR PLAT ORDR SEP	 $1,894.81 
11043052000A	CPU HEATSINK,ACTIVE,LT	 $78.08 
ULA300020A0A	CPU INTFC,PRE-PRSCR UNIT	 $7,536.38 
ULA300040A0A	CPU INTFC,PRE-PRSCR UNIT	 $9,728.78 
BTC8710AP000	CPU MODULE FOR BTC8701A BAY	 $11,236.05 
19063362000A	CPU MODULE ONLY (READER MODULE NOT INCLUDED) INCLUDES STORAGE CAPACITY FOR 50,000 CARDS AND 10,000 OFF-LINE EVENTS	 $1,000.29 
11050130000A	CPU&PWR CRD PWR SUP COM CD SAN	 $341.33 
41014981000D	CPU,33MHZ,486 DX	 $1,158.84 
NO0450035000	CPU,350MHZ	 $304.20 
41014981000H	CPU,486 DX33,CLASSIC	 $2,835.12 
41014981000B	CPU,66MHZ,486 DX2	 $1,900.08 
11031436000A	CPU/MPU BOARD J3	 $1,314.84 
11037882000E	CR RDR,SL-105,CHROME	 $748.16 
49002720000B	CRADLE	 $434.70 
48021233000A	CRADLE ASSY WELD	 $341.08 
28000656000B	CRADLE SWITCH CABLE ASSY	 $58.04 
NZ4450590725	CRANK ASS'Y (WITHOUT HANDLE)	 $105.24 
17011574000A	CRANK STRAP	 $36.63 
MSN86608000A	CRANK, CLUTCH	 $63.32 
41018751000B	CRASH KIT	 $4,444.42 
41018912000A	CRASH KIT,MANUAL DEAL DRAWER	 $2,575.36 
49243651000A	CR-BOX	 $22.92 
19055234000A	CRD FORMATS,CORPORATE,1000	 $0.80 
19053296000A	CRD GUIDE,AL,BASE STATION ASSY	 $12.29 
ULB11254000A	CRD KEY INTFC MDL,WIEGAND	 $268.57 
19057412000A	CRD LAMINATE,1.0MIL,CLEAR,POLYGUARD	 $82.17 
00051247U00E	CRD RDR CLEANER,1SMART CARD	 $240.75 
ULWACAS00000	CRD,ACS,WIEGAND,DIR ARROW,100PK	 $822.15 
31018182000A	CRD,ARTIC PC,RS232,4 PORT,SLT 1	 $2,061.90 
19053275000A	CRD,BACKPLANE,NTWK INTFC PRSCR	 $386.69 
19053283000A	CRD,CCU,1047,SPARE,NO BACKPLANE	 $3,370.47 
ULMSC1000000	CRD,ENCODER,MAG STRIPE,W/CA	 $7,947.45 
19055228000A	CRD,HI-CO,TRK 3,26 BIT,QTY 100	 $9.79 
19055227000A	CRD,LASER ETCHED,26 BIT,QTY 100	 $8.55 
ULKPGAMRC100	CRD,MAG STRIPE,50PK	 $153.74 
ULMOTMAG0000	CRD,MAG STRIPE,ADD,3-TRACK,HI-COER	 $1.37 
ULENCDCRD000	CRD,MAG STRIPE,ENCODING,100MIN	 $137.03 
ULMAGDPD0000	CRD,MAGSTRIPE,500PK	 $411.08 
ULB60020000A	CRD,MAINT	 $1,644.30 
19053276000A	CRD,NTWK INTFC PRSCR 1011,SPARE	 $1,838.66 
ULMRASC121T0	CRD,PROX RDR,100 PK	 $377.37 
19041843000A	CRD,PROX,150	 $6.62 
19041845000A	CRD,PROX,BADGE,W/LOGO	 $3.24 
ULISOPROX11B	CRD,PROX,DIRECT PRNT	 $9.59 
ULISOPROXIIF	CRD,PROX,DIRECT PRNT	 $8.23 
UL00PROXPGMR	CRD,PROX,ENCODER,PRGMR,HID	 $6,747.30 
ULDUOPRXIIF0	CRD,PROX,MAG-STRIPE,HID,DIRECT PRNT	 $9.59 
ULPRXCRDII00	CRD,PROX,NON-PRGMBLE,HID	 $4.11 
ULPRXCRD0ADH	CRD,PROX,NON-PRGMBLE,HID,ADH	 $5.48 
19041890000A	CRD,PROX,PRGM,RF	 $2.84 
ULISO30F0000	CRD,PROX,PVC,DIRECT PRNT	 $8.23 
ULISO30FB000	CRD,PROX,PVC,DIRECT PRNT,DUAL SIDE	 $9.59 
ULASC121T000	CRD,PROX,STD,GREY	 $4.11 
19041844000A	CRD,PROX,W/MAG STRIPE	 $7.16 
19042895000H	CRD,PVC,BLNK,30MIL,GOLD HOLOPATCH,100 CR,100CT	 $0.00 
ULDPCARD0000	CRD,PVC,PLAIN,WHT,500PK	 $274.05 
19042895000A	CRD,PVC/A,BLNK,14MIL,ADH,100CT	 $42.97 
ULWCS0000000	CRD,WIEGAND,0.030THK,HOT STAMP	 $4.11 
ULWCD0000000	CRD,WIEGAND,0.037 THK,HOT STAMP	 $4.11 
ULWDPAC00000	CRD,WIEGAND,DIRECT PRNT,WHT	 $6.85 
ULWCM0000000	CRD,WIEGAND,W/MAG STRIPE	 $5.48 
19057430000A	CRDS,ISOPROX	 $7.70 
11038694000A	Cream ABS Keypad Housing	 $21.02 
TSN81530000A	CREVICE TOOL	 $14.06 
19014078000A	CRINKLE WASHER M2   1323	 $0.14 
11050135000A	CRN CAR STG FLR BOUND CON MIC	 $693.35 
00050331000A	CRNCY SEP	 $28.35 
00050332000A	CRNCY SEP	 $43.47 
TE000028VICS	CROCIDILE CLIP	 $10.28 
11003163000C	CROSS BAR 15402	 $86.18 
NZ0000002466	CROWN PULLEY, SELF LOCATING	 $0.02 
89029369000A	CRT   FOR 49-2221-C MONITOR	 $282.28 
89029780000A	CRT  FOR BURLE TC1914	 $258.39 
11032000000B	CRT  IKEGAMI #230BDB4 E  NEW S	 $112.61 
89029038000A	CRT 19"	 $206.19 
11036560000A	CRT AND BOARD FOR 1020 MONITOR	 $2,052.00 
11033748000A	CRT DOTRONIX	 $114.84 
89029666000A	CRT FOR IKEGAMI MONITOR  310GN	 $300.15 
NZ0000002849	CRT, 10" FOR COLOR MONITOR	 $580.99 
89031290000A	CRT, 15" COLOR	 $439.83 
NZ0000002848	CRT, 15" FOR COLOR XGA MONITOR	 $493.29 
MSN69252000A	CRT, BLACK AND WHITE TERMINAL-	 $0.00 
19000826000B	CRTG BOX,35MM	 $3.95 
19055295000A	CRTG,TAPE,CLEANING,DIG VID ARCHIVE	 $82.22 
19055293000A	CRTG,TAPE,DIG VID,ARCHIVE,SDX2-50C	 $164.43 
19055294000A	CRTG,TAPE,DIG VID,ARCHIVE,SDX3-100C	 $191.84 
89029385000A	CRYSTAL  14.31818 MHZ   MICROC	 $19.31 
11050136000A	CS 1 CALL IN SWITCH	 $18.50 
TP820729001A	CS CARDLINK PRODUCT GUIDE	 $21.60 
TP820801001B	CS CASH OPERATIONS $ ADMIN GDE	 $15.30 
TP820935001A	CS CASH VERS 3.11.0 REL NOTES	 $3.60 
BRP00744000A	CS CASHFLOW SCL6607 W/CASHBOX	 $0.05 
TP820305001B	CS GOLD ACCESS CONTROL GUIDE	 $25.20 
TP820772001B	CS GOLD ADMIN BOOK 1 - INTRO	 $13.50 
TP820775001C	CS GOLD ADMIN BOOK 4	 $36.90 
TP820777001A	CS GOLD ADMIN BOOK 6	 $20.70 
TP820777001C	CS GOLD ADMIN BOOK 6-PAT MAN	 $25.20 
TP820778001B	CS GOLD ADMIN BOOK 7-REPORTS	 $31.50 
TP820647001B	CS GOLD ALARM OPER/ADMIN GUIDE	 $36.90 
TP820776001C	CS GOLD BOOK 5-DB MAN	 $34.20 
TP820728001B	CS GOLD ENTITLEMENT & ADMIN	 $19.80 
TP820836001C	CS GOLD EXP PRODUCT GUIDE	 $9.90 
TP820087001B	CS GOLD MEAL PLANS GUIDE	 $60.30 
BUFN0010000A	CS GOLD MENU DESIGNER	 $5.40 
TP820948001B	CS GOLD RELEASE NOTES 4.1.0	 $18.00 
TP820361001A	CS GOLD SERVER INSTL MANUAL	 $9.00 
TP820304001B	CS GOLD SV&C OPER&ADMIN GUIDE	 $60.30 
TP820964001C	CS GOLD V 4.1.17 RELEASE NOTES	 $18.00 
TP820835001A	CS GOLD VERSION 4.0 REL NOTES	 $11.70 
TP821092001A	CS GOLD WYRELESS PLANNING GUID	 $6.30 
TP821104001A	CS HOUSING REL NOTES 3.03.06	 $3.60 
TP820834001A	CS HOUSING REL. NOTES VER3.02	 $8.10 
TP821140001D	CS HOUSING V3.03.09	 $3.60 
TP821140001E	CS HOUSING V3.03.10	 $3.60 
TP821148001A	CS HOUSING V3.04 INSTALL GUIDE	 $8.10 
TP820878001C	CS HOUSING VERSION 3.03.00	 $14.40 
TP820878001B	CS HOUSING,VER3.03.00,REL NOTE	 $14.40 
TP820303001A	CS LAUNCH PRODUCT GUIDE	 $8.10 
BTC971200000	CS LENS 1/2" 12MM MANUAL IRIS	 $83.70 
BTC9726PL000	CS LENS 1/2" 6.2MM PINHOLE MAN	 $389.34 
BTC970600000	CS LENS 1/2" 6MM MANUAL IRIS F	 $102.06 
BTC970200000	CS LENS 1/3" 2.8MM MANUAL IRIS	 $151.20 
BTC978300000	CS LENS 1/3" 3.6MM  NO IRIS F/	 $58.59 
BTC970400000	CS LENS 1/3" 4MM MANUAL IRIS F	 $97.20 
BTC978800000	CS LENS 1/3" 8MM   NO IRIS  F/	 $49.14 
BTC970800000	CS LENS 1/3" 8MM MANUAL IRIS F	 $83.70 
BLTC33613000	CS LENS 1/3",3.5 TO 8MM,MANUAL	 $97.34 
BLTC32342000	CS LENS;1/2",6MM DIRECT DRIVE	 $197.32 
TP820961001H	cs print v3.1.0-3.1.7	 $6.30 
4927291100AB	CS100,CA,AC PWR	 $3.52 
4927291100AV	CS100,CA,CAMR	 $24.44 
4927291100AZ	CS100,CA,CDM,DATA	 $32.99 
4927291100AY	CS100,CA,CDM,PWR	 $17.10 
4927291100BE	CS100,CA,FAN,PWR,LEFT	 $19.55 
4927291100BK	CS100,CA,FCTN KEY	 $13.44 
4927291100BF	CS100,CA,GND,FRAME	 $19.55 
4927291100BN	CS100,CA,SHTR,DATA	 $21.99 
4927291100AS	CS100,CA,SPKR OUT	 $11.92 
4927291100AC	CS100,CA,SW,TERM	 $8.26 
49272911000P	CS100,CCA,MAIN	 $879.66 
4927291100BU	CS100,LOCK,DIAL	 $425.17 
BRP00759000A	CS1000 BILL CHNGR JUMPR ASY BD	 $0.05 
BRP00900000A	CS1000 CONSOLE ASSEMBLY COVER	 $0.05 
BRP00731000A	CS2000 CABLE DUCT	 $0.05 
BRP00807000A	CS2000 CASH CODE BILL ACCEPTOR	 $0.05 
BRP00808000A	CS2000 CASH CODE BILL ACCEPTOR	 $0.05 
BRP00738000A	CS2000 CDU ADAPTER AND CABLE	 $0.05 
BRP00736000A	CS2000 CONSOLE ASSEMBLY	 $0.05 
BRP00727000A	CS2000 CONSOLE POWER HARNESS	 $0.05 
BRP00719000A	CS2000 DOOR ASSEMBLY	 $0.05 
BRP00715000A	CS2000 ELEC ENCLOSURE ASSEMBLY	 $0.05 
BRP00720000A	CS2000 LOCK ASSEMBLY	 $0.05 
BRP00743000A	CS2000 LOCK CRANK ASSEMBLY	 $0.05 
BRP00724000A	CS2000 LOCK DIAL	 $0.05 
BRP00723000A	CS2000 LOCK DIAL SPACER	 $0.05 
BRP00761000A	CS2000 MEI 83MM BEZEL	 $0.05 
BRP00762000A	CS2000 MEI BILL ACCEPTOR W/CAS	 $0.05 
BRP00737000A	CS2000 MODEM ADAPTER AND CABLE	 $0.05 
BRP00739000A	CS2000 NETWORK CABLE	 $0.05 
BRP00726000A	CS2000 POWER HARNESS	 $0.05 
11042443000A	CS-540 WIRELESS HEADSET	 $663.75 
BRP01055000A	CS5K COMPUTER POWER CABLE	 $0.05 
BRP01042000A	CS5K LOCK DIAL	 $0.05 
BRP01044000A	CS5K MONITOR COVER	 $0.05 
BRP01046000A	CS5K MONITOR COVER ASSEMBLY	 $0.05 
BRP01056000A	CS5K PRINTER EXTENSION CABLE	 $0.05 
BRP01058000A	CS5K RESET BUTTON CABLE	 $0.05 
BRP01057000A	CS5K TOUCH SCREEN POWER CABLE	 $0.05 
BRP01082000A	CS5K TUCH KY TO 9 PIN SR CB HR	 $0.05 
BRP01043000A	CS5K USB HUB	 $0.05 
11050137000A	CSC 24AWG 1 PAIR TWST SHLD PLE	 $418.31 
89030396000A	CSE ORIENTATION CD ONLY	 $9.77 
BUFI0177000A	CSET LOCKOUT FIXES,FOURTH GEN	 $1.13 
NOVCCASESHG0	CSET,VID,BETA,CASE,50CT	 $559.06 
NOVC12SHG000	CSET,VID,BETA,HIGH GRADE	 $9.95 
39009518000B	CSET,VID,TAPE,E185,PAL,INTL	 $13.71 
39009518000A	CSET,VID,TAPE,T130   ,NTSC	 $8.51 
49233199127A	CSM-CES-RUB BUSH35	 $90.77 
TP820024001G	CSP 100/200 PROG REF MAN	 $58.50 
TP820254001D	CSP 400/400P MAINT MAN	 $72.90 
11038042000A	CSP CUSTOMER TRAINING VIDEO	 $15.58 
00051103000A	CSP HEAVY RCPT PAPER 2-ROLLS P	 $31.23 
TP820207001E	CSP INSTL,SETUP & MAINT GD 1.3	 $11.70 
TMCSPMMD000D	csp multi-medina dispenseron-	 $215.10 
TP820494001B	CSP200 W/PRESENTER USER GUIDE	 $107.10 
TMCSP412000B	CSP400&400P(12V)SERVICE MANUAL	 $236.70 
19048454000A	CSTE,100GB,AIT III JUKEBOX	 $342.57 
TP820293001D	CSVT INSTALLATION MANUAL	 $22.50 
TP820294001A	CSVT USER MANUAL	 $16.20 
TP820294001D	CSVT USER MANUAL	 $20.70 
TP820942001A	CSVT VERSION 3.02 RELEASE NOTE	 $1.31 
11050138000A	CTMF RECEIVER/DECODER UNIT	 $1,129.09 
15000067000C	CTN,28 X 11 X 11	 $25.91 
15000080000A	CTN,CHIP BD 2-7/8X2X4-5/8	 $2.06 
BUFI0180000A	CTP & PENTIUM UPGRADE FOR 1062	 $3.52 
BUIB1050000A	CTP G4 STATUS LED	 $0.21 
BUIB0744000A	CTP INFORMATION	 $0.45 
49002457000A	C-TRANSPORT#1/100 SEC W/ CANNO	 $1,186.45 
BRP01068000A	CUMMINS 24V DOOR LOCK SOLENOID	 $0.05 
BRP01073000A	CUMMINS 3AMP FUSE	 $0.05 
BRP01063000A	CUMMINS CABLE KIT	 $0.05 
BRP01078000A	CUMMINS CANISTER TOP ASSEMBLY	 $0.05 
BRP01066000A	CUMMINS ESCROW SOLENOID	 $0.05 
BRP01067000A	CUMMINS ESCROW SOLENOID SWITCH	 $0.05 
BRP01064000A	CUMMINS MAP DUPLEX RECEPTACLE	 $0.05 
BRP01062000A	CUMMINS MODEM	 $0.05 
BRP01065000A	CUMMINS PLC RAIL ASSY CBL SENS	 $0.05 
BRP01074000A	CUMMINS PLUNGER ARM	 $0.05 
BRP01075000A	CUMMINS PLUNGER ARM PIVOT BAR	 $0.05 
BRP01076000A	CUMMINS PLUNGER GUIDE FRONT	 $0.05 
BRP01077000A	CUMMINS PLUNGER GUIDE REAR	 $0.05 
BRP01071000A	CUMMINS PRINTER POWER CABLE	 $0.05 
BRP01070000A	CUMMINS PRINTER POWER SUPPLY	 $0.05 
BRP01069000A	CUMMINS PRINTER THERMAL	 $0.05 
BRP01072000A	CUMMINS TOUCH SCREEN PC	 $0.05 
BRP01061000A	CUMMINS TRAP DOOR ACTUATOR	 $0.05 
BRP01045000A	CUMMINS UNVRSL HOPPR STACK KIT	 $0.05 
89028916000A	CUP PT.SET SCREW/00462107	 $0.49 
29008404041A	CUP SCREW (M3X4)	 $1.49 
29008404003A	CUP SCREW (M3X5)	 $1.49 
29008404042A	CUP SCREW (M3X6)	 $1.49 
17002304000A	CUP STRIKE	 $1.89 
10617650000	CUP WASHER	 $0.15 
21017520000A	CUP,SHOCK ABSORBER	 $73.45 
21017521000A	CUP,VALVE SEAT	 $57.56 
00052088000A	CURR CNTR CLNING CARD-PACK 25	 $46.23 
NZ0000001546	CURRENCY CASSETTE LATCH	 $5.84 
NZ0000003141	CURRENCY CASSETTE WIDE T1	 $328.86 
11065410000A	CURRENCY COUNTER BILLCON D-551	 $11,634.84 
00050540000A	CURRENCY SEPARATORS MDS(50PER)	 $1.88 
MSZ19373600A	CURRENCY TRAY ASSEMBLY	 $258.57 
19011270000A	CURRENT REVERSAL UNIT      MG	 $47.68 
MSZ76050020A	CUSHION	 $1.38 
NZ0000002010	CUSHION DEPOSIT	 $13.16 
NZ0090005851	CUSHION DEPOSIT	 $13.16 
TS4368872540	CUSHION FOR GLASS-INC IN BCR-K	 $2.73 
89030496000B	CUSHION FOR PWB ASSEMBLY	 $20.64 
TS4367064470	cushion of cassette	 $2.73 
TSN65550000A	CUSHION,15X20	 $0.00 
TSN65549000A	CUSHION,HANSHA	 $0.58 
TSN65542000A	CUSHION,LENS#1	 $0.00 
TSN65543000A	CUSHION,LENS#2	 $0.00 
TSN92004000A	CUSHION,POCKET	 $0.00 
TSN65551000A	CUSHION,RING	 $0.29 
TSN65554000A	CUSHION,RING	 $0.13 
TSN65544000A	CUSHION,SENSOR#1	 $0.00 
TSN65545000A	CUSHION,SENSOR#2	 $0.00 
TSN65546000A	CUSHION,SENSOR#3	 $1.10 
TSN65548000A	CUSHION,TOKA-LOWER	 $14.34 
TSN65547000A	CUSHION,TOKA-UPPER	 $0.34 
TS4368843840	cushion-cush200122	 $32.77 
00101931000C	CUST DOC KIT, CSP 100	 $94.50 
00103313000A	CUST DOC KIT,1074IX,ENGLISH	 $147.42 
00102612000D	CUST DOC KIT,CSP 400,12 V,ENG	 $32.40 
00102612000F	CUST DOC KIT,CSP 400,W/ PRSNTER	 $29.70 
00102612000G	CUST DOC KIT,CSP 410	 $18.90 
00101874I01A	CUST DOC KIT,FL,1064,IBM	 $133.25 
00101755001A	CUST DOC KIT,FL,IMT,ENG	 $53.56 
00101931000A	CUST DOC KIT,RETAIL CASH	 $80.33 
21014396000A	CUST KEY POST	 $1.64 
11038302000A	cust keyblanks/para 5cx0290	 $4.31 
TP799986001A	CUST PKG REMOVAL INSTRN,PRCSR,PENTIUM	 $10.21 
TP799795001A	CUST SETUP INSTRN,1063IX(4781IX) FL TERM	 $22.50 
TP799676I01A	CUST SETUP INSTRN,CHEQUE PRNTR TERM 1056I(4796)	 $19.80 
TP820214001A	CUST SETUP INSTRN,COIN DISPR MDL	 $8.10 
TP799526000A	CUST SETUP INSTRN,EXP DLVY	 $18.90 
TP799638001B	CUST SETUP INSTRN,FL,BTP	 $32.40 
TP820032001A	CUST SETUP INSTRN,FL,IX SAFE	 $32.40 
TP799601I01A	CUST SETUP INSTRN,ICD/ECD,473X CMPTBL FEAT,SUPPL	 $5.40 
TP799852001A	CUST SETUP INSTRN,RL TERM,IX SERIES,W/IX SAFE	 $31.50 
TP799660001B	CUST SETUP INSTRN,TELLER ASST,EXP DLVY,1053(4793)	 $27.00 
TP820117001A	CUST SETUP INSTRN,TTW CASH DISPR,1071IX(4786IX)	 $26.10 
30003150000	CUST TBLR-LOWER	 $14.36 
30003140000	CUST TBLR-UPPER	 $14.06 
30007550000	CUST TUMB (6 CUTS)	 $4.19 
30005670000	CUST TUMBLER LOWER	 $20.56 
11038023000A	CUST. CALL BUTTON/HA-1000    E	 $44.12 
11001288000B	CUST. FILLER TUMB	 $0.36 
30019710000	CUST. POST ASM FLAT*4305	 $128.28 
MSZ17471060A	CUST. TUMBLER #4 N73796	 $4.73 
11030701000A	CUST. TUMBLER ASSY - HHM	 $21.49 
11030701000B	CUST. TUMBLER ASSY - HHM	 $21.49 
11030701000C	CUST. TUMBLER ASSY - HHM	 $21.49 
11030701000E	CUST. TUMBLER ASSY - HHM	 $21.56 
TP820128001B	CUST.SETUP INSTR.1064IX CD.	 $25.20 
00051001P03A	CUSTOM ART-RIGHT,LEFT, REAT	 $236.25 
11043395000A	CUSTOMER CONTROL PANEL COMP	 $4,933.10 
11038453000A	customer control pcb	 $1,422.87 
00013524000G	Customer Display, Two-way CCTV 6.5 Inch -Platinum	 $6,283.94 
00013524000H	Customer Display, Two-way CCTV 6.5 Inch -Platinum	 $9,090.76 
11042747000A	CUSTOMER DOOR	 $1,892.12 
11035968000A	CUSTOMER DOOR MOTOR          E	 $699.46 
30009020000	CUSTOMER FILLER	 $0.29 
11030638000A	CUSTOMER KEYS-ZONE 1	 $6.17 
19055335000A	CUSTOMER MOTION 3	 $107.53 
MSN3210N0SCU	CUSTOMER NOSE SK#1	 $17.83 
11030692000A	CUSTOMER POST ASM - RY5 002C-CC	 $13.90 
11002332000A	CUSTOMER POST ASSM	 $0.76 
TP820094001A	CUSTOMER SETUP INSTRN,1070IX	 $26.10 
TP820134001A	CUSTOMER SOFTWARE SPECIFICATIO	 $60.30 
11033297000A	CUT KEY	 $22.31 
11032033077A	CUT KEY #CD177 FOR 02-025944-A	 $14.93 
11032033082A	CUT KEY #CD182 FOR 02-025944-A	 $14.93 
11032033086A	CUT KEY #CD186 FOR 02-025944-A	 $12.29 
11033303000A	CUT KEY ILLINOIS  F-200	 $5.56 
11033296000A	CUT KEY JC SERIES 11-31712 LOC	 $20.37 
11033325000M	cut key mcs mosler cuts	 $25.91 
11033254001A	CUT KEY S&G #201 FILE KEY	 $27.33 
11033254002A	CUT KEY S&G #202 FILE KEY	 $27.33 
11033254009A	CUT KEY S&G #209 FILE KEY	 $27.33 
11033254010A	CUT KEY S&G #210 FILE KEY	 $27.33 
11033254011A	CUT KEY S&G #211 FILE KEY	 $27.33 
11033254014A	CUT KEY S&G #214 FILE KEY	 $27.33 
11033254021A	CUT KEY S&G #221 FILE KEY	 $27.33 
11033254024A	CUT KEY S&G #224 FILE KEY	 $27.33 
11033255025A	CUT KEY S&G #325 FILE KEY	 $9.85 
11033325000D	cut key, atm B399A	 $18.52 
11033325000C	CUT KEY, HUDSON 8000 SERIES	 $12.78 
11051191000B	CUT KEY,KEYMARK,MUST SUPLY INF	 $19.57 
11041287000A	cut key,nat # 605	 $11.48 
TSN88232000A	CUTTER	 $0.00 
TSN88233000A	CUTTER	 $0.00 
NZ0000001968	CUTTER 40 COLUMN	 $427.52 
NZ0000003027	CUTTER ASM, THERMAL RCPT PTR	 $515.21 
NZ0000001935	CUTTER ASSEMBLY	 $274.05 
NZ0000001220	Cutter Assy PTR 80 Col Therm	 $1,260.63 
29008455071A	CUTTER BLADE ASS\'Y B	 $98.60 
NZ0000002244	CUTTER JAM SENSOR	 $27.41 
NZ0000002240	CUTTER SOLENOID	 $26.31 
NZ9980869062	cutter solenoid	 $26.31 
TS4368844650	CUTTER UNIT	 $1,026.87 
TS4366265110	CUTTER UNIT,ASM-CUTTER	 $1,127.93 
49244563000A	CVR , LIGHT , TOWER	 $4.20 
49276593000A	CVR,SCRTY MAIN CCA	 $44.73 
ULKPGAZ01000	CVR,WALLPLATE,SGL GANG BOX	 $20.97 
21017384000A	CVRSN KIT,3.5 TO 5.25 FR PNL	 $62.16 
11043640000A	CVS WRENCH	 $8.34 
11050139000A	CXV CONTROLLER KIT	 $2,107.45 
41024519000A	Cyberlock Cyberpoint Lock	 $89.06 
11037944000A	CYBEX CABLE EXTENDER PROT.	 $447.93 
11051209000A	CYBRDM 11 18X DAY/NGT PTZ CAM	 $3,366.70 
11050140000A	CYL SUP PRES SWT FOR 1 5 & 2 V	 $562.35 
OX0107210000	CYLINDER LOCK  CHICAGO ACE	 $17.73 
11033171000A	CYLINDER LOCK  ILCO 5 PIN BRAS	 $35.89 
11031494000A	CYLINDER LOCK  JOHNSON PACIFIC	 $10.16 
010161160SK0	CYLINDER LOCK-MATCH EXISTING K	 $90.40 
12003474000A	CYLINDER REMOVAL KEY	 $1.90 
11030526000A	CYLINDER RING	 $84.77 
11051736000A	CYLINDER,6PIN DRILLED,KA#42642	 $20.83 
89030617000A	CYSTAL 20 MHZ HMOS OSCILLATOR	 $4.49 
11050141000A	CZM-4 CONV ZONE MODULE	 $446.76 
BRP01039000A	C-ZOOM-MODEM	 $0.05 
TP821856001A	D 3550 THROUGH WALL TERM OG	 $8.11 
TP821854001A	D 3700 REAR-LOAD CASH RECYCLE	 $10.35 
MH202024000A	D KEY ASM	 $51.35 
11048591000A	D KEYBLANK	 $6.24 
19020656000A	D RLR SETTING,TOOL NO.1	 $176.18 
49246021000A	D STICKER	 $0.22 
89031066000A	D.E.C. TAB SET 1-22	 $8.55 
89031027000A	D.F.S. RECORD OF COMPLETION	 $4.89 
11035815000D	D.O.R. RETURN LABEL YELLOW	 $0.33 
19042344072A	D1 GEAR	 $51.73 
AA0016180000	D-1000 CONTROLLER TRAININGS	 $67.50 
TP799266000A	D-1000 SYSTEM SOFTWARE INSTALL	 $14.40 
89030197000A	d10xb60	 $16.50 
89030161000A	d25xb60 diode	 $62.00 
AA000460000G	D500 INSTALL MANUAL	 $130.50 
11050147000A	D54C 1260 BOSCH KPAD ENDL 1 RM	 $38.10 
11036756000A	D6103 ENCLOSURE	 $36.54 
TP799971000A	D6500 RECEIVER INTERFACE TO DS	 $18.00 
11038446000A	D9112 Owner's manual  L603	 $8.09 
11038447000A	D9112 User's Guide  L604	 $28.22 
19059141000A	D9412GV2 W/8 DOORS ACCESS	 $781.08 
89030725000A	DA 1ST LINE SRVC TRAINING DVD	 $244.35 
21012682000A	DA COVER EXT	 $10.23 
GR808112001B	dac-5000 instl manual,dist	 $55.80 
11050152000A	DACT FOR FS 100 FS 250	 $317.72 
11050153000A	DACT-DIALER/MODEM ENGLISH	 $338.72 
89030045000A	Dallas DS12887 Real Time	 $48.18 
21014729000A	DAMPENER,SW	 $5.18 
89028820000A	DAMPER GEAR/GYYR#F6866061	 $8.44 
TS4368849141	DAMPER GEL-THICKNESS CHECKER	 $8.19 
49240536000A	DAMPER,PRNTR,THRM RCPT,80MM	 $51.96 
TS4368833630	DAMPER-FEEDING DMPALPHAGEL	 $16.39 
TS4368834300	DAMPER-SHUTE UT-DPMFA1005PMB2C	 $245.80 
11050154000A	DAPM R	 $609.94 
GR808114001C	DART-4600 INSTALL	 $0.05 
GR808114001A	DART-4600 INSTALLATION MANUAL	 $16.20 
GR808113901A	DART-4600 USER MANUAL,	 $5.40 
19040242000A	DAT DRV,BACK-UP,12/24 GB	 $521.64 
BTC501100000	DATA ADPTR KIT FOR MICRO TRANS	 $104.40 
11051737000A	DATA CONVERTER W/120V PWR SLPY	 $238.51 
19057359000A	DATA CONVERTER,RS-485 TO RS-232	 $204.11 
11065144000A	DATA DRIVE 160GB FOR INTELLEX	 $467.25 
19036201000A	DATA LINE PRTCTR	 $195.75 
TP799530001E	Data Security Procedures and Reference Manual	 $20.70 
BRPT0014000A	DATAKEY READER	 $0.05 
11036327000A	DAUGHTER BD RS232 TEXT INSERTE	 $75.66 
21020409000A	DAY LATCH	 $454.83 
41019197000A	DAY LATCH	 $244.38 
41020686000A	DAY LATCH STRIKE	 $124.30 
19056934000A	DAY/NIGHT BULLET CAM HIGH RES 4-9MM A/I LENS	 $765.86 
11050155000A	DB 4	 $8.23 
11050156000A	DB 4TS BASE W TERM R	 $31.77 
11036332000A	DB-15 CONNECTOR        VSS 305	 $57.71 
19053046000A	DB-25F TO PHOENIX CABLE	 $83.34 
NO5504219000	DB9 to RJ45 connector(female)	 $6.58 
NO5504209000	DB9 to RJ45 connector(male)	 $6.58 
TP821267001B	DBD 228 EXP CASH RECYCLER OPR GD	 $18.00 
TP821264001C	DBD CAMPAIGN OFFICE SERVER INSTL GD	 $18.00 
00100374000U	DBD GELDKARTE APPL 3.0, UPGRADE FROM 2.2	 $63.31 
TP821129001B	DBD SEC ANALYSIS OF ATM OP/APP	 $40.50 
TP820391001E	DBD THERM STMT PRNTR APP GUIDE	 $9.00 
TP820877001A	DBD XP EMBED SOFTWARE INSTALL	 $3.60 
11050217000A	DBL ACT STAT,NON CDED MAN F/A	 $48.18 
11050216000A	DBL ACTON STAT FIR SUPP SYS RE	 $302.89 
11050218000A	DBL CKT DATA BLK 27V SUR PROT	 $74.39 
49204286000A	DBL ROLLER SHAFT	 $44.19 
000510091ACU	Dbld Std CU 80mm Therm Rcpt	 $93.56 
000504881ACU	Dbld Std CU Bond Rcpt Rolls	 $289.04 
00051441001G	DBR CMPTR,486DX2,ISA 7 PORT	 $8,234.73 
00051441000L	DBR ISA PORT,16 THRU 23 EXP	 $1,837.65 
11051738000A	DBU KIT	 $1,271.59 
11051739000A	DC 12.5 AMP FUSE	 $3.83 
NZ0000003660	DC DISTRIBUTION BOARD ASSEBMLY	 $46.75 
NZ0000002651	DC MONITOR LCD	 $3,288.60 
39011997047A	DC MOTOR (NA3535A05)	 $91.89 
TS4326976670	DC MOTOR FEEDER UNIT	 $442.43 
NZ0000003670	DC MOTOR,GEAR REDUCER W/SUPPRE	 $139.97 
19055352000A	DC2K-CA1 CERTIFICATE MANAGER APPLICATION	 $2,726.80 
CN000187000A	DCN FOR TMPCLOAD000A TSC BASED	 $3.35 
CN000188000A	DCN TO  TM-PCLOAD	 $1.41 
11038774000A	DCN3 ASSY.	 $14.00 
11050253000A	DCT SMK DET HOUS INCL 6 EXT TB	 $138.23 
49252480000A	DD,HOUSING	 $3.21 
11043853000A	DD4 DOOR ASSEMBLY	 $243.91 
ULB761201000	DDC CIRCUIT BOARD	 $1,068.80 
FB006885000A	DDC User-Exit License	 $0.00 
11031749000A	DEAD BOLT LOCK ASM #12105	 $72.90 
00012130000D	DEAL DRAWER,ELECTRIC,LEVEL 1,W/HTR	 $16,027.19 
00012135000C	DEAL DRAWER,MANUAL,LEVEL 1	 $11,027.53 
00012135000B	DEAL DRAWER,MANUAL,LEVEL 1,W/HTR	 $6,328.28 
00012135000D	DEAL DRAWER,MANUAL,LEVEL 1,W/HTR	 $10,139.25 
11033296000E	'DEB' CUSTOMER CUT KEYS MEDSEL	 $10.23 
11033296000D	'DEB' MASTER KEYS FOR MEDSELEC	 $6.34 
AA001834000F	DEBIT/CREDIT REF GUIDE	 $104.40 
TP820189001B	DEBIT/CREDIT SERVER INSTALLATI	 $6.30 
11065530000A	DECAL KIT,STANDARD,S01,TD BANK	 $0.05 
11065532000A	DECAL KIT,V01,VERMONT	 $0.05 
MSN40148000A	DECAL, BR MATERIAL (ACQUIRE FR	 $0.42 
12003585000A	DECAL, DIEBOLD	 $58.37 
19046417000A	DECAL,CCU,FRNT PNL	 $0.00 
19046416000A	DECAL,CPU,FRNT PNL	 $0.00 
19046414000A	DECAL,FRNT PNL,BUFFER CRD	 $0.00 
19046412000A	DECAL,FRNT PNL,NTWK INTFC PRCSR	 $0.00 
19046413000A	DECAL,FRNT PNL,PSTN	 $0.00 
19046419000A	DECAL,FRNT,ETHERNET ADPTR	 $0.00 
19046418000A	DECAL,FRNT,TOKEN RING ADPTR	 $0.00 
19045901000A	DECAL,FRONT,BLNK,NARROW	 $28.38 
11065722000B	DECAL,FULL SERVICE ATM,TD BANK	 $0.05 
19046415000A	DECAL,PWR SPLY,FRNT PNL	 $0.00 
19045902000A	DECAL,REAR,BLNK,NARROW	 $28.38 
19046420000A	DECAL,REAR,ETHERNET ADPTR	 $0.00 
11065900000A	DECAL,TD BANK(CARD-NEW 2/14)	 $0.06 
19036281000B	DECAL,WINDOW,LD100	 $2.03 
MSZ21002650A	DECAL-312 CURR DEPOSIT	 $1.30 
MSZ21002870A	DECAL-5 STEP 612 OPER.	 $1.54 
MSN88765000A	DECALTV RECORDING PROTECTION B	 $6.39 
00052161000D	DECOR. GUARD SLEEVE-CINCO 6"	 $112.49 
L10002390000	DECORATIVE PLUG	 $1.19 
NZ0000002975	decoupling board - 5670	 $164.43 
TMMDSS00TABN	DEEP MOTORIZED CSH PKT -TM-MDS	 $0.45 
19053174000A	DEFENDER BANK ALRM(VAULT),UL	 $3,056.13 
11042208000A	DEFLECTOR 826	 $52.60 
490051560XXA	DEFLECTOR PLATE	 $42.37 
49201136000B	DEFLECTOR,WATER	 $3.65 
19041028000A	DEGAUSS.COIL 25023 "DEPOT PRT	 $89.21 
89029068000A	DELARUE SILVER DOUBLE NOTES	 $1.77 
11037491000A	DEMO CASE,DACS 1600	 $6,166.13 
00050336020A	DEMO MONEY    $5.00  20 LB.	 $36.00 
00050460024A	DEMO MONEY - CANADIAN  $10  24	 $0.45 
00050461020A	DEMO MONEY - CANADIAN  $20  20	 $0.45 
00050463020A	DEMO MONEY - CANADIAN  $5  20	 $0.45 
00050460020A	DEMO MONEY - CANADIAN $10  20	 $0.45 
00050778000B	DEMO MONEY,$5	 $37.80 
39008375000A	DENCRYPT,DES	 $5,305.61 
11050161000A	DENON RCK MNT 5DIS AUTO CD CHG	 $644.02 
TM000370001A	DEP & CONVEYOR SAFE SRVC & PT MNL	 $121.50 
0005032900HP	DEP ENVELOPES HOLE PUNCH,1X500	 $37.80 
00101029000B	DEP KIT,FL,PRSNTR,IBM	 $87.20 
TP821479001B	DEPOSIT AUTOMATION BEST PRACTICES GUIDELINES	 $19.80 
89030879000A	DEPOSIT AUTOMATION CHECK ACCEPTORS	 $9.77 
89030880000A	DEPOSIT AUTOMATION NOTE ACCEPTORS	 $9.77 
89030726000B	DEPOSIT AUTOMATION REF & TRAINING GUIDE	 $21.99 
89030727000B	DEPOSIT AUTOMATION REF & TRAINING GUIDE	 $23.63 
00050329000B	Deposit Envelope-Designer	 $37.80 
BRP00578000A	DEPOSIT LOCK SPACER	 $0.05 
00050600000D	DEPOSIT MADE AFTER 1:30 WILL P	 $14.89 
00050600000E	DEPOSIT MADE AFTER 2:00 WILL P	 $14.89 
NZ0000003068	DEPOSIT PPD CONTROL BD W/EPROM	 $350.78 
NZ4450591330	deposit unit main transport	 $2,192.40 
TMMDSS00TABF	DEPOSITOR - MANUAL TABS	 $0.45 
TP820062001B	DEPOSITOR COMMON DEVICE INTERF	 $17.10 
NZ0000002970	DEPOSITOR F/A SINGLE PROCESSOR	 $2,630.88 
BUFI0677000A	Depositor Heater Thermostat Upgrade (Opteva 750 Terminals)	 $2.98 
NZ0000001691	DEPOSITORY ASM - 5675	 $3,617.46 
NZ0000001562	DEPOSITORY ASSEMBLY IE	 $2,630.88 
NZ0000003120	DEPOSITORY ASSY	 $1,205.82 
NZ0000003735	DEPOSITORY BELT T1 106 12.51	 $6.61 
NZ0000002638	DEPOSITORY BIN - PLASTIC	 $230.20 
NZ0000003112	DEPOSITORY CONTROL BD	 $376.36 
NZ0000003086	DEPOSITORY F/A	 $1,315.44 
11041060000A	DEPOSITORY LABEL; OP,NCB,1X25	 $0.54 
19039194000A	DEPOSITORY LOGIC CABLE - 5085	 $47.36 
NZ0000002924	DEPOSITORY PCB - 5886	 $833.11 
NZ0000003087	DEPOSITORY PPD CONTROL BD	 $1,479.87 
NZ0000003064	DEPOSITORY PPD I/F CIRCUIT BD	 $26.31 
NZ0000003057	DEPOSITORY PPD I/F HORZ BD	 $164.43 
NZ0000003058	DEPOSITORY SND VERT DR CONT BD	 $295.97 
ULB61011000A	DES ENCRYPTED LINE CRD,RS485	 $5,206.95 
ULB55136040A	DES,NO MEM EXPNSN	 $356.27 
ULU60035000A	DES/PPU OPTION,RE-XMSN	 $3,288.60 
19047016000A	DES-180,W/NO MEM EXPNSN,64 BIT ONLY	 $1,219.53 
BTC9320WM000	DESIGNER "L" WALL MT FOR BTC93	 $116.10 
11062414000A	DESK MOUNT FOR LYNX-DM	 $4.98 
19059609000A	DESK MOUNTING OPTION FOR AIPHONE MONITORS,ANGLING	 $47.24 
19058005000A	DESK MT STAND,W/AC ADPTR	 $27.38 
11050162000A	DESK PUSHBTN JOYST CONT KEYPD	 $2,433.56 
11035710000A	DESK TOP END	 $40.33 
11051740000A	DESKTOP CREDENTIAL READER	 $748.16 
19053028000A	DES-SMARTMUX	 $515.21 
TSN89165000A	DET ASSEMBLY	 $781.21 
39017641000A	DET INTFC MDL	 $294.38 
11050175000A	DET SMK GUD COV DET MNT TO FLH	 $60.13 
19057369000A	DET,GLASS BREAK	 $185.07 
19059212000A	DET,GLASS BREAK	 $72.62 
19058891000A	DET,HEAT,RATE OF RISE	 $34.60 
19058121000A	DET,HEAT,WIRELESS	 $120.56 
19036216000A	DET,IR,PSIV,SOL CURT	 $150.60 
39016630000A	DET,MOTION,STAND ALONE,SGL-CHAN,60HZ	 $1,164.72 
39014014000A	DET,OPT,EMTR/SNSR,MODD,IR	 $87.87 
39015105000D	DET,OPT,EMTR/SNSR,REFL,IR	 $23.63 
19058892000A	DET,PHOTO SMK,W/ TH & CO	 $105.51 
19058890000A	DET,SMK,FLUSH MT,CONVENTIONAL	 $575.51 
11050174000A	DETC MOU PLT FOR RAIS FLR&PLEN	 $150.10 
11050170000A	DETEC BAS W/FORMCRELAY 4SQ BX	 $51.89 
11050172000A	DETEC BAS W/ISOLATR 4SQ BX INC	 $54.81 
29008456027A	DETECTOR ADJUSTMENT SPRING	 $6.53 
28010570000A	DETECTOR ASM.	 $66.88 
TSN65457000A	DETECTOR ASSEMBLY,THICKNESS	 $201.25 
11050164000A	DETECTOR BASE	 $6.99 
11050166000A	DETECTOR BASE ASSY	 $9.92 
11050167000A	DETECTOR BASE STAND 4SQ BX INC	 $15.82 
11050171000A	DETECTOR BASE WITH ISOLATOR	 $56.68 
TSN92774000A	Detector CF420 # 4366144220	 $12,702.11 
29008456018A	DETECTOR LEVER ASSY B	 $13.73 
39009655059A	DETECTOR LEVER ASSY D	 $32.91 
29008456019A	DETECTOR LEVER SPRING	 $4.52 
11051680000A	DETECTOR SMOKE GUARD	 $79.61 
TS4368871100	Detector Unit - Banking CS-700	 $28,200.83 
TS4368871110	Detector Unit - Gaming CS-700	 $40,370.38 
11065352000A	DETECTOR, GLASSBREAK	 $97.29 
MSN69692000A	DETECTOR, HEAT	 $3.92 
MSN69127000A	DETECTOR, MICROWAVE/PIR, C&K #	 $125.63 
MSN64676000A	DETECTOR, PASSIVE I.R. - SUPER	 $160.89 
31019897000B	DETECTOR, PASSIVE IR	 $463.86 
MSN64977000A	DETECTOR, SMOKE,12/24VDC-W/135	 $131.81 
MSN69730000A	DETECTOR,IR PASSIVE  *DETECTIO	 $206.19 
TSN92776000A	DETECTOR,THICKNESS	 $3,143.44 
41016857000B	DETECTOR,VEHICAL,WIRED PASSIVE IR	 $750.59 
NZ0000002765	DETECTOR-SEISMIC	 $0.02 
17001194000A	DETENT	 $12.92 
FK1000000400	DETENT	 $54.38 
19011960000A	DETENT ASM	 $8.37 
17001759000A	DETENT ASM.	 $29.43 
10613030020	DETENT BLOCK	 $8.08 
41027261000A	DETENT CAM	 $4.89 
21016648000B	DETENT CHST,TL-15/TL-30	 $67.55 
27000852000A	DETENT MTG BRKT ASM	 $10.77 
41027262000A	DETENT ROD CAP	 $24.44 
01060609000A	DETENT UNIT	 $16.38 
11050176000A	DEVICE PROGRAMMER LOOP TESTER	 $1,068.80 
11042567000A	DI200001 RUBBER PAD	 $8.62 
11042568000A	DI200007 GROUND CONNECTOR	 $4.31 
11042569000A	DI200008 HEX BOLT	 $2.38 
11042570000A	DI200009 LOCK NUT	 $3.02 
11042566000A	DI200019 SENSOR	 $383.52 
11042572000A	DI200024 BRACKET FOR SENSOR	 $6.55 
11042573000A	DI200029 BELT WHEEL LARGE	 $84.03 
11042574000A	DI200030 OIL BRUSH	 $8.62 
11042575000A	DI200031 DRIVE DISK	 $127.13 
TP799114TABS	DIAGNOSTICS INDEX TAB	 $0.45 
TP820470001B	DIAGNOSTICS OPERATING MANUAL	 $37.80 
11044692000A	DIAL	 $51.71 
21000859000A	DIAL	 $28.61 
21015018000A	DIAL	 $16.44 
21013727000A	DIAL - KEY LOCKING	 $111.18 
30013450000	DIAL & KNOB ASSEMBLY	 $24.99 
11066113000A	Dial and Ring	 $88.43 
39010024000P	DIAL AND RING ASSY	 $187.11 
11031487000A	DIAL ASM   LAGARD 1762KD  K/L	 $44.64 
11031486000A	DIAL ASM   LAGARD 1763  NO K/L	 $25.28 
11031606000A	DIAL ASM   S&G D-54	 $56.51 
11000940000B	DIAL ASM 4 3/8"  K/WAY #56	 $15.07 
11000940000A	DIAL ASM 4 5/8"  K/WAY #56	 $15.07 
21013073000B	DIAL ASM KEYLOCKING	 $85.45 
11030676000A	DIAL ASM KL	 $27.44 
30023460000	DIAL ASSY PLAIN	 $67.57 
19016212000A	DIAL BACK-UP KIT,RMT	 $706.38 
TP799461001D	DIAL BACKUP RECEIVER USER'S GU	 $6.30 
41019207592A	DIAL CORE ASSY	 $16.72 
03002507L00B	DIAL FACE BLACK	 $16.54 
03002507R00B	DIAL FACE BLACK 104-3302	 $16.54 
21017475000A	DIAL INSERT	 $4.31 
19035377000A	DIAL INSR	 $11.44 
21014736000B	DIAL INSR,W/HOLE	 $9.00 
MH201290000A	DIAL KIT, NO SPINDLE	 $38.78 
11031616000A	DIAL LOCK S&G 7216-028-001-00B	 $0.21 
ULB61016020A	DIAL NTWK LINE CRD	 $2,192.40 
11031488000A	DIAL PLATE & SPACER 1756 LAGAR	 $13.34 
11040755000A	dial replacement kit,w/o spin	 $38.78 
30004300000	DIAL RING	 $16.39 
30020380000	DIAL RING	 $38.78 
11044693000A	DIAL RING	 $25.86 
11031388000A	DIAL RING   S&G DR162   BLACK	 $8.46 
11031386000A	DIAL RING   S&G DR7	 $4.52 
11032687000H	DIAL RING PLAIN	 $10.26 
03002240000A	DIAL RING W/SLOT	 $49.81 
11031503000A	DIAL SHIELD   1761 LAGARD	 $8.62 
19035521000A	DIAL SHIELD W/LENS  LAGARD 176	 $8.21 
03002128000J	DIAL SPINDLE	 $60.11 
03002128000K	DIAL SPINDLE	 $337.56 
21014544000B	DIAL SPINDLE	 $237.01 
31016795000C	DIAL SPINDLE	 $37.76 
31016795000M	DIAL SPINDLE	 $35.96 
31016795000N	DIAL SPINDLE	 $37.76 
03002371000B	DIAL SPINDLE ASM	 $220.18 
11003927000B	DIAL SPINDLE ASM	 $15.21 
30020840000	DIAL SPINDLE ASSY	 $22.53 
03002123000Q	DIAL SPINDLE ASSY	 $166.54 
11000647000C	DIAL SPINDLE KEY	 $2.53 
11000647000D	DIAL SPINDLE KEY	 $5.47 
21015027000A	DIAL SRVC KIT	 $341.31 
30017190000	DIAL WHEEL SCREWS	 $4.31 
11036845000A	DIAL, RING, SPINDLE, COMB LOCK	 $123.12 
29006619000A	DIAL,BUSHING	 $31.52 
11050177000A	DIALER	 $468.14 
MSN83950000A	DIALER, AUTOMATIC *NAPCO #MK5R	 $0.00 
19042281000A	DIALER,CAPTURE MDL (DCM) MTG & CONFIG KIT	 $534.40 
DMATMDL4WELS	DIAL-UP KIT,XR200	 $849.56 
30019050000	DIE CAST LOCK CASE	 $25.96 
TP799531000A	DIEBOLD 1000 ACS FILE FORMATS	 $33.30 
TP799108000A	DIEBOLD 1000 SDLC/SNA PROTO MA	 $26.10 
TP799202000A	DIEBOLD 1060 OPERATING GUIDE	 $17.10 
TP821268001B	DIEBOLD 220 ECR GUIDE	 $9.00 
TP821268001A	DIEBOLD 220 EXPRESS CASH DISPENSER PLANNING AND SITE PREPARATION GUIDE	 $9.00 
TP821269001B	DIEBOLD 228 ECR GUIDE	 $8.10 
TM000260001C	DIEBOLD 228 EXPRESS CASH RECYCLER ON-SITE SERVICE MANUAL	 $151.20 
TP821267001A	DIEBOLD 228 EXPRESS CASH RECYCLER OPERATING GUIDE	 $16.20 
TP821269001A	DIEBOLD 228 EXPRESS CASH RECYCLER PLANNING AND SITE PREPARATION GUIDE	 $8.10 
TP821610001A	Diebold 429 Operating Guide	 $16.20 
TP821609001A	Diebold 429 Planning and Site Preparation Guide	 $12.60 
TM000480001A	Diebold 429 Receipt Printer On-site Repair Manual	 $94.50 
TP821630001A	Diebold 429 Receipt Printer without Transport Transport Operating Guide	 $5.40 
TP821757001A	DIEBOLD 429S SGL NOTE ACPT GUI	 $4.01 
TP821274001A	DIEBOLD 450 TERMINAL SUPPLEMENT TO THE AGILIS 91x INSTALLATION AND CONFIGURATION GUIDE	 $9.90 
AA001828000A	DIEBOLD 5100D COMMUNICATIONSMA	 $27.00 
TP799643001E	DIEBOLD 5100D EVENT PROCESSING GUIDE RELEASE 1.53	 $22.50 
TP799997001B	DIEBOLD 5100D HOT BACKUP GUIDE	 $40.50 
TP821753001A	Diebold 5700 Front-Load Lobby Cash Dispenser Operating Guide,English	 $13.79 
TP821294001A	DIEBOLD 620 TERMINAL SUPPLEMENT TO THE AGILIS 91X XV INSTALLATION AND CONFIGURATION GUIDE	 $15.30 
TP821793001B	Diebold 7500 Front-load Lobby Terminal Operating Guide	 $26.10 
TP821794001B	Diebold 7500 Rear-load Terminal Operating Guide	 $23.40 
TP821795001B	Diebold 7550 Vestibule and Through-the-Wall Terminal Operating Guide	 $23.40 
AA000750000D	Diebold 816 Audio and 816 Audio One-on-One Service and Parts Manual	 $135.00 
TP821323001A	DIEBOLD 816 WIRELESS AUDIO SETUP GUIDE	 $2.70 
TP799216000A	DIEBOLD 911 MDS SIMULATOR GUID	 $34.20 
TP799215000A	DIEBOLD 911/921 SIMULATOR GUID	 $20.70 
TP821717001B	DIEBOLD 9900 ILT OPERATE GUIDE	 $9.78 
TP799867001B	DIEBOLD ACS 1600 & ACS 3200 PR	 $9.90 
AA001826000A	DIEBOLD ACS1600/3200 SERVICE M	 $118.80 
AA001830000B	DIEBOLD ACS3200 SOFTWARE INSTA	 $15.30 
TP820797001A	DIEBOLD ADMIN. QUICK REF.GUIDE	 $6.53 
TP821259001C	DIEBOLD ATM JOURNAL OFFICE INSTALLATION GUIDE (RELEASE 2.0)	 $11.70 
TP821258001C	DIEBOLD ATM JOURNAL OFFICE TECHNICAL REFERENCE GUIDE (RELEASE 2.0)	 $12.60 
TP821257001C	DIEBOLD ATM JOURNAL OFFICE USERS GUIDE (RELEASE 2.0)	 $17.10 
TP821257001B	DIEBOLD ATM JRNL OFFICE USERS GUIDE RLSE 1.2	 $13.50 
89030776000A	DIEBOLD ATM SER LABELS-1=50	 $9.77 
00050947000A	DIEBOLD ATM SS. SECURITY MIRRO	 $371.25 
89031207000A	DIEBOLD BLUE DEMO STOCK	 $1.25 
TP821641001B	Diebold Campaign Office  Server Installation Guide (Release 4.0)	 $21.60 
TP821264001A	DIEBOLD CAMPAIGN OFFICE INSTALLATION GUIDE RELEASE 2.0	 $13.50 
TM000256001A	DIEBOLD CAMPAIGN OFFICE SERVER TECHNICAL REFERENCE GUIDE RELEASE 2.0	 $90.00 
TP821640001A	Diebold Campaign Office Server User's Guide (Release 4.0)	 $119.70 
TP821249001A	Diebold campaign office user's	 $54.90 
AA000060000A	DIEBOLD CAMPUS SYSTEMSS SERVIC	 $9.00 
TP821105001A	diebold customer internet supp	 $18.00 
TM000469001A	Diebold D429 On-site Fascia Assembly Repair Manual	 $117.00 
TM000468001A	Diebold D429 On-site Module Removal and Replacement Manual	 $108.00 
FB006739000A	DIEBOLD DATA TRANSFER SDK VERSION 5.1.0 MEDIA PKG	 $21.99 
TP799346000A	DIEBOLD DESIGN UTILITY USER'S	 $72.90 
TP799978001C	DIEBOLD DIAL-UP ATM PLANNING G	 $6.30 
TP821395001E	Diebold EmPower Accelerator User Guide	 $21.60 
TP799783000A	DIEBOLD FASTLINE REFERENCE GUI	 $94.50 
TP820711001A	DIEBOLD INTERNET BANKING	 $3.65 
89029008000A	DIEBOLD LABEL/FRONT OF VCR	 $4.17 
89030410000A	DIEBOLD LEGACY 1 SERIES (2CD)	 $19.55 
89030406000A	DIEBOLD LEGACY ACS/DOCUTEC(1CD	 $9.77 
89030407000A	DIEBOLD LEGACY CASHSOURCE(2CD)	 $19.55 
89030405000A	DIEBOLD LEGACY CORP COMM.(1CD)	 $9.77 
89030408000A	DIEBOLD LEGACY DATA COMM(1CD)	 $9.77 
89030411000A	DIEBOLD LEGACY IX SERIES (1CD)	 $9.77 
89030409000A	DIEBOLD LEGACY MODULAR DEL(2CD	 $19.55 
89030413000A	DIEBOLD LEGACY VAT (2CD)	 $19.55 
89030415000A	DIEBOLD LEGACY VAULT& SAFE(5CD	 $48.87 
TM000540001E	Diebold Nixdorf CS 5500 and CS 5550 System Illustrated Parts Manual (English version)	 $6.40 
TM000320001D	Diebold Nixdorf CS 562 Cash Dispenser Cabling On-site Repair Manual	 $24.24 
FB006529000A	DIEBOLD OEM HARDWARE DEVELOPMENT TOOLS, V1.0.0, MEDIA PKG	 $21.99 
FB006529000B	DIEBOLD OEM HARDWARE DEVELOPMENT TOOLS, V1.1.0, MEDIA PKG	 $21.99 
TP799289000A	DIEBOLD ON-LINE FUEL SOFTWARE	 $21.60 
TP799693000B	DIEBOLD PROFESSIONAL SERVICE S	 $27.00 
TP821505001A	DIEBOLD SAFE DEPOSIT (SD) BOX INSTALLATION GUIDELINES	 $23.40 
TP799185001E	DIEBOLD SECURITY TERMINAL SOFT	 $58.50 
TM000459001A	Diebold Self-Service Trusted Computing (SSTC), Version 1.0, Service Manual	 $123.30 
TM000214001L	DIEBOLD SERVICE SUPPORT TOOL INSTALLATION GUIDE	 $2.72 
89030423000A	DIEBOLD SOFTWARE SKILLS CERT	 $48.87 
89031026000A	DIEBOLD SST SOLUTION CODES	 $4.89 
TMSTYL80000F	DIEBOLD TECH DOC PROCEDURES MN	 $359.10 
TM000401001E	Diebold Vehicle Sensor/PBX Interface System Service and Parts Manual	 $113.40 
TMCROS10I01M	diebold/ibm part#cross ref man	 $51.30 
TMATMCFG520A	DIEBOLDB ATM OS/2 BASE SOFTWAR	 $148.50 
NZ0000002936	DIFFUSER DUMMY 1/4"  GREY	 $32.89 
NZ0000002937	DIFFUSER, FROSTED 1/4"  WHITE	 $3.29 
49208638XMFC	DIFFUSER,SIGNAGE,562,TD	 $73.81 
49232949000A	DIFFUSION COVER	 $0.84 
11050181000A	DIG MESS MOD UIO MNT TK ON POS	 $964.41 
11065507000A	DIG TX,1V,MINI-MODULE,MM,ST	 $377.44 
19055287000A	DIG VID ARCHIVE SYS,120 TAPE SLOT	 $52,069.50 
11065696000A	DIGICELL ANYNET,NETWORK ACCESS	 $271.76 
11036468000A	DIGIT GRABBER   TPM-32	 $652.50 
11050179000A	DIGITAL COMMUNICATOR EST-2	 $369.07 
11031666000A	DIGITAL DISPLAY BOARD VSS#	 $410.77 
11050180000A	DIGITAL LOOP CARD FOR FS-250	 $887.92 
19036691000B	DIGITAL VID MTN DET,50HZ	 $3,719.52 
19060255000A	DIGITRAC LINE MODULE 1	 $16.22 
19060256000A	DIGITRAC LINE MODULE 2	 $18.92 
19060257000A	DIGITRAC LINE MODULE 3	 $21.62 
00050814000C	DIME WRAPPERS	 $31.75 
89031206000A	DIN 84 CHSE HD M2.5X4,BNA REPA	 $0.05 
HC400004000A	DIN7985 M3X10 A4 PAN HEAD, PHILLIPS, STAINLESS STEEL	 $0.03 
MSZ69182340A	DIO 1N4003 200V 1A	 $0.12 
MSZ69188590A	DIO BRIDGE 200V 2A	 $2.71 
89029928000A	DIO,,SKY,60VR,3A DO201	 $1.16 
39009303031A	DIO,0.2 A,50 V	 $11.23 
39009303158A	DIO,200 V,10 A	 $7.76 
39009303156A	DIO,200 V,20 A	 $19.45 
39009303159A	DIO,200V,1.1 A	 $1.78 
39009303161A	DIO,40 V,30 A	 $37.47 
39009303169A	DIO,400 W,13 V	 $0.51 
39009303030A	DIO,5 A,600 V	 $11.23 
19003223000A	DIO,GP,0070.0V,00.200A,HSPD,COM AD ARY,SMD	 $0.06 
19003240000A	DIO,GP,0175.0V,00.600A,SOT-23	 $0.33 
19003243000A	DIO,GP,0200.0V,00.200A,CT,DUAL,SOT-23	 $0.14 
19003273000A	DIO,GP,0200.0V,00.200A,CT,DUAL,SOT-23	 $0.25 
19011851000F	DIO,LT EMTG,AMB,SGL,CLR	 $3.07 
19003253000A	DIO,LT EMTG,GRN,SGL,0603	 $0.58 
19011851000A	DIO,LT EMTG,GRN,SGL,DIFFUS	 $1.73 
19003222000C	DIO,LT EMTG,GRN,SGL,SMD	 $0.27 
19003218000C	DIO,LT EMTG,GRN,SGL,SOT-23	 $0.67 
19003298000A	DIO,LT EMTG,IR,SGL,PLCC-2,RTANG	 $4.20 
19003238000D	DIO,LT EMTG,ORN,SMD,SGL	 $1.06 
19003052000A	DIO,LT EMTG,RED	 $11.90 
19025433000A	DIO,LT EMTG,RED,PC,RTANG	 $2.41 
19003253000B	DIO,LT EMTG,RED,SGL,0603	 $0.65 
19011851000C	DIO,LT EMTG,RED,SGL,DIFFUS	 $1.08 
19003222000A	DIO,LT EMTG,RED,SGL,SMD	 $0.27 
19003218000A	DIO,LT EMTG,RED,SGL,SOT-23	 $0.67 
19003221000A	DIO,LT EMTG,RED,SMD,SGL	 $1.06 
19003056000A	DIO,LT EMTG,RED,WIRE,SGL,W/RES,PNL SNAP-IN	 $15.94 
19003085000A	DIO,LT EMTG,YEL,PC,SGL,LCUR	 $2.57 
19003253000C	DIO,LT EMTG,YEL,SGL,0603	 $0.79 
19003222000B	DIO,LT EMTG,YEL,SGL,SMD	 $0.27 
19003218000B	DIO,LT EMTG,YEL,SGL,SOT-23	 $0.72 
19003238000C	DIO,LT EMTG,YEL,SMD,SGL	 $0.80 
89029936000A	DIO,PWRF,400VR,1A,A	 $0.59 
19003211000A	DIO,RECT,0020.0V,00.001A,SCHOTTKY,CT,SOT-23	 $16.34 
19003220000A	DIO,RECT,0020.0V,01.000A,SMD	 $0.15 
29013234000A	DIO,RECT,0030.0V,01.000A,SCHOTTKY,SMD	 $1.57 
19003302000A	DIO,RECT,0040.0V,01.000A,SCHOTTKY,SMA	 $4.05 
19003244000A	DIO,RECT,0040.0V,01.000A,SCHOTTKY,SMB	 $0.49 
19003219000A	DIO,RECT,0040.0V,03.000A,SCHOTTKY,SMD	 $0.95 
19003279000A	DIO,RECT,0060.0V,02.000A,SCHOTTKY,SMB	 $2.87 
19003215000A	DIO,RECT,0070.0V,00.100A,HSPD,CT,DUAL,SMD	 $1.23 
19003306000A	DIO,RECT,0070.0V,00.200A,HSPD,CT,DUAL,SOT-23	 $0.45 
19003257000A	DIO,RECT,0080.0V,02.000A,SCHOTTKY,SMB	 $3.31 
19003269000A	DIO,RECT,0100.0V,00.200A,HSPD,SOT-23	 $0.73 
19003232000A	DIO,RECT,0100.0V,03.000A,SMC	 $4.49 
19003272000A	DIO,RECT,0100.0V,05.500A,SCHOTTKY,DPAK	 $2.41 
19003242000A	DIO,RECT,0200.0V,02.000A,SMB	 $0.47 
19003270000A	DIO,RECT,0200.0V,02.000A,SMB	 $0.40 
19003112000B	DIO,RECT,0200.0V,03.000A	 $0.32 
19003227000A	DIO,RECT,0200.0V,03.000A,SMD	 $0.58 
19003276000A	DIO,RECT,0200.0V,03.000A,SMD	 $0.65 
29013797000A	DIO,RECT,0400.0V,01.000A,SMB	 $2.01 
19003237000C	DIO,SW,0030.0V,00.200A,SCHOTTKY,SOT-23	 $0.59 
19003271000A	DIO,SW,0030.0V,00.200A,SCHOTTKY,SOT-23	 $0.14 
29013235000A	DIO,SW,0070.0V,00.500A,HSPD,SOT-23	 $0.52 
19003203000A	DIO,SW,0075.0V,00.200A,SMD	 $0.15 
18000798000A	DIO,SW,0100.0V,00.075A	 $0.83 
19003143000A	DIO,SW,0200.0V,03.000A	 $2.06 
19003225000Q	DIO,ZENER,0003.000V,00.225W,SOT-23	 $0.09 
22006140000K	DIO,ZENER,0005.100V	 $0.41 
19003033012A	DIO,ZENER,0005.100V,00.250W	 $1.03 
18020637006A	DIO,ZENER,0005.100V,01.000W	 $0.26 
19003100000A	DIO,ZENER,0006.000V,00.500W,01.0%,AX	 $3.48 
19003022000C	DIO,ZENER,0016.000V,05.000W	 $2.93 
19003225000P	DIO,ZENER,0033.000V,00.225W,SOT-23	 $0.14 
19003275000A	DIO,ZENER,0033.000V,00.225W,SOT-23	 $0.10 
19003050027A	DIO,ZENER,0039.000V,01.000W	 $0.21 
19003239000A	DIO,ZENER,0039.000V,01.250W,SMD	 $1.23 
39009303167A	DIO,ZENER,400 W,5.6 V	 $0.51 
89030140000A	diode	 $43.71 
TSN66807000A	DIODE	 $0.00 
TSN66808000A	DIODE	 $0.00 
TSN66809000A	DIODE	 $0.00 
TSN66818000A	DIODE	 $0.00 
TSN66986000A	DIODE	 $0.00 
19002044000A	DIODE   SCR   400 PIV  C106CY2	 $1.88 
89029409000A	DIODE  1SS130M   #5339171	 $0.47 
89029408000A	DIODE  1SS254    #5339131	 $0.32 
89029956000A	DIODE  D-11	 $1.10 
89027848000A	DIODE 0.2A, 100V   IN4448	 $0.94 
89027849000A	DIODE 1A 1OOV FR  111-20939	 $2.30 
11031248000A	DIODE 1N4154	 $0.12 
89027853000A	DIODE 1N751A ZENER	 $0.68 
19040678000A	DIODE 1SS184-TE85R	 $0.67 
19040679000A	DIODE 1SS193-TE85R	 $0.67 
89027846000A	DIODE 3A 600V    IN5406	 $4.64 
28000953000A	DIODE- 40 AMP	 $19.30 
89028935000A	DIODE 600PI VOLT 3 AMP  SK5016	 $22.09 
28000894000A	DIODE ASSM, BRIDGE	 $661.65 
89030585000A	DIODE BAS31 SOT-23 SMT	 $0.33 
89030586000A	DIODE BAV99 25MA 70V SOT-23 SM	 $2.04 
11062156000A	DIODE BYV27-150, MOUSER	 $0.99 
89027815000A	DIODE IN4148	 $0.16 
89028996000A	DIODE IN4935	 $0.09 
89027816000A	DIODE IN4936	 $0.42 
89026835000A	DIODE IN5395	 $1.87 
89026836000A	DIODE IN5397	 $1.87 
89026766000A	DIODE MATRIX DIP 02498100	 $22.82 
89027916000A	DIODE MR 750	 $1.63 
MSN72731000A	DIODE, 1N4139	 $2.71 
89028059000A	DIODE, 1N5402	 $2.47 
TSN66725000A	Diode, Light Emitting	 $10.93 
MSN68955000A	DIODE, LIGHT EMITTING - GREEN	 $2.11 
MSN66491000A	DIODE, LIGHT EMITTING - GREEN*	 $2.63 
MSN66647000A	DIODE, LIGHT EMITTING - INFRAR	 $4.77 
MSN66490000A	DIODE, LIGHT EMITTING - RED *D	 $2.63 
MSN67334000A	DIODE, LIGHT EMITTING - RED *I	 $0.58 
MSN66492000A	DIODE, LIGHT EMITTING - YELLOW	 $2.63 
MSN67630000A	DIODE, LIGHT EMITTING-YELLOW *	 $2.11 
MSN68930000A	DIODE, LIGHT EMTTING *FAIRCHIL	 $1.26 
89030988000A	Diode, Suppression Transient V	 $0.48 
NZ0000002950	diode, transient suppressor 5.	 $0.59 
NZ0000002949	diode, zener 15v 1w	 $0.32 
89027855000A	DIODE, ZENER IN965A	 $0.55 
TSN66714000A	DIODE,LIGHT EMITTING	 $10.93 
TSN66824000A	DIODE,LIGHT EMITTING	 $0.00 
TSN66825000A	DIODE,LIGHT EMITTING	 $0.00 
TSN65447000A	DIODE,LIGHT EMITTING-GREEN	 $0.29 
TSN63149000A	DIODE,LIGHT EMITTING-L3231	 $141.80 
TSN65448000A	DIODE,LIGHT EMITTING-RED	 $0.41 
89031410000A	DIODE,ZENER,12V,1W DI-41	 $0.45 
11038293000A	DIODE;#20005	 $22.30 
11038292000A	DIODE;#20037	 $22.30 
00051313000A	DIP Card Instruct Decal	 $125.87 
00051313000B	DIP CARD INSTRUCT DECAL	 $359.93 
FJUSA0207297	DIP CARD READER	 $0.05 
BUFI0986000A	Dip Card Reader Card Detection and Protection Upgrade  (MODEL 3)- Area 4 with LST Combination Board (Opteva 828 terminals)	 $19.49 
89031030000A	Dip Card Reader Frame Assy	 $79.35 
BUFI0768000D	DIP CD RDR UPGRADE, W/ASD, W/O ASD	 $2.53 
29000710000B	DIP HEADER,14 PIN	 $327.60 
29000710000C	DIP HEADER,14 PIN	 $33.13 
29000710000E	DIP HEADER,14 PIN	 $7.18 
39001142000B	DIP HEADER,16 PIN	 $29.41 
39001142000C	DIP HEADER,16 PIN	 $29.41 
39001142000F	DIP HEADER,16 PIN	 $27.06 
39001142000G	DIP HEADER,16 PIN	 $48.92 
39001142000H	DIP HEADER,16 PIN	 $19.19 
39001142000J	DIP HEADER,16 PIN	 $15.51 
39001142000K	DIP HEADER,16 PIN	 $323.19 
39001142000L	DIP HEADER,16 PIN	 $77.26 
39001142000M	DIP HEADER,16 PIN	 $19.07 
39001142000N	DIP HEADER,16 PIN	 $65.68 
49236882000E	DIP ICB 4 KIT,SIL MTLC,AREA 4	 $29.17 
NZ0000003128	DIP READER ASM - 5870	 $1,425.06 
NZ0000002085	DIP READER FACIA MOULDING	 $142.51 
BUFI0579000B	DIP TO MTZ CD RDR,FLD INSTRN	 $11.00 
89030604000A	DIP-SWITCH 4 POSITION SIDE-ACT	 $8.61 
11031745000B	DIR DR CYL MOTOR RCA 144863  V	 $566.46 
11031745000A	DIR DR CYL MOTOR RCA 146975 VD	 $741.09 
11051850000A	DIRECDOOR POE BASED CONTR 2RDR	 $2,978.13 
11043450000A	DISASTER RECOVERY MEDIA CDS	 $6.70 
NZ0000002229	DISC TIMING DEPOSITORY	 $10.12 
MSN90567000A	DISC, 4 1/4 DIA. AIR - POLYEST	 $9.32 
NZ0000002477	DISC, TIMING	 $0.02 
MSZ75635000A	DISC. CLEAR	 $24.61 
MSZ75635190A	DISC. SOUND CONTROL	 $25.95 
IB0479581400	DISC-16    096G 3624	 $3.67 
39011997001A	DISCHARGE BRUSH 1	 $19.17 
39011997042A	DISCHARGE BRUSH 2	 $14.81 
11034393000A	DISCONNECT TERM BLOCK   VSS303	 $108.77 
11037164000A	DISK DRV KIT,ARRAY	 $8,391.63 
TSN90485000A	DISK,CF-BB-N33658	 $0.00 
49016721000A	DISK,SLIP DRIVE	 $0.87 
00050717000C	DISKETTE -3-1/2"- HIGH DENSITY	 $4.76 
19017559000A	DISKETTE, CRT #15	 $27.95 
19017988000A	DISKETTE,KIT, CRT #18	 $159.08 
NZ0000002911	DISP CCA "ANGEL" SDC SPRAY 587	 $1,205.82 
NZ4450637202	DISP CCA "ANGEL" SDC SPRAY 587	 $1,205.82 
NZ0000002432	DISP. TUBE,65MM	 $0.02 
NZ0000001709	DISP/DEPOSITORY SHUTTER PCB	 $266.92 
TMMDSS00TABJ	DISPENSER (1323/1324)-TM-MDSS1	 $0.45 
NZ0000001782	DISPENSER CONTROL BD	 $1,035.09 
NZ4450632491	dispenser control bd asic (nts	 $0.00 
NZ0000002192	DISPENSER CONTROL BD ASIC LVDT	 $0.00 
NZ0000002202	DISPENSER CONTROL BD ASIC LVDT	 $0.00 
NZ4450618727	DISPENSER CONTROL BD ASIC LVDT	 $0.00 
NZ0000001821	DISPENSER CONTROL BD ASIC NTS	 $1,193.76 
NZ4450630477	dispenser control bd asic nts	 $0.00 
19039130000A	DISPENSER LOCK MECH	 $120.58 
19039133000A	DISPENSER MNT BRKT, LF - 5070	 $43.85 
19039134000A	DISPENSER MNT BRKT, LR - 5070	 $39.47 
19039132000A	DISPENSER MNT BRKT, RF - 5070	 $43.85 
NZ0000001515	DISPENSER SHUTTER ASM - 5675	 $602.91 
NZ0000001685	DISPENSER SHUTTER ASSY	 $526.18 
NZ0000004105	DISPENSER SHUTTER FOR 6676	 $326.94 
00051029000A	DISPENSER TESTING FEE	 $2,250.00 
MSN90228000A	DISPENSER, #11-6 ENVELOPE	 $15.05 
TP799610TABS	DISPENSER/CASSETTES INDEX TAB	 $0.50 
WN000501700A	DISPENSING ROLLER SP	 $5.74 
TSN63153000A	DISPLAY	 $438.14 
BRPT0009000A	DISPLAY (NO TOUCHSCREEN)	 $0.05 
NZ0000004169	Display 15 in FDK A/R	 $768.60 
29003367000A	DISPLAY ASM.   ATM	 $169.65 
11035800000A	DISPLAY BD LCD W\LED BACK  04-	 $164.43 
890294120XXA	DISPLAY BOARD  1800R	 $0.02 
11042242000A	DISPLAY CABLE	 $188.44 
11050184000A	DISPLAY CONTROLLER FR RACK MTG	 $1,204.91 
11042236000A	DISPLAY COVER	 $91.03 
FJUSA0206176	DISPLAY LCD 10.4 STN COLOR	 $0.05 
NZ0000003136	DISPLAY LCD W/BACKLIGHT	 $1,024.95 
49001859000A	DISPLAY PANEL ASM #	 $596.51 
11065102000A	DISPLAY,10.4",LCD,UPGRADE,2 WY	 $1,685.72 
DM7935300000	DISPLAY,LCD,4 ZONE,PANIC KEYS,PROX,DOOR STRIKE	 $370.24 
DM7915300000	DISPLAY,LCD,4 ZONE,PANIC KEYS,WIEGAND INPUT,DOOR STRIKE,IVORY	 $342.45 
89028821000A	DISPLAY/GYYR#F5311224	 $61.27 
41027364000A	DisplayKEY USB Cradle	 $499.50 
39017017000A	DIST AMP HUB,16-CHAN,COAX BASED	 $3,165.28 
11042211000A	DISTANCE BUSH FOR MOTOR	 $15.95 
11042256000A	DISTANCE PLATE FOR KEYBOARD	 $109.70 
49008598000B	DISTR BOX	 $277.61 
TP799482007A	DISTRIBUTEURS AUTOMATIQUES DE	 $32.40 
TMMDSS00TABQ	DIT - MANUAL TM-MDSS21	 $0.45 
11050186000A	DITEK 2 PAR HYB MOD PLG 36V SU	 $158.93 
11050187000A	DITEK POWER INDUST SURGE PROTE	 $82.22 
11050188000A	DITEK SURGE PHONE JACK	 $339.82 
11050185000A	DITEK-LOW VOLT SUR PROT 4 CKT	 $109.51 
19039100000A	DIVERT ALIGNING PLATE-5070	 $10.96 
19039101000A	DIVERT LINE STUD - 5070	 $4.18 
21004758000A	DIVIDER	 $14.87 
29006439000A	DIVIDER	 $6.15 
49006167000A	DIVIDER	 $26.31 
MSN83830000A	DKA ASSB., 5/16-40 THRD.	 $42.31 
MSN89951000A	DKA ASSB., CSPY. - K.L. B&W	 $84.41 
19053113000A	DLU 1002,(2050 LOOK-ALIKE),ETHLAN ADPTR	 $803.32 
MSZ22093000A	DLU TO LAN ADAPTER CABLE 36"	 $22.46 
00051249000A	DM Advertising Services	 $90.00 
19061889000A	D-M CD BURNER INTERNAL FOR BX2CA,BX2D,BX2P	 $71.25 
19061888000A	D-M CD BURNER INTERNAL FOR ECO,D4,DS2A	 $150.73 
19061887000A	D-M COOLING FAN FOR BX2D,DS2AD,DS2PD,60X60X25X12	 $6.48 
19061885000A	D-M COOLING FAN FOR D4,DV21,DVP2,DS2A,40X40X20X5	 $7.16 
19061884000A	D-M COOLING FAN FOR DS2A,DS2P,EC9,DVIP,ECO4C,D 60X60X25X12	 $6.62 
19061878000A	D-M EXTERNAL POWER SUPPLY  FOR ECO,DS2,DS2A D4,REPLACES DM P/N VS-PSU72W-EXT	 $98.66 
11050191000A	DMC RECORDING KIT MICROPHONE	 $206.23 
11044597000A	DMP #333 SUPPRESSOR	 $20.42 
11065046000A	DMP XR5FC-UPDATE CHIP	 $5.48 
00017546R000	DNF KEY LOCK ASM	 $289.80 
89031091000B	DNVR OFFST & WAWA STAR ADV AGT	 $19.55 
89031093000A	DNVR PK IMAG STAR ADV COT AGLS	 $9.77 
1750364581	DO NOT USE (Use PN 11066671000A) SL E&M BEAM PBX Interface Box	 $6,353.10 
10010260000	--DO NOT USE, SEE 01-001026-0150	 $0.07 
BUIB05760000	--DO NOT USE, SEE BU-IB0576-000A	 $0.00 
19040175000A	DOC KIT,INSTL PLAN,MEDSELECT	 $18.90 
19040178000A	DOC KIT,PROD SPEC (LITHO),MEDSELECT	 $9.00 
19085387000A	DOC, PNC MV Software BLD 88 for DBD 7700/5500 Only Cookbook	 $8.55 
19085385000A	DOC, USBank Offsite or Armored Upgrade ATM 2017-1 Remote Rev1A Cookbook	 $17.24 
89030355000A	DOC,QUICK SETUP GUIDE,DVMS	 $15.18 
19048095000A	DOCKING STATION,RCDR,VID,DIG,4X10	 $1,312.70 
49258508000C	DOCKING SW ASSEMBLY	 $65.14 
49258508000D	DOCKING SW ASSEMBLY	 $65.14 
TP799256000A	DOCS MANUAL	 $54.90 
19056546000A	DOCUMENT HOLDER,RDR	 $41.21 
TP790978000A	DOFS PRODUCT DESCRIPTION	 $3.18 
00050814000F	DOLLARS WRAPPERS-BLACK	 $4.75 
11051556000A	DOME	 $480.63 
11038055000A	DOME        PELCO	 $252.13 
11038083000A	DOME  - PELCO	 $537.41 
11038440000A	Dome - Pelco 70610005-05	 $68.24 
11036968000A	DOME ASM          PELCO	 $255.69 
11065009000A	DOME BASE, I/O BOARD, BLK	 $514.40 
11065020000A	DOME BUBBLE,ULTRA,SMOK,F0.5,RE	 $156.21 
BLTC12432000	Dome Camera	 $644.02 
11038437000A	Dome Camera B \ W	 $3,007.49 
11050194000A	DOME HORN STROBE STOPPER	 $68.08 
19047308000A	DOME HSG,IN-CEILING MT,INDOOR,6.3IN,CHARCOAL	 $144.90 
11065510000A	DOME KIT,ULTRA VII,INDOOR,INCL	 $3,623.40 
11050195000A	DOME LIGHT	 $68.52 
11050196000A	DOME LIGHT 2 BULB 1 WH LENS	 $29.74 
19058415000A	DOME MDL,CAMR,CORNER MT,CLEAR DOME,STAINLESS STEEL	 $422.04 
19058420000A	DOME MDL,CAMR,FLUSH MT,CLEAR DOME	 $376.82 
19058407000A	DOME MDL,CAMR,SURF/FLUSH MT,1/2 TINT	 $195.95 
19058406000A	DOME MDL,CAMR,SURF/FLUSH MT,CLEAR	 $187.05 
19058413000A	DOME MDL,CORNER MT,CLEAR DOME	 $371.62 
19058446000A	DOME MDL,SQUARE DOME,SURF MT,AUD,1/2 TINT	 $617.99 
19058444000A	DOME MDL,SQUARE DOME,SURF MT,CLEAR	 $474.80 
19058448000A	DOME MDL,SQUARE DOME,SURF MT,UTP INTFC,CLEAR	 $532.35 
BTC740200000	DOME MODULE FOR AUTODOME   CLE	 $135.00 
BTC740100000	DOME MODULE FOR AUTODOME  TINT	 $240.12 
ULKZ0224UW0K	DOME POWER SUPPLY, OUTDOOR	 $481.12 
11050197000A	DOME RUGGED HIGH RES COLOR VA	 $907.38 
11051743000A	DOME RUGGED HIGH RES COLOR,VAR	 $848.46 
ULKDTR24WSP0	DOME,PWR SPLY,0.15 IN,W/SURGE,HTR/BLO	 $517.13 
ULDESS140000	DOME,SURGE SUPPR LIGHTNING,NEW INSTL	 $214.86 
11065521000A	DOME,ULTRA CAMERA MODULE,IMAGE	 $3,529.25 
11065007000A	DOME,ULTRA VII,COLOR CAMERA MO	 $2,600.38 
ULDU15TW0000	DOME,WEATHER TOP,0.15 IN,W/UNIV PL	 $503.15 
ULKDDU15TW00	DOME,WEATHER TOP,0.15 IN,W/UNIV PL	 $475.20 
39010090000A	DOOR	 $70.93 
49213744000A	DOOR	 $38.00 
48021260000A	DOOR - FINAL ASSY *4300	 $733.19 
41027282000A	DOOR ADJUSTER KIT, BFGS	 $4.89 
BRP00297000A	DOOR ADJUSTMENT CAM	 $0.05 
21019772000A	Door Arm	 $148.66 
21019772000B	DOOR ARM	 $616.42 
28020684000F	DOOR ARM	 $253.49 
31020759000B	DOOR ARM ASSEMBLY	 $294.38 
1750353545	DOOR ARM,ASSY	 $98.70 
21021690000A	DOOR ARM,ASSY	 $66.54 
17002203000B	DOOR ASM   M SAFE 187-20	 $1,540.31 
11038438000A	Door Asm  - Pelco	 $197.32 
32001474000T	DOOR ASM-SF	 $147.42 
TSN90462000A	DOOR ASSB,LOWER	 $0.00 
41016502000B	DOOR ASSEMBLY	 $3,381.61 
21021408000A	DOOR BARS CABLE TRANSFER CORD	 $64.64 
41018459000B	DOOR BUMPER	 $218.55 
11035948000A	DOOR CLOSED/AUTO/SWITCH      E	 $42.05 
BRP00185000A	DOOR CONNECTING LINK	 $0.05 
11050198000A	DOOR CONTACT	 $8.80 
19056574000A	DOOR CONTACT,MAGNET,RECESSED DOOR	 $12.92 
19058113000A	DOOR CONTACT,OVERHEAD,ADJ MAGNET,24 IN ARMORED CA	 $24.36 
19048292000A	DOOR CONTACT,RECESSED,0.375 IN,BRWN,10-PACK	 $5.00 
19048294000A	DOOR CONTACT,RECESSED,0.75 IN,BRWN,10-PACK	 $7.50 
19048295000A	DOOR CONTACT,RECESSED,0.75IN,WHT,10-PACK	 $3.04 
19048290000A	DOOR CONTACT,SURF MT,BRWN,10-PACK	 $7.08 
19048291000A	DOOR CONTACT,SURF MT,WHT,10-PACK	 $7.08 
BRP00182000A	DOOR CONTROL MOUNT	 $0.05 
41027130000A	Door Control Timer	 $479.52 
37000871000J	DOOR COVER	 $31.27 
37000918000E	DOOR COVER	 $13.41 
37000918000F	DOOR COVER	 $30.72 
41019246000A	DOOR COVER ASSEMBLY	 $57.56 
BRP00184000A	DOOR CRANK	 $0.05 
31018428000A	DOOR FNSH PL,5 X 15,RH SWING	 $11.88 
11050199000A	DOOR FOR CAB14B SERIES WALLBOX	 $892.97 
11050200000A	DOOR FOR CAB21B SERIES WALLBOX	 $844.93 
11050201000A	DOOR FOR CAB7B SERIES WALLBOX	 $505.54 
38010457000A	DOOR FRAME	 $6.08 
BRP00186000A	DOOR FRICTION SHAFT	 $0.05 
BRP00187000A	DOOR FRICTION WASHER	 $0.05 
31020754000A	DOOR GASKET	 $2.70 
39008009000A	DOOR GUIDE,LEFT	 $5.62 
39008010000A	DOOR GUIDE,RIGHT	 $5.62 
11043840000A	DOOR HANDLE SIDE UPRIGHT HA45	 $528.26 
TS4368845980	DOOR HANDLE-MIDDLE DR	 $19.12 
11048038000A	DOOR HARD BUMPER	 $33.62 
BRP00728000A	DOOR HARNESS	 $0.05 
27000731000L	DOOR HAT SECTION	 $4.68 
17001977000A	DOOR HINGE  127-CHEST	 $2.21 
10571990000	DOOR HINGE ASM	 $16.58 
32005004000B	DOOR HINGE,DIE CAST,03.00 HI	 $83.43 
32005011000B	DOOR HINGE,DIE CAST,03.00 X 10.00,SGL	 $5.21 
32005012000B	DOOR HINGE,DIE CAST,03.00 X 10.00,SGL	 $73.31 
49214849000A	DOOR HINGE,STKR CST	 $26.45 
11050205000A	DOOR HLDR SGL FLR MOUNT 120VAC	 $136.09 
11050207000A	DOOR HOLDER SURFACE MOUNT	 $127.82 
11050202000A	DOOR HOLER FLSH WAL MONT 24VAC	 $128.37 
11050211000A	DOOR LOCK POWER SUPPLY 12VAC	 $232.76 
11040746000A	DOOR PLATE	 $360.31 
31020756000A	DOOR PLATE	 $33.60 
1750366412	DOOR PLATE VAT 21	 $10.23 
21019626000A	DOOR PLATE VAT 21	 $89.17 
39007807000B	DOOR PULL	 $8.92 
11050212000A	DOOR RELEASE BUTTON	 $118.85 
RRDOOR000000	DOOR REPAIR AND RETURN	 $0.05 
11038508000A	DOOR ROLLER LIMIT (SM.) SWITCH	 $48.01 
18000857000A	DOOR ROLLER SHAFT	 $52.84 
21019405000A	DOOR SEAL	 $1.51 
21014201000A	DOOR SEAL-\'P\' *03187     ORDER REQ	 $2.65 
41027138000A	DOOR SENSOR ASSY 18" NO HOUS - Option	 $93.24 
11066339000A	Door Sensor Ceiling Mount	 $480.38 
21021413000A	DOOR SIGNS - ENGLISH/SPANISH	 $150.82 
NZ0000002793	DOOR SLIDE TOP - 5685	 $208.28 
ESNA02249003	DOOR SOUNDER MOOSE MPI47	 $30.15 
31020757000A	DOOR SPACER	 $30.12 
11065781000A	DOOR SPRING	 $5.09 
17002015000A	DOOR SPRING	 $0.32 
41020034000A	DOOR STOP, ALUM, 22IN	 $150.82 
41019185000A	DOOR STOP, ALUM, 39IN	 $159.44 
11065808000A	DOOR STRIKE	 $2.47 
19042287000A	DOOR STRIKE W/PREP FACE PLATE & LATCH BOLT MON	 $480.38 
41019591000A	DOOR SWEEP, ALUM, 31 IN	 $199.54 
41019188000A	DOOR SWEEP, ALUM, 39IN	 $172.37 
31019816000P	DOOR W/ST STL FIN PL	 $88.25 
10585470000	DOOR& HINGE PLATE 125&126 CHES	 $51.01 
MSN88935000A	DOOR, 4 1/16H X 15 15/16W MODU	 $0.00 
L20200300000	DOOR, INNTER TRIM (LOCKING BOL	 $46.67 
49207606000D	DOOR, MIDDLE	 $28.92 
NZ0000002482	DOOR, ROLLER	 $0.02 
MSN86790000A	DOOR, TERMINAL	 $586.44 
L20200460000	DOOR, TOP TRIMN ANGLE(R/H)	 $53.35 
39011967000A	DOOR,ACS,1064	 $27.84 
49214536000B	DOOR,BIN 2	 $54.87 
49203059XXXB	DOOR,COIN,TTW ATM	 $9.22 
41024132000F	DOOR,DIECAST PNTD,DBL NOSE,3X10,LH	 $29.56 
41024132000E	DOOR,DIECAST PNTD,DBL NOSE,3X10,RH	 $29.56 
41024132000D	DOOR,DIECAST PNTD,DBL NOSE,5X5,LH	 $24.17 
41024132000C	DOOR,DIECAST PNTD,DBL NOSE,5X5,RH	 $24.17 
41024276000E	DOOR,DIECAST PNTD,SGL NOSE,3X10,RH	 $29.56 
41024276000D	DOOR,DIECAST PNTD,SGL NOSE,5X5,LH	 $24.17 
41024276000C	DOOR,DIECAST PNTD,SGL NOSE,5X5,RH	 $24.17 
49006293000A	DOOR,ENV SPLY	 $125.96 
11047389000A	DOOR,FRNT,PLEXIGLASS,USPS ONLY	 $601.70 
19056554000A	DOOR,FRONT,PLEXIGLASS,44SP,BLK	 $871.84 
49256424XMRB	DOOR,PASSBOOK,GAL	 $31.03 
49256424XXXB	DOOR,PASSBOOK,GAL	 $31.03 
19056529000A	DOOR,PLEXIGLASS,35 IN	 $616.75 
41014670000B	DOOR,REAR COV CHST,TL-15/TL-30	 $86.51 
11047390000A	DOOR,REAR,SOLID/VENTED,USPS ONLY	 $399.65 
19056528000A	DOOR,SOLID,35 IN	 $354.14 
TSN89155000A	DOOR,TEMP-L	 $540.75 
TSN89156000A	DOOR,TEMP-R	 $540.75 
11062412000A	DOOR/WINDOW XMTR, W/MAGNETS	 $43.65 
11051199000A	DOORKING 14' ALUMIMU GATE ARMS	 $228.15 
11050213000A	DOORKING ACCESS CONTROL SYSTEM	 $140.35 
11051200000A	DOORKING HRDWR KIT UPGRD TO AL	 $273.37 
11050210000A	DOR HLD SRFAC WAL MNT 24VAC 24	 $107.70 
11050209000A	DOR HLD SRFC WAL MNT 24VAC DC	 $107.70 
11050208000A	DOR HLD SURFAC WAL MNT 120VAC	 $107.42 
11050204000A	DOR HLDR FLH WAL MNT SHT CT PL	 $104.85 
11050203000A	DOR HLDR FLSH WAL MNT 24VAC 12	 $82.43 
11050206000A	DOR HLDR SGL FLR MNT 24VAC 120	 $133.43 
11050214000A	DORADO MAG STRIPE CARD	 $4.80 
11051745000A	DORTHONICS EXIT BUTTON	 $137.03 
TM000275001A	DOT MATRIX JOURNAL PRINTER ON-SITE REPAIR MANUAL	 $117.00 
TM000286001A	DOT MATRIX JOURNAL PRINTER PROGRAMMERS REFERENCE MANUAL	 $118.80 
TP799228000A	DOTS 903/905/906/912 MANUAL	 $28.80 
TP790981000A	DOTS 910/911 MANUAL (REL. 3.0)	 $28.80 
11043430000A	DOUBLE BAGGING KIT, 2 COINS	 $415.80 
05000522000A	DOUBLE CABLE SET FOR 05-521-A	 $30.69 
11051603000A	DOUBLE DOOR MAG	 $707.68 
00050551000C	DOUBLE DUTY COIN TRAYS  DIMES	 $4.45 
00050551000E	DOUBLE DUTY COIN TRAYS  HALVES	 $4.45 
00050551000B	DOUBLE DUTY COIN TRAYS  NICKEL	 $4.45 
00050551000A	DOUBLE DUTY COIN TRAYS  PENNIE	 $4.45 
00050551000D	DOUBLE DUTY COIN TRAYS  QUARTE	 $4.45 
00050551000F	DOUBLE DUTY COIN TRAYS SBA	 $4.45 
19074400000A	double gang blank cover plate (white)	 $3.37 
WN007000083A	DOUBLE GEAR	 $12.39 
WN007000055A	DOUBLE GEARWHEEL Z33 Z29	 $11.48 
11050219000A	DOUBLE MAG LOCK 2DSS 12/24VDC	 $1,044.00 
11050220000A	DOUBLE MAGNET DOOR LOCK 1200LB	 $707.68 
00017548L000	DOUBLE NOSE KEYLOCK	 $140.65 
00017568R000	DOUBLE NOSE KEYLOCK	 $173.34 
00017518L000	DOUBLE NOSE LOCK ASSEM	 $53.42 
49258375000A	DOUBLE TAPE	 $0.86 
00030330000C	DOUBLE WIDTH KEY TRAY 324 UNNUMBERED SLO	 $106.46 
49256476000A	DOWEL PIN	 $0.88 
11038034000A	DPAL 2 CHIP	 $68.52 
00050470000A	DPT RIBBON CARTRIDGE	 $18.90 
TS4364858661	DR GEAR-TAPE FEEDING UNIT	 $2.73 
41019390000A	DR RVT,ASSY L/S,SU-3-C,BEST	 $98.15 
41019379000A	DR RVT,ASSY R/S,SU-4-2C,BEST	 $82.49 
49021997XXXA	DR,FCA	 $0.00 
49024478000A	DR,HSG,PRCSR	 $61.38 
11050221000A	DR2 RUG DME 500TVL WDR 9 22MM	 $1,071.54 
11051746000A	DR2 RUGGED DOME540 TVL,9-22MM	 $1,003.33 
11036826000A	DRAWER ASM, W/LOCK, LETTER	 $270.86 
41022239700G	DRAWER ASSY,LTR W\O KY LK	 $343.66 
11065831000A	DRAWER BODY	 $219.77 
11036834000A	DRAWER BODY, 43" WIDE	 $270.86 
29010765000A	DRAWER C,HLDR,MAG	 $10.23 
38020090000A	DRAWER CABLE ASM *03100	 $54.87 
01038360L000	DRAWER CHANNEL 135-20-21	 $22.84 
01038360R000	DRAWER CHANNEL 135-20-21	 $22.84 
11066408000A	Drawer Door Assembly	 $533.84 
11042229000A	DRAWER FOR CLEANING SYS	 $106.35 
11032162000A	DRAWER GUIDE - CL - 4017	 $4.10 
11036836000A	DRAWER HEAD, LOCK, 43" WIDE	 $529.78 
41014504077A	DRAWER HEAD,OUTER	 $117.84 
41014504088A	DRAWER HEAD,OUTER	 $106.88 
41014507000A	DRAWER HEAD,OUTER	 $114.93 
41014507077A	DRAWER HEAD,OUTER	 $120.06 
41014507088A	DRAWER HEAD,OUTER	 $120.06 
11036839000A	DRAWER HEAD.NO LOCK, 36"WIDE	 $426.61 
02025656L000	DRAWER LOCK BOLT	 $3.39 
41017325000A	DRAWER MODULE	 $4,255.26 
32001773000B	DRAWER PULL (PLASTIC)	 $27.77 
41017350000A	DRAWER SLIDE	 $21.98 
41022239120M	DRAWER,1 FLAT	 $663.62 
00022113077A	DRAWER,FR	 $147.75 
41015283000A	DRAWER,MEDSELECT	 $3.16 
11065486000A	DRDC-24 DIN RAIL MOUNT	 $255.29 
19062731000A	DR-EP EXTENSION FOR PENDANT MOUNT	 $116.20 
19062734000A	DR-FM CEILING FLUSH MOUNT	 $66.32 
19062729000A	DR-ICM INSIDE CORNER MOUNT	 $81.12 
MSN51339000A	DRILL, CORDLESS, 3/8	 $691.47 
11032749000A	DRILLED BOLT	 $35.55 
11032730000A	DRILLED FL SOC HD * 3489 CREW -	 $14.61 
49010798000A	DRIP TRAY	 $101.35 
MSN65420000A	DRIVE ASSB., DISK - 320K	 $0.00 
27001158000A	DRIVE BAR ASM	 $4.64 
30021700000	DRIVE CAM	 $7.34 
30021810000	DRIVE CAM	 $69.70 
31016347000A	DRIVE CAM  5/16-40 THREAD  180	 $2.06 
11033259000A	DRIVE CAM LA GARD 1804	 $3.16 
21017433000B	DRIVE CPLG	 $62.64 
NZ0000002231	DRIVE FIX 3.5 1.2GB IDE SEAGAT	 $548.10 
NZ0000001209	DRIVE FIX 540MB	 $295.97 
89031571000A	Drive Flash 32gb Blank	 $69.86 
NZ0000001071	DRIVE FLX 1.44MB	 $109.62 
NZ0000002074	DRIVE GEAR - 18 TOOTH	 $5.48 
NZ0000003028	DRIVE GEAR 36T,ARIA PICK UNI	 $3.83 
FJ0007774467	DRIVE GEAR CA02395-Y321	 $0.05 
TS4364349250	DRIVE GEAR STRAP DR UNIT	 $5.46 
TS4363983833	DRIVE GEAR-STRAP DR UNIT	 $2.73 
TS4368841301	DRIVE GEAR-STRAP DR UNIT	 $641.80 
49201061000C	DRIVE LINK,PARTITION	 $10.53 
11037229000A	DRIVE MOT	 $107.65 
NZ0000001486	DRIVE MOTOR-OLD STYLE	 $174.71 
19042344104A	DRIVE PULLEY	 $90.72 
11041173000A	DRIVE REPLACEMENT KIT	 $11,244.05 
BRP00832000A	DRIVE RING	 $0.05 
TS4362575172	DRIVE ROLLER (RUBBER),SFT-DR	 $182.98 
TS4368835081	DRIVE ROLLER-RUBBER-SFTDRRLRH	 $120.17 
TS4368835071	DRIVE ROLLER-TRANS STRAP	 $81.94 
89028509000A	DRIVE SCREW, O TYPE "U"	 $0.34 
21014821000A	DRIVE SHAFT	 $135.50 
89029880000A	DRIVE SHAFT      VSS306/400	 $18.20 
11015388000A	DRIVE SHAFT   OLD STYLE	 $60.83 
NZ0000002637	DRIVE SHAFT (4) ROLL	 $53.83 
11047201000A	DRIVE TRAY,RMVBLE	 $205.54 
41024420000B	Drive Up Metrics Vehicle Sensor Mount Assembly (New Construction in quazite box)	 $189.92 
19083519000A	Drive Up Paging Transformer SECO-LARM  ST-UV12-S2.0  Q#00204	 $56.20 
19082534000A	Drive Up Paging Transmitter	 $481.07 
NZ0000002529	DRIVE WHEEL	 $0.02 
38010626000A	DRIVE WHEEL ASSY	 $306.73 
48010524000A	DRIVE YOKE ASSY	 $2,850.37 
21017273000A	DRIVE,SPARE,2.0 RAID	 $9,690.93 
21017581000A	DRIVE,TAPE,ATAPI	 $804.18 
39013049001A	DRIVE,TAPE,B/U 250MEG	 $785.63 
TSN91305000A	DRIVE,TENSION	 $16.39 
11065615000A	DRIVER 278-XX MONEY SAFE	 $22.38 
41020704000R	DRIVER ASSY,LEFT	 $17.24 
TS4368896610	DRIVER BOARD TD1	 $3,550.37 
10563910000	DRIVER CAM	 $0.24 
10644300000	DRIVER CAM - VOID	 $0.32 
MSN73618000A	DRIVER, CD120 LOCK	 $0.00 
MSN73619000A	DRIVER, MR120 LOCK	 $0.00 
11037494000A	DRIVER,SCRTY SCREW,HDL & TIP	 $49.33 
11049500000A	DRIVR TUMBLR PINS STEEL ASSOR	 $0.31 
19062728000A	DR-OCM OUTSIDE CORNER MOUNT	 $81.12 
11047462000B	DROP CEILING MT KIT,JOIST/TRUSS,BLK	 $504.25 
TSN94676000A	Drop Down Jam Assb	 $14,911.53 
41018399000A	DROP FLANGE, LT	 $86.36 
41018398000A	DROP FLANGE, RIGHT	 $86.36 
11041727000A	DROP FRAME ASSEMBLY	 $1,627.03 
11051631000A	DROP PIN LOCK	 $175.27 
19062732000A	DR-PDM PENDANT MOUNT FOR DOME	 $105.24 
19062730000A	DR-RCM RUGGED CORNER MOUNT	 $116.20 
19062733000A	DR-RWM WALL MOUNT ARM FOR DOME	 $116.20 
MSN74924000A	DRUM, AIR REVERSING VALVE	 $46.67 
TSN89140000A	DRUM,BRAKE-BLK-2	 $84.66 
31016836000A	DRV CAM,4 WAY	 $5.90 
49017849000B	DRV WHL,THRM RCPT PRNTR,58.0MM	 $20.70 
21018935000A	DRV,FLPPY,3.5 IN,120MB	 $213.76 
31018663000A	DRVR,DIG AUD TAPE	 $1,149.15 
00050621000C	DRV-UP FORMS DISPR	 $720.57 
00050621000A	DRV-UP FORMS DISPR,W/BASE	 $1,080.00 
00050621000B	DRV-UP FORMS DISPR,W/HOLLOW BASE	 $1,182.20 
18000859000A	DRW ROLLER SHAFT	 $9.29 
00051571000A	DryKlean Card Cleaner Pack	 $63.00 
000515710DDA	DRYKLEAN CARD CLEANER PACK	 $21.27 
11050222000A	DS1	 $65.77 
ESNA02249005	DS970 MOTION DETECTOR	 $200.06 
11050224000A	DSC 16-128 ZONE SECURITY PANEL	 $485.68 
TP790933000A	DSC OPERATION GUIDE	 $15.30 
TM000155001A	DSDC FOR NCR 56XX/58XX USER GD	 $107.10 
19038101000A	DSKTE,ATP REF	 $595.35 
00050493000B	DSKTE,BLANK,3.50 IN,DS/DD,BOX	 $42.53 
00050384000A	DSKTE,BLANK,8.00 IN	 $29.70 
19038149000A	DSKTE,BTP SYS DGNSTC	 $595.35 
19038231000A	DSKTE,CMD,EPP,473X EMLTN,COML DES	 $567.00 
19035336000A	DSKTE,CMD,EPP,473X EMLTN,FULL/COML DES	 $595.35 
19042209000A	DSKTE,CTP VID DRVR UPD	 $5.48 
19035338000B	DSKTE,DEBUG,EPP	 $595.35 
19050066000A	DSKTE,DRVR,SB,OS/2	 $24.57 
19038361000A	DSKTE,PIN PAD LOADER	 $567.00 
19035337000A	DSKTE,UTIL,EPP	 $595.35 
11044733000A	DSL Filter	 $49.45 
BRP01026000A	DSL FILTERS	 $0.05 
11050225000A	DSM-12 24R	 $41.11 
89029861000A	DSP BOARD         ICD-7024	 $959.18 
49001649000A	DSPL PNL,ANNUN,6 STA,W/STAT	 $385.62 
29001983000A	DSPL,LCD,RMT PT	 $91.76 
39003021000A	DSPL,LCD,STAT	 $69.78 
29001982000A	DSPL,LCD,TIME	 $58.82 
19033372000A	DSPL,LED,07 SEG,NUM,RED	 $8.92 
ULA50002000A	DSPLY EXT PNL,DEP-32	 $767.34 
31020145000B	DSPLY,8X16,ACM	 $319.37 
31020258000B	DSPLY,ACM,ONE ON ONE	 $646.98 
ULB30038000A	DSPLY,REMOTE,W/KYPD,12-DIGIT	 $328.86 
QS1600TC2007	DST FIRMWARE UPGRADE 1600	 $205.54 
QS1700TC2007	DST FIRMWARE UPGRADE 1700	 $205.54 
11065511000A	DSU8-35X,NTSC,BLK	 $3,630.27 
89031279034A	D-SUB BASE	 $6.88 
19039103000A	D-SUB CONNECTOR CNVRT KIT - 50	 $109.62 
TMDTUP15000D	DT-CPU UPGR KIT INSTL GUIDE	 $1.25 
11050226000A	DTK 120	 $77.62 
11050227000A	DTK 1LVLP	 $62.90 
11050228000A	DTK LVLP	 $68.52 
11065266000A	DTU 16D WHITE-PUSH BUTTON PHON	 $327.76 
11042571000A	DU2000023 LIMIT BLOCK -COIN DI	 $17.24 
11065977000A	DUAL ARM FULLY ADJ WALL MOUNT	 $68.63 
11038690000A	Dual Battery Harness	 $27.41 
41014402000G	DUAL BLOWER ASSY	 $2,377.48 
11050229000A	DUAL BUTTON EMER PHN INF&EMERG	 $1,945.76 
11050230000A	DUAL CONTACT ZNE MODULE 1 SPC	 $362.57 
11035811000A	DUAL CONTROL READER     MS-560	 $3,288.60 
11050231000A	DUAL D-CELL LITHIUM BATTERY PK	 $22.62 
11041161000A	DUAL DOOR CONTROLLER (DDC) CCA	 $2,192.40 
11050232000A	DUAL INPUT RISR MODULE UIO MNT	 $99.23 
11050236000A	DUAL INPUT SECURITY MODULE	 $80.02 
00051395000D	DUAL KEY CABINET-60 CAPACITY	 $331.90 
00051395000E	DUAL KEY CABINET-80 CAPACITY	 $556.65 
BRP01022000A	DUAL PHONE LINE TESTER	 $0.05 
NZ0000003150	DUAL PICK UNIT 5305	 $1,370.25 
NZ0000003038	DUAL PICK WIRE HARNESS	 $515.21 
IKDR905A0000	DUAL RACK KIT FOR 9" MONITORS	 $187.92 
11050240000A	DUAL READER INTERFACE MODULE	 $986.58 
11050241000A	DUAL RELAY CARD	 $1,079.49 
19053096000A	DUAL RELAY OUTPUT FOR REMOTE 16 I/O	 $41.77 
49257450000A	DUAL ROLL OPTION KIT,PRINTER,RECEIPT	 $1,525.28 
11050244000A	DUAL SYNC MODULE	 $134.83 
11050245000A	DUAL TEC MOTION SENSOR	 $120.92 
11050246000A	DUAL TELE LNE ONY SURGE SUPPRE	 $26.40 
11050247000A	DUAL ZONE EXPANDER MODULE	 $153.47 
11050254000A	DUC SMK DET TST ST 2 GNG PLAS	 $95.98 
11051552000A	DUCT DET	 $220.18 
11050252000A	DUCT SMK DET HOUS FR SIGN SER	 $226.06 
11050255000A	DUKANE PWR SUPPLY 3.2V 24VDC	 $651.69 
11050256000A	DUKANE TERMINAL BOARD	 $27.41 
11050235000A	DUL INPT RISR MOD USE FOR SWTC	 $158.95 
11050238000A	DUL LNE DALR MNT TO MN CPU MOD	 $351.48 
BTC652D00000	DUMMY CAMERA   NO LENS	 $224.46 
00106924000C	DUO PROX II CARDS MODEL 1336	 $4.46 
11036885000A	DUPLEX EQUALIZER PC BOARD	 $130.45 
11065205000A	DURAGLIDE SUSPENSION/WALGREENS	 $115.77 
PLE706130000	DUST TITE CMA ENCL NO VISOR 6	 $500.23 
TS4368847870	DUST TRAY DETECTOR	 $292.22 
11050257000A	DUTY STATION	 $114.19 
89030383000A	DV18/8-DUK	 $260.35 
49022673000I	DV1-SE W/36GB SCSI HD	 $6,166.13 
49022673000L	DV1-SE-DV W/36GB SCSI HD & 5.2GB DVD	 $7,673.40 
49022673000E	DV1-SS W/18GB SCSI HD	 $5,481.00 
49022673000H	DV1-SS-DV W/18GB SCSI HD & 5.2GB DVD	 $6,988.28 
19048685000A	DVC SERVER,SER	 $539.88 
19048686000A	DVC SERVER,SER	 $432.57 
11051329000A	DVD BURNER (PATA CONVERSION)	 $41.11 
11051328000A	DVD BURNER (SATA DRIVES)	 $202.80 
89030970000A	DVD PLAY TRAINING MANUAL REV 2	 $175.93 
41020449000A	DVD/CD-RW	 $262.86 
29010753000A	DVDR,'A',DWR MDL	 $0.41 
29010754000A	DVDR,'B',DWR MDL	 $0.53 
19063740000A	DVDRW	 $221.99 
11046662000A	DVDRW,INTERNAL	 $219.24 
11041026000A	DVMS DISK DRIVE, BRKT	 $98.15 
19042823000A	DVMS100,SCSI,300GB,EXT CAP STOR,MINI-TOWER	 $10,276.88 
19042823000B	DVMS100,SCSI,600GB,ULTRA CAP STOR,MINI-TOWER	 $13,702.50 
19042825000A	DVMS1600,SCSI,300GB,EXT CAP STOR,MINI-TOWER	 $10,276.88 
19042825000B	DVMS1600,SCSI,600GB,ULTRA CAP STOR,MINI-TOWER	 $13,702.50 
19042824000A	DVMS400,SCSI,300GB EXT CAP STOR,MINI-TOWER	 $10,276.88 
19042824000B	DVMS400,SCSI,600GB,ULTRA CAP STOR,MINI-TOWER	 $13,702.50 
11065192000A	DVR 23660-502	 $2,055.38 
11065191000A	DVR 23662-504	 $2,055.38 
BUFN0006000A	DVR INTEGRATION TO CS GOLD	 $3.60 
RRDVRRET0000	DVR RETENTION PROGRAM	 $0.05 
19049793000A	DV-S16 COMMON OPERATING PROCEDURES	 $19.46 
19049973000A	DV-S16 COMMON OPR PROCEDURES M	 $18.57 
19041941000A	DV-SC-E-A,36GB SCSI HD	 $1,238.71 
19041940000A	DV-SC-S-A,18GB SCSI HD	 $959.18 
41021426000A	DWR ASM,FILE L/S,DEADBOLT	 $395.28 
41022239130I	DWR ASSY LTR 25 IN W/KY LK	 $663.62 
41022239300E	DWR BACK INSR,LTR,36 IN W,SD TO SD	 $86.18 
41013488000A	DWR BODY	 $181.29 
21015016000A	DWR CATCH	 $1.94 
41022239130O	DWR HEAD,LEGAL,W\O KY LK	 $255.96 
41015341000A	DWR,RTN	 $28.33 
TMMDSS00TABU	DX PROCESSOR (ETP) - TMMDSS17	 $0.45 
11044756000A	DYNAKEY ASM ACTIVE NCR 7452	 $893.03 
11050258000A	DYTEK BNC SURGE PROTECTOR	 $87.31 
11050259000A	E 104	 $80.26 
11043561000A	E CLIP 1/4"	 $2.00 
11048592000A	E KEYBLANK	 $6.24 
11040743000B	E LEARN NETWORK DIAL	 $4.53 
MSZ79434660A	E RING 7/32 DIA. SHAFT	 $0.09 
00052203000A	E6H-9 DIGIT STAMP/HOLDER	 $273.15 
11065931000A	E80 COOLING FAN	 $82.35 
11050263000A	E90 2475C FW	 $98.66 
11050264000A	E90 SPEAKER GRILL WHITE	 $7.92 
AA000504000B	EAGLE A.H.D. SERVICE MANUAL	 $141.30 
00051329000A	EARBUD - BOX OF 50	 $720.00 
TSN90469000A	EARING,MB0806DU	 $2.35 
TP820384001A	easy aire one way multi point	 $6.30 
TP820150001E	EASY-AIR 10 AND VAT 30 INSTALLATION MANUAL	 $36.00 
AA000749000E	EASY-AIRE 10 AND VAT 30 SERVICE AND PARTS MANUAL	 $158.40 
41016966000C	Easy-Aire 10 Carrier Assembly	 $3,287.31 
TP820357001A	EASY-AIRE INSTL MANUAL MULTPNT	 $11.70 
TP820576001C	EASY-AIRE TWO-WAY POINT-TO-POINT INSTALLATION GUIDE	 $9.90 
TP820575001A	EASY-AIRE TWO-WAY POINT-TO-POINT OPERATING GUIDE	 $6.30 
MSN83756000A	ECCENTRIC ASSB., LOCK ROD *FIR	 $0.00 
17010749000A	ECCENTRIC BLOCK	 $2.19 
BUFCO279000A	ECKI AND ACM FIRMWARE ENHANCEM	 $1.12 
TS4364405010	E-CLIP EING FOR PIPE SHAFT	 $0.78 
00052264000A	ECR Cleaning Card Pack	 $61.43 
00052109000A	ECR COVER WITH BAG	 $36.00 
19070344000A	ECR/ECD - CA ALARM, SILENT SIGNAL, 220	 $64.64 
89031434000A	ECR/ECD WORKBOOK	 $175.93 
19070382000A	ECR/ECD-DISPENSER FASCIA ASSEMBLY,ECD 220	 $616.21 
TP820463001E	EDCView Installation Manual	 $3.60 
21019478000A	EDGE PRTCTR, HANGING STRAP	 $5.72 
TMEXPD90000A	EDT W/IX SAFE CABLING MANUAL	 $117.00 
11050265000A	EDWAREDS RED MINI HORN	 $13.71 
BRP00908000A	E-ELEC SWITCH CS3000	 $0.05 
89031119000A	EEPROM,IC SRL EEPROM 64K LP LV	 $2.85 
BRP00909000A	E-I-BUTTON CS3000	 $0.05 
BRP00910000A	E-I-BUTTON LOGICBOARD CS3000	 $0.05 
89029191000A	Eject post cover  VSS305	 $17.93 
BRP00977000A	EJECTOR MOTOR	 $0.05 
18001508000A	EJECTOR PIN	 $4.17 
NZ0000004178	EK333 6628	 $13.36 
NZ0000002775	EKC-SDC CONTROLLER PCB	 $0.02 
10275180000	EL STP NT1/4-20	 $0.11 
19014254000A	ELBOW DEL MOD TYPE 11  1323	 $9.53 
TS4368852121	ele fuse wire-tape feed unit	 $21.85 
11050269000A	ELEC HNGE 4 5"X4 5" STNLS 6 WR	 $338.18 
38020508000A	ELEC LINING BACK	 $571.20 
11050266000A	ELECT 24V SOLENOID VON DUPRIN	 $271.56 
BOIOUTLET000	ELECT OUTLET FOR BTC9340A HSG,	 $20.88 
48010518000A	ELECT PANEL ASSY WITH BRAKE	 $1,497.74 
AA000430TABG	ELECT SECURITY ACCESSORIES IND	 $0.45 
NZ0000002882	ELECTRIC BOX ASSY 120V 5886	 $1,446.98 
11050267000A	ELECTRIC CONTROL HEAD	 $736.89 
38020506000A	ELECTRIC LINING	 $218.69 
39002243000A	ELECTRIC LINING COVER	 $70.79 
11051596000A	ELECTRIC STRIKE	 $701.54 
11051749000A	ELECTRIC STRIKE	 $423.50 
TS4365692451	ELECTRICAL FUSE WIRING,WRG,HEATER	 $71.01 
19057422000A	ELECTROMAGNETIC STRIKE,FAIL SECURE,24VDC	 $587.40 
TP821490001B	ELECTRONIC DATA CAPTURE (EDC),	 $5.40 
TP821596001A	ELECTRONIC DATA CAPTURE (EDC),OPERATING GUIDE	 $5.40 
BRP00040000A	ELECTRONIC FUSE HOLDER ASSEMBL	 $0.05 
AA000458000F	ELECTRONIC SECURITY SYSTEMS PA	 $329.40 
TP821320001F	ELECTRONIC VALUT ATTENDANT (EVA) ELITE HARDWARE INSTALLATION GUIDE	 $22.50 
TP821365001F	ELECTRONIC VAULT ATTENDANT (EVA) HARDWARE INSTALLATION GUIDE	 $18.00 
BRP00021000A	ELECTRONICS ENCLOSURE ASSEMBLY	 $0.05 
00106985000H	ELEGANCE BEADED LANYARD	 $9.90 
11037466000A	ELEV CNTRL MDL,8 FLOOR	 $365.40 
11037466000B	ELEV CNTRL MDL,8 FLOOR	 $479.59 
11037465000A	ELEV INTFC MDL,RIM-1-EL	 $689.04 
11051751000A	ELEVATOR CAMERA	 $137.03 
19053051000A	ELEVATOR KEYBOARD ISOLATOR	 $161.69 
19053057000A	ELEVATOR RDR INTFC ASSEMBLY	 $901.63 
11051246000A	ELK XFMR 40VA 16.5VAC PTC PLGI	 $60.71 
TM000299001A	ELO TOUCH SCREEN ON-SITE REPAIR MANUAL	 $88.20 
NZ0000002895	elo ultrasonic touchscreen pcb	 $1,699.11 
NZ0000001755	ELSB PROCESSOR ASSY	 $2,411.64 
BRP00911000A	E-MAGNETIC SWITCHES CS3000	 $0.05 
19055366000A	EMERGENCY KIT	 $4,638.11 
11050271000A	EMERGENCY LIGHTING CAGE STI	 $136.53 
11050272000A	EMERGENCY PULL CORD STATION	 $56.18 
11050273000A	EMERGENCY STATION WITH PUSH-ON	 $76.73 
19015854000A	EMI PRTCTN KIT	 $499.91 
TP821304001A	EMPOWER APPL MANAGEMENT	 $16.20 
FB006878000A	Empower EDC / EJ Decryption Utility License Package	 $0.00 
FB006879000A	Empower EDC / EJ Decryption Utility Media Package	 $21.99 
TP821303001A	EMPOWER IFX APPL OVERVIEW	 $6.30 
TP821307001A	EMPOWER IFX CNFGR GUIDE	 $2.70 
TP821394001B	EMPOWER TRACE ANALYZER USER GUIDE	 $18.00 
TP820112001D	EMS, HARDWARE INSTL GUIDE R3.	 $7.20 
TP820210001C	ems/remote notifier,ver 2.0	 $16.20 
TP820689001A	EMV KERNAL SMART CRD-1 USER GD	 $13.50 
TP820690001A	EMV KERNEL W/SMART CARD SOL	 $12.60 
11047830000A	ENA & ESC INSTALL/UPGRADE CBT	 $17.19 
BUFCO356000A	ENA CI,REFL SNSR CCA FCO DOCUMENT	 $12.14 
TM000307001A	ENA CSET ON-SITE REPAIR MNL	 $123.30 
TP821337001A	ENA QUICK REF GUIDE	 $9.90 
89031309000A	ENA QUICK REFERENCE CARD 2	 $4.89 
89031310000A	ENA WORKBOOK	 $78.19 
49267715000A	ENA, SPRING, EXT	 $10.71 
BUFI0769000A	ENA,BEB TO JCM UPGRADE KIT	 $6.64 
BUFI0723000A	ENA,Field Upgrade,720 RL Terminal	 $17.19 
BUFI0843000A	ENA,W/O VALIDATOR	 $6.99 
11050275000A	ENC 8 IN RN JUTE 198C	 $33.22 
11050276000A	ENC 8IN RN 160C STCK TXT BLK	 $14.80 
89030184000A	enc471d-10a varistor	 $41.21 
39017546000A	ENCDR,RTRY,OPT,0192 CNT,2 CHAN	 $276.97 
39017546000B	ENCDR,RTRY,OPT,4096 CNT,2 CHAN	 $175.24 
21016909000A	ENCDR/RDR,CD,MAG STRIPE	 $4,165.56 
11037493000A	ENCL & PWR SPLY	 $712.53 
19053261000A	ENCL ADD-ON,BASE BTRY	 $217.51 
21018999000B	ENCL KIT,SM CAMR,220VAC	 $0.00 
ULB95128030A	ENCL MT,SYNC,TW-PR,MULTI-DROP	 $1,474.39 
19053260000D	ENCL,1050,UNIV,DESKTOP/WALL MT	 $225.72 
19056539000A	ENCL,19.0W X 12.5H X 4.63D	 $341.06 
19056536000A	ENCL,36 X 30 X 6.62 IN	 $738.96 
19036159000A	ENCL,ATCK RES	 $107.73 
ULKD5S4114E0	ENCL,CAMR,DOME,5IN,STD RES,B&W,SMOKED/WHT,5.5-33MM	 $656.90 
ULKD5S4113E0	ENCL,CAMR,DOME,5IN,STD RES,CLR,SMOKED/WHT,5.5-33MM	 $957.81 
ULKD5HB12210	ENCL,CAMR,DOME,PENDANT,5IN,HI-RES,B&W,SMOKED/BLK,3.5-8MM	 $1,031.47 
ULKD5HB12110	ENCL,CAMR,DOME,PENDANT,5IN,HI-RES,CLR,SMOKED/BLK,3.5-8MM	 $1,199.19 
ULKD5SB12410	ENCL,CAMR,DOME,PENDANT,5IN,STD-RES,B&W,SMOKED/BLK,3.5-8MM	 $751.94 
ULKD5HB12310	ENCL,CAMR,DOME,PENDANT,STD RES,CLR,SMOKED/BLK,3.5-8MM	 $1,031.47 
ULKD6QE4NA00	ENCL,CAMR,DOME,PRESSURIZED,CLEAR	 $6,359.33 
ULKD6SE4NA00	ENCL,CAMR,DOME,PRESSURIZED,CLEAR	 $5,730.39 
ULKD6QE1NA00	ENCL,CAMR,DOME,PRESSURIZED,SMKD	 $6,359.33 
ULKD6SE1NA00	ENCL,CAMR,DOME,PRESSURIZED,SMKD	 $5,730.39 
ULTPSALL0000	ENCL,CORNER MT,STEEL,LEXAN WINDOW	 $310.50 
89002089ENCL	ENCL,DOOR CORD TESTER	 $572.67 
ULESSENC0100	ENCL,ESSENC01	 $102.77 
ULESSENC0200	ENCL,ESSENC02	 $123.33 
ULESSENC0400	ENCL,ESSENC04	 $150.73 
19047030000A	ENCL,INTERIOR,RTU-195	 $2,165.00 
19045894000B	ENCL,LG,UNIV,WALL MT	 $282.56 
19046483000A	ENCL,LG,W/BACKPLATE	 $548.10 
41016215000A	ENCL,PC,ACCUTRACK	 $137.03 
11037881000A	ENCL,PLSTC,CR100,W/LABEL	 $32.89 
19048717000A	ENCL,PNL,30.00 X 24.00 X 07.00	 $509.73 
DM3496300000	ENCL,PNL,DMP,GRAY	 $80.02 
DM3506100000	ENCL,PNL,LG,1912XR&XR200,BLK	 $77.49 
DM3406100000	ENCL,PNL,XR10/XR20,BLK	 $37.85 
DM3406300000	ENCL,PNL,XR10/XR20,GRAY	 $38.92 
19056487000A	ENCL,RCK MT,19IN,24VAC,7A	 $535.75 
19047027000A	ENCL,RTU-100A	 $671.43 
19047029000A	ENCL,RTU-190A	 $698.83 
19047031000A	ENCL,RTU-200A	 $972.88 
49013976X05A	ENCL,SIGNAGE,POLYMER,ENHANCED CSP	 $166.56 
19041488000A	ENCL,STD,D-1200-SERIES	 $37.17 
DMSCS2010000	ENCL,SYSTEM	 $2,459.71 
42006034000A	ENCL,TOP,PIN PAD,REACT I	 $7.25 
19055185000A	ENCL,UL,12IN X 16IN X 4.5IN	 $178.14 
19055186000A	ENCL,UL,18IN X 24IN X 4.5IN	 $328.86 
19045898000B	ENCL,UNIV,DESKTOP/WALL MT	 $196.56 
19056572000A	ENCL,UTILITY,11 X 15 IN	 $60.11 
19041821000B	ENCL,W/DOOR LOCK	 $150.73 
ULKPGSE00000	ENCL,W/PWR SPLY	 $195.67 
19047028000A	ENCL,WEATHERPROOF,RTU-195	 $2,439.05 
19046609000A	ENCL,XFMR	 $34.61 
19046484000A	ENCL,X-LG,W/BACKPLATE	 $650.87 
31020357000C	ENCL. W/SPKR ASS'Y	 $2,932.14 
PLEH40140000	ENCL., CAM INDOOR, 14" RECT.	 $182.52 
11037470000A	ENCLOSURE	 $383.67 
21014490000A	ENCLOSURE	 $7.49 
49005440000C	ENCLOSURE	 $786.88 
PLEM3508000A	ENCLOSURE	 $287.76 
MSZ82860000A	ENCLOSURE ASSEMBLY - WALL MTD	 $166.81 
MSN88562000A	ENCLOSURE, DISCREET SURVEILLAN	 $0.00 
11039994000A	ENCLOSURE,D2803	 $38.80 
11037823000A	ENCLOSURE,NEMA	 $39.85 
19041821000A	ENCLOSURE,PASSVAULT	 $195.67 
00013726000C	ENCLOSURE,WALL MOUNT,POS	 $3,808.02 
89030952000A	ENCODER	 $21.55 
89031279063A	ENCODER SENSOR HARNESS R	 $12.08 
TP799640000A	ENCRYPTED PIN PAD API MANUAL	 $6.30 
TMEPP4OS001E	Encrypting PIN Pad (EPP4) On-s	 $112.50 
NZ0000001618	ENCRYPTOR CCA - 5674/5675/5685	 $383.67 
19048298000A	ENCRYPTOR,SONICWALL PRO 2040	 $5,083.63 
19048301000A	ENCRYPTOR,SONICWALL PRO,3060	 $6,851.25 
21021264000A	END CAP	 $4.31 
NZ0000002998	end cap left 5675 vestibule	 $21.92 
NZ0000002997	end cap right 5675 vestibule	 $21.92 
49203098000A	END CONN,UNIV,SM IGUS CA RETR	 $5.25 
29003886000B	END OF LINE MODULE ADEMCO 633-	 $26.02 
11050279000A	END OF LINE RELAY DEVICE POL	 $114.86 
38010465L00A	END PANEL	 $224.59 
49009190000K	END PLATE PLATEN	 $47.90 
11031960000A	END WEIGHT FOR GOLSTON CARRIER	 $2.10 
MSN85535000A	END, KNEE SPACE SHELF	 $5.22 
21016632000A	END-OF-LINE MDL	 $28.73 
NZ0000002815	ENDORSER PRINTHEAD ASSY	 $515.21 
TP799200000A	ENG/CHINESE CHAR PROM SPECS.	 $22.50 
41027432000A	ENGAGE 65 HEADSET	 $234.42 
TP799288000A	ENGLISH/ARABIC MDS PRINTER PRO	 $2.21 
BUFI0622000A	ENH SAFE UPGR,MDS 1074,1074I,1	 $4.40 
NZ0000002922	ENHANCED ALARM PCB	 $504.25 
NZ0000002923	ENHANCED ALARM PCB W/STATUS	 $301.46 
TP821336001D	ENHANCED NOTE ACCEPTOR OPERATING GUIDE	 $16.20 
NZ0000003073	ENHANCED OPERATOR PANEL	 $493.29 
NZ0000001518	ENHANCED OPERATORS PANEL	 $1,446.98 
19049937000A	ENHANCED SERVICE,SOFTWARE SUPPORT AGREEMENT	 $18,098.64 
NZ0000002617	enhanced ttw presenter	 $5,481.00 
00013870000C	ENHANCED,5100D,ETHERNET	 $4,387.82 
00013870000A	ENHANCED,5100D,W/TOKEN RING	 $9,703.26 
SEAP669BP000	ENLARGED BASE PLATE FOR	 $13.86 
19041899000A	ENROLLMENT KIT,STANDALONE	 $2,726.80 
49233199200A	ENTER U2 SENSOR ASSY	 $108.50 
00148622000A	ENTERPRISE SEPM PROF SRVCS MISC.	 $0.27 
11050280000A	ENTRE PROXMITY CD W/GE SEC LOG	 $114.86 
89029242000A	ENTRY FEED ROLLER-17XX	 $26.31 
49006088000A	ENTRY,ENV,BLK	 $121.50 
49002012000A	ENTRY/EXIT KEYBOARD	 $744.00 
59000734000B	ENTRY-EXIT DELAY MOD  R & R ON	 $1,145.53 
59000740000B	ENTRY-EXIT DELAY MOD R & R ONL	 $1,041.39 
AA001823000C	ENTRYNET SERIES INSTALLATION G	 $21.60 
19056586000A	ENUNCIATOR,BELL PLATE,W/STROBE,WHT	 $133.59 
39007305000B	ENV DEP CHUTE	 $480.92 
BUFCO309000A	ENV DEP SPITTOON IMPROVEMENT	 $0.78 
TP820709001D	ENV DEP W/INTEG DISP OP GUIDE	 $9.00 
TP820709001E	ENV DEP WITH INTEG DISPR OPR GUIDE	 $9.00 
39011003X02A	ENV DOOR	 $59.41 
BUFI0188000A	ENV SPLY UPGR,IX SER,1062/72/73 ATM	 $1.12 
10218980000	ENV,KY	 $1.07 
29003080000A	ENV,VINYL	 $4.84 
39006681000B	ENV. FUNNEL, GASKET	 $4.28 
MSN77467000A	ENVELOPE DEP KEY (ORDER IN 250	 $0.73 
TP799615TABS	ENVELOPE DEPOSITOR INDEX TAB	 $0.45 
NZ0000002120	ENVELOPE DISP, ASSY	 $2,192.40 
NZ4450602915	envelope disp, assy	 $2,192.40 
NZ4450606912	envelope dispenser	 $1,753.92 
NZ0000001736	ENVELOPE DISPENSER - 56XX	 $1,534.68 
NZ0000003473	ENVELOPE DISPENSER 5886 CASSET	 $1,260.63 
NZ0000003085	ENVELOPE DISPENSER ASSY STD	 $1,260.63 
NZ0000003100	ENVELOPE DISPENSER ASSY STD	 $1,479.87 
19039164000A	ENVELOPE DOOR LINKAGE - 5085	 $328.86 
BRP00296000A	ENVELOPE DRAWER BOSS	 $0.05 
BRP00730000A	ENVELOPE DROP A DRAWER ASSY	 $0.05 
BRP00729000A	ENVELOPE DROP ASSEMBLY	 $0.05 
BRP00161000A	ENVELOPE DROP CAM	 $0.05 
BRP00108000A	ENVELOPE DROP SPACER	 $0.05 
MSZ34120270A	ENVELOPE-MANILA,SEAL,B-20	 $0.15 
00050368000A	ENVELOPES CARD & PIN (1000)	 $32.13 
19036524000A	ENVIR HSG	 $278.78 
11062101000A	ENVIROALERT EA400-12 FOUR ZONE	 $247.40 
11062102000A	ENVIROALERT EA400-24 FOUR ZONE	 $250.82 
19047336000A	ENVIRODOME BUBBLE KIT,PNDNT MT,CLEAR	 $205.54 
19047363000A	ENVIRODOME,PNDNT ARM W/TRKR,WHT,120VAC,FIBER OPTIC	 $3,014.55 
19047362000A	ENVIRODOME,PNDNT ARM,W/TRKR,WHT,120VAC	 $1,644.30 
19047361000A	ENVIRODOME,PNDNT PIPE MT KIT,WHT,120VAC	 $219.24 
19047360000A	ENVIRODOME,PNDNT PIPE MT,WHT	 $82.22 
11036940000A	ENVIRONMENTAL HOUSING    EH472	 $254.51 
11050281000A	EOL RELAY ENCAPSULATED	 $19.58 
MSN92463000A	EPLD - DECODER/ENCODER - NRZ(R	 $40.41 
MSN93956000A	EPLD,DIAL-UP CARD DECODER-LOC.	 $48.54 
MSN92462000A	EPLDS., - U12	 $48.54 
BRP00912000A	E-PLNGR PIN & BLK SET	 $0.05 
49216119015A	EPP	 $661.50 
BUFI0062000A	EPP UPGR KIT,1062(4782)	 $0.00 
TM000207001A	EPP4 and IDC Offline PIN Verif	 $77.40 
NZ0000003512	EPP4 ASSY-WELLS FARGO OLY 5886	 $3,069.36 
TM000208001A	EPP4 for APSS Austrian Common	 $78.30 
TM000209001A	EPP4 for APSS Austrian Common	 $75.60 
00104779000C	EPP4(3X),SM,RSD KY,FRE,QZ1,COMMA	 $653.40 
00104779000B	EPP4(3X),SM,RSD KY,FRE/ENG,QZ1,EMB X,<,O	 $653.40 
00104779000A	EPP4(3X),SM,RSD KY,GER(AT),NUM,DEC PT	 $653.40 
00104779000E	EPP4(3X),SM,RSD KY,GER(DE -ZKA)	 $653.40 
49200104000B	EPP4(ENH),LGE,RSD KY,MDL	 $653.40 
49211446000A	EPP4(TD BANK),LGE,RSD KY,FRE/ENG,QZ1,EMB X,<,O	 $653.40 
FB002280000A	EPP4(TD BANK),LGE,RSD KY,FRE/ENG,QZ1,EMB X,<,O	 $653.40 
49211447000A	EPP4(TD BANK),SM,RSD KY,FRE/ENG,QZ1,EMBX,<,O	 $653.40 
49208164000A	EPP4(UNIV),SM,RSD KY,POLYMER,ENG(US),ADA	 $653.40 
49211807000A	EPP4(UNIV2),LGE,RSD KY,ENG(BE-FORTIS),EMB X,<,O,_	 $653.40 
49214873000A	EPP4(UNIV2),LGE,RSD KY,MDL W/HEATER	 $653.40 
49214873000C	EPP4(UNIV2),LGE,RSD KY,POL W/HEATER	 $653.40 
49214873000D	EPP4(UNIV2),LGE,RSD KY,POLYMER,ENG(US),CORR /HEATER	 $653.40 
49211448000A	EPP4(UNIV2),SM,RSD KY,ENG(US),QZ1,EMB O,I,X	 $653.40 
49211448000Q	EPP4(UNIV2),SM,RSD KY,FRE/ENG,QZ1,EMB X,<,O	 $653.40 
49211445000A	EPP4(UNIV2),SM,RSD KY,MDL	 $653.40 
49211449000A	EPP4(UNIV2),SM,RSD KY,POLYMER,ENG(US),ADA	 $653.40 
49212533000Q	EPP4(VISA2),SM,RSD KY,FRE/ENG,QZ1,EMB X,<,O	 $653.40 
49211454000A	EPP4(VISA2),SM,RSD KY,GER(AT-APSS-LOBBY)	 $653.40 
49211455000A	EPP4(VISA2),SM,RSD KY,GER(AT-APSS-TTW)	 $653.40 
49200104000A	EPP4,LGE,RSD KY,MDL	 $653.40 
TE236276000M	EPP5 BLANK METAL PLATE	 $5.72 
NZ0000003522	EPP5 CONVERSION KIT - 5885	 $316.80 
TE002757002M	EPP5 POGO PIN HOLDER	 $572.67 
BUFI1022000A	EPP7 SMALL UPGRADE,OPTEVA	 $13.52 
MSN69578000A	EPROM	 $48.54 
11038435000A	E-Prom	 $68.52 
11037980000A	E-PROM         PELCO	 $15.81 
89029833000A	E-PROM 64X8 DIP PACK MX27C512-	 $202.23 
11065809000A	EPROM BILLCON D551	 $194.00 
MSN79645000A	EPROM NIP 1011 SRTU ASYNC	 $0.00 
11041038000A	EPROM ONLY GILBARCO G-2	 $65.77 
11041039000A	EPROM ONLY GILBARCO GLNEW-G-	 $137.03 
MSN93958000A	EPROM, 1002/3 BISYNC-STANDARD	 $48.54 
MSN69206000A	EPROM, 1002/3 SDLC POLL ENHANC	 $48.54 
MSN69205000A	EPROM, 1002/3 XPRT ENHANCED 64	 $48.54 
MSN63297000A	EPROM, DEC KEYBOARD INTERFACE	 $48.54 
MSN79850000A	EPROM, FLASH - RTU2000/2128	 $48.54 
MSN79335000A	EPROM, MP1A COMMUNICATIONS, U4	 $48.54 
MSN79646000A	EPROM, NIP 1011 - SDLC POLL RT	 $48.54 
MSN79195000A	EPROM, RSD RTU2000, RTU2050	 $48.54 
MSN92466000A	EPROM, SDLC/BISYNC/BURROUGHS-X	 $48.54 
MSN70488000A	EPROM, SMARTLINX 4/8 U3	 $32.89 
MSN70489000A	EPROM, SMARTLINX 4/8 U4	 $32.89 
MSN70483000A	EPROM, SMARTLINX-2 U3	 $32.89 
MSN70485000A	EPROM, SMARTMON U8	 $48.54 
MSN70482000A	EPROM, SMARTRAM U9	 $48.54 
MSN70487000A	EPROM, SMARTTALK U10	 $48.54 
MSN93963000A	EPROM,1002/3 BURRO.POLL/SEL-ST	 $48.54 
MSN93960000A	EPROM,1002/3 SDLC POLL-STANDAR	 $48.54 
MSN93961000A	EPROM,64K 1002/1003DLU PEER TO	 $48.54 
11037518000A	EPROM,MS,NO.051	 $31.32 
19053128000A	EPROM,RSD-2000/2050 (U8)	 $0.00 
MSN92427000A	EPROM., KERNEL	 $48.54 
11041037000A	EPROMONLY WAYNE NUCLEUS BASE8	 $137.03 
WN1770049481	Epson TM-L90 PLUS Printer PH  USB and Serial   Pizza Hut	 $731.43 
AA023920000K	EQUIPMENT SCHEDULE   ISSUE=300	 $0.45 
89030165000A	era91-02	 $4.10 
00050496000C	ERC BLACK RIBBON CARTRIDGE	 $17.96 
00050496000H	ERC30,34,38 AUDIT RIBBON CH200	 $72.36 
21018888000A	ERECTION KIT - LT WT MVS	 $538.65 
TP820064001A	ERICSON MOBIBEM USER'S MANUAL	 $2.70 
BRP00845000A	E-RING	 $0.05 
TS7405002031	ERR 020SKZN3A	 $0.52 
TSN93698000A	ERR100 CLIP	 $0.52 
21017166L00A	ESC PL,STRG RM VD	 $103.42 
21017166R00A	ESC PL,STRG RM VD	 $103.42 
39009622000B	ESC,LGE,INTERBOLD,PEARL WHT	 $43.44 
39009622000C	ESC,LGE,INTERBOLD,SHADOW GRY	 $16.50 
11041883000A	ESCAPE MECH LABEL	 $1.62 
30017420000	ESCAPE WHEEL ASSEM COMPLETE	 $39.69 
30024220000	ESCAPE WHEEL FOR SWISS D/A	 $4.10 
BRP00995000A	ESCROW SOLENOID	 $0.05 
10611110000	ESCUTCHEON PLATE	 $4.47 
10611120000	ESCUTCHEON PLATE	 $4.70 
10611990000	ESCUTCHEON PLATE	 $4.51 
37001028000A	ESCUTCHEON PLATE	 $91.58 
37001028000B	ESCUTCHEON PLATE	 $124.97 
37001028000E	ESCUTCHEON PLATE	 $91.58 
41027152000A	ESCUTCHEON PLATE, SPINDLE HOLE	 $26.64 
31015796000A	ESCUTCHEON*2751	 $103.42 
49207910000B	ESD, INTERLOCK FILLER	 $1.87 
SE429CT0000I	ESI 2W SMOKE/HEAT	 $78.57 
SE449CTE000I	ESI SMOKE DETECTOR W/HEAT & EO	 $101.75 
SE449CST000I	ESI SMOKE DETECTOR W/HEAT SENS	 $97.89 
SE449CT0000I	ESI SMOKE DETECTOR W/HEAT SENS	 $79.87 
89031375000A	ESIMATD FRST CAUS READR (TOOL)	 $0.05 
11050282000A	ESL 120VOLT SMK DET WITH RELAY	 $97.89 
11050283000A	ESL DETECTOR	 $95.92 
11050284000A	ESL SMOKE DETECTOR	 $41.11 
19085767000A	ESL20XL-S Lock w/ Slam Bolt	 $839.02 
19078622000A	Esprit SE 36x Wall PTZ System, 24VAC, NTSC	 $5,978.12 
TP799307000A	ESS LENS COVERAGE	 $55.80 
11050285000A	EST FIRE ALARM TEST STATION	 $24.67 
11050286000A	EST3 BACK BOX SEMIFLUSH	 $53.93 
TM000371001C	ESTIMATED FIRST CAUSE (EFC) CODE READER QUICK REFERENCE GUIDE	 $45.00 
BRP00580000A	E-STYLE RETAINING RING 3/8"	 $0.05 
11050287000A	ET 1070 LSM 24 VFR	 $232.95 
11047411000A	ETHERNET & POE EXTENDER,USPS ONLY	 $150.48 
11051753000A	ETHERNET ADAPTER FOR LNL2000	 $342.57 
19058237000A	ETHERNET DIALER	 $606.89 
19041621000A	ETHERNET,ROUTER,120VAC,VTU-ER 2.0	 $10,677.26 
19041622000A	ETHERNET,ROUTER,240VAC,VTU-ER 2.0	 $10,677.26 
19041623000A	ETHERNET,V.35,WAN,120VAC,VTU-EW 2.0	 $9,608.46 
19041624000A	ETHERNET,V.35,WAN,240VAC,VTU-EW 2.0	 $9,608.46 
19053112000A	ETHLAN ADPTR,ACCTON,RACK MOUNTED	 $616.21 
19060789000A	ETP-MBKT MOUNTING BRACKET FOR ETP-EL	 $197.32 
11038660000A	EURO CASS LABEL $10	 $2.95 
11038663000A	EURO CASS LABEL $100	 $1.67 
11038661000A	EURO CASS LABEL $20	 $0.59 
11038659000A	EURO CASS LABEL $5	 $0.98 
11038662000A	EURO CASS LABEL $50	 $1.76 
AMEV20002000	EV200020 TRANSFER STATION ASSY	 $219.57 
AMEV30522000	EV305220 SNSR, B-ROBOT ARM	 $16.11 
AMEV30522100	EV305221 SNSR, B-ROBOT ARM	 $47.66 
AMEV30601200	EV306012 Mtr, DC B-Robot Arm	 $73.34 
TP821366001F	EVA AND EVA ELITE ELECTRONIC VAULT ATTENDANT SETUP AND ADMINISTRATION GUIDE	 $69.30 
TP821365001C	EVA ELITE HARDWARE INSTL MANUA	 $19.80 
TP821320001C	EVA HARDWARE INSTAL MANUAL	 $13.50 
19083666000A	EVA II VAULT INDICATOR PANEL -BLACK	 $539.46 
89031464000A	EVA QUICK REFERENCE GUIDE	 $29.32 
TP821366001A	EVA SETUP AND ADMIN GUIDE	 $9.53 
TP821366001B	EVA SETUP AND ADMIN GUIDE	 $19.99 
LX1747940000	Event Connector	 $130.50 
LXAK1550435G	Event Connector - Micro	 $13.71 
TP799944001D	EVENT MANAGEMENT SYS GD 3.0	 $9.00 
TP799962001D	EVENT MANAGEMENT SYS OP GD 3.0	 $47.70 
TP799881001C	EVENT MANAGEMENT SYSTEM PRODUC	 $0.00 
TP820112001C	EVENT MANAGEMENT SYSTEM REL#	 $6.30 
TP799963001B	EVENT MANAGEMENT SYSTEM REL2.0	 $27.00 
TP799963001C	EVENT MGT SYS CUSTOMER PLANNIN	 $40.50 
00106964000A	EVOLIS R3011 PRINTER RIBBON	 $58.50 
11038923000A	EXCAILBUR SE GRPH SECURITY WORKSTATION,GUI	 $452.73 
11038922000A	EXCALIBUR GRPH SYS MANAGER	 $3,299.56 
11035815000C	EXCESS RETURN LABEL GREEN	 $0.33 
37001028000G	EXCUTCHEON PLATE L/H	 $49.94 
11050294000A	EXIT BUTTON	 $75.97 
11051755000A	EXIT BUTTON, SINGLE GANG	 $174.01 
NZ0000001605	EXIT NOTE GUIDE	 $13.16 
49013776000B	EXIT RAIL1062/72I,THRML PRNTR	 $9.61 
49018048000A	EXIT RAMP,L/H	 $12.20 
49018049000A	EXIT RAMP,R/H	 $12.20 
11051609000A	EXIT SIGNS	 $466.98 
NZ0000001578	EXIT TRANSPORT SENSOR ASSY IE	 $35.87 
19036291000B	EXP MDL,2 RDR,MAG STRIPE	 $550.85 
11038015000A	EXPANDED CABLE,RGBS,DB9 COMP V	 $83.16 
19053152000A	EXPANDED SRTU/RTU 1057 UPGRADE KIT	 $1,886.07 
19060234000A	EXPANSION BD INTERCONNECT CABLE	 $54.81 
11050299000A	EXPANSION LOOP FOR IO500 SYSTM	 $1,233.23 
11035711000A	EXPANSION MODULE     MOOSE Z22	 $36.72 
11051668000A	EXPLOS PROF HRN DIDE PLAR 14VD	 $1,000.01 
19064131000A	EXPNSN CABINET,ELEVATOR,W/1 X 8 RELAY CCA	 $1,048.13 
19057127000A	EXPNSN UNIT OUTPUT CONN KIT,I/O	 $82.22 
QS4200EBKIT0	Express Buss kit for 4200	 $411.08 
QS5201TCEBKI	Express Buss kit for 5201TC	 $411.08 
QS6200TCEBKI	Express Buss kit for 6200TC	 $411.08 
QS8150TCEBKI	Express Buss kit for 8150TC	 $411.08 
QS8200TCEBKI	Express Buss kit for 8200TC	 $548.10 
19041758000A	Express Delivery MMD Prom	 $202.23 
19057230000A	EXT PWR SUPP,1 OUT,4 AMP,120/240 VAC INP,24/26/28 VAC OUT	 $254.32 
11037483000B	EXT RS232/RS485 INTFC	 $301.46 
89030036000A	ext spring 201-001	 $37.80 
TS4368849120	EXT SPRING-MAG CHECKER	 $5.46 
TS4368847120	EXT. SPRING-MAG CK ROLLER	 $5.46 
TS4363270450	EXT. SPRING-RECOV. OF JAM	 $2.73 
TS4368849580	EXT. SPRING-THICKNESS CHECKER	 $5.46 
11038074000A	EXTENDED CABLE FOR S VIDEO CON	 $430.92 
11049585000A	EXTENDED CABLE, BOSCH D122L	 $20.61 
TP821410001K	eXtended Managed Services (XMS) Operating Manual for Agent	 $33.30 
TP821410001M	eXtended Managed Services (XMS) Operating Manual for Agent	 $36.90 
TP821410001D	Extended Managed Services (XMS) Version 4.02 Operating Manual for Agent	 $29.70 
TP821412001F	eXtended Managed Services (XMS), Configuration Tool Operation Manual	 $90.00 
TP821412001H	eXtended Managed Services (XMS), Configuration Tool Operation Manual	 $94.50 
TP821497001E	eXtended Managed Services (XMS), Cubes Manual	 $9.90 
TP821413001G	eXtended Managed Services (XMS), Operating Manual for Operational Manager	 $36.90 
TP821415001J	eXtended Managed Services (XMS), Operating Manual for Supervisor	 $54.00 
TP821492001F	eXtended Managed Services (XMS), Operating Manual for System Administrator	 $21.60 
TP821414001G	eXtended Managed Services (XMS), Reports Operation and Administration Manual	 $55.80 
TP821412001A	eXtended Managed Services (XMS), Version 4.02, Configuration Tool Operation Manual	 $79.20 
TP821411001D	EXTENDED MANAGED SERVICES (XMS),CONCEPTS MANUAL	 $21.60 
TP821492001A	EXTENDED MANAGED SERVICES (XMS),VER 4.02,OPERATING MANUAL FOR SYSTEM ADMINISTRATOR	 $18.00 
TP821497001A	EXTENDED MANAGED SERVICES (XMS),VERSION 4.02,CUBES MANUAL	 $9.90 
TP821585001A	EXTENDED MANAGED SERVICES (XMS),VERSION 4.5.0,INSTALLATION GUIDE	 $97.20 
TP821586001A	EXTENDED MANAGED SERVICES (XMS),VERSION 4.5.0,UNINSTALL GUIDE	 $32.40 
TP821411001A	EXTENDED MANAGED SERVICES(XMS),VER 4.02,CONCEPTS MANUAL	 $18.90 
31019694000A	EXTENDED SLEEVE	 $47.66 
28020494000A	EXTENDER CABLE - GRADE A	 $22.12 
28020492000A	EXTENDER CBLE GRADE B	 $188.78 
19035023000A	EXTENDER,2X	 $84.11 
19047465000A	EXTENSION KIT,LINKS,UP TO 16 SYSTEM4 UNITS	 $137.03 
11042217000A	EXTENSION SHELF 809	 $294.96 
11042224000A	EXTENSION SHELF 826	 $398.52 
89028535000A	EXTENSION SPRING	 $7.14 
OX0118090000	EXTENSION SPRING	 $0.24 
19039117000A	EXTENSION SPRING,PRESENTER 508	 $2.20 
MSN61213000A	EXTENSION, 1/4 DRIVE	 $32.64 
MSN85684000A	EXTENSION, 1IN SQ. LOCK BOLT	 $0.00 
49252047000A	EXTENSION,CA,CONN,MTZ,CD,RDR,W/EAF	 $15.81 
49203663000A	EXTENSION,SPRING	 $1.76 
49254647000A	EXTENSION,STRPR	 $1.38 
49006794000C	EXTENSION,STRPR WHEEL	 $11.41 
49006793000C	EXTENSION,TAKE-AWAY	 $24.80 
49254646000A	EXTENSION,TAKE-AWAY	 $1.38 
11050301000A	EXTENSN ROD KT EST DR HLD 12IN	 $97.81 
11050302000A	EXTENSN ROD KT EST DR HLD 7IN	 $87.89 
TMEFTM04TABS	EXTERIOR FASCIA INDEX TAB	 $0.45 
11043444000A	EXTERNAL DEVICE SERVER, EHTER	 $311.58 
49214793000C	EXTERNAL DRIVE COUPLING 12 TOOTH	 $5.81 
11043757000A	EXTERNAL DVD/RW DRIVE	 $166.51 
19053162000A	EXTERNAL EPROM DONGLE,1057	 $67.36 
00051573000A	EXTERNAL KEYBOARD CLEANER-10	 $15.30 
11038656000A	EXTERNAL MICROPHONE ASM 3010	 $92.09 
11051756000A	EXTERNAL MODEM	 $841.88 
BRP00757000A	EXTERNAL POWER SUPPLY	 $0.05 
41027068000A	EXTL,WIEGAND INTFC KIT	 $3,396.60 
49203159000A	EXTN,BOLT,LOCK	 $16.07 
41027447000A	EXTRACTOR BLOCKER KIT 100 PIECE	 $786.19 
41027446000A	EXTRACTOR BLOCKER KIT 50 PIECE	 $401.65 
41027443000A	EXTRACTOR KEY	 $7.18 
41027445000A	EXTRACTOR, BLOCKER KIT	 $256.92 
BUFI0565000B	Extreme Environmental Kit,Upgrade	 $7.33 
39009869000A	EXTRN,0.190 HGT	 $9.90 
28020588000A	EXTRUSION	 $2.07 
L20001950000	EXTRUSION - DOOR - VERT.	 $125.79 
L20001930000	EXTRUSION - TOP - BOTTOM	 $43.43 
11050303000A	EZ95 8 SPEAKER ENCLOSURE	 $49.19 
11048593000A	F KEYBLANK	 $6.24 
19042344146A	F PULLEY	 $0.05 
19042344061A	F PULLEY ASSEMBLY	 $85.91 
TMEFTT01TABS	F/L REMOVAL&REPLACEMENT TAB	 $0.45 
89030215000A	f-208p	 $33.53 
11065880000A	FA203D BACK COVER	 $1.31 
11065883000A	FA205S FRONT COVER	 $1.26 
11065887000A	FA214 BACK COVER	 $1.26 
11065888000A	FA214 BELT CLIPS	 $111.73 
11065886000A	FA214 FRONT COVER	 $1.26 
11065882000A	FA2203S BACK COVER	 $1.31 
11065881000A	FA2203S FRONT COVER	 $1.38 
11065890000A	FA223D BACK COVER	 $3.51 
11065891000A	FA223D BELT CLIP	 $1.15 
11065889000A	FA223D FRONT COVER	 $11.20 
11065892000A	FA223D NECKLACE CLIP	 $0.88 
11065894000A	FA223S BACK COVER	 $3.51 
11065893000A	FA223S FRONT COVER	 $11.20 
11065896000A	FA223S NECKLACE CLIP	 $1.04 
41016963000A	FABRIC ACCEL RING, 10 IN	 $113.13 
11018953000A	FABRICA-BOTTOM	 $1.42 
41021653000C	FACADE ,CUST,VAT,30,GX	 $3,968.66 
41015591000C	FACADE ASM VAT-23 UG	 $2,754.32 
21021348000A	FACADE GASKET KIT	 $66.30 
41017001000A	FACADE KIT,DR PL UPDATE	 $315.30 
41016305000D	FACADE OPR	 $1,868.44 
41016305000E	FACADE OPR	 $1,976.70 
1750357935	FACADE OPR SP	 $3,412.81 
41014401000D	FACADE VAT 21	 $311.65 
41014401000F	FACADE VAT 21	 $392.55 
41016435000C	FACADE, CUST VAT-21	 $1,358.19 
41016435000D	FACADE, CUST VAT-21	 $2,403.69 
4101643500GR	FACADE,CUST VAT-21	 $1,815.17 
41016306000B	FACADE,CUST VAT-30	 $2,481.88 
41016306000D	FACADE,CUST VAT-30	 $3,636.20 
41021621000A	FACADE,CUST,VAT 21,GX	 $1,394.29 
41021621000B	FACADE,CUST,VAT 21,GX	 $2,496.64 
1750357854	FAÇADE,CUST,VAT 21,GX	 $3,987.63 
1750357942	FACADE,CUST,VAT 30,GX	 $4,529.78 
41021653000B	FACADE,CUST,VAT 30,GX	 $4,529.78 
1750357856	FACADE,TELLER VAT 21,GRANITE	 $3,287.83 
41015855000F	FACADE,TELLER VAT 21,GRANITE	 $1,975.67 
41015855000E	FACADE,TELLER VAT-21	 $2,394.33 
11048013000A	FACE MASK	 $0.61 
49019341000A	FACE,PUSH PLATE,F/L	 $32.91 
49202773000A	FACE,PUSH PLATE,FL	 $7.64 
11051598000A	FACEPLATE OPTION	 $21.92 
19056569000A	FACEPLATE,BLANK,W/O PUNCH HOLES	 $59.69 
NZ0000002791	FACIA 5675  (LOBBY)	 $1,096.20 
NZ0000002084	FACIA 5685 T.T.W.	 $876.96 
19039150000A	FACIA LID W/DIP CARD RDR - 507	 $2,411.64 
NZ0000002624	FACIA LOBBY ASS'Y PERSONAS	 $1,403.14 
19039163000A	FACIA WELDMENT - 5084/5085	 $2,082.78 
49013233000B	FACIA,LWR,BUS HR,RCD	 $171.28 
TMMSPLAN000B	FACILITY INSTL PLAN GUIDE	 $3.29 
TMMSPLNW000A	FACILITY INSTL PLAN GUIDE WORKSHEET	 $0.02 
11050305000A	FACP 1 LOOP 64 DEV MAX 2 CLS B	 $1,032.21 
11050304000A	FACP DACT FOR I/O PANEL	 $339.33 
11051255000A	FACP1 INTEL LOP 125 DET/125 MD	 $1,441.62 
49200850000D	FACSIA,HINGE,RH	 $21.99 
BUIB1098000A	FACTORY MECH. LOCK COMBINATION	 $0.05 
TP821485001C	Factory Preload (FPL) Web User's Guide	 $9.90 
11065040000A	FACTORY REFURBISHED 4D	 $43.63 
11065041000A	FACTORY REFURBISHED PHOTO	 $43.63 
NZ0000003469	FAICA BLANK NO DEPOSTIORY 5688	 $46.04 
49214845000A	FALSE WALL,CST	 $56.88 
41015274001E	FAN	 $99.18 
41018555000A	FAN	 $84.79 
TSN66706000A	FAN	 $0.00 
TSN66749000A	FAN	 $0.00 
TMMDSS00TABK	FAN - MANUAL TM-MDSS11	 $0.45 
NZ0000001150	FAN 24V - 56XX	 $48.23 
39017495157A	FAN 24V 76*25MM	 $296.39 
29014041000A	FAN ASSY,ENCL,ACCUTRACK STANDALONE	 $24.67 
NZ0000003719	FAN AXIAL SIDE CABINET	 $417.38 
31018224000B	FAN BRKT,VAT TUBE HTR	 $113.95 
11034990000A	FAN FOR CLASS II POWER SUPPLY	 $76.45 
19056548000A	FAN GUARD,4.5 IN	 $9.55 
29012164000A	FAN GUARD,FINGER	 $8.25 
FJKIT0214920	FAN KIT, WINTERIZATION-LANDMK	 $0.05 
39011997048A	FAN MOTOR (109P0424H6D05)	 $93.98 
39011997050A	FAN MOTOR (109P0624N6D03)	 $95.83 
41020623000A	FAN SUPPORT	 $7.54 
NZ0000002005	FAN UNDER CRT	 $54.81 
NZ0080008714	fan under crt	 $54.81 
11040080000A	FAN UPGRADE KIT	 $1,055.75 
TP821383001A	FAN W/AGILIS-HANDLING NEW DEVICES	 $5.40 
SFS574523M00	FAN W/CABLE	 $100.94 
MSN68540000A	FAN, 115V/50-60 HZ MUFFN *ROTR	 $113.05 
NZ0000002851	FAN, 12MV .43 5.2W-FOR MONITOR	 $65.77 
NZ0000002850	FAN, 24VDC 172A 4W-FOR POWER	 $65.77 
49240504000A	FAN, COOLING	 $29.73 
89030319000A	FAN, HEATSINK (Seville Use)	 $40.59 
NZ0000001162	FAN, SLIM - 5685	 $49.33 
29013777000A	FAN,12VDC	 $5.24 
11062516000A	FAN,12X25,132CFM,12V,BB,W/CON	 $78.38 
TSN63164000A	FAN,1-I/F	 $106.14 
TSN63165000A	FAN,2-I/F	 $106.14 
TSN63166000A	FAN,3-I/F	 $106.14 
19056552000A	FAN,4.5 IN,(4) TOP MARK,W/RACK,BLK	 $66.79 
39017519000A	FAN,AX,DC,012.0V,006 CFM	 $95.82 
19041341000A	FAN,CABINET,VIDEO,SECURITY,D-28	 $49.14 
89031386000A	FAN,CHASSIS,SUON,12V,@1.4WATTS	 $19.19 
19064175000A	FAN,COOLING	 $205.54 
19064182000A	FAN,COOLING	 $120.58 
19042541000A	FAN,CPU	 $24.33 
NO2950000100	FAN,CPU,500X	 $32.89 
TSN64147000A	FAN,CT3B2-CF	 $0.00 
11046651000A	FAN,DVR,8 & 16 CHANNEL	 $15.08 
49201430000B	FAN,FILTER,BEAVERCREEK	 $6.01 
49223698000A	FAN,TBAX,AC,115.0V,032 CFM	 $89.72 
29000635000B	FAN,TBAX,AC,115.0V,037 CFM	 $117.13 
NZ0000002743	FAN-120V 60HZ	 $0.02 
NZ0000004249	FAN-24V DC 6cm	 $33.39 
MSZ79425190A	FAN-3, 60 CFM, 120 VAC	 $28.35 
TSN81567000A	FAN-TUDC24Z4	 $54.62 
11036707000A	FARGO CLEANING KIT	 $76.65 
TP799778000A	FARGO COLOR ID CARD PRINTER OP	 $13.50 
AA000044000B	FARGO PERSONA PVC COLOR PRINTE	 $22.50 
00050954000A	FARGO RIBBONS #81703	 $134.19 
TMMDSS00TABH	FASCIA - MANUAL TM-MDSS08	 $0.45 
NZ0000002061	FASCIA ASSEMBLY	 $0.00 
NZ4450505429	FASCIA ASSEMBLY	 $0.00 
NZ0000002979	FASCIA COLLAR 5675 F/A	 $383.67 
NZ0000002616	FASCIA CRT/FDK 10" FROME ONLY	 $306.94 
MT026041000A	FASCIA GAP GAUGE	 $11.85 
MT036041001A	FASCIA GAP GAUGE	 $11.85 
NZ0000002909	FASCIA GUIDE-LH Thrm Stmt 80	 $21.92 
NZ0000002593	FASCIA HARNESS	 $197.32 
NZ0000004291	Fascia HLA Assy	 $5,960.12 
NZ0000002115	FASCIA LID ASM. - 5674	 $1,753.92 
NZ4450602438	FASCIA LID ASM. - 5674	 $1,753.92 
TMMDSS08000D	FASCIA ON-SITE SERVICE MANUAL	 $137.70 
NZ0000003813	FASCIA OUTER 6638	 $4,006.80 
NZ0000002112	FASCIA RECPT PRTR PLATE ASM	 $202.25 
NZ0000002079	FASCIA WINDOW BASE PLATE	 $54.81 
NZ0000002091	FASCIA, DEPOSITORY PLATE ASM.	 $192.93 
49010745X00B	FASCIA,1053	 $270.10 
41021480000A	FASCIA,CUSTOMER,VAT 21,GX	 $288.10 
41021480000B	FASCIA,CUSTOMER,VAT 21,GX	 $258.47 
49256175XNGA	FASCIA,LOWER,LEFT,3700	 $25.91 
49256175XXXA	FASCIA,LOWER,LEFT,3700	 $25.91 
49256174XNGA	FASCIA,LOWER,RIGHT,3700	 $25.91 
49256174XXXA	FASCIA,LOWER,RIGHT,3700	 $25.91 
49018580X00A	FASCIA,UPPER,1064IX	 $738.38 
49263562XMQB	FASCIA,UPPER,FK	 $189.72 
49013767X08B	FASCIA,UPPR,ENHANCED CSP	 $127.23 
49212868000D	FASCIAL,LATCH,LH	 $28.33 
49212868000C	FASCIAL,LATCH,RH	 $28.33 
22005024000A	FASTENER KIT	 $2.03 
BRP00110000A	FASTENER LAGARD LOCK SCREWS	 $0.05 
MSN93359000A	FASTENER, 1/4 TURN	 $4.01 
TSN92721000A	FASTENER,B-PLOO8X21	 $264.92 
TS4842413441	FASTENER-CAHC10072	 $24.58 
89031401000A	FASTFILL 120 PRINTER PRINT	 $4.89 
89031442000A	FASTFILL BINDER	 $188.15 
BRP00012000A	FAXMODEM U.S. ROBOTICS	 $0.05 
11050306000A	FCI ADRESABL OUTPUT SUP CONT M	 $122.69 
11050311000A	FCI TELEPHONE MONITOR MODULE	 $115.62 
11038061000A	FCO 252 KIT	 $165.65 
BUFCO264000A	FCO 264 DOCUMENTATION	 $0.33 
19042032000A	FCO KIT, PPM UPGRADE	 $0.00 
19050160000A	FCO KIT,TOP CHAS CA,1063	 $14.76 
NZ0000003104	FDK	 $876.96 
NZ0000002954	FDK ASSY 5674/75	 $438.48 
NZ0000001777	FDK Assy STD W/O Privacy	 $1,479.87 
NZ0000002754	FDK ASSY WITH BRAILLE	 $0.02 
NZ4450595866	fdk harness asm. 5674/5675	 $72.35 
NZ0000001517	FDK nmono assy	 $657.72 
19021601000A	FDSK DRV,3.50 IN,002.00MB	 $14.87 
29014416000A	FDSK RTNR,3.50 IN	 $2.04 
19046641000A	FDSK,3.50 IN,001.44MB	 $87.97 
41015274000C	FDSK,3.50 IN,001.44MB	 $221.99 
89030686000A	FE,MAGIJACK 310 LAN CONN	 $23.63 
11065506000A	FEDERAL APD CONTROLLER	 $344.72 
11036925000E	FEDEX PRP LABEL GSL	 $0.05 
TSN94675000A	Feed Assb-Wells	 $20,769.63 
BUPDN207000A	FEED CHANNEL 3/4 NOT BEEPING	 $1.12 
49257487000A	FEED MOTOR	 $122.18 
TS4368831631	FEED MOTOR ASSB	 $546.21 
11041794000A	Feed Roller	 $256.34 
NZ0000001896	FEED ROLLER	 $15.35 
NZ0000001900	FEED ROLLER	 $15.79 
NZ9980235074	feed roller	 $39.47 
FJUSA0206225	FEED SHAFT U ASSY D8606134V126	 $0.05 
FJ0007774716	FEED SHAFT UF ASSY D8606134V12	 $0.05 
39011564000B	FEED TIRE, AUX, SDM	 $5.45 
89031083000A	FEED WHEEL LAST REPLACED LABEL PACK OF 300	 $21.55 
TSN90409000A	FEEDER ASSB,CS,P,R	 $10,266.02 
TSN88129000A	FEEDER ASSEMBLY	 $8,941.46 
TS4368857920	FEEDER MODIFICATION KIT 7560	 $1,638.63 
TSN80557000A	FEEDER,TIMING SENSOR,CS601C	 $24.58 
11065554000A	FEEDING DRUM (2) D551	 $660.92 
11065581000A	FEEDING DRUM SHAFT D551	 $106.70 
39011997027A	FEEDING ROLLER 1	 $43.79 
39011997026A	FEEDING ROLLER 2	 $41.09 
49204018000D	FEEDSHAFT,OVRMLD	 $49.21 
49204018000E	FEEDSHAFT,OVRMLD(AGGRESSIVE)	 $16.86 
39011563000A	FEEDWHEEL,MAIN,SDM	 $35.69 
89030403000A	FELINE COMPUTER BASED TRAINING	 $8.55 
89027694000A	FELT PAD	 $5.41 
11031808000A	FELT-#40 CARRIER	 $21.73 
29009699000A	FELT,FRAME	 $2.24 
11032013000B	FEMALE PLUG CHASIS MOUNT #M4S	 $1.16 
11062275000A	FENDER WASHER	 $21.13 
39007414000E	FENDER,STRPR,64 DEG	 $16.99 
49225396000A	FENDER,WIDE	 $6.31 
11050312000A	FENWAL 1930 SUPRES ABORT STAT	 $139.44 
11050313000A	FENWAL 2210 SPARE CIRCUIT BRD	 $1,561.90 
11050314000A	FENWAL 3300 ADD DUAL ACT PULL	 $182.16 
11050315000A	FENWAL 732 REPL ENCL W/REL AB	 $525.29 
11050316000A	FENWAL MULTITONE HORN STROBE	 $122.99 
11050320000A	FENWALNET 6000 FEN 732 PWR SUP	 $217.49 
19049792000A	FERRITE BEAD INSTALLATION	 $3.24 
89031279022A	FERRITE CORE	 $15.29 
21015907000A	FERRITE CORE,RND	 $2.26 
29006647000A	FERRITE CORE,RND,SPLT	 $3.28 
29010688000A	FERRITE CORE,RND,SPLT	 $0.40 
29012201000A	FERRITE CORE,RND,SPLT	 $9.37 
29017037000A	FERRITE CORE,RND,SPLT,W/CLMP	 $12.24 
11032075000A	FF/REWIND IDLER ARM  # 6886971	 $6.58 
19042344053A	FFC CABLE	 $294.03 
19042344223A	FG CABLE ASSEMBLY	 $75.92 
89031279061A	FG HARNESS R	 $7.64 
BRP00583000A	FHCS 4/40 X 1/4 LG	 $0.05 
11003586000A	FHM-SCS	 $2.42 
BUFI0870000A	FI, UPGRADE FOR BIG SKY 112mm	 $6.18 
BUFI0347000B	FI,12.1 IN SVD,1062/72IX	 $3.18 
BUFI0337000B	FI,12.1 IN SVD,1064IX	 $2.75 
BUFI0360000B	FI,12.1 IN SVD,1071IX	 $3.18 
BUFI0864000B	FI,DIP ICB,UPGRADE OPTEVA TERMINALS	 $9.76 
BUFI0309000A	FI,HTP PRCSR UPGRD	 $2.29 
BUFI2018000B	FI,SRVC KBD	 $11.34 
11050322000A	FIBER OPTIC COMM INTER CLAS AB	 $1,011.19 
11050321000A	FIBER OPTIC COMM INTERFACE CLA	 $1,517.69 
ULB50265000A	FIBER OPTIC LINK,DUAL CMPTR	 $8,358.53 
11051757000A	FIBER OPTIC TELE LINE EXTENDER	 $2,466.45 
19049587000A	FIBER OPTIC,FOUR CHANNEL TRANSMITTER MODULE	 $1,530.90 
11051637000A	FIBER PATCH CABLE 3 METERS	 $19.19 
11047449000A	FIBER TERMINATIONS,ST,25 PK,USPS ONLY	 $31.46 
11050323000A	FIBR OPTC COMM INTER CLS A NET	 $1,449.78 
BUFCN270000A	FIELD CHANGE NOTICE	 $0.58 
BUFI0398000A	FIELD INST,HEADPHONE JACK,CSP200	 $1.76 
BUFI0621000A	FIELD INST,OPTEVA 720FL IDM 5 SERVICE SHELF UPGRADE	 $1.31 
51021036000A	FIELD INSTL BASE PL KIT	 $8.24 
BUFI1019000B	FIELD INSTR,CD RDR,SECURE,828 and 868	 $7.33 
BUFI0576000B	FIELD INSTR,DIP CD RDR,OPTEVA	 $13.36 
BUFI0768000C	FIELD INSTR,DIP CD RDR,W/ASD	 $13.36 
BUFI0247000A	FIELD INSTRN FOR 80-COL PRNTR	 $3.32 
BUFI0863000B	FIELD INSTRUCTION	 $8.48 
BUFI0923000A	Field Instruction for 36VDC Power Supply Replacement 328/328C	 $5.84 
BUFI0922000A	Field Instruction for new Core TM2 Duo, 2.8GHz Processor Replacement 529/569	 $7.68 
BUFI0827000A	FIELD INSTRUCTION FOR OPTEVA TERMINALS MTZ CD RDR UPGR	 $3.32 
BUFI0889000A	Field Instruction for Receipt Printer Conversion 720 FL	 $4.82 
BUFI0890000A	Field Instruction for Receipt Printer Conversion 740/760	 $5.84 
BUFI0894000A	Field Instruction for Receipt Printer Conversion 750	 $4.01 
BUFI0403000A	FIELD INSTRUCTION, 705W PWR SUPPLY UPGRADE,74i	 $0.78 
BUFI0349000A	FIELD INSTRUCTION, ide cd-rom	 $0.78 
BUFI0751000A	FIELD INSTRUCTION,BAR CODE SCNR MODULE UPGRD FOR 522	 $11.34 
BUFI2076000A	FIELD INSTRUCTION,CCR2e,57xx/77xx	 $11.72 
BUFI2053000A	FIELD INSTRUCTION,CD RTN PWR FAIL	 $7.18 
BUFI0714000B	FIELD INSTRUCTION,PENTIUM 4 PROCESSOR UPGRADE FOR OPTEVA 720 REAR-LOAD TERMINALS	 $16.50 
BUFI0735000B	FIELD INSTRUCTION,PENTIUM 4 PROCESSOR, UPGRADE FOR OPTEVA 520 FL TERMINAL	 $15.81 
BUFI0716000B	FIELD INSTRUCTION,PENTIUM 4 PROCESSOR, UPGRADE OPTEVA 750 TERMINALS	 $16.50 
BUFI0588000B	FIELD INSTRUCTION,PENTIUM 4,3 GHZ,PROCESSOR UPGRADE,OPTEVA,720 FL	 $9.86 
BUFI0590000B	FIELD INSTRUCTION,PENTIUM 4,3 GHZ,PROCESSOR UPGRADE,OPTEVA,740 & 760	 $8.48 
BUFI2063000A	FIELD INSTRUCTION,PROCESSOR,DIEBOLD SERIES	 $9.32 
BUFI0608000D	FIELD INSTRUCTIONS BULL,OPTEVA MCR W/ ASD,ENVIR,EAFP,CONSOL	 $3.79 
BUFI2021000A	Field Instructions for the Dual Roll Kit of the Enhanced Graphical Receipt Printer	 $4.89 
BUFI0378000A	FIELD INSTRUCTIONS FOR VIDEO DRIVER UPDATE	 $0.78 
BUFI2065000A	FIELD INSTRUCTIONS,5500 CAMERAS	 $19.40 
BUFI2042000B	FIELD INSTRUCTIONS,AE TO MTZ CD RDR,35XX/55XX/75XX	 $9.70 
BUFI2094000A	FIELD INSTRUCTIONS,CAMERA COVER,7700/7750	 $5.17 
BUFI2093000A	FIELD INSTRUCTIONS,CAMERA,7780/7790	 $7.18 
BUFI2078000A	FIELD INSTRUCTIONS,CCR2e,3700/3750	 $11.34 
BUFI2078000B	FIELD INSTRUCTIONS,CCR2e,3700/3750	 $4.40 
BUFI2074000A	FIELD INSTRUCTIONS,CCR2e,5500/5550	 $13.36 
BUFI2096000A	FIELD INSTRUCTIONS,COIN,3700FL	 $8.44 
BUFI2047000A	FIELD INSTRUCTIONS,DIP TO AE CD RDR,55XX	 $8.82 
BUFI2048000B	FIELD INSTRUCTIONS,DIP TO MTZ CD RDR,55XX	 $9.70 
BUFI2041000A	FIELD INSTRUCTIONS,MTZ TO AE CD RDR,35XX/55XX/75XX	 $11.34 
BUFI0898000A	FIELD INSTRUCTIONS,OPTEVA HIBRID DIP CARD READER	 $2.18 
BUFI2100000A	FIELD INSTRUCTIONS,OPTEVA PRCSR 5TH GEN,378	 $4.40 
BUFI2059000A	FIELD INSTRUCTIONS,PIN PAD SHIELD,57XX/7700/7750	 $2.77 
BUFI2109000A	FIELD INSTRUCTIONS,PRCSR-5TH GEN,750	 $7.33 
BUFI2105000A	FIELD INSTRUCTIONS,PRCSR-5TH GEN,CS562	 $4.40 
BUFI2061000B	FIELD INSTRUCTIONS,TWO-WAY VIDEO,7780/7790	 $8.44 
BUFI2054000A	FIELD UPGRADE,ASD,DIP CD RDR	 $8.06 
BUFI2056000A	FIELD UPGRADE,LOCKABLE CARD RETAIN BIN,COM LK,3550,37xx,55xx,57xx,75xx	 $3.65 
BUFI2057000A	FIELD UPGRADE,LOCKABLE CARD RETAIN BIN,COM LK,77XX	 $3.65 
TP820903001C	Fifth Generation Intelligent D	 $6.30 
TM000166001G	Fifth Generation Intelligent Depository Module On-site Repair Manual	 $153.00 
TP799407000A	FILE EDITOR (DFE) MANUAL	 $12.60 
11041818000A	FILE SERVER H.D. RACK 18GB	 $31,241.70 
MSN51341000A	FILE, 10 MILL	 $17.68 
11050325000A	FILL PLT 1 REQ PER LOC RAL MOD	 $1.40 
11030976000A	FILLER	 $76.71 
21014211000A	FILLER	 $1.42 
21015063000A	FILLER	 $7.67 
41016307000A	FILLER CUST FACADE	 $745.97 
21014631000A	FILLER MTG. PLATE	 $2.32 
38000504000A	FILLER PANEL	 $13.98 
11051758000A	FILLER PLAT,32&62 3/8X1/4X8CLR	 $31.00 
21017857000A	FILLER PLATE	 $78.60 
MSK88249000A	FILLER PLATE - SINGLE LOCK	 $2.03 
21014632000A	FILLER PLATE ASSY	 $48.87 
CSSNSFP58BK0	FILLER PLATE, 32X62 5/8X1/4X8	 $16.44 
MSN92853000B	FILLER PLATE, BLACK	 $2.19 
MSN92853000C	FILLER PLATE, PORCHMENT	 $2.19 
41027203000A	FILLER SHIM SPACER	 $24.44 
11031832000A	FILLER TUMBER 4440,4442,4443	 $6.65 
41027200000A	FILLER WASHER 3/4" x 0.0625"	 $4.89 
41027199000A	FILLER WASHER 3/4" x 0.151"	 $4.89 
49021749000A	FILLER, SCANNER INSERT	 $42.82 
41017949000A	FILLER,DELUXE WINDOW/RDD-30	 $72.65 
49024539XXXA	FILLER,FACIA,HD PHONE JACK	 $6.61 
41021618000D	FILLER,FASCIA,CUST,VAT 10/30,GX,TRIMMED	 $556.14 
41021618000B	FILLER,FASCIA,CUST,VAT,10/30,GX,TRIMMED	 $151.30 
41021618000E	FILLER,FASCIA,CUST,VAT,10/30,GX,TRIMMED	 $375.96 
39014432X00A	FILLER,FASCIA,HD PHONE JACK,CSP 200	 $22.53 
39014432XXXA	FILLER,FASCIA,HD PHONE JACK,CSP 200	 $12.72 
38020854000B	FILLER,TOP CAVITY	 $4.75 
10251060000	FILLISTER HEAD SCREW     1/4-20 X 5/8	 $0.10 
19011484000A	FILM 16MMX250FTX400ASAFORI9-13	 $90.00 
MSN87210000A	FILM 70MM X 150FT	 $305.57 
19000825000A	FILM CARTON GOLD FOR 16 MM	 $0.41 
19000900000C	FILM IN MOTION SWITCH (NEW)  S	 $9.44 
MSZ17006070A	FILM KDK 35MM 200 X 2484	 $272.32 
TSN90258000A	FILM,LAMP-TUBE	 $15.89 
ULACF817840A	FILM,OVERLAMINATE,CLEAR,125CT	 $68.52 
ULACF817890A	FILM,OVERLAMINATE,CLEAR,250CT	 $134.29 
ULACF822260A	FILM,OVERLAMINATE,THERMAL TRANSFER,GLOBE	 $282.28 
ULACF817800A	FILM,THRML TRANSFER OVERLAY	 $117.85 
TS4368881261	FILM-TRANS SEC-TFILMPI125R	 $1.10 
11040087000A	FILTER	 $6.58 
NZ0000002756	FILTER	 $0.02 
TSN66738000A	FILTER	 $0.00 
NZ0000001702	FILTER ASSY	 $9.24 
NZ0000002033	FILTER FLAT SMALL FDK PRIVACY	 $657.72 
NZ0000002503	FILTER, CARD READER	 $0.05 
19048063000A	FILTER, LENS,POLARIZING,SELF ADH	 $2.70 
TSN88287000A	FILTER,AIR	 $0.00 
TSN88246000A	FILTER,AIR-PUMP	 $0.00 
29002029000A	FILTER-RF1	 $91.35 
00050935000A	FILTERS, DUST & DIRT (3M VACUU	 $16.88 
ULB30112000A	FIM RLY OUTPUT MDL	 $630.32 
TSN88863000A	FIN	 $2.19 
TSN89163000A	FIN ASSB,STACKERS A-F	 $65.55 
22005073000C	FIN PLATE 3 IN PKG ARR	 $205.20 
TSN88166000A	FIN,GATE	 $0.00 
TSN89613000A	FIN,K-D1 GATE	 $0.00 
TSN89612000A	FIN,K-GATE	 $0.00 
TSN89157000A	FIN,REJ	 $6.01 
TSN88170000A	FIN,STACKING	 $0.00 
TSN91975000A	FIN,WS-23.4-N	 $63.68 
31015358L00B	FINAL ASSY HHM KEYLOCK RY5-002-C	 $222.56 
31015358R00A	FINAL ASSY HHM KEYLOCK RY5-002-C-CC	 $217.31 
39001698000A	FINAL ASSY-SPCL INTFC MOD	 $174.69 
39001698000B	FINAL ASSY-SPCL INTFC MOD	 $148.16 
TP799754000A	FINANCIAL TRANSACTION PROC INS	 $94.50 
NZ0000002100	FINGERS ANTI FISH	 $10.96 
NZ4450597988	fingers anti fish	 $0.00 
10594300000	FINISH PLATE	 $179.27 
01061472000B	FINISH PLATE FRONT CORNER DUW	 $59.17 
01038862000A	FINISH TIP	 $12.01 
11050328000A	FIR ALM MAN STAT SGL POL 6 WIR	 $33.77 
11050330000A	FIR ALM MAN STAT SGL POL ACT	 $34.04 
11050329000A	FIR ALM MAN STAT SGL POL KEY	 $49.47 
11050331000A	FIR ALM MAN STAT SGL POL TERMI	 $36.75 
11050332000A	FIR ALM MAN STAT SGL POL TOOL	 $39.47 
11050333000A	FIR ALM MAN STAT SGL TOL RESET	 $35.57 
11050326000A	FIRE ALARM EST	 $76.88 
11050327000A	FIRE ALARM MANUAL STATION SI	 $41.14 
MONS57010000	FIRE RESISTIVE VD (13, 14)  CA	 $97.74 
11051549000A	FIRE SERVICE TAG,2 SIDED,25/PK	 $13.37 
11044447000A	FIRE TESTING KIT	 $4,389.33 
19036635000A	FIRE,COMMAND CENTER	 $257.40 
11050336000A	FIREFIGHT S MAS TELE MNT IN 2	 $595.66 
11048552000A	FIRE-LITE 411 PROGRAMMER	 $345.03 
11048472000A	FIRE-LITE PRO 411UDAC DIALER	 $582.42 
11050345000A	FIREPRINT DETECTOR	 $95.99 
11050374000A	FIRESHIELD CONTROL PANEL	 $559.69 
WN007000181A	Firewire Card PCI F5U502	 $353.43 
11038974000B	FIRMWARE	 $87.70 
11038960000B	firmware #276 rcm 2	 $83.52 
11037845000B	firmware #280	 $87.70 
11037854000B	firmware #353, rev 2	 $87.70 
11040403000A	Firmware 1714.9C	 $137.03 
11037389000B	firmware 286	 $87.70 
19062661000A	FIRMWARE CHIP SET FOR ISM PANEL	 $104.66 
19055324000A	FIRMWARE UPGRADE FO RCHECKPOINT CONTROL PANELS	 $233.33 
11037637000A	FIRMWARE, 00114	 $31.32 
11037395000B	FIRMWARE, HORREY TELEPHONE	 $78.30 
11038968000B	firmware, rcm 400, revII	 $83.52 
11040319000A	FIRMWARE,EAHD,SPECIAL FEATURES	 $41.04 
89031473000B	FIRST MERIT AGILIS 3.0 DENVER	 $24.44 
89031477000B	FIRST MERIT AGILIS 3.0 DENVER	 $24.44 
89031500000A	FIRST MERIT BANK-AGILIS 3 SP1	 $24.44 
89031462000A	FIRST MERIT BRECKEN AGILIS 3.0	 $24.44 
89031461000A	FIRST MERIT DENVER AGILIS 3.0	 $24.44 
89031549000B	FIRST MERIT FULL FUNC W7A3 CDI	 $38.80 
89031552000B	FIRST MERIT IDM W7A3 CDI	 $38.80 
29008404018A	FIRST REDUCTION GEAR	 $13.04 
11038003000A	FIRST UNION VCR FIRMWARE	 $26.10 
28010529000A	FISH OLATE *4282	 $3.14 
18000846000A	FISH PAPER	 $3.78 
21018636000A	FISH PAPER PC BOARD	 $11.45 
11032650000A	FISHING RAKE PLATE	 $25.86 
11042205000A	FITTING FOR MOTOR	 $38.51 
11042228000A	FITTING FOR RETURN CHUTE	 $116.40 
49251302000A	FIXED BLADE,ASPEN PRNT ENGINE	 $70.30 
PLCM30020000	FIXED CAMERA MOUNT    PELCO	 $54.08 
00017561R000	FK DBL NOSE KEY LOCK	 $185.27 
BRP01035000A	FL 1289 2713W UPPER DRAWER KEY	 $0.05 
TP820911001B	FL BCRT PLN/SITE PREP GUIDE	 $19.80 
TM000343001A	FL CD INSTL INSTRN	 $140.40 
TM000349001A	FL CD ON-SITE MDL REMVL & REPL MNL	 $226.80 
TM000327001A	FL CDT CABLING ON-SITE REPAIR MNL	 $167.40 
TM000341001A	FL CHECK DEP TERM INSTL INSTRN	 $132.30 
TP821367001A	FL CHECK DEP TERM PLN/SITE PREP GUIDE	 $16.20 
TP821376001A	FL LOBBY CD PLN/SITE PREP GUIDE	 $13.50 
TSN93710000A	FL1-INVERTER-2	 $158.40 
NZ0000002723	FLAG PURGE	 $0.02 
39009069000B	FLAG,FXD	 $7.76 
49208262000A	FLAG,LATCH	 $9.45 
49208262000B	FLAG,LATCH	 $19.73 
11041804000A	FLANGE BEARING	 $21.13 
TS4363914690	Flange Plate FRANGE-KANSA	 $6.83 
21017871000A	FLANGE ROD	 $235.51 
MSN83840000A	FLANGE, 3 IN.      *S&G #R0040	 $49.51 
49223622000A	FLANGE,STORAGE SPOOL	 $59.28 
MSK92698000A	FLANGED NYLINER BEARING	 $2.03 
28000780000B	FLANGED TUBING               V	 $47.22 
11041000000A	FLAP	 $63.39 
TS4368886873	FLAP ASSB CASSETTE	 $136.56 
11066448000A	Flap Assb. Left Ceiling Trim	 $372.54 
11066449000A	Flap Assb. Right Ceiling Trim	 $372.54 
41027313000A	FLAP STOP	 $17.10 
MSN90349000A	FLAP, 2 1/4 DIA. CHECK VALVE	 $2.75 
18000452000A	FLAPPER ASSEMBLY	 $12.92 
TSN92003000A	FLAPPER,STKR-RJ	 $644.53 
TSN92002000A	FLAPPER-STKR-AB	 $676.13 
BRPT0018000A	FLASH CARD, COMPACT	 $0.05 
19056388000A	FLASH CARD,COMPACT,1.0GB	 $450.26 
19055486000A	FLASH CARD,COMPACT,256MB	 $156.21 
19046891000A	FLASH CARD,NORTEL	 $1,027.69 
BRP00860000A	FLASH DRIVE	 $0.05 
ULFLSHSLVU00	FLASH UNIT,SLAVE,W/PWR SPLY,SFTW,TRIPOD	 $1,096.20 
ULFLSHU00000	FLASH UNIT,W/PWR SPLY	 $534.40 
12004375000A	FLASHER	 $24.99 
11038069000A	FLASHPOINT CARD	 $4,093.74 
TS4368813680	FLAT BEKLT-BLT-NSMV1150	 $73.74 
TS4368885850	FLAT BEKLT-FEEDING UNIT	 $24.58 
TS4363277490	FLAT BELT,BLT-SPC15	 $23.76 
TS4363397640	FLAT BELT,BLT-SPC15	 $18.57 
TS4363529860	FLAT BELT,BLT-SPC15	 $27.32 
TS4368837970	FLAT BELT-FEEDING UNIT	 $19.12 
TS4368839780	FLAT BELT-TRANS SEC	 $21.85 
TS4368834870	FLAT BELT'TRANS SEC STRAP UNIT	 $24.58 
TS4368845250	flat belt-transport strap unit	 $30.04 
TS4368845260	flat belt-transport strap unit	 $19.12 
TS4368845270	flat belt-transport strap unit	 $24.58 
TS4368845280	flat belt-transport strap unit	 $32.77 
TS4368845290	flat belt-transport strap unit	 $24.58 
TS4368845300	flat belt-transport strap unit	 $32.77 
TS4368834840	FLAT BELT-TRANSPORTING SEC	 $49.16 
TS4368834910	FLAT BELT-TRANSPORTING SEC	 $16.39 
TS4368834920	FLAT BELT-TRANSPORTING SEC	 $35.51 
TS4368834930	FLAT BELT-TRANSPORTING SEC	 $54.62 
TS4368834940	FLAT BELT-TRANSPORTING SEC	 $16.39 
TS4368834950	FLAT BELT-TRANSPORTING SEC	 $16.39 
TS4368834960	FLAT BELT-TRANSPORTING SEC	 $150.21 
TS4368834970	FLAT BELT-TRANSPORTING SEC	 $19.12 
TS4368834980	FLAT BELT-TRANSPORTING SEC	 $21.85 
TS4368834990	FLAT BELT-TRANSPORTING SEC	 $60.08 
TS4368835000	FLAT BELT-TRANSPORTING SEC	 $19.12 
TS4368835010	FLAT BELT-TRANSPORTING SEC	 $13.65 
TS4368835020	FLAT BELT-TRANSPORTING SEC	 $21.85 
TS4368839770	FLAT BELT-TRANSPORTING SEC	 $21.85 
TS4368863200	FLAT BELT-TRANSPORTING SEC	 $57.35 
TS4368863210	FLAT BELT-TRANSPORTING SEC	 $101.05 
TS4368863220	FLAT BELT-TRANSPORTING SEC	 $62.81 
TS4368863230	FLAT BELT-TRANSPORTING SEC	 $92.85 
TS4368872400	FLAT BELT-TRANSPORTING SEC	 $68.27 
TS4750020620	FLAT BELT-TRANSPORTING SEC	 $40.97 
89028479000A	FLAT HD SELF TAP SCREW	 $1.07 
11032329015A	FLAT HEAD MACHINE SCRW #8-32 X	 $0.88 
BUFI0283000A	Flat Panel Display (FPD) Upgrade Kit Installation for 1063ix (4781ix) Termin	 $1.12 
19064843000A	Flat Roof and Parapet Mount , Outdoor PTZ domes	 $517.96 
19082386000A	Flat Top Burr DRILL BIT 1/4x6	 $243.00 
19082392000A	Flat Top Burr DRILL BIT 5/16x12	 $364.50 
41027170000A	FLAT WASHER	 $9.77 
41027163000A	FLAT WASHER 3/8 SAE	 $4.89 
10270330000	FLATWASHER  #31,1X100	 $0.05 
17001848000A	FLATWASHER #40 SPL CUT	 $13.95 
BUFI0419000B	FLD INSTRN,EPP,CSP	 $1.12 
21015812000C	FLEX HOSE 3.5 IN DIA.	 $898.77 
WN007000092A	FLEXBOARD MDMS EXTENSION	 $42.41 
CS000021000A	FLEXGUARD FG730 GBS	 $0.00 
41019824000A	FLEXIBLE HOSE,4.00 I.D.	 $64.13 
MSN80896000A	FLGE,CSPY TIMELCK-LCK ON 5 OR	 $0.00 
NZ0000003496	FLICKER BRUSH LARG ANIT-STATIC	 $2.67 
49202778000A	FLIP GEAR, 30T	 $43.61 
49217604000A	FLIP HOUSING,CST 2	 $99.50 
29012888000A	FLM CRTG,SRVLNC CAMR,35 MM,150 FT,ASA 400	 $126.00 
29009341000A	FLM,BLK	 $12.07 
19011427000A	FLM,CAMR,35 MM,ASA 400,150 FT	 $90.00 
11050352000A	FLOOR MOUNT DOOR HOLDER STAIN	 $180.85 
49013549000C	FLOOR, PEDESTAL, LEFT, CCD	 $93.57 
49013549000B	FLOOR, PEDESTAL, RIGHT, CCD	 $93.57 
49007564000G	FLOOR,PKR	 $64.49 
NZ0000003783	FLOPPY DISK DRIVE 1.44MB	 $33.39 
49219983X0AC	FLR,BEAUTY DR,W/BAR CODE,EPP7	 $47.22 
19015908000B	FLTR	 $14.54 
49256601000A	FLTR,FAN,AIO,LCD,15IN	 $141.75 
49256608000A	FLTR,LCD,COOLING,19IN	 $12.61 
11050353000A	FLTRD REG PWR SUP CHG 8AMP 24A	 $838.59 
19065172000A	FLUSH CEILING MOUNT KIT, FOR FLEXIDOME IP & AUTODOME EASY IP/ANALOG SERIES CAMERAS.	 $79.48 
11041049000A	FLUSH MOUNT DOOR SPEAKER	 $211.13 
19055443000A	FLUSH MT KIT,ZC CAMR DOMES	 $64.35 
11050355000A	FLUSH PANE BACKBOX SINGLE GANG	 $54.81 
11051661000A	FLUSH TRIM BREAK GLASS	 $144.15 
19036231000A	FLUSHMOUNT KIT BRASS	 $36.49 
19036232000A	FLUSHMOUNT KIT-STAINLESS	 $36.54 
11033817000A	FLYWHEEL   VSS303	 $20.56 
11033815000A	FLYWHEEL W\BEARINGS    VSS 301	 $61.06 
11066480000A	FM SWITCH KIT	 $523.17 
11041779000A	FM SWITCH W/LEADS	 $284.73 
11051761000A	FM VIDEO TX/DATA TCVR 2 FBRS	 $1,151.01 
19016223000A	FNL ASSY ATM CMRA  60HZ	 $1,973.14 
39012715000B	FNL,BOT,DEP,RAL,F/L	 $13.76 
39012719000B	FNL,TOP,DEP/IDM,C1,F/L	 $10.65 
39013823000A	FNL,UPR,DEP,UL	 $12.76 
11031595000A	FOAM	 $5.27 
21019843000A	FOAM	 $0.59 
21021349000A	FOAM GASKET STRIP	 $3.32 
TP799969001A	FOAM PACKING REMOVAL	 $0.90 
18001249000A	FOAM PROTECTION KIT OPTION  11	 $325.85 
NZ0000002724	FOAM ROLL SHAFT	 $0.02 
21019988000A	FOAM SPEAKER	 $3.94 
21021320000A	FOAM SPEAKER	 $11.60 
49212623000A	FOAM,3030 FAN	 $17.49 
21017535000B	FOAM,MICROPHONE BEZEL	 $0.93 
21015095000A	FOAM,NOISE DEADENER	 $26.33 
19042221000A	FOAM,PLYEST,0.750 THK,ADH	 $4.66 
11033307000A	FOIL SPACER  FOR YALE 4411, 45	 $0.80 
15000055000C	FOLDER,FOAM,PROM	 $3.29 
21010403000C	FOLLOWER ASM	 $12.76 
21010403000T	FOLLOWER ASM	 $9.56 
11032169000B	FOLLOWER BLOCK ASM. LETTER - L	 $30.78 
41022239100C	FOLLOWER BLOCK,LEGAL,1 DR	 $62.49 
41022239100D	FOLLOWER BLOCK,LTR,1 DR	 $62.49 
49202784000A	FOLLOWER,CAM	 $6.39 
49254660000A	FOLLOWER,CAM	 $4.16 
NZ0000002475	FOLLOWER,CAM	 $0.02 
TSN88160000A	FOLLOWER,CAM	 $49.16 
49201060000A	FOLLOWER,PARTITION	 $14.64 
31010482000D	FOLLOWER-WOOSTER	 $2.46 
29004643000A	FOOT	 $2.41 
00022069000A	FOOT RAIL BRKT FRSB-FM	 $91.78 
29013475000B	FOOT,RIGHT,DEP	 $11.78 
TSN92034000A	FOOT-BASE	 $0.00 
TSN92039000A	FOOT-K/B	 $6.01 
49001645000A	FOOTRAIL	 $663.98 
49002165000A	FOREIGN ALARM  @	 $202.18 
49004548000B	FOREIGN ALRM	 $599.15 
49004548000C	FOREIGN ALRM	 $770.66 
38000273000B	FOREIGN INTERFACE MODULE	 $552.37 
38000273000E	FOREIGN INTERFACE MODULE	 $552.37 
TP799335000A	FOREIGN TRANSACTION NUMBER G/C	 $8.10 
1904173300BC	FOREST GREEN TOUCH-UP PAINT	 $52.73 
38020304000A	FORK ASSEM	 $4.23 
11062256000A	FORK BLOCK GAUGING WHEEL	 $3,662.82 
11062259000A	FORK BLOCK GAUGING WHEEL/PICKE	 $3,662.82 
49006202000M	FORK DOUBLE DETECT	 $16.28 
49225258000B	FORK DOUBLE DETECT	 $18.50 
39011390004A	FORM FEED	 $0.05 
89029466000A	FORT LOCK REKEYING KIT	 $145.17 
89029467000A	FORT LOCK TUMBLERS	 $0.26 
11041568000A	FOUR BUTTON SWITCH	 $237.55 
11050359000A	FOUR CHANEL STAT MID-RAN TRANS	 $380.33 
NZ0000002239	FOUR SENSOR ASSY. NIGHT DEP.	 $548.10 
11050360000A	FOUR STATE REM TELE HD STAT RD	 $238.20 
11050361000A	FOUR ZONE EXPANSION CARD	 $778.30 
TMMDSS29TABS	FOURTH GENERATION CASSETTE TAB	 $0.45 
TP820721001C	Fourth generation intelligent	 $6.30 
11050362000A	FP 11 FIREPRINT INTELL DET	 $124.69 
11038429000A	FP-200 Finger Pin Set	 $54.81 
11038430000A	FP-300 Finger Pin Set	 $289.13 
19065402000A	FPC MM 62 2F SC ST 1M CERAMIC ZIP (2.0MM) ORN  - USPS only	 $45.79 
19065403000A	FPC MM 62 2F SC ST 2M CERAMIC ZIP (2.0MM) ORN  - USPS only	 $50.59 
19065404000A	FPC MM 62 2F SC ST 3M CERAMIC ZIP (2.0MM) ORN  - USPS only	 $55.67 
11050363000A	FPT 11 THERMAL DETECTOR	 $95.00 
49003664000A	FPWA,BASE LINING,BOTTOM	 $214.13 
49003652000A	FPWA,BASE LINING,SIDE	 $214.13 
49003654000A	FPWA,COVER LINING,SIDE	 $214.13 
49003656000A	FPWA,COVER LINING,TOP	 $214.13 
TP820330007A	FR-2ND GEN IDM DEP MOD OP GD	 $5.40 
MSZ85236070A	FRAME - FOUR NUMBER, SDB	 $2.71 
11036561000A	FRAME ASSEMBLY FOR 1020 MONITO	 $437.90 
48010388000A	FRAME ASSY	 $65.85 
49222889000A	FRAME BRACKET	 $125.69 
11042214000A	FRAME CONNECTION FOR COIN WHEE	 $35.20 
29008455008A	FRAME DAMPER	 $7.20 
37001578000B	FRAME FOR TIMELOCK	 $344.74 
89031279039A	FRAME GROUND PLATE 2	 $12.08 
49005264000C	FRAME PKR	 $86.81 
LXMCRRTFPS15	FRAME RATE UPGR,FCTY,RCDR,DIG,MICRO,RETAIL	 $652.50 
21018521000A	FRAME SCREW	 $67.74 
11065579000A	FRAME SHAFT D501/551	 $46.13 
MSN91944000A	FRAME, 4 KEY *SHARP #LFRM-1007	 $2.43 
49213768000B	FRAME, REAR TRANSPORT	 $135.88 
49253609000H	FRAME, STKR	 $120.96 
49214584000A	FRAME,ALIGN IDLER	 $58.33 
39011390002A	FRAME,BASE	 $0.05 
49213619000E	FRAME,BELT,PICK	 $172.14 
49260213XMQA	FRAME,CASH,ECRM	 $20.48 
49260213XXXA	FRAME,CASH,ECRM	 $20.48 
49241263000C	FRAME,DIP	 $5.78 
21018291000B	FRAME,DOOR 2 RH,W/HANDLE	 $1,508.22 
21018292000A	FRAME,DR 3,RH,W/HANDLE	 $1,508.22 
21018292000B	FRAME,DR 3,RH,W/HANDLE	 $1,508.22 
21018293000B	FRAME,DR 4 RH,W/HANDLE	 $1,508.22 
21018293000A	FRAME,DR 4,RH,W/HANDLE	 $1,508.22 
49219773000D	FRAME,PLATEN,X-PORT,VER	 $63.11 
48020411000A	FRAME,POLICE ALRM MON SYS	 $602.01 
49245296000H	FRAME,SHUTTLE	 $86.69 
49007751000B	FRAME,XPRT,3.03 IN WD X 17.50 IN LG	 $81.88 
11033327000P	FREEDOM CUT KY,PER RECD OR SAM	 $44.78 
11033327000Q	FREEDOM CUT KY,PER RECD OR SAM	 $44.78 
TP820326007B	FRENCH INSTL INSTR 1075ix/S EX	 $35.10 
TP820310007A	FRENCH INSTL INSTR 1077IX D/U	 $33.30 
TP820033007C	FRENCH OP GD FL 1062IX W/SAFE	 $15.30 
TP820327007B	FRENCH OPERATING GUIDE 1075IX	 $24.30 
TP820325007B	FRENCH PLN&SITE PREP GUIDE	 $21.60 
TP799630007B	french PLNING&SITE PREP GUIDE	 $21.60 
TP820007007B	FRENCH,OP GUIDE 1064ix BTP/CTP	 $25.20 
TP820039007C	FRENCH,OP GUIDE R/L 1062/72ix	 $18.90 
TP820003007B	French-1062IX SITE PREP GUIDE	 $23.40 
TP799483I07A	FRENCH-1064I ICD/ECD OP PROC S	 $19.05 
TP820710007A	FRENCH-2 COLOR RECPT PRINT OP	 $9.90 
TP799662007A	FRENCH-ADVPASSBK PRTR OP GUIDE	 $6.30 
TP820714007A	FRENCH-AFD OPERATING GUIDE	 $9.00 
TP799782007A	FRENCH-COIN DISP OPT OP GUIDE	 $6.30 
TP820812007A	FRENCH-COIN DISPENSER OP GUIDE	 $6.30 
TP820721007A	FRENCH-FOURTH GEN IDM OP GUIDE	 $6.30 
TP799561007B	FRENCH-IDM OP GUIDE	 $6.30 
TP820666007A	FRENCH-OP GD 1064IX BTM MNT	 $13.50 
TP820824007A	FRENCH-OPTEVA 560 PLAN & SITE	 $13.50 
TP820768007A	FRENCH-OPTEVA 720 FL OP GUIDE	 $18.00 
TP820717007A	FRENCH-OPTEVA 720 PLAN & SITE	 $18.90 
TP820720007A	FRENCH-OPTEVA 760 OP GUIDE	 $17.10 
TP820720019A	FRENCH-OPTEVA 760 OP GUIDE	 $18.00 
TP799611007A	FRENCH-PASSBK PRTR OP GUIDE	 $6.30 
TP820816007A	FRENCH-PASSBOOK PRINT OP GUIDE	 $7.20 
TP820675007A	FRENCH-PASSBOOK PRTR II OP GUI	 $8.10 
TP820124007A	FRENCH-PLAN & SITE PREP 1071IX	 $16.20 
TP799616007C	FRENCH-STATEMENT PRTR OP GUIDE	 $8.10 
48010521000B	FRICTION DRIVE ASSEMBLY	 $4,544.46 
11037583000A	FRMW KIT,APPC/APPN	 $820.31 
11036245000A	FRMW KIT,ATM	 $54.81 
11036246000A	FRMW KIT,ATM TTDS	 $52.20 
11037169000A	FRMW KIT,ATM TTDS/EXPRS	 $95.92 
11037168000A	FRMW KIT,ATM/EXP	 $68.52 
11036243000A	FRMW KIT,S16	 $52.20 
11037167000A	FRMW KIT,S16 MARS	 $95.92 
11037084000A	FRMW KIT,S16,MARS/TTDS	 $68.52 
ULU30004700A	FRMW UPGR PPU100/50	 $411.08 
ULU30004300A	FRMW UPGR SEC/PPU SECONDARY	 $1,370.25 
ULU30004200A	FRMW UPGR,PPU,RE-XMSN	 $1,370.25 
ULU30004100A	FRMW UPGR,REMOTE PPU	 $1,370.25 
19047045000A	FRMW UPGR,RTU	 $219.24 
11038963000A	FRMW,  MS,  NO. 336	 $82.22 
11038964000A	FRMW,  MS,  NO. 337	 $82.22 
11038967000A	FRMW,  MS,  NO. 399	 $82.22 
11040066000A	FRMW, RCM, NO. 462	 $82.22 
11040082000A	FRMW,306 ATM FAMILY,SYSTEM,PAL,INTL	 $62.49 
11040081000A	FRMW,306/400 ATM FAMILY,DBD	 $68.52 
11040063000A	FRMW,306/400 S16 FAMILY,DBD	 $59.36 
11036248000A	FRMW,5132 MP	 $41.11 
11037066000A	FRMW,A&M 5701-MB	 $32.89 
11036188000B	FRMW,BB-580-HG	 $31.32 
11037150000A	FRMW,BB-580-HG	 $78.30 
11036206000B	FRMW,CC570 5K	 $78.30 
11036187000A	FRMW,DB560SI	 $12.01 
LXSR16NSDEFA	FRMW,DEFAULT,SR16	 $2.61 
LXMCRSR16SDE	FRMW,DEFAULT,SR-16,SERIAL	 $2.61 
LXNETFNETADE	FRMW,DIG RCDR,ETA DEFAULT CODE	 $261.00 
NO18150468B0	FRMW,DVR 500X,WELLS FARGO	 $68.52 
LXETAU605200	FRMW,ETA ATM,EDUCATION EMP CU	 $261.00 
LXETAF241070	FRMW,ETA ATM,SOUTHWEST BANK	 $261.00 
LXETAU682590	FRMW,ETA TEL	 $261.00 
LXETAF323680	FRMW,ETA TEL,EDUCATION EMP CU	 $261.00 
LXETAF281780	FRMW,ETA TEL,NORTHWEST SAVINGS	 $261.00 
LXETAU616500	FRMW,ETA TEL/ATM	 $261.00 
LXETAC000020	FRMW,ETA,ATM	 $261.00 
LXETAF098460	FRMW,ETA,TEL	 $261.00 
LXETAF035110	FRMW,ETA,TEL/ATM	 $261.00 
LXMCRETAMATD	FRMW,ETHERNET,TRANSACTION ANALYZER,DEFAULT	 $261.00 
19041795000A	FRMW,EXPBUS,ENH,TXT INSERTER,NTSC	 $67.57 
19041796000A	FRMW,EXPBUS,ENH,TXT INSERTER,PAL	 $67.57 
11040047000A	FRMW,EXPRESSBUS,ENH,TEXT INSERTER	 $24.55 
11037067000A	FRMW,FEX 570 I	 $32.89 
11036190000A	FRMW,FEX580LP	 $78.30 
GL4356811000	FRMW,FX,MON,V3.5	 $39.95 
GL4352912000	FRMW,FX,V3.5A,CID PROTOCOL	 $39.95 
19041575000A	FRMW,KIT,TCP/IP UDP,TOKEN RING	 $460.69 
19041672000A	FRMW,KIT,TCP/IP,ETHERNET	 $728.83 
11037365000A	FRMW,MS NO.179	 $31.32 
11040231000A	FRMW,MS NO.494	 $82.22 
11037370000A	FRMW,MS,NO.011	 $31.32 
11037367000A	FRMW,MS,NO.114	 $31.32 
11037366000A	FRMW,MS,NO.180	 $31.32 
11037371000A	FRMW,MS,NO.202	 $32.89 
11037368000A	FRMW,MS,NO.257	 $31.32 
11037522000A	FRMW,MS,NO.303	 $31.32 
11037523000A	FRMW,MS,NO.304	 $31.32 
11037369000B	FRMW,MS,NO.307	 $87.70 
11037540000A	FRMW,MS,NO.318	 $82.22 
11036193000A	FRMW,MS560E1	 $78.30 
19053106000A	FRMW,NIP,ASYNC POLL,SRTU 2050	 $22.11 
19053105000A	FRMW,NIP,DIAL-UP,RTU 2050	 $39.31 
19053123000A	FRMW,NIP,SAYNC POLL,DIEBOLD PROTOCOL	 $22.11 
19053107000A	FRMW,NIP,SDLC POLL,RTU 2050	 $22.11 
19053126000A	FRMW,NIP,UDP (P1051)-RTU 2050	 $22.11 
11036197000C	FRMW,OKS-570-I-MB	 $31.32 
ULU30004600A	FRMW,PPU TRANSLATION SMPLX  8000	 $10,962.00 
ULU30004800A	FRMW,PPU X.3,SP232 CCA	 $1,370.25 
ULU30004400A	FRMW,PPU,6500 TRANSLATOR	 $8,906.63 
11037077000A	FRMW,PX1-570	 $31.32 
11038961000B	FRMW,RCM 2,NO. 430	 $36.00 
11038962000B	FRMW,RCM 2,NO. 431	 $36.00 
11038965000B	FRMW,RCM 2,NO. 432	 $83.52 
11040005000B	FRMW,RCM 2,NO. 438	 $36.00 
11040006000B	FRMW,RCM 2,NO. 439	 $36.00 
11040066000B	FRMW,RCM 2,NO. 462	 $83.52 
11040067000B	FRMW,RCM 2,NO. 463	 $82.22 
11040068000B	FRMW,RCM 2,NO. 464	 $78.30 
11040069000B	FRMW,RCM 2,NO. 465	 $83.52 
11040071000B	FRMW,RCM 2,NO. 467	 $36.00 
11040072000B	FRMW,RCM 2,NO. 468	 $34.20 
11040073000B	FRMW,RCM 2,NO. 469	 $82.22 
11040212000B	FRMW,RCM 2,NO. 486	 $82.22 
11040213000B	FRMW,RCM 2,NO. 490	 $83.52 
11040214000B	FRMW,RCM 2,NO. 491	 $82.22 
11040215000B	FRMW,RCM 2,NO. 492	 $82.22 
11040003000B	FRMW,RCM 2,NO.436	 $36.00 
11040004000B	FRMW,RCM 2,NO.437	 $36.00 
11037849000A	FRMW,RCM NO.332	 $82.22 
11040070000A	FRMW,RCM, NO. 466	 $78.30 
11038969000A	FRMW,RCM, NO.433	 $83.52 
11040076000A	FRMW,RCM,NO. 442	 $82.22 
11040072000A	FRMW,RCM,NO. 468	 $78.30 
11037826000A	FRMW,RCM,NO.157	 $82.22 
11037825000A	FRMW,RCM,NO.163	 $82.22 
11037828000A	FRMW,RCM,NO.168	 $82.22 
11037829000A	FRMW,RCM,NO.173	 $82.22 
11037830000A	FRMW,RCM,NO.174	 $82.22 
11037832000A	FRMW,RCM,NO.193	 $82.22 
11037833000A	FRMW,RCM,NO.204	 $87.70 
11037307000A	FRMW,RCM,NO.209	 $31.32 
11037306000A	FRMW,RCM,NO.210	 $31.32 
11037834000A	FRMW,RCM,NO.216	 $82.22 
11037835000A	FRMW,RCM,NO.217	 $82.22 
11037836000A	FRMW,RCM,NO.222	 $82.22 
11037837000A	FRMW,RCM,NO.223	 $82.22 
11037838000A	FRMW,RCM,NO.224	 $82.22 
11037839000A	FRMW,RCM,NO.232	 $82.22 
11037840000A	FRMW,RCM,NO.236	 $82.22 
11037841000A	FRMW,RCM,NO.237	 $82.22 
11037842000A	FRMW,RCM,NO.253	 $82.22 
11037538000A	FRMW,RCM,NO.254	 $82.22 
11037843000A	FRMW,RCM,NO.255	 $82.22 
11037362000A	FRMW,RCM,NO.259	 $31.32 
11037363000A	FRMW,RCM,NO.260	 $31.32 
11037364000A	FRMW,RCM,NO.261	 $31.32 
11037844000A	FRMW,RCM,NO.274	 $82.22 
11038960000A	FRMW,RCM,NO.276	 $82.22 
11037845000A	FRMW,RCM,NO.280	 $78.30 
11037386000A	FRMW,RCM,NO.281	 $31.32 
11037387000A	FRMW,RCM,NO.284	 $87.70 
11037388000A	FRMW,RCM,NO.285	 $87.70 
11037389000A	FRMW,RCM,NO.286	 $31.32 
11037390000A	FRMW,RCM,NO.287	 $78.30 
11037391000A	FRMW,RCM,NO.288	 $78.30 
11037392000A	FRMW,RCM,NO.290	 $31.32 
11037519000A	FRMW,RCM,NO.299	 $31.32 
11037520000A	FRMW,RCM,NO.300	 $31.32 
11037521000A	FRMW,RCM,NO.302	 $31.32 
11037524000A	FRMW,RCM,NO.305	 $31.32 
11037846000A	FRMW,RCM,NO.311	 $82.22 
11037539000A	FRMW,RCM,NO.313	 $82.22 
11037847000A	FRMW,RCM,NO.314	 $78.30 
11037848000A	FRMW,RCM,NO.315	 $78.30 
11037850000A	FRMW,RCM,NO.333	 $82.22 
11037851000A	FRMW,RCM,NO.343	 $82.22 
11037852000A	FRMW,RCM,NO.345	 $82.22 
11037853000A	FRMW,RCM,NO.348	 $82.22 
11037854000A	FRMW,RCM,NO.353	 $87.70 
11037856000A	FRMW,RCM,NO.355	 $82.22 
11037857000A	FRMW,RCM,NO.366	 $82.22 
11037858000A	FRMW,RCM,NO.368	 $82.22 
11037859000A	FRMW,RCM,NO.369	 $82.22 
11038966000A	FRMW,RCM,NO.397	 $87.70 
11038968000A	FRMW,RCM,NO.400	 $876.96 
11038970000A	FRMW,RCM,NO.403	 $87.70 
11038971000A	FRMW,RCM,NO.404	 $82.22 
11038974000A	FRMW,RCM,NO.429	 $93.18 
11038961000A	FRMW,RCM,NO.430	 $83.52 
11038962000A	FRMW,RCM,NO.431	 $83.52 
11038965000A	FRMW,RCM,NO.432	 $83.52 
11038969000B	FRMW,RCM,NO.433	 $83.52 
11040003000A	FRMW,RCM,NO.436	 $27.41 
11040004000A	FRMW,RCM,NO.437	 $83.52 
11040005000A	FRMW,RCM,NO.438	 $83.52 
11040006000A	FRMW,RCM,NO.439	 $87.70 
11040068000A	FRMW,RCM,NO.464	 $78.30 
11040212000A	FRMW,RCM,No.486	 $82.22 
11040213000A	FRMW,RCM,No.490	 $82.22 
11040214000A	FRMW,RCM,No.491	 $82.22 
11040215000A	FRMW,RCM,No.492	 $78.30 
11037827000A	FRMW,RCM.NO.165	 $82.22 
11037831000A	FRMW,RCM.NO.184	 $82.22 
11037855000A	FRMW,RCM.NO.354	 $82.22 
NO1714206M00	FRMW,RETAIL,MICROMAX PRO,1,2,3 INTFC	 $555.66 
NO1714189M00	FRMW,RETAIL,MULTI-REG,MAPCO EXPRESS INTFC	 $555.66 
NO1714173M00	FRMW,RETAIL,MULTI-REG,RUBY VERIFONE	 $555.66 
NO1714192M00	FRMW,RETAIL,RADIENT CUSTOMER INTFC	 $555.66 
ULU75100000A	FRMW,RTU,UPGR	 $252.13 
LXMCRSR16EDE	FRMW,SR-16,DEFAULT,ETHERNET	 $2.61 
11043148000A	FRMW,SR-16,ETH ATM/SER ATM	 $2.75 
LXSR16F04979	FRMW,SR-16,TEL E,ATM E/S,UNION PLANTERS BANK	 $261.00 
LXSR16F15348	FRMW,SR-16,TEL(E)	 $261.00 
LXSR16F17120	FRMW,SR-16,TEL(E)	 $261.00 
LXSR16F18053	FRMW,SR-16,TEL(E)	 $261.00 
LXSR16F19629	FRMW,SR-16,TEL(E)	 $261.00 
LXSR16FU6325	FRMW,SR-16,TEL(E)	 $261.00 
11043073000A	FRNT PNL,PLASTIC,LT	 $49.82 
89027709000A	FRONT BEZEL ASM.	 $10.63 
11043416000A	FRONT BEZEL W/DOOR ACCUTRACK	 $142.51 
11046653000A	FRONT BOARD,DVR,16 CHANNEL	 $104.14 
11046654000A	FRONT BOARD,DVR,8 CHANNEL	 $100.03 
10593970000	FRONT BRACKET	 $3.34 
11041427000A	FRONT CONTROL PANEL ASSY	 $53.44 
11065870000A	FRONT COVER FA203D	 $1.98 
11042231000A	FRONT DOOR HOUSING 826	 $606.29 
11037954000A	FRONT END CAP   #EH300010010	 $18.48 
NZ0000004239	Front Left Cabinet Door w/Round Safe Door Handle	 $1,752.98 
39013156001A	FRONT LID,2 IN	 $3.28 
89028758000A	FRONT LOADING BELT	 $2.75 
11037987000A	FRONT LOADING MECHANISM   BURL	 $65.77 
89030090000A	Front Panel  -  TC3960A	 $380.93 
89029832000A	FRONT PANEL    VSS306  TLC2100	 $243.91 
49002252000A	FRONT PANEL ART1008	 $88.65 
89029192000A	FRONT PANEL ASM  VSS 305  #F64	 $268.57 
27000665000A	FRONT PLATE	 $51.71 
11042280000A	FRONT PLATE FOR CLEANING SYS	 $183.58 
10594310000	FRONT PLT ASM	 $64.64 
11046649000A	FRONT PNL KNOBS,DVR,8 & 16 CHANNEL	 $24.67 
11046647000A	FRONT PNL,DVR,8 & 16 CHANNEL,W/CDRW DOOR,SPRING,WDO	 $68.52 
NZ0000004240	Front Right Cabinet Door w/Round Safe Door Handle	 $1,752.98 
38001219000A	FRONT TRACK *3685        EXTENTION	 $7.72 
38000583000A	FRONT TRIM CHANNEL	 $11.02 
11046657000A	FRONT USB BOARD,DVR,8 & 16 CHANNEL	 $9.59 
TMEFTM16TABS	FRONT-LOAD CABLING INDEX TAB	 $0.45 
TP799604TABS	FRONT-LOAD TERMINAL INDEX TAB	 $0.50 
BUIB0865000A	FRONT-LOAD TRANPORT BRUSH	 $0.21 
TP820501007B	FR-OPR GD THERMAL STATEMT PRTR	 $13.50 
BTC851400000	FRT CLOSURE PANEL 1.75 X 19" B	 $44.37 
BTC851460000	FRT CLOSURE PANEL 12.25 X 19"	 $93.96 
BTC851470000	FRT CLOSURE PANEL 14 X 19" BLA	 $109.62 
BTC851410000	FRT CLOSURE PANEL 3.5 X 19" BL	 $65.25 
MSZ17352010A	FRT DOOR SEAL NC100 CUST	 $8.25 
11034648000A	FRT READ DIAL RING DR3211 REG	 $31.52 
11032198000A	FRWD/REWIND IDLER #148580 VSS-	 $7.95 
11050368000A	FS MS MANUAL STATION	 $87.87 
11050369000A	FS TRI M SINGLE CONT	 $83.46 
11050371000A	FS-250 DISPLAY BOARD	 $598.53 
11050375000A	FSA 8	 $230.20 
11050376000A	FSAT 2	 $19.79 
21017179000A	FSBL LINK,STRG RM VD	 $8.21 
29005997000A	FSTNR RCPT,TURNLOCK	 $2.38 
19000770000A	FSTNR TAPE,HOOK,ADH	 $8.96 
29013756000A	FSTNR TAPE,HOOK/PILE,0.38-00.75,ADH	 $0.45 
29014036000A	FSTNR TAPE,HOOK/PILE,0.53-00.90,ADH	 $2.76 
29014189000A	FSTNR,CONN,SNAP-IN,0.09 X 0.221	 $0.27 
29012227000A	FSTNR,PNL,PUSH-IN,RDH,NYL	 $0.21 
29012227000C	FSTNR,PNL,PUSH-IN,RDH,NYL	 $0.23 
29012227000D	FSTNR,PNL,PUSH-IN,RDH,NYL	 $0.35 
29012227000E	FSTNR,PNL,PUSH-IN,RDH,NYL	 $0.16 
29012227000F	FSTNR,PNL,PUSH-IN,RDH,NYL	 $0.34 
29012227000G	FSTNR,PNL,PUSH-IN,RDH,NYL	 $0.37 
29012227000H	FSTNR,PNL,PUSH-IN,RDH,NYL	 $0.23 
29012227000J	FSTNR,PNL,PUSH-IN,RDH,NYL	 $0.36 
29012227000K	FSTNR,PNL,PUSH-IN,RDH,NYL	 $0.25 
29012227000L	FSTNR,PNL,PUSH-IN,RDH,NYL	 $0.29 
29012227000M	FSTNR,PNL,PUSH-IN,RDH,NYL	 $0.51 
29012227000R	FSTNR,PNL,PUSH-IN,RDH,NYL	 $0.31 
29012227000S	FSTNR,PNL,PUSH-IN,RDH,NYL	 $0.48 
19021266000A	FSTNR,SHT EDGE,10-32-0.25	 $3.65 
21015254000A	FSTNR,SPR CLP,TBLR,0.187 DIA	 $0.41 
19019153000A	FSTNR,STDF,NYL.	 $1.57 
29012194000A	FSTNR,TURNLOCK,SLTD,W/RTNR	 $1.33 
19040597000A	FSTNR,TURNLOCK,SLTD,WHT,1X10	 $1.37 
11050377000A	FSTRIM 35R	 $70.57 
TMFUEL00TABS	FUEL BINDER TAB SET	 $4.54 
00051032000A	FUJITSU 7000 RECEIPT RIBBON	 $14.18 
00051033000A	FUJITSU 7000 STANDARD RECEIPT	 $128.84 
00051047000A	FUJITSU 7015/7025 CASH DISP RO	 $234.32 
00050817000A	FUJITSU AUDIT ROLL 4000/6000	 $198.17 
00051055000A	Fujitsu CD Rcpt Ribbon	 $14.18 
00050771000A	FUJITSUC425CARTRIDGEACT4000/60	 $5.67 
MSZ16512500A	FULL PAINTED TUBE ENCLOSURE 89	 $811.19 
89031421000A	FULTON FINANCIAL CORP SFTW	 $24.44 
49011812X02A	FUNNEL, BLANK, STMT/PSBK	 $62.53 
39011757000A	FUNNEL,80 COL,BOT	 $9.85 
49008569000A	FUNNEL,CD RDR	 $4.91 
49008274000B	FUNNEL,CD RDR,SLF DCKG	 $7.14 
49024556000B	FUNNEL,DEP,BOT	 $27.41 
49024555000B	FUNNEL,DEP,TOP	 $14.20 
49017680000A	FUNNEL,DIP SMART RDR,1064IX,GRY	 $45.32 
49010396000A	FUNNEL,GATE INTFC,ADV FEAT PASSBOOK	 $34.97 
49010396000B	FUNNEL,GATE INTFC,ADV FEAT PASSBOOK	 $40.50 
49018175000A	FUNNEL,PLATE,IDM II,1073I	 $42.47 
39011756000B	FUNNEL,PRNTR,80 COL,TOP	 $9.85 
49010160000A	FUNNEL,UPR,CPT	 $14.06 
89031129000A	FUS,GFP-AR 5A 250V PGTAL 20MM	 $6.25 
21018850000A	FUSE	 $11.55 
39013743010A	FUSE	 $17.84 
TS4843501371	FUSE	 $10.93 
TS4843501372	FUSE	 $10.93 
TS4843501477	FUSE	 $10.93 
TSN65135000A	FUSE	 $0.00 
TSN66722000A	FUSE	 $0.00 
TSN66723000A	FUSE	 $0.00 
89029292000A	FUSE  1 AMP 250V FB  5 X 20MM	 $0.66 
89029293000A	FUSE  1.6 AMP 250V  5 X 20MM	 $0.40 
89027918000A	FUSE  10 AMP  125V  PICO	 $2.28 
19019005016A	FUSE  10 AMP PICO II VERY FAST	 $3.06 
89029294000A	FUSE  2 AMP 250V  5 X 20MM	 $1.31 
MSN93441000A	FUSE - 3 AMP BUSSMAN GLQ3	 $3.52 
19020244000A	FUSE & HOLDER CAP 300V NO-DELA	 $10.39 
11038701000A	Fuse (1 ea -1.25,2.5 & 3.15A)	 $2.75 
11025570000M	FUSE 1 A 250V FB	 $0.37 
11025570000C	FUSE 1/16 A 250V FB	 $4.15 
11025570000D	FUSE 1/8 A 250V FB	 $2.87 
11032118000A	FUSE 1/8 AMP 250V PIGTAIL	 $4.85 
11025568000V	FUSE 10 A 32V SB	 $3.45 
NZ0000001061	FUSE 12A 1.25 PSU F1	 $2.20 
NZ0073040024	FUSE 12A 1.25 PSU F1	 $0.54 
11025570000X	FUSE 15 A 32V FB	 $0.78 
11025568000W	FUSE 15 A 32V SB	 $2.07 
TS4843501297	FUSE 1A-FUSE-HT-1A	 $5.46 
NZ0000002001	FUSE 200MA 1.25 F1 M/IF	 $0.50 
NZ0070007140	FUSE 200MA 1.25 F1 M/IF	 $0.50 
89030588000A	FUSE 2A 2AG SLOW BLOW PARALLEL	 $2.03 
89030599000A	FUSE 2A SLO-BLE IN HOLDER SMT	 $4.21 
89031361000A	FUSE 2A/250V, SLOWBLOW, 5X20MM	 $2.49 
89031357000A	FUSE 2A/250V,SLOWBLOW,5X20MM	 $2.49 
89028799000A	FUSE 3 AMP GYYR#F5721408	 $4.80 
11025570000H	FUSE 3/10 A 250V FB	 $1.56 
MSZ69487830A	FUSE 300V 15A	 $6.16 
89030587000A	FUSE 3A 2AG SLOW BLOW, PARALLE	 $2.03 
89030601000A	FUSE 3A SLO-BLE IN HOLDER SMT	 $4.96 
NZ0000001069	FUSE 4A 1.25 FAST BLOW	 $26.31 
NZ0079830124	FUSE 4A 1.25 FAST BLOW	 $2.20 
89030600000A	FUSE 4A SLO-BLE IN HLOLDER SMT	 $4.96 
11032197000A	FUSE 4AMP 115V     FB GMA-4	 $2.41 
BRP00579000A	FUSE 5 X 20MM GMA 2.5AMP GLASS	 $0.05 
TS4843501298	FUSE 5A	 $2.73 
11025568000T	FUSE 7 A 125V SB	 $4.18 
11025570000U	FUSE 7-1/2 A 250V FB	 $0.86 
11025568000F	FUSE 8/10 A 250V SB	 $2.71 
NZ0000001060	FUSE 8A 1.25 PSU F2	 $2.52 
NZ0073040022	FUSE 8A 1.25 PSU F2	 $0.54 
89026307000A	FUSE BLOCK	 $11.13 
11035794000A	FUSE CARD     05-00131	 $146.16 
89026306000A	FUSE CLIP	 $1.52 
11041773000A	FUSE FNQ 15 AMP	 $222.04 
BRP00491000A	FUSE HARNESS	 $0.05 
29013532000D	FUSE HLDR,CRTG,PNL MT,QDISC	 $1.12 
29014439000A	FUSE HLDR,EXTR,3AG	 $2.75 
29014440000A	FUSE HLDR,EXTR,M05	 $2.75 
49247816000A	FUSE HLDR,M05,PC	 $9.76 
19041297000A	FUSE HLDR,PLUG-IN,SUBMIN,SMD,VERT	 $5.81 
29013478000A	FUSE HLDR,RCPT,M05/3AG,QDISC,INTL	 $5.84 
29010594000A	FUSE HLDR,RCPT/EXTR,QDISC	 $4.10 
49223717000A	FUSE HLDR,RCPT/EXTR,QDISC	 $30.47 
BRPT0010000A	FUSE HOLDER	 $0.05 
11048722000A	FUSE KIT	 $41.11 
TS4843501134	Fuse LM40	 $4.91 
NZ0000001932	FUSE P/T 2.0 A	 $2.20 
NZ9980869138	fuse p/t 2.0 a	 $2.20 
NZ0000001933	FUSE P/T 3.5A	 $6.58 
NZ9980869139	fuse p/t 3.5a	 $6.58 
89028776000A	FUSE PIGTAIL 1/16AMP250VOLT SB	 $3.63 
MSN63302000A	FUSE,  1/4 AMP   LITTLEFUSE 22	 $1.26 
49208021061A	FUSE, 1.0A,FK2	 $1.75 
49208021044A	FUSE, 1.0A,TR5-F	 $2.70 
MSN83566000A	FUSE, 1.5A SLO/BLO - LITTLEFUS	 $3.02 
49208021063A	FUSE, 10A,FK2	 $1.75 
MSN70808000A	FUSE, 125V SLO-BLO *BUSS #N2-1	 $11.03 
MSN68122000A	FUSE, 2 AMP-3AG SLO BLO      *	 $1.38 
49208021064A	FUSE, 20A,FK2	 $1.58 
MSN69130000A	FUSE, 2AMP SLO BLO	 $1.72 
MSN70529000A	FUSE, 2AMP/3AG *LITTLEFUSE #31	 $0.42 
TE000014VICS	FUSE, 2ASB, 250V	 $5.35 
MSN63303000A	FUSE, 3/8 AMP LITTLEFUSE 229.3	 $4.13 
MSN69291000A	FUSE, 3AMP/3AG *LITTLE FUSE #3	 $0.46 
MSN69964000A	FUSE, 5 AMP SLO-BLO	 $1.42 
49208021062A	FUSE, 5.0A,FK2	 $1.75 
11062154000A	FUSE, 5A, PICO, MOUSER	 $1.30 
TE000013VICS	FUSE, 5AFB, 250V	 $1.38 
49208021038A	FUSE, 6.3A,TR5-F	 $3.20 
MSN94645000A	FUSE, DIP TYPE 1.0 AMP	 $14.16 
MSN94646000A	FUSE, DIP TYPE 1.6 AMP	 $14.16 
MSN94647000A	FUSE, DIP TYPE 2.0 AMP	 $14.16 
MSN94648000A	FUSE, DIP TYPE 3.2 AMP	 $14.16 
11036591000A	FUSE, FAST ACTING	 $2.61 
11036592000A	FUSE, FAST ACTING	 $2.61 
NZ0000002002	FUSE, SLO-BLO 10A 250V	 $4.45 
MSN69285000A	FUSE,1/4 AMP-3AG *LITTLEFUSE #	 $1.21 
49247053000A	FUSE,10A,250V,5X20 T-LAG GLASS	 $1.06 
89028450000A	FUSE,10A,F/B,32V	 $3.29 
19044716000A	FUSE,125V,2A,ALRM PNL	 $0.95 
19044717000A	FUSE,125V,3A,ALRM PNL	 $1.27 
19044718000A	FUSE,125V,4A,ALRM PNL	 $1.27 
MSN68089000A	FUSE,15 AMP *LITTLEFUSE #31101	 $4.37 
19046430000A	FUSE,1A,ON-BOARD,1052	 $0.00 
19046431000A	FUSE,1A,ON-BOARD,WITNESS	 $0.00 
MSN70881000A	FUSE,2 AMP *BUSSMAN #MDL-2*	 $2.75 
39009303003A	FUSE,250V/8A	 $10.26 
19046433000A	FUSE,2A,ON-BOARD,1057	 $7.37 
19046432000A	FUSE,2A,ON-BOARD,1058 & 1065	 $7.37 
MSN69535000A	FUSE,2AMP-BATTERY *LITTLEFUSE#	 $1.33 
MSN68363000A	FUSE,3 AMP 8 AG *LITTLEFUSE #3	 $4.17 
19046435000A	FUSE,3A,ON-BOARD,1017	 $7.37 
19046436000A	FUSE,3A,ON-BOARD,1057	 $0.00 
19046434000A	FUSE,3A,ON-BOARD,1058	 $0.00 
DM3190000000	FUSE,3AMP,5PK	 $7.40 
49208021036A	FUSE,4.0A,TR5-T	 $2.24 
19046437000A	FUSE,4A,ON-BOARD,1057	 $0.00 
TSN65607000A	FUSE,5A/NSD10	 $3.56 
TSN65443000A	FUSE,8 ASLO BLO	 $2.51 
19019005006A	FUSE,AX,000.750A,125V	 $4.01 
11048176000A	FUSE,CCP2E30TE, (04670135NR LIT	 $11.09 
11025568000A	FUSE,CRTG,000.250A,250V,SLOW	 $2.61 
11025570000K	FUSE,CRTG,000.500A,250V	 $1.38 
11025568000C	FUSE,CRTG,000.500A,250V,SLOW	 $1.50 
19038187000C	FUSE,CRTG,000.500A,250V,SLOW	 $1.57 
11025568000E	FUSE,CRTG,000.750A,250V,SLOW	 $3.76 
190003140160	FUSE,CRTG,001.000A,250V	 $3.12 
11025568000G	FUSE,CRTG,001.000A,250V,SLOW	 $2.10 
11025568000H	FUSE,CRTG,001.250A,125V,SLOW	 $1.56 
11025568000J	FUSE,CRTG,001.500A,250V,SLOW	 $4.28 
29004457000M	FUSE,CRTG,001.600A,250V,TD,INTL	 $3.88 
11025570000P	FUSE,CRTG,002.000A,250V	 $1.48 
11037063000A	FUSE,CRTG,002.000A,250V	 $1.40 
19040591000A	FUSE,CRTG,002.000A,250V,SLOW,INTL	 $2.47 
29004457000G	FUSE,CRTG,002.000A,250V,TD,INTL	 $2.43 
190003140210	FUSE,CRTG,002.500A,250V	 $4.93 
11025568000M	FUSE,CRTG,002.500A,250V,SLOW	 $2.00 
190003140220	FUSE,CRTG,003.000A,250V	 $0.36 
19016575000B	FUSE,CRTG,003.000A,250V,MED	 $1.81 
11025568000N	FUSE,CRTG,003.000A,250V,SLOW - NPU CHECK AVAILABILITY	 $1.13 
19041335000A	FUSE,CRTG,003.150A,250V,INTL	 $0.47 
19041335000B	FUSE,CRTG,003.150A,250V,INTL	 $0.77 
19041382000A	FUSE,CRTG,004.000A,125V,SLOW	 $1.49 
29008972000A	FUSE,CRTG,004.000A,125V,TD	 $1.94 
11025568000P	FUSE,CRTG,004.000A,250V,SLOW	 $1.72 
29004457000E	FUSE,CRTG,004.000A,250V,TD,INTL	 $2.56 
11025568000Q	FUSE,CRTG,005.000A,250V,SLOW	 $2.00 
29004457000J	FUSE,CRTG,005.000A,250V,TD,INTL	 $2.56 
11025568000S	FUSE,CRTG,006.250A,250V,SLOW	 $1.49 
29016458000B	FUSE,CRTG,006.300A,250V,TD,INTL	 $1.97 
29008972000B	FUSE,CRTG,008.000A,125V,TD	 $1.54 
29016482000B	FUSE,CRTG,008.000A,125V,TD	 $1.73 
29016460000B	FUSE,CRTG,008.000A,250V,TD	 $3.62 
29016458000A	FUSE,CRTG,008.000A,250V,TD,INTL	 $3.78 
29016460000A	FUSE,CRTG,012.000A,250V,TD	 $2.99 
19016575000C	FUSE,CRTG,015.000A,250V,MED	 $2.38 
19041594000B	FUSE,CRTG,015.000A,250V,SLOW	 $4.10 
29016993000A	FUSE,CRTG,015.000A,250V,SLOW	 $4.01 
29013531000L	FUSE,CRTG,3.5A,250V,SLOW	 $1.25 
11037064000A	FUSE,CRTG,500.000MA,250V	 $1.40 
18020497000A	FUSE,MICRO,002.000A,125V	 $10.92 
18020497000B	FUSE,MICRO,003.000A,125V	 $2.84 
19038428000D	FUSE,RDL,000.200A,060V,AUTO RST	 $0.77 
19038428000B	FUSE,RDL,000.500A,060V,AUTO RST	 $1.21 
19042550000B	FUSE,SMD,000.140A,060V,AUTO RST	 $1.44 
19042693000A	FUSE,SMD,000.160A,030V,AUTO RST	 $1.94 
19038192000F	FUSE,SMD,000.750A,030V,AUTO RST	 $1.20 
19038192000A	FUSE,SMD,001.000A,030V,AUTO RST	 $1.70 
19038192000C	FUSE,SMD,001.250A,015V,AUTO RST	 $3.35 
19040586000D	FUSE,SMF,CRTG,001.000A,125V,W/HLDR	 $9.00 
19040585000C	FUSE,SMF,CRTG,001.500A,125V,SLOW,W/HLDR	 $15.87 
19040585000E	FUSE,SMF,CRTG,004.000A,125V,SLOW,W/HLDR	 $11.64 
19040583000A	FUSE,SMF,CRTG,005.000A,125V	 $3.25 
19040586000A	FUSE,SMF,CRTG,005.000A,125V,W/HLDR	 $11.90 
TSN65589000A	FUSE,SPI-500MA	 $5.46 
19041396000A	FUSE,SUBMIN,006.300A,125V,FAST	 $1.93 
MSZ69490300A	FUSE-20 AMP MDA	 $5.79 
TSN63171000A	FUSE-DM05	 $11.48 
TS4843500957	FUSE-FU-LM10*	 $2.48 
TS4843500959	FUSE-FU-LM20*	 $2.48 
TS4843500960	FUSE-FU-LM32*	 $2.48 
TSN63169000A	FUSE-GTH6	 $1.58 
11038698000A	Fuses 1.25A 250V 20MM (25 pc)	 $16.44 
11042260000A	FUSES 230V/1.25A	 $5.63 
11038700000A	Fuses 3.15A 250V 20MM (25 pc)	 $16.44 
MSZ69486440A	FUSE-STD,3AG 5A	 $0.84 
11018785000A	FUSIBLE LINK	 $10.81 
17001867000A	FUSIBLE STOP	 $4.70 
10648780000	FUSTAT RECEPTACLE*2521	 $2.82 
11050378000A	FWB 2W WP BOX FOR 3	 $18.23 
MSZ21026100A	FX ALARM 8 BATTERY CABLE W/CON	 $8.25 
MSZ21031760A	FX FW VER 4.5(11D0)REPAIR	 $49.51 
GL1008351000	FX High Security POD	 $356.27 
GL1008320000	FX Slimline w\Keypad	 $937.25 
GL8592245000	FX Transformer CL 2 16V 37VA	 $32.89 
29008404013A	FXD CBN CMPSN RES (1.5K OHM 1/4W 10%)	 $1.36 
29008404010A	FXD CBN CMPSN RES (3.3K OHM 1/4W 10%)	 $0.45 
29008404012A	FXD CBN CMPSN RES (4.7K OHM 1/4W 10%)	 $0.45 
29008404015A	FXD CBN CMPSN RES (6.2K OHM 1/4W 10%)	 $1.54 
11050347000A	FXD MT INDOR CLR GRY PND NO CA	 $480.63 
11050380000A	G1 WALL STBE WHT HOU ALT MRK	 $53.94 
11050382000A	G1R HV15	 $68.52 
11050383000A	G1R V30	 $3.83 
11050385000A	G4F S2 SPEAKER MULT	 $40.98 
11050386000A	G4F S2VM WALL SPKR S	 $107.87 
11050387000A	GAEMWELL ADDRESSABLE MANUAL PU	 $237.05 
MSZ76922300A	GAGE(.O31)STOP FINGER	 $4.37 
17000903000A	GANGLOCK STUDS	 $0.46 
11065596000A	GAP ADJUSTING LABEL K/N/D501/	 $11.85 
11050388000A	GAS DETECTOR	 $199.51 
NZ0000001170	GAS SHOCK	 $208.28 
NZ0090009321	gas shock	 $98.66 
NZ0000003629	GAS SHOCK - 5890	 $241.16 
NZ0000003517	GAS SHOCK 5674/5 VESTIBULE	 $147.99 
WN007000360A	Gas Spring 250N 375.5 Bailend	 $16.46 
BUIB1029000A	GAS SPRING INFORMATION BULLETI	 $0.29 
TMCOGC390200	GASCARD SITE CONF. & OPER.	 $88.20 
11042748000A	GASKET	 $130.10 
17001928000A	GASKET	 $0.33 
41027308000A	GASKET	 $108.49 
49017597000A	GASKET	 $1.69 
49201558000A	GASKET	 $1.31 
49231834000A	GASKET	 $9.32 
49247164000A	GASKET	 $6.31 
MSZ7622160AN	GASKET	 $56.44 
11038036000A	GASKET   -  PELCO HOUSING	 $1.29 
11038035000A	GASKET  -  PELCO HOUSING	 $4.88 
21018073000A	GASKET 5088	 $2.11 
49204736000B	GASKET BAR CODE,DU	 $1.53 
49233826000A	GASKET CCA,BCS 2D	 $2.30 
31019401000A	GASKET COMPRESSION BELL	 $8.07 
NZ4450598554	GASKET CRT/FDK	 $7.01 
11034979000A	GASKET FOR CARD RDR HOOD 29-85	 $5.48 
11050389000A	GASKET KIT FOR REAR WIR TO OUT	 $8.48 
MSZ75422910A	GASKET LOWER BK6640	 $22.48 
49240456000A	GASKET SHORT BAR,10.4 IN SD	 $7.49 
49253417000A	GASKET, ANTENNA	 $2.52 
49240482000A	GASKET, BEZEL, PRNTR,THRM RCPT, 80MM	 $13.76 
49259519000A	GASKET, BRKT, RT	 $3.75 
29006033000A	GASKET, CAMERA WINDOW	 $2.00 
49204849000A	GASKET, EXHAUST, 510	 $8.95 
39006220000A	GASKET, FACIA	 $35.24 
39006220000B	GASKET, FACIA	 $30.78 
49256775000A	GASKET, ID	 $2.46 
39007283000A	GASKET, MONEY POCKET	 $6.01 
39006721000A	GASKET, OUTER FACIA	 $7.97 
39006208000A	GASKET, RECEIPT SLOT	 $2.49 
49200868000A	GASKET, TOP, AFD FLOATING BEZEL	 $61.97 
31020525000A	GASKET, TURNTABLE DOOR	 $354.38 
49223679000C	GASKET,1.5 X 6 X 340	 $1.46 
49223679000B	GASKET,1.5 X 6 X 390	 $1.68 
49223679000A	GASKET,1.5 X 6 X 573	 $1.89 
49223679000D	GASKET,1.5 X 8 X 573	 $3.67 
49255046000B	GASKET,15,LONG	 $0.43 
49255047000B	GASKET,15,SHORT	 $0.69 
49255041000A	GASKET,19,LANDSCAPE	 $0.65 
49200947000C	GASKET,320	 $2.68 
49200947000G	GASKET,540	 $3.83 
49253721000A	GASKET,7IN, DISPLAY,SIDE	 $0.43 
49253722000A	GASKET,7IN,DISPLAY,BACK	 $0.48 
49260683000A	GASKET,ACTIVIEW,BOTTOM	 $0.43 
49260682000A	GASKET,ACTIVIEW,SIDES	 $1.08 
49260681000A	GASKET,ACTIVIEW,TOP	 $1.33 
49200706000J	GASKET,AIR CONDTN,HORIZ,330.0	 $2.38 
49200706000K	GASKET,AIR CONDTN,VERT,550.0	 $4.05 
49230962000A	GASKET,ANG,COVER,AC	 $1.78 
19047752000A	GASKET,BE CU,0.230 X 0.030 X 02.000,RFI,TW	 $2.41 
49204555000A	GASKET,BEZEL,COIN	 $2.06 
49204714000A	GASKET,BEZEL,FILLER,LOWER	 $0.96 
39012068000E	GASKET,BEZEL,PLSTC,110.0	 $42.55 
39012068000A	GASKET,BEZEL,PLSTC,117.0	 $43.53 
39012068000F	GASKET,BEZEL,PLSTC,124.0	 $47.90 
49272851000A	GASKET,BIOMETRIC MODULE	 $3.91 
49205441000C	GASKET,BLANK BNA,187.26	 $1.22 
49205441000D	GASKET,BLANK BNA,264.01	 $1.31 
41018997000A	GASKET,BLWR HORZ	 $2.43 
49208688000A	GASKET,BOT,FASCIA,TTW ATM	 $2.77 
49201503000A	GASKET,BOTTOM,VESTIB	 $1.53 
49200706000E	GASKET,BRKT,DIVERT,270.0	 $1.81 
49205441000A	GASKET,BULK CASH,145.34	 $1.40 
49205441000B	GASKET,BULK CASH,155.92	 $1.14 
21018071000A	GASKET,CAMR BRKT 5085	 $1.22 
49011189000A	GASKET,CAMR LENS,1073IX	 $5.71 
29006030000A	GASKET,CARD RDR SLOT	 $1.28 
39012605000B	GASKET,CARD READER BEZEL,TTW CD	 $2.67 
39007264000B	GASKET,CD RDR	 $9.90 
39010148000A	GASKET,CD RDR	 $2.49 
21019940000A	GASKET,COMPONENT PANEL,2 WAY CCTV	 $8.79 
49233824000A	GASKET,COV,BCS 2D	 $2.30 
31017672000A	GASKET,COVER PLATE	 $3.75 
49258360000A	GASKET,COVER,GALTREPID	 $167.66 
49200794000A	GASKET,COVER,TOP,CAMERA LENS	 $8.92 
49204546000A	GASKET,DEP AREA	 $6.44 
49010614000A	GASKET,DIFFUS	 $7.03 
39011905000A	GASKET,DIP RDR	 $6.25 
39011906000A	GASKET,DIP RDR	 $6.25 
39011907000A	GASKET,DIP RDR	 $6.25 
49258373000A	GASKET,DOOR	 $0.69 
21018902000A	GASKET,DOOR SIDE VAT-28 10 IN	 $4.47 
21018502000A	GASKET,DOOR TOP	 $6.84 
41026699000A	GASKET,DOOR,LOWER	 $15.30 
41026781000A	GASKET,DOUBLESIDED,19	 $4.74 
49255044000A	GASKET,DOUBLESIDED,19,LONG	 $2.03 
49255045000A	GASKET,DOUBLESIDED,19,SHORT	 $1.81 
41026815000A	GASKET,DRIP,MMA,FASCIA	 $1.30 
49208050000B	GASKET,EDGE,SAFE,1168.0	 $18.12 
49229458000A	GASKET,ELEC ACCESS,VERT	 $2.49 
49229459000A	GASKET,ELEC ACCESS,VERT	 $2.67 
49229414000A	GASKET,EPP BEZEL,BOTTOM	 $2.41 
49247965000B	GASKET,EPP7	 $6.16 
21014838000D	GASKET,EXTD,8.00	 $39.83 
49221155000A	GASKET,FASCIA,ENA	 $3.37 
49200706000C	GASKET,FASCIA,LEFT,1219.0	 $8.92 
49200706000G	GASKET,FASCIA,LEFT,TOP,48.0	 $0.95 
49200706000D	GASKET,FASCIA,RIGHT,343.0	 $1.68 
49200706000F	GASKET,FASCIA,RIGHT,TOP,70.0	 $1.03 
29008458000A	GASKET,FCTN KYBD	 $4.91 
49229403000A	GASKET,FILLER,MON AREA	 $1.78 
49208511000A	GASKET,FLOATING BEZEL	 $1.94 
29004256000A	GASKET,FOAM	 $2.70 
49258356000A	GASKET,FP,GALTREPID	 $5.67 
29006031000B	GASKET,FUNCTION KEYBOARD	 $1.70 
49233822000B	GASKET,GL,BCS 2D	 $27.05 
41021544000A	GASKET,GLASS,TWO WAY,15IN	 $23.81 
49202962000A	GASKET,HDPHNE JCK	 $1.38 
49229377000A	GASKET,HINGE,NEOPRENE	 $17.84 
49254564000A	GASKET,HOUSING	 $1.25 
49017624000A	GASKET,IDM	 $3.47 
49208021192A	GASKET,INSERT,I/O,THICK	 $26.20 
49212593000A	GASKET,INTAKE SEAL,M 06.35 THK	 $3.06 
29006032000A	GASKET,KYBD	 $1.76 
49227317000A	GASKET,LCD,EFC	 $2.67 
49200706000H	GASKET,LEDGE,PANEL,FASCIA,LEFT,235.0	 $17.01 
41026378000A	GASKET,LENS	 $1.98 
41026562000A	GASKET,LENS,TRIM,UPR,RT	 $1.30 
49204700000A	GASKET,LIGHT LENS,TTW DU	 $6.98 
19000875000A	GASKET,LIGHT SEAL	 $0.11 
49229404000A	GASKET,MON BEZEL,TOP	 $4.28 
49229405000A	GASKET,MON FASCIA AREA	 $2.94 
21019782000A	GASKET,MTG PL	 $11.13 
29007546000A	GASKET,NPRN,0.925 ID,1.294 OD,0.125 THK,W/ADH	 $1.23 
41020534000A	GASKET,OUTER,DUW	 $38.35 
49205441000T	GASKET,PNL,FASCIA,LWR LEFT,174.00	 $0.19 
49205441000F	GASKET,PNL,FASCIA,UPR,RT,307.17	 $1.78 
49205441000E	GASKET,PNL,FASCIA,UPR,RT,353.89	 $1.58 
49205441000G	GASKET,PNL,FILLER,FASCIA,UPR,RT,75.50	 $0.77 
49229410000A	GASKET,PRN BEZEL,SIDE	 $2.23 
49200705000E	GASKET,SENSOR PLATE	 $1.46 
49200949000B	GASKET,SIDE,BEZEL,KEYBD,BLANK	 $0.99 
49200948000B	GASKET,SIDE,BEZEL,MOT CDRDR	 $0.95 
49200799000B	GASKET,SIDE,BEZEL,RCPT/CAMRA	 $1.78 
49200947000B	GASKET,SIDE,BEZEL,STMNT PRNTR	 $1.26 
49229407000A	GASKET,SIDE,CDRDR	 $1.78 
49230959000A	GASKET,SIDE,COVER,AC	 $3.57 
49229432000A	GASKET,SIDE,DOOR,TOP	 $2.49 
49200706000A	GASKET,SIDE,FASCIA,TTW ATM	 $2.05 
49200706000B	GASKET,SIDE,FASCIA,TTW ATM	 $4.28 
49208644000A	GASKET,SIDE,FASCIA,TTW ATM	 $7.50 
49204699000A	GASKET,SIDE,KEYBOARD,DU	 $0.95 
49207918000A	GASKET,SIDE,LCD,OPTEVA 500	 $0.80 
49202901000A	GASKET,SIDE,MONITOR BEZEL	 $3.06 
49202901000B	GASKET,SIDE,MONITOR BEZEL	 $1.10 
49258337000A	GASKET,SIDE,PASSBOOK	 $0.34 
49252031000A	GASKET,TASK LIGHT	 $3.19 
49200911000A	GASKET,TOP, DEPOSITOR, FLOATING BEZEL	 $3.38 
49200949000A	GASKET,TOP,BEZEL,KEYBD,BLANK	 $1.40 
49200947000A	GASKET,TOP,BEZEL,STMNT PRNTR	 $1.49 
49229431000A	GASKET,TOP,DOOR,TOP	 $4.01 
49208643000A	GASKET,TOP,FASCIA,TTW ATM	 $4.74 
49204735000A	GASKET,TOP,KEYBOARD,DU	 $2.19 
49207917000A	GASKET,TOP,LCD,OPTEVA 500	 $1.21 
49258336000A	GASKET,TOP,PASSBOOK	 $0.43 
49204735000C	GASKET,TRIM CAP,SAFE,55.0	 $0.96 
49205453000C	GASKET,TRIM,380.00	 $12.83 
4920544100AA	GASKET,TRIM,DOOR,PLASTIC,14.57	 $0.77 
49205441000U	GASKET,TRIM,DOOR,PLASTIC,323.34	 $2.19 
49205441000Z	GASKET,TRIM,DOOR,PLASTIC,384.35	 $2.38 
49208050000A	GASKET,TRIM,FASCIA,TOP,1065.0	 $22.09 
49200706000P	GASKET,TRIM,SAFE,EDGE,34.0	 $0.73 
49230679000A	GASKET,UPR,FASCIA,378	 $3.83 
19047750000A	GASKET,UTHN W/FABRIC,0.120 X 0.040 X 17.000,ADH	 $1.86 
19047751000A	GASKET,UTHN W/FABRIC,0.275 X 0.080 X 01.50,ADH	 $0.83 
49207411000F	GASKET,WIPER,100.00	 $6.13 
49207411000B	GASKET,WIPER,87.0	 $5.46 
49207411000E	GASKET,WIPER,94.00	 $5.46 
49208048000A	GASKET,WIPER,LCD,NOTCHED	 $19.10 
49202911000A	GASKET,XPRT,PRNTR INTFC	 $1.31 
49223692000A	GASKET,XPRT,STMNT PRNTR	 $2.06 
49250130000D	GATE	 $76.79 
TSN90420000A	GATE ASSB,ROL-OP	 $996.83 
TSN90457000A	GATE ASSB,ROL-RJ	 $805.66 
TSN90414000A	GATE ASSB,RO-RJ-2	 $1,332.76 
49213752000B	GATE ASSY,BIN 2	 $49.13 
11038256000A	Gate control CCA	 $500.81 
TSN93484000A	GATE ROLLER	 $109.24 
11065595000A	GATE SHAFT BUSH D01/551	 $21.60 
49204482000A	GATE, IDM	 $12.15 
49200193000A	GATE, IDM II	 $74.76 
49247867000C	GATE,ACTIVE EDGE	 $11.47 
49200605000K	GATE,ANTI-TRAP	 $756.00 
49214688000B	GATE,BULK CHECK	 $17.83 
49267015000A	GATE,CD RDR,MTZ	 $9.37 
TSN89158000A	GATE,CS	 $197.32 
TS4364122331	GATE,GATE,C-S601	 $49.16 
39012614000A	GATE,IDM	 $14.09 
49016238000A	GATE,IDM II	 $22.70 
49013389000A	GATE,IDM,RL,C1/C2,W/ FUNNEL	 $481.78 
49215924000A	GATE,OSI	 $41.81 
49200293000D	GATE,OUTER	 $40.86 
39009143000F	GATE,R/L	 $50.22 
39012414000B	GATE,RCPT PRNTR	 $6.25 
49016393000A	GATE,RCPT PRNTR,WUCD	 $6.16 
49012106000C	GATE,RETR	 $7.24 
11050390000A	GAUGE FM-200 VALVES	 $106.01 
MSN82129000A	GAUGE, 0 TO 1000 PSI PRESSURE	 $79.35 
MSN51046000A	GAUGE, FLANGE - RTS TUBING	 $41.09 
TSN61966000A	GAUGE,IMAGE	 $0.00 
TSN61964000A	GAUGE,OPAL ALIGNMENT	 $751.72 
MSN51075000A	GAUGES, METRIC FEELER *JENSEN	 $13.02 
11050391000A	GC CEILING 70V SKR W/STRB WHI	 $107.87 
11050392000A	GC CEILING 7-V SKR WHT NO MRK	 $37.58 
11050393000A	GC HDVM HRN STRB MC	 $87.26 
11050397000A	GC MASS DEV DEILING STRB 15-95	 $72.14 
11050394000A	GC S2 25 V CEILING	 $28.42 
11066453000A	GCAR Replacement Kit	 $5,749.49 
11050395000A	GCF S7 CEILING SPKR 7	 $31.99 
11050396000A	GCF VMH GENESIS CEIL	 $85.98 
21014278000C	GD TUMB#2-FORECAST ITEM	 $1.25 
11051544000A	GE DVR POWER SUPPLY	 $117.85 
11051763000A	GE KALATEL KTA-02-12 WALL MOUN	 $158.18 
11051764000A	GE KALATEL KTP 24 POWER SUPPLY	 $222.97 
11050399000A	GE KEYPAD LCD ENHANCED	 $229.58 
11051765000A	GE READER, MODEL T-520W, BLACK	 $474.80 
19000782000A	GEAR	 $2.61 
19000896000A	GEAR	 $15.04 
49247077000A	GEAR	 $4.20 
TSN88870000A	GEAR	 $2.19 
TSN88872000A	GEAR	 $2.95 
TSN88900000A	GEAR	 $40.69 
WN007000081A	GEAR	 $5.51 
TS4364305451	Gear  Z40 5-8	 $8.19 
NZ0000003015	GEAR 15TH W/BEARING CLUTCH	 $7.34 
NZ0000002080	GEAR 24/72T	 $16.88 
NZ0000002449	GEAR 24T/72T PRESENTER	 $0.02 
NZ0000003487	GEAR 24-TEETH PULLY PRSNTR 58X	 $1.59 
NZ0000002695	GEAR 25T	 $0.02 
NZ0000003032	GEAR 26TH X 3MM PULLEY	 $3.92 
NZ0000001487	GEAR 30T	 $11.18 
NZ0000001472	GEAR 72T WIDE	 $29.52 
11030253000A	GEAR ASSEM	 $32.77 
21017864000A	GEAR BELT	 $100.40 
21017863000A	GEAR BELT PULLEY	 $1,242.84 
11062264000A	GEAR BELT, XI, 130 TEETH	 $144.07 
TSN65572000A	GEAR BOX,PUSHER-GHD-HGK30K	 $191.18 
TSN65573000A	GEAR BOX,SHUTTER-GHD-6H50-2	 $92.85 
WN007000086A	GEAR CAM RIGHT	 $53.11 
WN007000080A	GEAR CASSETTE	 $11.02 
TS4368872070	Gear GER-32-10-6	 $201.31 
11038494000A	Gear Head - Pelco 1758009	 $139.58 
11037971000A	GEAR HEAD MOTOR     PELCO	 $94.95 
NZ0000002072	GEAR IDLER ENVELOPE DISPENSER	 $3.62 
WN007000150A	Gear Kit Pressure Carriage	 $22.95 
89031279042A	GEAR M1Z28 PULLEY 3GT T29	 $9.48 
31018587000A	GEAR MOTOR	 $3,107.04 
48001468000A	GEAR MOTOR & BRAKE ASSY	 $5,473.89 
29000365000A	GEAR MOTOR / CAMERAS AC	 $16.34 
MSZ17726940A	GEAR P DISP 277 0009595	 $15.49 
19042344070A	GEAR PULLEY	 $53.93 
NZ0000001473	GEAR PULLEY	 $22.12 
NZ0000002779	GEAR REEL PRINTER 56XX	 $0.02 
11044709000A	GEAR SET	 $119.36 
MSZ79152890A	GEAR SPUR- 36 TEETH	 $52.80 
21014481000A	GEAR STUD	 $10.87 
NZ0000002686	GEAR TAKE UP JOURNAL	 $0.02 
TS4366261300	GEAR TAPE WIND	 $92.85 
SFS979340X00	GEAR WHEEL,1x50	 $222.04 
TS4364363240	GEAR WIND-SENCE	 $2.73 
NZ0000002440	GEAR, 30 TOOTH	 $0.02 
NZ0000002479	GEAR, 36T	 $0.02 
NZ0000002483	GEAR, 36T	 $0.02 
NZ0000002435	GEAR, 72T DRIVE	 $0.02 
NZ0000002450	GEAR, CLUSTER	 $0.02 
NZ0000002068	GEAR, IDLER 36T 12W	 $13.16 
NZ4450587707	gear, idler 36t 12w	 $13.16 
49203399000A	GEAR, M1, Z27	 $22.59 
NZ0000002456	GEAR, PRESENTER 40T	 $0.02 
NZ4450597836	gear, pulley asm.	 $29.10 
MSN74964000A	GEAR, SPUR - 12 TEETH	 $49.94 
49014448000A	GEAR, SPUR,24 TOOTH	 $14.75 
49249154000A	GEAR,1 MOD, 40T, LOST MOTION	 $14.82 
TSN89125000A	GEAR,12Z	 $35.51 
49215718000A	GEAR,24T,MOD 1,D-BORE	 $11.78 
49245321000E	GEAR,27T,M1.25,SPUR	 $1.68 
49245338000J	GEAR,42T,M0.8,SPUR	 $12.38 
49245341000F	GEAR,42T,M0.8,SPUR	 $14.14 
TSN89124000A	GEAR,8 OZ	 $21.85 
TSN92042000A	GEAR,BEVEL	 $67.82 
49226623000A	GEAR,COMBO,M 01.00 MDL,20T SPUR,15T BEVEL	 $23.38 
49219844000A	GEAR,HELICAL,M 0.95MDL,100T	 $111.19 
49220704000A	GEAR,HELICAL,M 0.9MDL,036T,RH	 $111.19 
NZ0000002443	GEAR,HEX CENTER 72T PRES.	 $0.02 
NZ0000002437	GEAR,IDLER 36T X 12MM DISP.	 $0.02 
NZ0000002438	GEAR,IDLER 36T X 5MM PRES.	 $0.02 
19013865000A	GEAR,INTMD,RH	 $199.84 
29010059000A	GEAR,JNL PRNTR ADPTR	 $10.71 
49214826000A	GEAR,M1,Z28	 $5.75 
TSN89127000A	GEAR,MIS20-2106	 $35.51 
TSN89126000A	GEAR,MIS20-2108	 $35.51 
49024716000A	GEAR,NRB-P,ROLR-IDL	 $49.07 
49024716000B	GEAR,NRB-P,ROLR-IDL	 $49.07 
49217608000A	GEAR,PUSH PLATE MOTOR	 $11.78 
39011390022A	GEAR,RBN CLUTCH	 $0.05 
49251297000A	GEAR,REDUCTION,ASPEN PRNT ENGINE	 $7.49 
NZ0000002444	GEAR,SNAP ON 18T	 $0.02 
49008833000A	GEAR,SPUR	 $41.80 
29008481000A	GEAR,SPUR,024P,032T,ACETAL	 $10.56 
49018425000A	GEAR,SPUR,024P,036T,ACETAL,HUB	 $37.11 
29009835000A	GEAR,SPUR,032P,028T,NYL,HUB	 $5.45 
49207565000C	GEAR,SPUR,1.0MOD.,36T BIN	 $14.15 
49222658000A	GEAR,SPUR,M 0.50MDL,126T	 $11.09 
39009766000A	GEAR,SPUR,M 01.00MDL,012T,ACETAL,D HOLE	 $42.48 
39009767000A	GEAR,SPUR,M 01.00MDL,012T,NYL	 $3.56 
49215737000A	GEAR,SPUR,M 01.00MDL,018T	 $10.71 
49215724000A	GEAR,SPUR,M 01.00MDL,022T	 $11.81 
49200481000A	GEAR,SPUR,M 01.00MDL,030T,NYL,SNAP-ON	 $43.71 
49215736000A	GEAR,SPUR,M 01.00MDL,038T	 $10.71 
49227307000A	GEAR,SPUR,M 1.00MDL,018T	 $14.36 
49222657000A	GEAR,SPUR,M 1.0MDL,020T	 $181.44 
TSN92044000A	GEAR,WORM	 $0.00 
TSN92043000A	GEAR,WORM-WHEELS	 $119.67 
TSN89138000A	GEAR,Z20-P-POM	 $43.43 
TSN89130000A	GEAR,Z30-D15	 $84.66 
TSN89131000A	GEAR,Z50.7	 $101.05 
NZ0000001794	GEAR/PULLEY 36T/26G	 $20.81 
49200637000A	GEAR/PULLEY,COMB,030T,03.0P,45 GRV	 $43.71 
49200263000A	GEAR/PULLEY,COMB,068T,M 03.00P,030T	 $9.33 
49214640000A	GEAR/PULLEY,COMB,32T,M 02.00P,030 GRV	 $11.78 
MSZ79152970A	GEAR}SPUR, 48 TEETH	 $43.33 
NZ0000001798	GEAR-26T IDLER	 $4.82 
TS4368837261	gear-swing arn roller	 $10.24 
TS4368837273	gear-swing arn roller	 $10.79 
11050411000A	GEN CEILNG SPK STRB 25V 15 177	 $102.03 
11050409000A	GEN CEILNG SPK STRB 25V 15 95	 $97.15 
11050413000A	GEN CEILNG SPK STRB 70V 15 177	 $121.59 
11050410000A	GEN CEILNG SPK STRB 70V 15 95	 $80.90 
11050412000A	GEN CEILNG SPK STRB 70V 15 95	 $87.36 
11050415000A	GEN SER CEILNG SPK/STRB 70V RD	 $107.87 
11050416000A	GEN SERS CEILNG STRB RED/FIRE	 $71.88 
11050417000A	GEN SIG MASTR SNAP ON PIGGYBAC	 $73.45 
TMMDSS00TABO	GEN. ITEMS & PROC. - TM-MDSS19	 $0.45 
11049612000A	GEN3 4000 SERIES SATA HARD DRV	 $682.39 
TM000203001A	Gen6, Pentium 4, Processor On-	 $158.40 
BRP00407000A	GENDER CHANGER	 $0.05 
89030333000A	GENEL,BATTERY,3V,LITHIUM,COIN	 $14.94 
BUIB1795000A	General Guidelines for Installing ATM Top Chassis Security	 $0.25 
11048657000A	GENESIS 1 GANG TO 4 TRIM RED	 $12.85 
11050402000A	GENESIS 1 GANG TO 4 TRIM WHITE	 $3.83 
11050403000A	GENESIS 1 GANG TO 4 TRIM WHITE	 $3.98 
11065037000A	GENESIS 1 GANG4" TRIM WHITEFIR	 $8.52 
11050406000A	GENESIS CEILING SPK 25V FIR MK	 $41.03 
11050405000A	GENESIS CEILING SPK 70V FIR MK	 $40.59 
11050407000A	GENESIS CEILING SPK 70V FIR MK	 $40.59 
11065036000A	GENESIS SIGNAL MASTER	 $75.75 
11066073000A	GENETECH REPLACEMENT WRTY DVR	 $140.85 
IKGL46000000	GENLOCK OPTION FOR ICD-46 SERI	 $258.39 
IKGL42000000	GENLOCK OPTION FOR IKEGAMI CAM	 $258.39 
11050418000A	GENTEX SMOKE DETECTOR	 $85.75 
TP820033019C	GERMAN 1062IX FL W/SAFE OP GD	 $15.30 
TP820465019A	GERMAN COMBOGARD ELE LOCK OP G	 $5.40 
TP820007019B	GERMAN OP GD 1064IX BTP/CTP FL	 $26.10 
TP820501019B	GERMAN OP GUIDE, THERM ST PRTR	 $13.50 
TP820124019A	german plan & site prep	 $17.10 
TP820325019B	GERMAN PLAN&SITE PREP GD 1075	 $21.60 
TP820610019A	GERMAN,ATM MECH. LOCK OP INSTR	 $6.30 
TP820003019B	GERMAN-1062IX SITE PREP GUIDE	 $25.20 
TP820118019A	GERMAN-1071IC INSTL INSTR	 $20.70 
TP820309019A	GERMAN-1077IX PLAN/SITE PREP	 $17.10 
TP820330019A	GERMAN-2ND GEN IDM OP GD	 $5.40 
TP820714019A	GERMAN-AFD OPERATING GUIDE	 $9.00 
TP820812019A	GERMAN-COIN DISP OP GUIDE	 $6.30 
TP820813019A	GERMAN-CONS BAR CODE OP GUIDE	 $3.60 
TP820814019A	GERMAN-DIP CARD READ OP GUIDE	 $3.60 
TP820040019B	GERMAN-ENV DEP OPER. GUIDE IX	 $5.40 
TP820721019A	GERMAN-FOURTH GEN IDM OP GUIDE	 $6.30 
TP820093019A	GERMAN-INSTL 1070IX CASH DISP	 $21.60 
TP820666019A	GERMAN-OP GD 1064IX BTM MNT	 $13.50 
TP820718019A	GERMAN-OPT 760 PLANNING & SITE	 $20.70 
TP820824019A	GERMAN-OPTEVA 560 PLAN & SITE	 $13.50 
TP820768019A	GERMAN-OPTEVA 720 FL OP GUIDE	 $18.00 
TP820771019A	GERMAN-OPTEVA 720 OP GUIDE	 $18.00 
TP820716019A	GERMAN-OPTEVA 720 PLAN & SITE	 $15.30 
TP820717019A	GERMAN-OPTEVA 720 PLAN & SITE	 $19.80 
TP820816019A	GERMAN-PASSBOOK PRINT III OP	 $7.20 
11050419000A	GES24 VDC WAL EVAC STRB FIX CN	 $60.56 
11065460000A	GGC5 5 AMP FUSES	 $1.23 
GR802120801A	GIP,LND MIC MAYTAG 6PILDC	 $6.30 
19048963000A	GLASS 1.1875 CLR BR FIXED, LVL 1	 $1,748.26 
38020960000A	GLASS ALARM PLATE	 $10.26 
38020960000B	GLASS ALARM PLATE	 $10.26 
ESNA02249004	GLASS BREAK DBTBCTOP	 $69.77 
11043389000A	GLASS BREAK DETECTOR	 $112.91 
11050420000A	GLASS BREAK FLUSH 25FT	 $67.74 
49245138000A	GLASS PANEL,CEN L 40MM	 $88.63 
49245139000A	GLASS PANEL,CEN L 40MM,368	 $88.63 
NZ0000001179	GLASS PANEL,GREEN,THICK - 56XX	 $372.71 
TS4368872252	GLASS PLATE SKEW	 $35.51 
NZ0000002752	GLASS SAFETY 5670	 $0.02 
11044762000A	GLASS TOP OPTICS ASM NCR 7872	 $280.82 
11044752000A	GLASS TOP SCANNER NCR 7872	 $642.92 
NZ0000002023	GLASS VANDAL PLAIN  56XX	 $232.95 
11044750000A	GLASS VERTICAL WINDOW NCR7872	 $51.73 
41020032000A	GLASS, 1.1875 CLR BR FIXED, LVL 1	 $1,258.51 
41020033000A	GLASS, 1.1875 CLR BR SLIDING	 $1,258.51 
TSN90640000A	GLASS,9X10X0.2MM	 $0.00 
21020408000A	GLASS,FIXED PANEL	 $2,676.30 
41019719000A	GLASS,FIXED PANEL	 $2,753.58 
21020407000A	GLASS,SLIDING PANEL	 $1,249.67 
41019716000A	GLASS,SLIDING PANEL	 $1,817.84 
41019718000A	GLASS,SLIDING PANEL	 $2,460.49 
41021543000A	GLASS,TWO WAY,15IN	 $154.69 
11065208000A	GLASSBREAK SIMULATOR	 $118.53 
TS4368833362	GLASS-FEEDING UN-GLASSSL25.5-7	 $24.58 
29007948000B	GLIDE	 $20.79 
49239905000C	GLIDE,DOOR	 $4.16 
21016079000A	GLIDE,SHELF	 $0.31 
MSZ79242490A	GLIDE-NYLON,3/64	 $0.12 
11041127000A	Global MODEM FOR A MICRO DVR	 $456.75 
BRP01060000A	GLORY COMPUTER FAN	 $0.05 
BRP01047000A	GLORY COMPUTER HARD DRIVE	 $0.05 
BRP01059000A	GLORY COMPUTER HARD DRIVE	 $0.05 
BRP01028000A	GLORY CS4000 24V DC RELAY	 $0.05 
BRP01093000A	GLORY CS4000 RH LOCK ASSMBLY	 $0.05 
BRP00994000A	GLORY OPTO ISOLATOR	 $0.05 
NZ0000004131	GM730 SEISMIC 56XX/GM530 SEISM	 $84.68 
31017867000A	GMOV	 $47.80 
19053371000A	GMS AUTO DIAL	 $0.00 
89030549000P	GMS CONFIG/LIP	 $399.17 
89030549000U	GMS CONFIG/LIU	 $379.21 
19053101000A	GMS CPU BUFFER UNIT	 $1,035.34 
19053370000A	GMS IVR MGR	 $0.00 
19053391000A	GMS SIGNATURE	 $1,546.78 
19053375000A	GMS VID SWTCHR INTFC	 $1,965.91 
TE002844000K	GND BOND 25A DAILY TEST FIXTURE, REV.1	 $572.67 
MSN51344000A	GOGGLES, SAFETY	 $4.37 
11038450000A	goggles-protection of hpy	 $18.71 
TP820348001A	GOOITCH INSTALATION/USER GD	 $18.90 
TM000471001A	Graphical Thermal Journal Printer On-site Repair Manual	 $97.20 
BTC885000000	GRAPHICAL USER INFC PKG - ALLE	 $6,511.95 
21014376000A	GRAVITY HINGE LOWER *3985 CASTNG	 $1.36 
11038695000A	Gray ABS Keypad Housing	 $17.81 
11043787000A	GREASE - PHONOLUBE 10-1223	 $27.10 
16003040000A	GREASE,G-11	 $38.55 
16000815000A	GREASE,G-2	 $14.41 
49248871000A	GREASE,SIL,TRANSLU WHT	 $52.29 
16000768000A	GREASE,TEFLON	 $31.27 
NZ0000002410	GREY PLASTIC MOUNTING BRACKET	 $54.81 
11051232000A	GRI 3/8 RECESSED SWITCH WHITE	 $12.61 
38010413000A	GRILLE *03386	 $38.00 
31019183000C	GRILLE,MICROPHONE	 $38.97 
MSZ76167800A	GRILLE-WELDMENT	 $36.60 
30001380000	GRIP	 $1.15 
19042807000A	GRMT,RBR,0.125 ID	 $0.18 
19010887000A	GRMT,RBR,0.188 ID	 $0.76 
19021001000A	GRMT,RBR,0.250 ID	 $3.17 
18020128000B	GRMT,RBR,0.313 ID	 $0.76 
01052293000A	GRMT,RBR,0.375 ID	 $0.51 
29007655000A	GRMT,RBR,0.560 ID	 $4.46 
18020592000A	GRMT,RBR,0.750 ID	 $1.49 
49017454000A	GRMT,VINYL,ISO,0.312 DIA	 $9.76 
89029036000A	GROMMET	 $1.02 
NZ0000002248	GROMMET	 $0.98 
NZ9908086286	grommet	 $2.52 
MSZ17731600A	GROMMET FASTENER NCR 50XX	 $2.06 
BRP00745000A	GROMMET MS .38	 $0.05 
49213620000F	GROMMET PLATEN,LOWER,GATE	 $30.58 
MSN61303000A	GROMMET, RUBBER  *HERMAN H SMI	 $0.41 
19013869000A	GROOVED PIN DLR OX201811   132	 $29.56 
MSZ84291780A	GROOVED RENTER KEY	 $0.50 
89030799000A	GROUND CLIP (COPPER)	 $3.29 
89030798000A	GROUND CLIP (SILVER)	 $1.53 
11043432000A	GROUND PLATE FOR PENGUIN 826	 $333.16 
89029516000A	GROUND SCREW  3MM X 50MM  # 77	 $1.25 
49017657000A	GRPH PNL,TALL SIGNAGE,CSP	 $37.98 
SEGS9010000E	GS 900 SERIES ACOUSTIC GLASS B	 $147.05 
TP821094001A	GS GOLD WYRELESS INSTALL GUIDE	 $8.10 
TP820848001B	GSA CL5 SCRTY VD INSTL,MAINT,AND OPR GUIDE	 $6.30 
MSK9872800BB	GSA Class 6 Legal Size Drwr Assy - No Lock - Black	 $702.94 
MSK9872800BG	GSA Class 6 Legal Size Drwr Assy - No Lock - Gray	 $702.94 
MSK9872800BP	GSA Class 6 Legal Size Drwr Assy - No Lock - Parch	 $702.94 
BUFI0573000A	GSA VLT DR REPAIR PNL KIT INSTL INSTR	 $0.13 
49252532000A	GSKT 100.5X4X1.5	 $0.80 
49252527000A	GSKT 161.5X4X1.5	 $1.09 
41018548000A	GSKT, CAMERA LENS, VAT40	 $9.12 
29006031000E	GSKT, FUNC. KYBD.	 $2.53 
49254544000A	GSKT,1.5 x 5 x 440	 $0.51 
49222905000A	GSKT,BARCODE,DU,368	 $0.39 
49225463000A	GSKT,BEZEL,BARCODE,368	 $4.74 
49269104000A	GSKT,BLANK,EPP7	 $8.82 
49254471000A	GSKT,COV,CAMR	 $0.39 
29010812000A	GSKT,COV,ELM	 $0.49 
41018813000A	GSKT,DIVERTER HSG,VAT 40	 $5.22 
49212530000A	GSKT,DOOR,SAFE,RIGHT,TOP,518.0	 $17.83 
49254497000A	GSKT,ENVIR CAMR,LONG	 $0.34 
49254497000B	GSKT,ENVIR CAMR,SHORT	 $0.34 
49201134000B	GSKT,EXTD,PVS,SPCL,PF	 $30.34 
49205457000B	GSKT,FASCIA,LEFT,TOP,222.0	 $2.78 
49205457000A	GSKT,FASCIA,RIGHT,TOP,390.0	 $3.76 
49254559000A	GSKT,FINGER PRINT	 $0.43 
49234834000A	GSKT,INNER BEZEL,SIDE,MTZ CD RDR	 $1.31 
49234833000A	GSKT,INNER BEZEL,TOP,MTZ CD RDR	 $1.42 
49254560000A	GSKT,PHONE SHELF	 $0.43 
49254513000A	GSKT,SD,LCD	 $0.51 
49254488000A	GSKT,TP,FASCIA,TTW	 $1.81 
49254512000A	GSKT,TP,LCD BEZEL	 $0.26 
41018906000A	GSKT,VIDEO DSPLY	 $5.22 
IB0494797900	GUARD      096G 3624	 $19.90 
30000020000	GUARD FLR TBLR	 $5.84 
11042212000A	GUARD FOR V BELT	 $76.77 
11032744000A	GUARD KEY POST (FLAT KEY)	 $8.06 
30019750000	GUARD KEY POST FLAT	 $7.99 
MSZ84274200A	GUARD KEY-#908	 $24.75 
30007310000	GUARD KEY-PARACENTRIC	 $2.98 
11033265000A	GUARD KEYS PER SAMPLE OR RECOR	 $35.85 
21014325000A	GUARD KY POST	 $18.32 
MSN3210N0SGB	GUARD NOSE SK#2	 $205.88 
30017550000	GUARD POST	 $45.90 
11030806000A	GUARD POST	 $6.42 
21014470000A	GUARD POST	 $2.96 
30007140000	GUARD POST - FLAT KEY	 $9.50 
30007240000	GUARD POST- PAR. KEY	 $40.28 
30019220000	GUARD TUMBLER	 $0.75 
11030624000E	GUARD TUMBLER - HHM	 $3.95 
30007520000	GUARD TUMBLER ASSEMBLY	 $5.69 
30013780000	GUARD TUMBLER ASSEMBLY	 $4.01 
49018515000A	GUARD, DRIVE ASS'Y	 $15.13 
31018324000A	GUARD,ANTI-JAM,SECUROMATIC RETRO	 $66.79 
49201103000A	GUARD,BELT	 $8.24 
49010608000B	GUARD,BELT,RCPT XPRT	 $33.93 
39010970000B	GUARD,DRV,STMT PRNTR	 $10.98 
21015652000A	GUARD,GEAR	 $16.46 
49010371000C	GUARD,LIFT,STMT PRNTR	 $29.73 
49232173000A	GUARD,WATER,CI	 $5.35 
18001070000A	GUIDE	 $10.44 
19014257000A	GUIDE	 $6.25 
19014261000A	GUIDE	 $12.29 
TSN92749000A	GUIDE	 $0.00 
IB044F249500	GUIDE      096G 4732	 $0.45 
MSK96817000A	GUIDE - INTERLOCK	 $5.82 
18000673000A	GUIDE *02914	 $3.17 
28000936000A	GUIDE , CURTAIN * 3623	 $215.66 
TSN90417000A	GUIDE ASSB,GO-M	 $1,065.11 
TSN90415000A	GUIDE ASSE,GO-F	 $1,141.58 
TSN90092000A	GUIDE ASSEMBLY,BLT-U/CS	 $421.57 
NZ0000002145	GUIDE BLOCK NEW STYLE SHUTTER	 $12.06 
WN000117200A	GUIDE CHUTE TOP	 $87.26 
19017200000A	GUIDE LATCH SECTION CASS    OX	 $200.76 
11065725000A	GUIDE LG HELIX SHELF	 $2.74 
11040641000A	GUIDE MFA 310801	 $59.41 
NZ0000003019	GUIDE NOTE BOTTOM PU MULTI56XX	 $72.35 
NZ0000003017	GUIDE NOTE FR P.U. MULTI 56XX	 $48.23 
11038835000A	GUIDE PINCH ROLLER	 $21.55 
18010596000A	GUIDE PLATE	 $6.63 
21014664000A	GUIDE PLATE	 $184.27 
28020352000A	GUIDE PLATE *03045	 $75.25 
11032038000A	GUIDE POST FOR VSS 200	 $41.01 
NZ0000003461	GUIDE PRINTER MYLAR 5674/5	 $15.35 
NZ0000001606	GUIDE PURGE LOWER - 56XX	 $7.68 
TS4366265180	Guide Roller Tape Feed Unit	 $207.56 
TS4368832601	GUIDE ROLLER-FEEDING UNIT	 $24.58 
11065589000A	GUIDE SPRING D551	 $11.85 
TS4368848844	GUIDE TRANSPORT ASSEMBLY	 $887.59 
49209558010A	GUIDE UP,RET,SHEET HP	 $68.04 
49023598000A	GUIDE, CA, BLK CSH, RL	 $15.08 
NZ0000002544	GUIDE, CUPPING (G13.5)	 $0.02 
49016213000A	GUIDE, FILLER	 $198.94 
49016115000B	GUIDE, LOCK ARM	 $15.08 
89031341000A	GUIDE, NOTE	 $3.45 
49013399000A	GUIDE, PAPER, REAR	 $66.19 
49203208000A	GUIDE, PAPER, REAR	 $8.92 
TP820249001A	GUIDE, QUICK REF, CSP 200	 $10.16 
TP820373001A	GUIDE, QUICK REF, CSP 200	 $8.51 
TP820484001A	GUIDE, QUICK REF, CSP 200 W/PRSNTR	 $9.00 
TP820250001A	GUIDE, QUICK REF, CSP 400	 $9.93 
TP820374001A	GUIDE, QUICK REF, CSP 400	 $8.51 
TP820485001A	GUIDE, QUICK REF, CSP 400 W/PRSNTR	 $9.00 
49013398000A	GUIDE, SCANNER, FRONT	 $37.38 
89031153000A	GUIDE, SPRING BULK 100	 $3.21 
49259316000A	GUIDE, STACKER	 $44.23 
49208437000A	GUIDE, TAMBOUR DOOR, LEFT	 $117.14 
49208436000A	GUIDE, TAMBOUR DOOR, RIGHT	 $117.14 
TP820515001B	Guide, VAT 30 Consumer	 $3.60 
49204213000A	GUIDE,1064IX MMD	 $21.96 
MSN81236000A	GUIDE,ANGLE	 $0.00 
49024709000B	GUIDE,ASSY,WBX-SIDE-LOW	 $130.86 
49024710000B	GUIDE,ASSY,WBX-SIDE-LOW	 $130.86 
49024270000B	GUIDE,ASSY,WET-UF	 $130.86 
49008268000A	GUIDE,CA	 $30.97 
39009658000B	GUIDE,CA DISPR	 $12.22 
39009658000A	GUIDE,CA,DISPR	 $11.41 
49008510000A	GUIDE,CA,MMD	 $39.88 
TSN90450000A	GUIDE,CRS-601-2	 $0.00 
TSN90131000A	GUIDE,CS-N-BOX-L	 $9.29 
TSN89978000A	GUIDE,CS-SFT/BU	 $144.75 
39011390007A	GUIDE,DOC DEFL	 $0.05 
21019587000B	GUIDE,DOOR TRACK	 $61.60 
49023561000A	GUIDE,DOOR,CHNL	 $471.64 
49214653000C	GUIDE,ENTRY SIDE	 $10.71 
49214653000D	GUIDE,ENTRY SIDE	 $10.71 
39007903000A	GUIDE,ENV	 $8.88 
TSN90968000A	GUIDE,FD-PAPER	 $3.83 
TSN94298000A	GUIDE,FEEDER	 $169.33 
TSN90434000A	GUIDE,GATE-GID-K-L-B	 $169.33 
TSN90435000A	GUIDE,GATE-L-C	 $101.05 
TSN90425000A	GUIDE,GATE-TO	 $0.00 
TSN90423000A	GUIDE,GATE-TO-1	 $174.79 
TSN90441000A	GUIDE,HAN	 $0.00 
TSN90451000A	GUIDE,HAN-2T-601	 $0.00 
TSN90448000A	GUIDE,HAN-OUT-U	 $0.00 
TSN90452000A	GUIDE,H-OUT-X2	 $416.19 
TSN90426000A	GUIDE,K-GATE-GID-LW-L	 $54.62 
TSN90439000A	GUIDE,KL	 $0.00 
TSN90438000A	GUIDE,KU	 $0.00 
49217595000B	GUIDE,LARGE NOTE	 $13.23 
29010726000A	GUIDE,LG,ORAL DISPR	 $1.44 
49214605000B	GUIDE,LIFT,REJECT	 $6.04 
49016115000A	GUIDE,LINKAGE	 $6.21 
49013830000A	GUIDE,LOWER	 $34.34 
49214436000B	GUIDE,MEDIA CLAW	 $3.06 
TSN90014000A	GUIDE,N-BOX-11-LZ-CS	 $44.35 
TSN90013000A	GUIDE,N-BOX-6-R-CS	 $50.54 
TSN90015000A	GUIDE,N-BOX-U-LI-CS	 $38.02 
29005549000B	GUIDE,PAPER	 $45.16 
49200487000C	GUIDE,PIN,PUSH PLATE	 $5.88 
49219744000A	GUIDE,PLATE,PUSH	 $10.40 
TSN90405000A	GUIDE,PLT	 $0.00 
49200644000B	GUIDE,PPR	 $3.98 
29011430000A	GUIDE,RCPT FUNNEL,MYLAR	 $1.92 
49204002000A	GUIDE,RCPT PRNTR	 $18.16 
49022223000B	GUIDE,RUB STRIP,STATIONARY	 $10.43 
49217595000A	GUIDE,SMALL NOTE	 $5.81 
21015405000A	GUIDE,SPRING	 $1.64 
49228570000A	GUIDE,STRIPPERS	 $14.15 
19038634000A	GUIDE,TRAY	 $22.82 
TSN65533000A	GUIDE,UE5	 $0.00 
TP820504001A	GUIDE,UNPKG & PLMT,CSP,UL-291	 $0.90 
29001615000A	GUIDE-FRAME	 $20.49 
NZ0000002691	GUIDE-PURGE BIN	 $0.02 
39007728000B	GUTTER	 $35.71 
11037915000A	GYYR PROM SET       8200710-05	 $95.92 
11048594000A	H KEYBLANK	 $6.24 
11065576000A	H MOTOR ENCODER HOLDER D551	 $201.71 
TS4842904020	H PIN 20/12	 $0.78 
11048452000A	H0374 BUSHING DOOR ARM	 $20.93 
11065445000A	H2-107F01WH 1PRT SINGLE GANG F	 $1.93 
89030212000A	ha17431patz	 $13.02 
TMHA0130000A	HA-21 & HA-1000 UNIT REF GUIDE	 $25.20 
03001727000A	HAIR SPRING STUD SCREW NEW STY	 $1.35 
41027288000A	HAIRPIN CLIP	 $4.89 
00050814000E	HALVES WRAPPERS-BROWN	 $4.75 
11043776000A	HAM BEARING HA-21, REPLACEMENT	 $128.90 
89026745000A	HAMMER LEVER GUIDE	 $15.21 
TLHAMOUS0000	HAMMER MOUSE (TOOL)	 $0.05 
NZ0000002644	HAMMER PAD	 $7.13 
MSN51346000A	HAMMER, 16OZ BALL PEEN *SEARS	 $58.04 
TP799333000B	HAND HELD COMPUTER USER'S GD C	 $18.08 
TP820601001B	HAND KEY II INSTALL & OPER MAN	 $20.70 
19049622000A	HAND RDR,PROX,W/HID	 $5,481.00 
00106956000F	HAND SLOT PUNCH W/ ADJ CENTER	 $62.01 
19019869000B	HAND TOOL,MST,0.156	 $40.41 
NZ0000003499	HAND WHEEL MOTOR MAIN 56/58XX	 $17.26 
11050427000A	HANDHELD DYNAMIC MIROPHONE	 $246.65 
00051570000A	Handheld UV Light	 $14.63 
11002206R000	HANDLE	 $6.98 
11007117000A	HANDLE	 $133.08 
21017870000B	HANDLE	 $69.10 
27000474000A	HANDLE	 $143.28 
29002167000A	HANDLE	 $430.92 
29006477000A	HANDLE	 $7.69 
31015843000B	HANDLE	 $38.10 
NZ0000001450	Handle	 $13.37 
NZ4450590730	HANDLE	 $98.66 
OS0062560000	HANDLE	 $7.34 
11031504000A	HANDLE    LOLE, LOC, LOK J/P	 $2.93 
21019901000A	HANDLE & SPINDLE	 $48.34 
11033400000A	HANDLE AND SPINDLE ASM-4-722	 $150.82 
MSN92454000A	HANDLE ARBOR	 $18.20 
MSK88446000A	HANDLE ARBOR 303 S.S.	 $7.55 
11036849000A	HANDLE ASM, 4 HR RATES SAFE	 $86.18 
11036850000A	HANDLE ASM. FOR 1 HR SAFE	 $215.46 
41027281000A	HANDLE ASSY EL BRITE CHROME	 $146.61 
4102223912AA	HANDLE ASSY W/O KEY LOCK	 $215.46 
41027260000A	HANDLE ASSY, CSC	 $146.61 
31019222000A	HANDLE BRKT	 $1,087.91 
11033539000A	HANDLE CENTER PART  20075	 $69.80 
MSK88613000A	HANDLE CRANK-UPPER	 $20.48 
11033484000A	HANDLE DRIVE  20012	 $41.04 
11038572000A	HANDLE FOR TL-15 CHEST	 $400.33 
MSK97808000A	HANDLE GRIP	 $0.46 
MSN92456000A	HANDLE INSERT	 $0.65 
MSN89699000A	HANDLE LOCKING DRAWER	 $38.55 
TE000161VICS	Handle Return Spring HDG	 $22.02 
01053492000B	HANDLE SPINDLE	 $7.10 
11019056000A	HANDLE SPINDLE	 $99.03 
11027567000A	HANDLE SPINDLE	 $212.45 
17011593000A	HANDLE SPINDLE ASM  GOVT.	 $255.15 
11019065000A	HANDLE SPINDLE ASM  TL-30	 $148.45 
80218930000	HANDLE SPINDLE ASSEM.	 $63.00 
11002206L000	HANDLE SPINDLE K/L  DATA SAFE	 $6.98 
OS0064450000	HANDLE SPOKE	 $2.30 
31020460000A	HANDLE WELDMENT	 $250.78 
MSN90390000A	HANDLE, 11 9/16 LG. DDOR - T.U	 $53.35 
MSN85484000A	HANDLE, BUS *WEBER KNAPP #4255	 $17.10 
28000951000A	HANDLE, CURTAIN * 3628	 $80.24 
MSN93788000A	handle, GSA	 $7.55 
MSN75584000A	HANDLE, U SHAPED	 $0.00 
TSN91969000A	HANDLE,333640	 $5.46 
41020888000A	HANDLE,BASE,AHD,MACHINED	 $1,392.80 
19011919000A	HANDLE,CLIP-ON,PC CD	 $0.64 
29010867000A	HANDLE,CONS PRNTR	 $6.28 
49009289000A	HANDLE,COV	 $19.22 
TSN90465000A	HANDLE,FC-1795-5	 $38.23 
NZ0000001160	HANDLE,RECEIPT/JOURNAL	 $49.33 
21021170000B	HANDLE,SMALL	 $17.41 
TSN93694000A	HANDLE-L	 $222.85 
TSN93707000A	HANDLE-R	 $159.19 
11065183000A	HANDLES #0345299	 $103.42 
11050428000A	HANDS FREE PHONE W/KEYPAD	 $852.26 
31019901000A	HANDSET,W/ARMORED CABLE,54 IN,W/VOL CONT	 $523.36 
21019815000A	HANDSET,W/COIL CORD,VOL CONT	 $601.52 
49002065000A	HANGER BRACKET	 $127.71 
28020072000A	HANGER BRK\'T	 $3.79 
41022239100E	HANGER FOLDER BARS,1 SET/DWR	 $66.79 
MSN88479000A	HANGER, 4 1/2 TUBE *H-P PRDTS.	 $5.46 
29003822000A	HANGER,BELL HSG COV	 $169.00 
LX4100042430	Hard Dr Bracket-1U NETDVR(set)	 $36.54 
LX4100042040	Hard Dr Bracket-Micro(set)	 $46.04 
11042164000A	HARD DRIVE	 $1,063.31 
LX4420043930	HARD DRIVE	 $1,134.00 
11038391000A	Hard Drive 20.4 GB	 $364.36 
NZ0000002038	HARD DRIVE 270MG	 $602.91 
NZ0000002747	HARD DRIVE 541 MEG 56XX	 $0.02 
21017409000A	HARD DRIVE,IDE INTFC	 $726.24 
21017408000A	HARD DRIVE,WIDE SCSI,INTFC	 $778.30 
21016945000A	HARD DRV,SCSI,240 MB	 $764.60 
21016984000A	HARD DRV,SCSI,525 MB	 $764.60 
11051767000A	HARDWARE ENCLOSURE	 $328.86 
11051768000A	HARDWARE ENCLOSURE (12X16X4.5)	 $178.14 
21018823000A	HARDWARE KIT	 $5.05 
21021287000A	HARDWARE KIT	 $237.01 
11034417000A	HARDWARE KIT FOR 42-1279 & 42-	 $50.59 
49250160000A	HARN,CA,MOT,STKR	 $10.24 
49001293000A	HARNESS ASSY-PWR CNTR CL-35 RETROFT	 $55.94 
BRP00043000A	HARNESS COVER	 $0.05 
NZ0000002819	HARNESS ENC COMM PMPI/PC	 $31.79 
NZ0000001694	HARNESS FASCIA	 $0.00 
NZ4450611539	HARNESS FASCIA	 $0.00 
NZ0000002714	HARNESS PICK	 $0.02 
NZ0000002834	harness, audio	 $19.27 
49023644000A	HARNESS, CA, IDM II, 1062 IX, FL, TOP CHASSIS	 $797.49 
MSN69162000A	HARNESS, WIRING *COLUMBIA SCIE	 $179.25 
19046607000A	HARNESS,BTRY,DUAL	 $8.57 
21018186000A	HARNESS,CONN TO DOOR BRKT,RS232	 $71.75 
31018940000A	HARNESS,PWR SPLY TO CNTRL BD	 $48.18 
29009679000A	HASP,DISPR,LK	 $5.90 
41018688000A	HAT SECTION,SHAFT	 $34.99 
NZ0000003044	HAWK-2000 PRESENTER - 5305	 $5,426.19 
19014277000A	HAZARD LABEL   1323	 $2.71 
89029996000A	hc-495-14.3181 mhz crystal	 $2.32 
19053394000A	HD,20GB	 $3,551.69 
19053395000A	HD,30GB	 $561.81 
19053396000A	HD,40GB	 $624.83 
19053397000A	HD,60GB	 $890.67 
19053398000A	HD,80GB	 $1,027.69 
11040199000B	HD,9.1GB,HP SERVER,5100D	 $1,462.86 
39013997000A	HD,EIDE,6.4G	 $583.73 
NO2705000300	HD,IDE,10.2GB	 $479.59 
NO2705000800	HD,IDE,30GB	 $833.11 
21018408000A	HD,RMBVL,IDE,1.5G	 $671.43 
19041932000A	HD,SCSI,RMVBL,W/TRAY	 $1,430.54 
11047468000B	HD4D3 Dome, 1/3" True day	 $679.10 
11044741000A	HDD: 40GB 7200RPM:IDE 3.5	 $332.55 
39014091000E	HDDISK,IDE,3.50IN,80.0GB,7200RPM	 $156.21 
19046643000A	HDDSK DRV BAY,HOT SWAP	 $195.95 
11043142000A	HDDSK KIT,FORMATTED,250GB,NETDVR II-ES,SATA	 $1,233.23 
19042373000A	HDDSK,160GB	 $1,041.39 
19042918000A	HDDSK,180GB,VIP RCDR ONLY	 $1,178.42 
11046561000A	HDDSK,250GB	 $520.70 
19063741000A	HDDSK,250GB,RAID,SATA	 $252.13 
19063812000A	HDDSK,2TB HI-CAPACITY,EXTRNL,JBOD	 $9,317.70 
39014091000F	HDDSK,3.50IN,120GB,7200RPM	 $178.14 
11046562000A	HDDSK,500GB	 $904.37 
19064186000A	HDDSK,500GB,HD PLUS CARRIER	 $493.29 
19064188000A	HDDSK,500GB,HD PLUS CARRIER	 $493.29 
19063743000A	HDDSK,500GB,RAID,SATA	 $372.71 
29014231000A	HDDSK,61GB,W/REMOVEABLE CASE	 $1,000.29 
29014232000A	HDDSK,81GB,W/REMOVEABLE CASE	 $1,192.12 
19055259000A	HDDSK,IDE,100GB,ADDITIONAL	 $1,041.39 
19055275000A	HDDSK,IDE,120GB W/DRIVE CARRIER	 $1,082.50 
19055057000A	HDDSK,IDE,120GB,ADDITIONAL	 $822.15 
19055260000A	HDDSK,IDE,120GB,ADDITIONAL	 $810.81 
11046658000A	HDDSK,IDE,160GB	 $260.35 
19055261000A	HDDSK,IDE,200GB,ADDITIONAL	 $1,178.42 
19047740000A	HDDSK,IDE,250GB	 $1,017.41 
19063745000A	HDDSK,IDE,250GB REPL	 $575.51 
39014395000B	HDDSK,IDE,40.0GB	 $233.38 
11046660000A	HDDSK,IDE,500GB	 $685.13 
19042819000A	HDDSK,IDE,ULTRA,SPARE,SILENT WITNESS	 $542.72 
29016630000A	HDDSK,MT,UNIV	 $5.24 
19064179000A	HDDSK,SATA2,1.0 TB,W/HD PLUS CARRIER	 $857.78 
19064176000A	HDDSK,SATA2,1.0TB,W/HD PLUS CARRIER	 $964.66 
19064178000A	HDDSK,SATA2,500GB,W/HD PLUS CARRIER	 $605.66 
19064177000A	HDDSK,SATA2,750GB,W/HD PLUS CARRIER	 $742.68 
21017146000A	HDDSK,SCSI,002.00GB,RAID	 $5,671.53 
19046772000A	HDDSK,SCSI,18GB	 $698.83 
19042820000A	HDDSK,SCSI,ULTRA,SPARE,SILENT WITNESS	 $2,902.19 
19082212000A	HD-SDI Indoor IR Dome Camera 2.8-10mm	 $678.02 
89030603000A	HDSP-7501 LED 7 SEGMENT 1 DIGI	 $8.61 
19055158000A	HDW DEMO CASE	 $6,851.25 
19055159000A	HDW DEMO CASE,INTL	 $6,851.25 
19055288000A	HDW PORT I/O,DIG VID ARCHIVE SYS	 $1,233.23 
19055139000A	HDW,REDUNDANT SRVR	 $5,206.95 
29008404039A	HEAD CARRIER UNIT E	 $95.18 
89029577000A	HEAD CLEANING ARM    AG6730	 $16.06 
29008455060A	HEAD COVER	 $62.16 
89028754000A	HEAD CYLINDER	 $52.61 
11040079000A	HEAD HARNESS CA	 $136.13 
NZ0000001116	HEAD LATCH	 $1.97 
11038044000A	HEAD MOTOR           GYYR	 $345.30 
11038045000A	HEAD MOTOR BEARINGS	 $71.59 
89029299000A	HEAD POSITION SENSOR	 $76.73 
89029301000A	HEAD POSITION SENSOR	 $76.73 
NZ0000002744	HEAD PRE-SENSE TRK3 R/W	 $0.02 
11038079000A	HEAD PULLER TOOL	 $53.44 
WN007000098A	HEAD SEALING GASKET	 $39.06 
WN007000099A	HEAD SEALING GASKET	 $86.53 
89029727000A	HEAD SHIELD FOR VSS 303	 $3.34 
MSN75591000A	HEAD, HANDLE	 $4.37 
TSN88174000A	HEAD,GEAR	 $0.00 
TSN88175000A	HEAD,GEAR	 $0.00 
TSN88176000A	HEAD,GEAR	 $0.00 
TSN88177000A	HEAD,GEAR	 $0.00 
TSN88178000A	HEAD,GEAR	 $0.00 
TSN88179000A	HEAD,GEAR	 $0.00 
TSN89654000A	HEAD,PRINT-#542 PRINTER	 $267.02 
11042267000A	HEADER AND FOOTER SOFTWARE	 $1,976.49 
19036760000A	HEADER EXT BRACKET,BLACK	 $86.33 
11037234000A	HEADLIFT GEAR	 $14.74 
11050430000A	HEAT DET 135 DEG/RAT OF RIS CH	 $27.41 
11050432000A	HEAT DET 135DEG F TEMP TY REQ	 $48.75 
11050434000A	HEAT DET FT135F W/PLAS MONT PL	 $17.78 
11050435000A	HEAT DET ROR FT 135F W/PLAS MT	 $19.19 
11050429000A	HEAT DETECTOR	 $18.20 
11050433000A	HEAT DETECTOR 200 DEGREE	 $55.39 
11050431000A	HEAT DETECTOR ROR/FT 194F	 $21.16 
89028997000A	HEAT GUN NOZZLE 800-1000F	 $37.00 
11038041000A	HEAT PAD FOR PELCO ENVIR HOUSI	 $30.69 
11050436000A	HEAT SENSOR HEAD	 $98.03 
21018985000A	HEAT SINK	 $5.71 
21018985000B	HEAT SINK KIT,W/POWER MODULE	 $5.71 
NZ0000003425	HEATER ASM VESTIBULE 5674/5675	 $328.86 
NZ0000003632	HEATER ASM. - 5890	 $572.22 
11043559000A	HEATER ASSEMBLY	 $792.39 
NZ0000003089	HEATER ASSY 5685	 $580.99 
11043514000A	HEATER ASSY COMPLETE 400D	 $892.31 
28010039000A	HEATER BRACKET	 $2.63 
28020534000A	HEATER BRACKET *03055	 $17.24 
BTC9320H1150	HEATER FOR BTC9320   115V	 $138.33 
TS4364305170	HEATER HEAD BOSS	 $6.83 
11043537000A	HEATER KIT	 $2,109.32 
11034973000A	HEATER KIT - 115V.	 $66.07 
11044545000A	HEATER KIT HA-45	 $1,747.21 
11065515000A	HEATER KITS	 $267.64 
11044544000A	HEATER KITS HA-1000	 $1,871.10 
TS4366265170	HEATER UNIT,ASM-HTR	 $1,791.57 
TS4368840620	HEATER UNIT-INC IN TAPE FEEDIN	 $2,610.88 
TS4364350704	HEATER WIRING,WRG-HEATER-354	 $248.53 
TS4368852111	HEATER WIRING-INC IN HEATER	 $10.93 
29005568000A	HEATSINK	 $8.51 
49233828000A	HEATSINK,BCS2D	 $41.28 
39008139000A	HEATSINK,SPCL,MULT XSTR	 $32.32 
19010750000A	HEATSINK,TO-220	 $0.54 
290164620XXA	HEATSINK,W/FAN,REFURB	 $0.05 
00050983000B	HEIGHT MARKER - RED -	 $14.40 
00050983000A	HEIGHT MARKERS-BLACK & WHITE	 $14.40 
11043827000A	HELIX NUT	 $58.18 
11043828000A	HELIX SHAFT	 $91.58 
49014535000D	HELIX, DISPR,24 CAP,1.40 IN OD,LH,HELIX SHELF	 $10.79 
49014534000D	HELIX,DISPR,09 CAP,1.00 IN OD,HELIX SHELF	 $14.88 
49014535000C	HELIX,DISPR,12 CAP,1.40 IN OD,HELIX SHELF	 $10.79 
49014535000F	HELIX,DISPR,12 CAP,1.40 IN OD,LH,HELIX SHELF	 $10.79 
49014534000B	HELIX,DISPR,18 CAP,1.00 IN OD,HELIX SHELF	 $51.71 
49014535000B	HELIX,DISPR,18 CAP,1.40 IN OD,HELIX SHELF	 $0.45 
49014535000E	HELIX,DISPR,18 CAP,1.40 IN OD,LH,HELIX SHELF	 $10.79 
39011612000A	HELIX,DISPR,20 CAP,1.00 IN OD	 $7.69 
49014535000A	HELIX,DISPR,24 CAP,1.40 IN OD,HELIX SHELF	 $32.75 
11050437000A	HES ELEC TRIKE 12/24V FAIL SEC	 $742.64 
BRP01021000A	HESS HEWLETT PACK COMPT TOWER	 $0.05 
11065148000A	HEWLET PACKARD HARD DRIVE FOR	 $1,364.77 
BRP00925000A	HEWLETT PACKARD COMPUTER TOWER	 $0.05 
41027164000A	HEX BOLT 3/8-16 x 1	 $9.77 
11066047000A	Hex Key 1.5mm X 3 1/16 Inch	 $1.30 
11033485000A	HEX SOCKET SET SCREW 6X6 SAFE	 $4.10 
41027211000A	HEXAGON BOLT 3/4 - 10	 $4.89 
29008456030A	HEXAGON NUT (M4)	 $0.17 
41027197000A	HEXAGON NUT 3/4-10	 $4.89 
39011997002A	HF FILTER	 $9.11 
17002349000A	HH BOLT  25-20-.62 NYLON INSER	 $0.28 
17002350000A	HH BOLT  31-18-.62 NYLON INSER	 $0.31 
19069638000A	HHD KIT) - Handheld Device Pre-loaded - With Sus, Usb Cable Ad Series Handheld Device with Schlage Utility Software installed Touch Screen operation	 $1,212.61 
AA0001010000	HHM CONST. VAULT DR.	 $67.50 
NZ0000002167	HI3 PROCESSOR BOARD	 $1,096.20 
30017270000	HIAR SPRING STUD SCREW OLD STY	 $0.45 
00106929000A	HID CORPORATE 1000 PROGRAMMING	 $0.17 
TP820639001A	HID ENTRYPROX CONTRL 4045A REF	 $5.40 
TP820646001A	HID MINIPROX, RDR INSTAL MN	 $0.90 
11051231000A	HID PROXCARD II	 $4.53 
TP820645001A	HID proxy RDR,INSTALLATN MN	 $0.90 
TP820643001A	HID WIEGAND RDR 5352A,INSTL MN	 $2.70 
TP820640001A	HID WIEGAND RDR 5375A,INSTL MN	 $2.70 
TP820641001A	HID WIEGAND RDR 6030A,INSTL MN	 $3.60 
00149354000A	HID1346 A17401 FORMAT KEY TAGS	 $4.05 
00149231000A	HID1386 A17401 FORMAT CARDS	 $4.05 
19071824000A	HIGH GAIN, MINIMUM 8 DBI, TYPICALLY BETTER THAN 10 DBI  ALL PURPOSE, COVERS THE FOUR MAJOR CELLULAR FREQUENCY BANDS FROM 824 MHZ TO 1990 MHZ  ROBUST AND WEATHERPROOF  UNOBTRUSIVE, LOOKS LIKE A UHF TV ANTENNA OR DATA LINK ANTENNA	 $279.99 
21021423000A	HIGH INTENSITY LED - GREEN	 $58.59 
19062158000A	HIGH INTENSITY LEDS MOUNTED ON A 1 GANG STAINLESS STEEL PLATE	 $153.47 
11050442000A	HIGH SEC CONT TPL BIAS SPDT OV	 $251.39 
11050441000A	HIGH SECURITY CONTACT	 $200.55 
MSZ82903000A	HIGH SPEED GEAR MOTOR ASSEMBLY	 $727.43 
11062291000A	HIGH TEMP THERMISTER PROBE	 $53.35 
TS4368844730	HINDGE OF ACRYLIC DR-STRAPS	 $90.13 
TS4368844740	HINDGE OF ACRYLIC DR-STRAPS	 $90.13 
01048525R000	HINGE	 $8.10 
21015094000A	HINGE	 $0.00 
21016992000A	HINGE	 $25.86 
29004811000F	HINGE	 $96.26 
39006951000A	HINGE	 $237.55 
48021312000A	HINGE	 $3.14 
48021312000B	HINGE	 $3.31 
L20003120000	HINGE	 $307.80 
MSZ79432710A	HINGE	 $7.33 
TSN88243000A	HINGE	 $0.00 
TSN90641000A	HINGE	 $10.93 
L20002780000	HINGE ASM.	 $32.32 
37001667000B	HINGE ASM-DOOR-SERVICE	 $624.83 
MSN73123000A	HINGE ASSB	 $0.00 
TS4368880301	HINGE ASSB COVER LEFT	 $2,258.58 
MSN83211000A	HINGE ASSB., DOOR & JAMB - R.H	 $0.00 
4102070401AN	HINGE ASSY DOOR,LH	 $34.47 
4102070400AN	HINGE ASSY DOOR,RH	 $34.47 
MSZ84400190A	HINGE ASSY-RH	 $447.34 
MSZ84410970A	HINGE ASSY-RS,2-5/8,AL	 $42.35 
21000750R000	HINGE BEARING-CHEST	 $40.16 
01086170000A	HINGE BLOCK	 $7.14 
01086170000B	HINGE BLOCK	 $7.50 
01086171000A	HINGE BLOCK	 $34.47 
01086171000B	HINGE BLOCK	 $10.77 
MSN83219000A	HINGE BLOCK, FRAME RH	 $53.94 
4102070400AP	HINGE BODY	 $17.24 
01048190L010	HINGE BUFF NICKEL	 $5.51 
11035746000A	HINGE BUSHING 1 1/2"DIA.278XX	 $4.31 
21013914000A	HINGE CAP	 $1.67 
21017186000A	HINGE COV,STRG RM VD	 $262.86 
21013744000A	HINGE COVER	 $22.57 
L20200180000	HINGE COVER	 $64.64 
31000539000A	HINGE COVER 58-13/16 139-01	 $307.80 
L20200170000	HINGE COVER-LH TOP RH BOTTOM	 $64.64 
11065926000A	HINGE DOOR FOR 00050621000C	 $74.14 
10633660000	HINGE DOOR PCS.	 $3.28 
01052256L000	HINGE DOOR PIECE	 $15.25 
01052256R000	HINGE DOOR PIECE	 $15.25 
01052260L000	HINGE DOOR PIECE	 $3.65 
11034986000A	HINGE FOR 201D VID CAB	 $68.52 
01052259L000	HINGE JAMB PC	 $3.09 
01052268R000	HINGE JAMB PC	 $6.22 
11005859R000	HINGE JAMB PC	 $21.55 
27000985000B	HINGE JAMB PC	 $160.34 
01048190R020	HINGE JAMB PC SATIN NICKEL	 $5.51 
4102070401AV	HINGE KIT, LH	 $77.56 
4102070400AV	HINGE KIT,RH	 $77.56 
11051629000A	HINGE NLY FOR 1/4" OR 1/2" LID	 $473.23 
17011754000A	HINGE PIN	 $50.89 
21017790000A	HINGE PIN	 $19.98 
21021286000A	HINGE PIN	 $41.72 
31000221000D	HINGE PIN	 $0.53 
31000221000H	HINGE PIN	 $0.75 
31000221000L	HINGE PIN	 $0.25 
31000221000M	HINGE PIN	 $0.26 
MSN91379000A	HINGE PIN	 $12.31 
17001981000A	HINGE PIN   127-CHEST	 $12.31 
11033659000A	HINGE PIN   ERTL-15 MEILINK	 $10.26 
MSZ7501772AB	HINGE PIN  1/16"	 $6.98 
11035747000A	HINGE PIN 1 1/2" DIA. 278-XX M	 $8.62 
31000221000E	HINGE PINS	 $0.23 
RRHINGE00000	HINGE REPAIR AND RETURN	 $0.05 
28020106L00A	HINGE ROD	 $8.00 
21014855000A	HINGE SHAFT	 $51.30 
BRP00191000A	HINGE SHAFT	 $0.05 
BRP00190000A	HINGE SHAFT KEY	 $0.05 
4102070400AU	HINGE SHIELD	 $17.24 
MSN83717000A	HINGE, 2 1/16 IN SNGL. JAMB -	 $0.00 
MSN73549000A	HINGE, 2 IN DOUBLE JAMB	 $0.00 
MSN87084000A	HINGE, 3 1/64 IN. SINGLE JAMB-	 $1.13 
MSN91283000A	HINGE, JAMB - TOP & BOTTOM	 $48.54 
NZ0000002497	HINGE, SLIDE ASSY	 $0.02 
MSN78656000A	HINGE, SPRING PIVOT *BOMMER TY	 $0.00 
22005000000B	HINGE,02.00 X 05.00	 $32.00 
22005005000C	HINGE,03.00 X 10.00,SGL	 $16.23 
22005016000B	HINGE,10.00 X 10.00,TPL	 $13.83 
TSN90467000A	HINGE,ARM-L	 $30.04 
TSN90466000A	HINGE,ARM-R	 $68.27 
39011875000A	HINGE,CCA COV	 $30.78 
29011332000A	HINGE,CHST	 $23.18 
29014491000B	HINGE,CHUTE	 $6.11 
41018680000A	HINGE,COUNTER TOP	 $93.10 
01049460000D	HINGE,DOOR	 $1.97 
31017110000A	HINGE,DR,LH SWING,ENCSD CHST	 $75.60 
31019051000A	HINGE,FEMALE	 $31.46 
31019052000A	HINGE,FEMALE	 $32.32 
31019052000B	HINGE,FEMALE	 $31.46 
31019052000C	HINGE,FEMALE	 $31.46 
38020689000A	HINGE,LEAF	 $16.07 
21014150000B	HINGE,LEAF,BOT	 $262.86 
49217302000A	HINGE,LH TRIM CAP,328	 $95.64 
49011150000A	HINGE,LWR FASCIA,2 HI,CCD	 $35.34 
41018647000A	HINGE,MAIN	 $622.07 
31018886000B	HINGE,MALE	 $646.38 
31018886000D	HINGE,MALE	 $31.46 
31018886000E	HINGE,MALE	 $31.46 
31018886000F	HINGE,MALE	 $31.46 
49207928X01A	HINGE,PIANO,OUTER FASCIA OPTEVA 500	 $189.06 
49217304000B	HINGE,RH LOWER DOOR,328	 $56.66 
TSN90642000A	HINGE,TH-65-I-CRR	 $16.39 
LXMICROFNPTZ	HI-RES OPTION,MICRODVR,FINANCIAL	 $1,044.00 
11065105000A	HIRSCH COMMAND&CONTROL MODULE	 $548.10 
11065107000A	HIRSCH PS DUAL RANGE HARNESSED	 $575.51 
11065108000A	HIRSCH PS DUAL RANGE HARNESSED	 $712.53 
11065109000A	HIRSCH VERIFIC STATION PERS ID	 $2,055.38 
GR808200401B	HIS AUTO ASSGN USER MANUAL	 $63.00 
GR808200301A	HIS AUTOMATED BILLING USER MAN	 $18.90 
GR808200701A	HIS FACILITIES AND RESIDENTS U	 $90.90 
GR808201901A	HIS STUDENT DATA IMPORT, ASSIG	 $20.70 
TMHCMCAB000C	HITACHI BULK CASH, CABLE SPECS	 $113.40 
TMTPCD04000A	HITACHI DOCUMENTATION CD	 $7.33 
TMTPCD04000B	HITACHI DOCUMENTATION CD	 $7.33 
TMHCMPMM000E	HITACHI PERIODICAL INSPECT MAI	 $81.90 
TMHCMUFP000B	HITACHI UPPERFRONT ASM PART MA	 $90.00 
MSZ63567960A	HK 4014 HEATER KIT	 $109.17 
11050444000A	HN STR 2 WIR CEI 24VDC 3DB RED	 $91.78 
11050445000A	HN STR 2 WIR CEI 24VDC 3DB WHT	 $90.47 
11050446000A	HN STRB 2 WIR CEI H INT 24VDC	 $92.96 
11050447000A	HN STRB 2 WIR WAL 24VDC 3DB WH	 $91.62 
11050448000A	HN STRB RED CEI 24VDC 95CD WHT	 $80.57 
11050449000A	HN STRB WAL 24VDC 2DB 157CD RD	 $112.85 
11050450000A	HN STRB WAL WTHPR 24VDC 3DB RD	 $73.22 
21016862000A	HNG BLK,CASH TILL LKR	 $123.12 
49021176000A	HNG SD MOD KIT,SST	 $4.01 
49017097000A	HNG,END A	 $21.55 
49017097000C	HNG,END B	 $21.55 
89028492000A	HOLD-DOWN, CABLE	 $3.57 
30020630000	HOLDER	 $1.49 
30019980000	HOLDER - DIAL RING TO SAFE	 $1.26 
11042275000A	HOLDER FOR KEYBOARD	 $80.92 
NZ4450611789	HOLDER INK PAD	 $13.16 
NZ0000002766	HOLDER LAMP FLORESCENT	 $0.02 
89030962000A	HOLDER SENSOR	 $8.62 
NZ0000002109	HOLDER SPIT PAD (DEPOSIT)	 $47.22 
MSN92304000A	HOLDER, 1 1/2V BATTERY      *S	 $0.00 
MSN51347000A	HOLDER, FILE *SEARS #GH890*	 $5.09 
MSN64419000A	HOLDER, FUSE-CRTRDGE TYPE (Z17	 $9.79 
MSN73129000A	HOLDER, INDEX CARD	 $2.87 
MSN61281000A	HOLDER, PLUMB BOB-AMERICAN VLT	 $94.36 
49010155000A	HOLDER,EMTR,TOP	 $19.58 
MSN68081000A	HOLDER,FUSE *LITTLEFUSE #34100	 $0.00 
49217317000A	HOLDER,MAGNET	 $3.37 
31019731000A	HOLDER,PAPER	 $71.42 
TSN88239000A	HOLDER,TAPE	 $0.00 
41019402000A	HOLDER,TELLER RCVR	 $49.82 
49212832000A	HOLDER,WHEEL,BEAUTY DR	 $11.09 
11048912000A	HOLDING FIXTURE	 $675.68 
21019951000A	HOLE PLUG	 $1.42 
19038493000A	HOLE PLUG,0.500,W/VENT	 $0.59 
19010921006A	HOLE PLUG,0.562,DOMED	 $0.31 
19010921007A	HOLE PLUG,0.625,DOMED	 $1.08 
17011763000B	HOLE PLUG,0.680,DOMED,STL	 $2.57 
12003506000A	HOLE PLUG,0.750	 $0.09 
19010921009A	HOLE PLUG,0.750,DOMED	 $0.29 
21015984000A	HOLE PLUG,0.750,DOMED,NAT	 $0.40 
19038950000A	HOLE PLUG,0.812,REUSABLE	 $0.68 
19010921011A	HOLE PLUG,0.875,DOMED	 $0.13 
19035395000A	HOLE PLUG,0.875,DOMED,BLK	 $0.16 
11035009000A	HOLE PLUG,1.000,DOMED	 $0.15 
17002253000A	HOLE PLUG,1.000,DOMED,STL	 $11.68 
19035396000A	HOLE PLUG,1.000,DOMED,WHT	 $0.24 
21016046000A	HOLE PLUG,1.000,INSUL	 $0.25 
19010921013A	HOLE PLUG,1.125,DOMED	 $0.35 
11036053000A	HOLE PLUG,1.315	 $5.67 
11035130000A	HOLE PLUG,1.375,DOMED	 $0.33 
19012253000A	HOLE PLUG,1.500,DOMED	 $0.65 
19038982000B	HOLE PLUG,1.500,DOMED,STL	 $4.49 
19042306000A	HOLE PLUG,2.000,TRANS	 $4.99 
29002615000B	HOLE PLUG,2.000,W/VENT	 $11.30 
29009380000A	HOLE PLUG;GREY,0.375 -106,1X10	 $0.37 
19042344187A	HOME POSITION SENSOR	 $149.69 
11062534000A	HONEYWELL HOME SEC KIT	 $561.77 
11062198000A	HONWLL LYNX HOME SEC PANEL ONY	 $739.91 
29008529000A	HOOD,CD RDR	 $597.69 
31018461000A	HOOD,WEATHER	 $165.38 
21015136000B	HOOK,ATCH	 $4.31 
TSN89980000A	HOOK,B-601	 $123.82 
TSN89979000A	HOOK,F-601	 $76.66 
TSN90464000A	HOOK,MG-LOCKING	 $0.00 
11065575000A	HOPPER GUIDE STAY D551	 $131.14 
11065536000A	HOPPER SENSOR K/N/D SERIES	 $131.14 
49206754000B	HOPPER, COIN, CCA, HSG	 $27.67 
49000263000A	HORIZONTAL MOTHER@BD-POLICE EN	 $60.31 
11050452000A	HORN DAMAGE STOPPER W/KNOCK OU	 $84.77 
11051669000A	HORN NRED WEATHERPROOF	 $224.59 
11051670000A	HORN NRED WEATHERPROOF	 $224.59 
11050453000A	HORN SPEAKER	 $137.17 
11050454000A	HORN STEADY TONE 24V RED	 $20.37 
11050455000A	HORN STEADY TONE 24V WHITE	 $20.37 
11051675000A	HORN STEADY TONE-24V WHT W/FIR	 $22.09 
11051483000A	HORN STRBE HS4-24MCW-FR-UL/ULC	 $98.27 
11051485000A	HORN STRBE MTWP-2475-FR-UL-ULC	 $106.17 
11050458000A	HORN STRBE RED,2WIRE WAL 12/24	 $90.35 
11051494000A	HORN STRBE RSS-24MCW-FR-UL-ULC	 $63.14 
11050456000A	HORN STROBE	 $117.43 
11051657000A	HORN STROBE	 $183.62 
11051666000A	HORN STROBE	 $208.28 
11051466000A	HORN STROBE 3IT-115-R	 $66.71 
11051468000A	HORN STROBE AH-12WP-R	 $37.22 
11051473000A	HORN STROBE E90-2415C-FW	 $107.07 
11051481000A	HORN STROBE ET90-2475C-FW	 $125.98 
11051482000A	HORN STROBE ET90-24MCCH-FW	 $135.66 
11051484000A	HORN STROBE MT-24-WM-UFR	 $96.80 
11051487000A	HORN STROBE NH-12/24-R	 $37.22 
11051491000A	HORN STROBE NS-24MCW-FR-UL/UCL	 $83.39 
11050457000A	HORN STROBE RED, 110CD	 $301.46 
11051225000A	HORN STROBE STOPPER COVER	 $147.87 
11051500000A	HORN STROBE WH-ZNSMCW-FW	 $83.39 
11065194000A	HORN, STROBE GCFR-HDVM	 $148.10 
19063578000A	HORN,SURF MT	 $181.54 
11065038000A	HORN/STR, MC, EST, W/FIRE, RED	 $99.29 
11050459000A	HORN/STRB 24V 15/75CD AG WL RD	 $127.19 
11051469000A	HORN/STROBE AS-24110W-FR	 $90.95 
11051488000A	HORN/STROBE NS-2415W-FR	 $81.91 
11051489000A	HORN/STROBE NS-2475W-FR	 $81.91 
11050408000A	HORN/STROBE SELECTABLE OUTPUT	 $96.31 
11050461000A	HOSA DUAL RCA 1/4" PHN 3.3' CB	 $12.22 
MSN91455000A	HOSE 2/12 X 5FT	 $0.00 
19063811000A	Hot-swappable hard drive caddies, 500GB each	 $2,795.31 
00050807000B	HOUSEHOLD INVENTORY RECORD #84	 $5.36 
27000666000A	HOUSING	 $20.64 
29001626000A	HOUSING	 $22.63 
41018055000B	HOUSING	 $59.31 
48021287000A	HOUSING *3755	 $451.73 
11035827000A	HOUSING 4.5" X 14" GALV TUBE	 $36.86 
41020847000A	HOUSING ASSEM CUST UNIT	 $237.20 
41017157000D	HOUSING ASSEMBLY RTS VIDEO	 $3,664.95 
19021290000C	HOUSING KIT	 $117.55 
BRP00822000A	HOUSING LED NOMAG HEAD	 $0.05 
11066186000A	Housing Mortise Z02 Cam	 $131.22 
BRP00821000A	HOUSING OPTICS NOMAG HEAD	 $0.05 
11042462000A	HOUSING TRAY	 $191.84 
MSN67193000A	HOUSING, 2 CKT.PIN *AMP INC.#1	 $0.69 
MSN67207000A	HOUSING, 3 CKT.PIN *AMP INC.#1	 $0.54 
49232889000A	HOUSING, COIN POCKET	 $3.67 
MSN87609000A	HOUSING, P.C. BOARD	 $0.00 
49203075000A	HOUSING, UPPER, CCA, COIN, TTW	 $5.48 
49000414000A	HOUSING,16 MM CRTG	 $18.00 
49254558XMQA	HOUSING,2D MODULE	 $5.18 
49254558XXXA	HOUSING,2D MODULE	 $5.09 
49000413000A	HOUSING,35 MM CRTG	 $18.97 
49005906000A	HOUSING,BACK	 $34.56 
41016434000B	HOUSING,CUSTOMER VAT 21	 $669.44 
49004780000A	HOUSING,FRONT	 $38.37 
49005233000A	HOUSING,LATCH	 $193.95 
BLTC93832000	HOUSING,OUTDR,24V, TO 9.9"	 $259.88 
48021349000A	HOUSING,PWR & AUD MDL	 $90.25 
49221812000A	HOUSING,SENSOR	 $20.64 
39003723000A	HOUSING,SWITCH	 $20.23 
49203039000A	HOUSING,UPPER,COIN POCKET	 $6.19 
00050807000A	HOW TO USE A SAFE DEPOSIT BOX	 $8.96 
00051008000A	HP DEPOSITORY RIBBON	 $57.60 
NZ0000003067	HP INKJET DRIVER BD	 $328.86 
00014601002L	HP SERVER,5100D	 $13,355.69 
89030800000A	HP SP DAMP	 $6.19 
11050463000A	HRN PG T72/15W UI MTL GRAY	 $209.52 
11050462000A	HRN PG T72/15W UL CAP MTL GRAY	 $215.13 
11051493000A	HRN STRB RSS-241575W-FR-UL/ULC	 $62.24 
11050460000A	HRN/STR 24VDC CD FIRE WALL RED	 $126.28 
11050464000A	HS24 VDC WALL MNT HRN STB FIX	 $95.92 
49243763000A	HS-7, SHIM, 1.166 OD, 0.625 ID, 0.01 THK	 $64.64 
49243763000B	HS-8, SHIM, 1.166 OD, 0.625 ID, 0.015 THK	 $64.64 
49243763000C	HS-9, SHIM, 1.166 OD, 0.625 ID, 0.02 THK	 $64.64 
89031261000D	HSBC MULTI PROCESSOR AGLIS 2.4	 $19.55 
89031261000C	HSBC MULTI PROCESSOR DVD REV2	 $9.77 
89031203000A	HSBC VERSION 1.22 DVD	 $9.77 
19064908000A	HSC IP Interface module	 $828.51 
19049196000A	HSG FOR CAMR/LENS,OUTDOOR,W/HTR & BLWR,UP TO 10.3IN,24V	 $301.46 
11047458000A	HSG TO WALL MT,CAMR,USPS ONLY	 $82.22 
NOATMVAT2100	HSG,ATM,DRIVE-UP	 $534.40 
19057622000A	HSG,CAMR DOME,W/O CAMR,OUTDOOR,HTR,SUNSHIELD,SMK	 $681.40 
19057043000A	HSG,CAMR,8 IN,OUTDOOR,24V HTR/DEFROSTER	 $253.49 
ULKD6QE4NJ00	HSG,CAMR,DOME,CLR & B/W,NITROGEN,PRESSURIZED,CLEAR	 $5,892.08 
ULKD6QR4NJ00	HSG,CAMR,DOME,CLR & B/W,OVER COAX & CAT5,W/HTR & BLWR	 $10,249.47 
ULKD6QR1N400	HSG,CAMR,DOME,CLR & B/W,OVER COAX & CAT5,W/O HTR & BLWR	 $4,905.50 
ULKD6QR4N400	HSG,CAMR,DOME,CLR & B/W,OVER COAX & CAT5,W/O HTR & BLWR	 $9,810.99 
ULKD6QR1NJ00	HSG,CAMR,DOME,CLR & B/W,OVER COAX, & CAT5,W/HTR & BLWR	 $10,249.47 
ULKD6QR1N100	HSG,CAMR,DOME,CLR & B/W,STD,RS485,W/O HTR &BLWR	 $9,290.30 
ULKD6QR4N100	HSG,CAMR,DOME,CLR & B/W,STD,RS485,W/O HTR &BLWR	 $9,290.30 
ULKD6QW1N400	HSG,CAMR,DOME,CLR & B/W,WEATHER	 $4,795.88 
ULKD6QW4N400	HSG,CAMR,DOME,CLR & B/W,WEATHER	 $4,795.88 
ULKD6QR1NH00	HSG,CAMR,DOME,CLR & BLWR,STD,RS485,W/HTR & BLWR	 $4,809.58 
ULKD6QE1NJ00	HSG,CAMR,DOME,CLR,NITROGEN PRESSURIZED,SMKD	 $5,892.08 
ULKD6SE4NJ00	HSG,CAMR,DOME,CLR,NITROGEN,PRESSURIZED,CLEAR	 $5,453.60 
ULKD6SE1NJ00	HSG,CAMR,DOME,CLR,NITROGEN,PRESSURIZED,SMKD	 $5,453.60 
ULKD6SR1NJ00	HSG,CAMR,DOME,CLR,OVER COAX & CAT5,W/HTR & BLWR	 $4,617.20 
ULKD6SR4NJ00	HSG,CAMR,DOME,CLR,OVER COAX & CAT5,W/HTR & BLWR	 $9,701.37 
ULKD6SR1N400	HSG,CAMR,DOME,CLR,OVER COAX & CAT5,W/O HTR/BLWR	 $9,262.89 
ULKD6SR4N400	HSG,CAMR,DOME,CLR,OVER COAX & CAT5,W/O HTR/BLWR	 $9,262.89 
ULKD6SW1N400	HSG,CAMR,DOME,CLR,SMKD	 $4,357.40 
ULKD6SR1N100	HSG,CAMR,DOME,CLR,STD RS485,W/O HTR/BLWR	 $8,742.20 
ULKD6SR1NH00	HSG,CAMR,DOME,CLR,STD,RS485,W/HTR & BLWR	 $9,180.68 
ULKD6SW4N400	HSG,CAMR,DOME,CLR,WEATHER	 $4,357.40 
ULKD6QP2N400	HSG,CAMR,DOME,INDOOR,CLR & B/W PENDANT MT,WHT TRIM	 $4,234.08 
ULKD6QD1N400	HSG,CAMR,DOME,INDOOR,CLR & B/W,CEILING,BLK TRIM	 $4,234.08 
ULKD6QD4N400	HSG,CAMR,DOME,INDOOR,CLR & B/W,CEILING,BLK TRIM	 $4,234.08 
ULKD6QDAN400	HSG,CAMR,DOME,INDOOR,CLR & B/W,CEILING,BLK TRIM	 $4,357.40 
ULKD6QD2N400	HSG,CAMR,DOME,INDOOR,CLR & B/W,CEILING,WHT TRIM	 $4,234.08 
ULKD6QD5N400	HSG,CAMR,DOME,INDOOR,CLR & B/W,CEILING,WHT TRIM	 $4,234.08 
ULKD6QP1N400	HSG,CAMR,DOME,INDOOR,CLR & B/W,PENDANT MT,BLK TRIM	 $4,234.08 
ULKD6QP4N400	HSG,CAMR,DOME,INDOOR,CLR & B/W,PENDANT MT,BLK TRIM	 $4,234.08 
ULKD6QP5N400	HSG,CAMR,DOME,INDOOR,CLR & B/W,PENDANT MT,WHT TRIM	 $4,234.08 
ULKD6SD5N400	HSG,CAMR,DOME,INDOOR,CLR,,WHT TRIM	 $3,809.30 
ULKD6SD1N400	HSG,CAMR,DOME,INDOOR,CLR,BLK TRIM	 $3,809.30 
ULKD6SD4N400	HSG,CAMR,DOME,INDOOR,CLR,BLK TRIM	 $3,809.30 
ULKD6SP1N400	HSG,CAMR,DOME,INDOOR,CLR,PENDANT MT,BLK TRIM	 $3,809.30 
ULKD6SP4N400	HSG,CAMR,DOME,INDOOR,CLR,PENDANT MT,BLK TRIM	 $3,809.30 
ULKD6SP2N400	HSG,CAMR,DOME,INDOOR,CLR,PENDANT MT,WHT TRIM	 $3,482.78 
ULKD6SP5N400	HSG,CAMR,DOME,INDOOR,CLR,PENDANT MT,WHT TRIM	 $3,809.30 
ULKD6SD2N400	HSG,CAMR,DOME,INDOOR,CLR,WHT TRIM	 $3,656.93 
19049473000A	HSG,CAMR,INDOOR/OUTDOOR,12IN,MT	 $76.73 
19057623000A	HSG,CAMR,OUTDOOR,HTR/BLWR,24VAC	 $403.66 
19057044000A	HSG,CAMR,SUNSHIELD	 $48.00 
19057046000A	HSG,CAMR,SUNSHIELD	 $50.00 
ULKC910BDN00	HSG,CAMR,SYS,BLK NITROGEN,PRESSURIZED	 $4,247.78 
ULKC9F1BDN00	HSG,CAMR,SYS,BLK,NITROGEN PRESSURIZED,W/FIBER OPTIC VID ONLY XMSN	 $5,892.08 
ULKC9F10DN00	HSG,CAMR,SYS,CLR,NITROGEN PRESSURIZED,W/FIBER OPTIC	 $5,892.08 
ULKC9F1WDN00	HSG,CAMR,SYS,WHT NITROGEN,PRESSURIZED,W/FIBER OPTIC VID ONLY XMSN	 $3,994.20 
19047133000A	HSG,CAMR/LENS,4.5IN DIA,OUTDOOR,120VAC,60HZ	 $465.89 
19056568000A	HSG,CARD RDR/INTERCOM,WHT	 $312.63 
19056541000A	HSG,CUSTOM,CARD RDR/INTERCOM/CAMR	 $486.02 
CHRDH1000000	HSG,DOME,RECESSED	 $80.85 
NOATMTABSDU0	HSG,DRIVE-UP,MT,911	 $115.10 
31018879000A	HSG,ELEVATOR,MINI,B&W BD CAMR	 $117.18 
ULHEG14SS000	HSG,ENVIR EX-LGE,14 IN,W/SUNSHIELD	 $64.29 
19047287000A	HSG,INDOOR,CAMR/LENS UP TO 7IN	 $109.62 
49024986000A	HSG,INDOOR/OUTDOOR W/BRKT	 $107.73 
39014182000C	HSG,INDOOR/OUTDOOR,W/HTR&BLWR,220VAC	 $189.10 
19049147000A	HSG,OUTDOOR,CAMR,W/HTR,22X & 23X CAMR DOMES	 $737.20 
19058844000A	HSG,PNDNT MT,CAMR DOME,UVA10 & UVA20	 $175.39 
19058849000A	HSG,SURF MT,CAMR DOME	 $216.50 
BUIB1034000A	HTP PIII 500/700 TOUCHSCREEN	 $0.78 
TS4366265220	HTR - Head Asm	 $1,201.66 
TS4362333992	HTR - Sensor HLD	 $13.65 
49213116000E	HTR ASSY,115V,400W	 $1,184.90 
11047233000A	HTR,24VAC ONLY,ZC-D5000 SERIES	 $109.62 
ULACTHTR0000	HTR,ACT	 $602.91 
31018883000A	HTR,GASKET	 $10.14 
29001568000A	HTR,MAT,W 0015.0,024.0V	 $66.11 
39013179000B	HTR,PTC,W 0200.0,220.0V,CASE,NO LEADS	 $242.73 
39015214000B	HTR,STRP,W 700.0,120.0V,QDISC,FINNED,PTC	 $146.86 
19049162000A	HTR/BLWR OPTION,THERMAL CAMR ENCL	 $2,548.67 
11044533000A	HUB	 $94.23 
28010512000A	HUB - BUSHING	 $315.31 
10615900000	HUB ASM	 $10.58 
BRP01000000A	HUB CS4000	 $0.05 
11041825000A	HUB LAN 8 Port 10/100 Mbits/se	 $430.92 
11043689000A	HUB, DATA 100 MBPS	 $85.64 
NZ0000002457	HUB, PICKLINE	 $0.02 
28020931000A	HUB, THREADED *3678	 $125.96 
29025232000A	HUB/SHAFT	 $509.76 
11065295000A	HUBBLE ORANG CAT5 JACK HXJ5EOR	 $12.47 
11062103000A	HUMIDITY MONITOR - HUMID ALERT	 $84.36 
11062293000A	HUMIDITY SENSOR	 $113.29 
TS4368834753	HUSING DRIVE	 $360.50 
19061734000A	HUSK-20 LATCHING HOLD-UP SWITCH	 $47.92 
41027363000A	HW, Electrified Lockset, Best Mortise 45HW BRK, Lever, Left3	 $3,476.52 
49201476000A	HYBRID TEST CARD	 $48.78 
TP821071001D	HYPERCOM ICE 6500 INSTALL GUID	 $9.90 
TP821070001A	HYPERCOM ICE 6500 OP/ADM GUIDE	 $32.40 
TP821178001A	HYPERCOM ICET 6500 V1.04	 $2.70 
89030440000A	I & IX ATM Currencly Load Proc	 $1.89 
11038059000A	I \ O BOARD      VSS306-S16	 $375.72 
TP820282001B	i link operating guide	 $9.90 
19053032000A	I MB SMARTRAM II RAM CARD	 $454.92 
11050466000A	I O MOTHERBOARD FOR 8 OPT MODU	 $160.98 
00050785000H	I SERIES BRAILLE KIT -BLACK-	 $82.22 
00050785000B	I SERIES BRAILLE KIT -DARK BLU	 $82.22 
00050785000E	I SERIES BRAILLE KIT -DARK GRE	 $82.22 
00050785000A	I SERIES BRAILLE KIT -LIGHT BL	 $82.22 
00050785000C	I SERIES BRAILLE KIT -LIGHT GR	 $78.30 
00050785000G	I SERIES BRAILLE KIT -ORANGE-	 $78.30 
00050785000F	I SERIES BRAILLE KIT -RED-	 $82.22 
89028974000A	I.C.    CD4022B	 $5.36 
89029405000A	I.C.   BA7046A     # 1361932	 $5.75 
89027825000A	I.C.  LM3524N	 $4.14 
89027834000A	I.C. DUAL COMPARATOR	 $4.76 
89027832000A	I.C. TL430CLP	 $3.83 
89028944000A	I.C.#AN6676	 $37.06 
89027833000A	I.C., VOLTAGE REG.,7912	 $4.33 
89029631000A	I.C.;#AM27C512-150DC	 $39.52 
11035404000A	I.C.1201 NP 720HR	 $54.08 
11035403000A	I.C.1701 NP 720 HR.	 $153.47 
89028902000A	I.C.80C31 MICRO/GYYR#F0050016	 $49.33 
41020296049A	I/O BOX, 8-PORT, DB25M, DIGI	 $123.33 
21018399000A	I/O BOX,RACK MT	 $49.14 
BUM11975000A	I/S BULLETIN 1065A DIALUP	 $0.05 
TP982400000A	IA FULL FUNCTION TERMINALS	 $26.10 
00050802000A	IBM 3624 BRAILLE LABEL KIT	 $33.08 
IB064G399400	ibm 4722 b-loop co	 $480.25 
TP799576001D	IBM 473X COMPATIBILITY FEATURE	 $3.52 
TP799577001D	IBM 473X COMPATIBILITY FEATURE	 $13.50 
TP820090001A	IBM 473X COMPATIBILITY FEATURE	 $11.70 
TP799790012A	IBM 4781 CAJERO AUTOMATICO GUI	 $18.00 
TP799790018A	IBM 4781 VNITRNI BANKOVNI AUTO	 $15.30 
TP799790019A	IBM 4781COMPACT CASH DISPENSER	 $17.10 
TP799604018A	IBM 4782 BANKOVNI AUTOMAT S PL	 $21.60 
TP799604012A	IBM 4782 CAJERO AUTOMATICO DE	 $25.20 
TP799604019A	IBM 4782 MULTISERVICECENTER	 $25.20 
TP799634019A	IBM 4782 MULTISERVICECENTER	 $20.70 
TP799604021A	IBM 4782 SPORTELLO AUTOMATICO	 $26.10 
TP799482018A	IBM 4783/4789 BANKOVNI AUTOMAT	 $32.40 
TP799482012A	IBM 4783/4789 CAJEROS AUTOMATI	 $37.80 
TP799482019A	IBM 4783/4789 GELDAUSGABEAUTOM	 $36.90 
TP799482021A	IBM 4783/4789 SPORTELLI AUTOMA	 $36.90 
TP799438IB01	IBM 4788(1074) PLANNING&SITE P	 $11.70 
TP799610012A	IBM 478X EXPENDEDOR MULTIMEDIA	 $9.00 
TP799662012A	IBM 478X IMPRESORA DE FUNCIONE	 $8.10 
TP799608019A	IBM 478X JOURNALDRUCKER UND	 $13.50 
TP799615012A	IBM 478X MECANISMO DE DEPOSITO	 $9.00 
TP799561012A	IBM 478X MODULO DE DEPOSITO	 $9.00 
TP799608021A	IBM 478X STAMPANTE GIORNALE DI	 $14.40 
IB046H268000	ibm 9068 flapper stopper-ix	 $327.60 
IB046H260800	ibm 9068 motor-ix	 $596.88 
IB046H261700	ibm 9068 roller	 $480.25 
31018182000G	IBM ARTIC PC,RS232,8 PORT,SLT 1	 $1,405.88 
00050802000D	IBM BLACK DEPOSIT PICTOGRAM -3	 $9.45 
00050802000C	IBM BLACK INSERT PICTOGRAM -36	 $9.45 
00050802000B	IBM BRAILLE LABEL SET -4730/32	 $33.08 
00050802000F	IBM DEPOSIT PICTOGRAM  4732	 $9.45 
00050802000E	IBM INSERT CARD PICTOGRAM  473	 $9.45 
00050733000A	IBM PAPER ROLL 1/PLY -4710-	 $68.04 
00050734000A	IBM PAPER ROLL 1/PLY -4712/472	 $68.04 
00050735000A	IBM PAPER ROLL 1/PLY -4730-	 $164.43 
00050733000B	IBM PAPER ROLL 2/PLY -4710-	 $89.10 
00050734000B	IBM PAPER ROLL 2/PLY -4712/472	 $93.56 
00050735000B	IBM RECEIPT ROLL -4730- 3-1/2X	 $132.30 
00050730000A	IBM RIBBON -BL/BLK- -4720/4732	 $15.60 
00050730000B	IBM RIBBON -BLACK -4720-	 $14.18 
00050737000B	IBM RIBBON -BLACK-4710/4730-	 $42.53 
00050738000A	IBM RIBBON -BLACK-4712/MODEL 1	 $30.24 
00050740000A	IBM RIBBON -BLK STATE. -4721/4	 $15.60 
00050737000A	IBM RIBBON -PURPLE-4710/4730-	 $42.53 
41014555000P	IBM,ARTIC,MEM EXP,MULTIPORT	 $555.93 
41014555000R	IBM,ARTIC,MULTIPORT,4 PORT,RS232 ADD	 $349.74 
41014555000G	IBM,ARTIC,MULTIPORT/2.OS/2.SFTWR SPRT	 $349.74 
41014555000F	IBM,CA,LGC,ARTIC,MULTIPORT 8 PORT INTFC	 $463.15 
41014555000Y	IBM,DB/2 1.0 CLIENT ENABL	 $140.94 
41014555000X	IBM,DB/2 1.0 CLIENT SVR	 $4,601.43 
41014555000Z	IBM,DB/2 1.0 QUERY MNGR	 $140.94 
41014555002D	IBM,DB2,10 USER CONN PAK,VER 1.2	 $1,253.07 
41014555000T	IBM,OS/2 2.1,3.5 IN MEDIA	 $302.65 
41014555000V	IBM,OS/2,LAN ROSTR,3.0	 $133.11 
41014555000U	IBM,OS/2,LAN SERVER,3.0	 $1,466.82 
41014555001N	IBM,PS/2 FMLY DBR	 $753.64 
41014555001P	IBM,PS/2 FMLY DBR	 $1,348.33 
41014555001U	IBM,PS/2 FMLY DBR	 $169.78 
41014555001X	IBM,PS/2 FMLY DBR	 $786.53 
89030137000A	ic	 $5.89 
89030139000A	ic	 $10.35 
NZ0000002951	ic	 $4.05 
89029905000A	IC    HM62256BLFP-10T	 $19.30 
89029687000A	IC    ICDGT68HC05B6CFN	 $80.91 
11033719000A	IC   1202  #UPD82C43C  CMOS	 $33.41 
11033723000A	IC   1704  #M50769-310P  CMOS	 $23.36 
11033725000A	IC   1882  #NJD6506S  CMOS	 $9.50 
11033715000A	IC   902  #HD38750A-85  CMOS	 $50.98 
11033716000A	IC   904  #HD38702A25  CMOS	 $37.38 
11032099000A	IC   90C	 $15.13 
11032008000A	IC   AN5753	 $9.85 
11032007000A	IC   AN5763	 $18.36 
11031800000A	IC   AN6675   CMOS	 $23.05 
19001104000A	IC   CD4013AD   CMOS	 $10.68 
11032095000A	IC   HAII747  CMOS	 $79.34 
11032096000A	IC   HAII749  CMOS	 $30.03 
11032083000A	IC   HD38792A23 OR HD38702A23	 $37.06 
11032089000A	IC   HT4235   CMOS	 $77.99 
11032090000A	IC   HT4236  CMOS	 $39.78 
89029375000A	IC   HT7204    #1372551	 $93.96 
89029688000A	IC   ICDGTCXA131AQ-TY	 $33.93 
11031251000A	IC   LM341-15	 $2.10 
11031252000A	IC   LM342-5	 $2.79 
11031249000A	IC   LM733CH	 $3.27 
11035825000A	IC   MICROPROCESSOR  F8200660	 $80.39 
89029406000A	IC   S-8053ALB  IC1705	 $6.36 
19001055000A	IC   SN74164	 $1.97 
89029686000A	IC   U205   ICANLCX1391R	 $33.93 
89029506000A	IC  1701    BURLE # 1346345	 $114.84 
89026555000A	IC  74S51	 $0.94 
11034383000A	IC  BA340   VSS303	 $11.17 
89029288000A	IC  CHARACTER DISP IC351  M520	 $44.81 
11034389000A	IC  DK-446   VSS303	 $87.90 
11034379000A	IC  EWA127   VSS303	 $21.92 
11034378000A	IC  HA11797NT   VSS303	 $35.81 
11034381000A	IC  HA11829NT   VSS303	 $41.77 
11034385000A	IC  HA11837NT   VSS303	 $93.39 
11034382000A	IC  HA134340A   VSS303	 $9.32 
11034387000A	IC  HD38820L38   VSS303	 $58.32 
89029703000A	IC  LA7261M    FOR ICD4624	 $31.32 
89029593000A	IC  LM340T-8   KNOX #58860	 $4.70 
89029248000A	IC  LOADING MTR DRVR BA6209U V	 $8.55 
11034384000A	IC  M54548L   VSS303	 $30.81 
89029447000A	IC - NJM 4558 M TE3	 $3.74 
11034386000A	IC  STK-5451   VSS303	 $31.52 
89030082000A	IC  X24C04	 $13.90 
89029289000A	IC  XCVR  MAX232       VSS 305	 $24.67 
89026834000A	IC 2074	 $27.86 
89030629000A	IC 256KBIT CMOS STATIC RAM 300	 $3.86 
49250356000A	IC 4BIT BIN RIPPLE COUNT 14DIP	 $1.51 
89026761000A	IC 74H24 SAME AS 89026599000A	 $15.94 
19040663000A	IC 74HC10NS-ELS	 $0.96 
89026247000A	IC 74LS11	 $2.28 
89028066000A	IC 74LS253 LSTTL MPLEX	 $3.83 
89028069000A	IC 74LS28 LSTTL NOR BUFR	 $2.30 
89026157000A	IC 74LS76N	 $1.77 
19040664000A	IC 74LV04APW-EL2	 $1.23 
89026571000A	IC 74S10	 $0.00 
89026570000A	IC 74S11	 $2.10 
89030701000A	IC 80N02	 $17.20 
89030700000A	IC 93C46	 $13.23 
19040669000A	IC BR93LC46AF-E1	 $69.94 
89029287000A	IC CIL603C	 $16.99 
11066144000A	IC Core Springs	 $40.11 
89026849000A	IC DM74123 NSC ONLY	 $1.56 
89029381000A	IC DUAL PORT RAM  CY7C136	 $68.38 
NZ0000003502	IC EPROM 13082 TEC SDC SIDWAYS	 $32.89 
89031584000A	IC Ethernet Transceiver 10/100/1000	 $10.16 
89030223000A	ic gd 75232dwr htp,p3,500/700	 $3.83 
89031585000A	IC HD Audio With Contenct Protection	 $48.87 
49250357000A	IC HEX SCHMITT-TRIG INV 14-DIP	 $1.81 
89030698000A	IC HIP6302CP IC SUPERVISORY	 $36.54 
11034377000A	IC HT4506	 $81.90 
89030225000A	ic lm4880mx htp, p3, 500/700	 $7.76 
19040675000A	IC M29F010B70K1	 $21.38 
19040672000A	IC M51953AFP-30A	 $51.73 
MSZ69258560A	IC MAXIM MAX232 TELEQUIP	 $17.43 
89030227000A	ic mmbt3904 htp, p3, 500/700	 $0.05 
89030596000A	IC NEGATIVE VOLTAGE CONVERTER	 $6.59 
89030612000A	IC NEGATIVE VOLTAGE CONVERTER	 $19.00 
19040661000A	IC NJM78125FA	 $53.49 
89030592000A	IC OCTAL NON-INVERTING TRISTAT	 $1.35 
89026057000A	IC PACK 9818	 $14.34 
89030226000A	ic pmbf170t&r htp, p3, 500/700	 $0.36 
19024554000B	IC PROM KIT 5DLC PROTOCOL PROM	 $15.29 
11035822000A	IC PROTECTOR    250M   5721802	 $2.63 
49250355000A	IC QUAD LINE RECEIVER 14-DIP	 $2.72 
89030609000A	IC QUAD OP AMP SMT	 $2.32 
89030607000A	IC RS485 TRANSCEIVER SMT	 $4.96 
19040666000A	IC SN74V14APW-EL2	 $1.23 
19040668000A	IC SN74V273APW-EL2	 $2.73 
19040667000A	IC SN74V32APW-EL2	 $1.23 
NZ0000002900	IC SN75C1154	 $10.96 
89030602000A	IC SOCKET 10 PIN VERTICAL MOUN	 $14.02 
11065434000A	IC SWITCH QUAD 1X1 16DIP	 $4.97 
19040684000A	IC TC4W53FU	 $3.17 
19040662000A	IC TC74HC125AF-EL	 $1.23 
89030989000A	IC Volt Regulator	 $1.53 
TE000095VICS	IC, 74ALS245	 $6.83 
TE000153VICS	IC, 74LS241	 $4.82 
TE000045VICS	IC, AFD2 SGL MICRO PRCSCR INTFC CARD-SPARE IC	 $2.45 
TE000046VICS	IC, AFD2 SGL MICRO PRCSCR INTFC CARD-SPARE IC	 $3.06 
TE000047VICS	IC, AFD2 SGL MICRO PRCSCR INTFC CARD-SPARE IC	 $3.01 
19001034000A	IC, DM7437N - SN7437N - MC7437L	 $1.51 
19001244000A	IC, IM6561CJN - HM656105	 $20.48 
19001297000A	IC, MC14072BCP - CD4072BE	 $1.21 
19001092000A	IC, MC14514BCL	 $11.78 
19001298000A	IC, MC14584BCP - CD40106BCN	 $1.85 
190421830XXA	IC, MEM, PROM, OTP **Sev Only*	 $0.05 
39009303185A	IC,18 V,450 MW	 $4.73 
39009303188A	IC,18 V,450 MW	 $4.73 
39009303187A	IC,32 V,350 MW	 $3.65 
39009303182A	IC,35 V,0.1 A	 $3.31 
39009303180A	IC,35 V,0.5 A	 $5.81 
39009303190A	IC,37 V 100 MA	 $3.83 
19040601000A	IC,ACCEL,BUS,IDE,PCI TO ISA	 $98.58 
19049791000A	IC,ASIC,AFD/ESD CNTRL,QFP-144	 $15.22 
49280670000A	IC,BIOS,OPTEVA PRCSR 5TH GEN,EI FRANCE,B	 $17.10 
89031205000A	IC,BUFFER/DRIVER,DUAL,SN74LV24	 $1.76 
19001725000A	IC,CLK GEN,VGA,SOIC	 $182.24 
19047069000A	IC,CNTRLR,BUS,UNIV SER,HI SPD,QFP13-64	 $93.04 
19049746000A	IC,CNTRLR,BUS,UNIV SER,SOP	 $27.68 
19001650000C	IC,CNTRLR,SER COMM,DUAL,PLCC	 $10.87 
19001821000A	IC,CNTRLR,SRAM,NVLTL,BTRY BKUP,SOIC	 $29.74 
TE000137VICS	IC,DARLINGTON,7-CHAN,16 PIN DIP	 $2.38 
19001164000A	IC,DIG, INVERTER 74H04	 $1.27 
19001386000A	IC,DIG,CNTR,BIN	 $2.79 
19025283000A	IC,DIG,CNTR,BIN,04 BIT	 $2.47 
19001240000A	IC,DIG,CNTR,BIN,04 BIT,DUAL	 $4.92 
19001852000A	IC,DIG,CNTR,BIN,04 BIT,DUAL,SOIC	 $1.93 
19001643000A	IC,DIG,CNTR,BIN,04 BIT,SYNC,SOIC	 $8.80 
19001233000A	IC,DIG,CNTR,RING	 $2.94 
19001525000A	IC,DIG,DL,TAPPED	 $0.25 
19038692000A	IC,DIG,DL,TAPPED,BFR	 $20.70 
19001089000A	IC,DIG,FF,D,DUAL	 $1.03 
19001215000A	IC,DIG,FF,D,DUAL	 $1.94 
19001395000A	IC,DIG,FF,D,HEX	 $1.62 
19001395000B	IC,DIG,FF,D,HEX	 $0.71 
19038545000A	IC,DIG,FF,D,HEX,SOIC	 $0.61 
19059131000A	IC,DIG,FF,D,HEX,SOIC	 $0.77 
19001510000A	IC,DIG,FF,D,OCT	 $1.51 
19001712000A	IC,DIG,FF,D,OCT,SOL	 $6.34 
19001665000A	IC,DIG,FF,D,QUAD,SOIC	 $4.78 
19004247000A	IC,DIG,FF,D,US8-8	 $1.14 
19056326000A	IC,DIG,FF,D,US8-8	 $0.94 
19004248000A	IC,DIG,GATE,AND,02 INP,SOT-23	 $0.34 
19001028000B	IC,DIG,GATE,AND,QUAD,02 INP	 $0.94 
19001533000A	IC,DIG,GATE,AND,QUAD,02 INP	 $2.68 
19001865000A	IC,DIG,GATE,AND,QUAD,02 INP,SOT-108-1	 $1.23 
19001294000A	IC,DIG,GATE,AND,TRI,03 INP	 $0.53 
19001617000A	IC,DIG,GATE,NAND,13 INP,SOIC	 $4.10 
19001626000B	IC,DIG,GATE,NAND,DUAL,SOIC	 $11.23 
19001067000A	IC,DIG,GATE,NAND,QUAD	 $2.11 
19001087000A	IC,DIG,GATE,NAND,QUAD,02 INP	 $0.35 
19001087000B	IC,DIG,GATE,NAND,QUAD,02 INP	 $2.66 
19001087000C	IC,DIG,GATE,NAND,QUAD,02 INP	 $0.51 
19001200000B	IC,DIG,GATE,NAND,QUAD,02 INP	 $0.39 
19001212000A	IC,DIG,GATE,NAND,QUAD,02 INP	 $1.53 
19001614000B	IC,DIG,GATE,NAND,QUAD,02 INP,SOIC	 $6.28 
19001230000A	IC,DIG,GATE,NAND,QUAD,02 INP,ST	 $1.13 
19001238000A	IC,DIG,GATE,NAND,TRI	 $1.32 
19001238000B	IC,DIG,GATE,NAND,TRI	 $1.37 
19001131000A	IC,DIG,GATE,NAND,TRI,03 INP	 $0.67 
19001625000A	IC,DIG,GATE,NAND,TRI,03 INP,SOIC	 $1.34 
19001213000A	IC,DIG,GATE,NOR,QUAD,02 INP	 $1.49 
19001621000B	IC,DIG,GATE,NOR,QUAD,SOIC	 $2.93 
19001621000C	IC,DIG,GATE,NOR,QUAD,SOIC	 $1.67 
19001427000A	IC,DIG,GATE,NOR,TRI	 $1.03 
19001280000A	IC,DIG,GATE,NOR/OR,08 INP	 $1.03 
19042700000A	IC,DIG,GATE,OR,02 INP,SOT-23	 $0.43 
19056339000A	IC,DIG,GATE,OR,02 INP,SOT-5	 $0.22 
19001367000B	IC,DIG,GATE,OR,QUAD,02 INP	 $1.67 
19001367000E	IC,DIG,GATE,OR,QUAD,02 INP	 $2.29 
19001662000A	IC,DIG,GATE,OR,QUAD,02 INP,SOIC	 $3.08 
19001662000C	IC,DIG,GATE,OR,QUAD,02 INP,SOIC	 $14.09 
19001662000F	IC,DIG,GATE,OR,QUAD,02 INP,SOIC	 $0.40 
19001644000A	IC,DIG,GATE,OR,TRI,03 INP,SOIC	 $6.62 
19001203000A	IC,DIG,GATE,XOR,QUAD	 $1.08 
19001216000B	IC,DIG,GATE,XOR,QUAD	 $4.02 
19001189000A	IC,DIG,INV	 $0.54 
19001397000B	IC,DIG,LCH,D,OCT	 $1.32 
19001772000A	IC,DIG,LCH,D,OCT,NIV,SOIC	 $2.03 
19001772000D	IC,DIG,LCH,D,OCT,NIV,TSSOP	 $1.13 
19056325000A	IC,DIG,LCH,D,OCT,NIV,TSSOP	 $2.37 
19001694000B	IC,DIG,LCH,D,OCT,SOIC	 $0.83 
19001426000A	IC,DIG,MV,MSTBL	 $6.95 
19001282000A	IC,DIG,MV,MSTBL,DUAL	 $3.20 
19001286000A	IC,DIG,MV,MSTBL,DUAL	 $2.38 
19001405000A	IC,DIG,MV,MSTBL,DUAL	 $4.66 
19001450000A	IC,DIG,MV,MSTBL,DUAL	 $1.08 
19001777000A	IC,DIG,MV,MSTBL,DUAL,SOIC	 $2.47 
19001748000A	IC,DXFR,PRPHL  INTFC,PRGM, PLCC	 $7.57 
19001458000A	IC,DXFR,PRPHL INTFC,PRGM	 $10.39 
19036263000A	IC,EPROM,SYS	 $83.52 
19056341000A	IC,HOT SWAP CNTRLR,SO-8	 $23.18 
19001918000A	IC,INTFC,ANLG SW,QUAD,SOIC	 $0.87 
19060792000A	IC,INTFC,ANLG SW,QUAD,SOIC	 $1.45 
19047076000A	IC,INTFC,ANLG SW,QUAD,TSSOP-14	 $1.48 
19001086000A	IC,INTFC,BFR,INV,HEX	 $1.08 
19001086000B	IC,INTFC,BFR,INV,HEX	 $1.15 
19001612000A	IC,INTFC,BFR,INV,HEX,SOIC	 $6.34 
19001622000A	IC,INTFC,BFR,INV,HEX,SOIC	 $2.10 
19001623000A	IC,INTFC,BFR,INV,HEX,SOIC	 $6.25 
19001635000A	IC,INTFC,BFR,INV,HEX,SOIC	 $1.09 
19001696000B	IC,INTFC,BFR,INV,HEX,SOIC	 $0.43 
19047066000A	IC,INTFC,BFR,INV,HEX,TSSOP-14	 $0.94 
19055382000A	IC,INTFC,BFR,INV,HEX,TSSOP-14	 $0.68 
19047067000A	IC,INTFC,BFR,INV,SC70-5 LEAD	 $0.33 
19056335000A	IC,INTFC,BFR,INV,SOT-5	 $0.29 
19001128000A	IC,INTFC,BFR,NIV,HEX	 $4.92 
19001739000A	IC,INTFC,BFR,NIV,HEX,SOIC	 $0.41 
19001917000A	IC,INTFC,BFR,NIV,HEX,SOIC	 $1.03 
19061769000A	IC,INTFC,BFR,NIV,HEX,SOIC	 $5.05 
19001447000A	IC,INTFC,BFR,NIV,QUAD	 $0.63 
19059127000A	IC,INTFC,BFR,NIV,QUAD,3S,SOIC	 $1.68 
19056333000A	IC,INTFC,BFR,ST,DUAL,SOT-6	 $1.46 
19042989000A	IC,INTFC,BFR,ST,SOT-23	 $0.28 
19047063000A	IC,INTFC,BFR,ST,SOT-5	 $0.43 
19058748000A	IC,INTFC,BFR,ST,SOT-5	 $2.67 
19001710000B	IC,INTFC,DCDR,2-04 LNS,1 OF 04,SOIC	 $0.51 
19001219000B	IC,INTFC,DCDR,3-08 LNS,1 OF 08	 $8.27 
19001219000C	IC,INTFC,DCDR,3-08 LNS,1 OF 08	 $1.41 
19001773000C	IC,INTFC,DCDR,3-08 LNS,1 OF 08,SOIC	 $0.95 
19001711000A	IC,INTFC,DCDR,3-08 LNS,1 OF 8,SOIC	 $4.75 
19001711000B	IC,INTFC,DCDR,3-08 LNS,1 OF 8,SOIC	 $0.59 
19059106000A	IC,INTFC,DCDR,3-08 LNS,1 OF 8,SOIC	 $1.68 
19001475000A	IC,INTFC,DENCRYPT	 $43.69 
19001685000A	IC,INTFC,DENCRYPT,PLCC	 $116.40 
19001685000C	IC,INTFC,DENCRYPT,PLCC	 $195.81 
19001669000A	IC,INTFC,DRVR,DIFF,QUAD,SOIC	 $12.23 
19001526000B	IC,INTFC,DRVR,INV,SEPT,DARL	 $6.45 
19001759000A	IC,INTFC,DRVR,INV,SOIC	 $0.96 
19001522000A	IC,INTFC,DRVR,PWR,DARL	 $30.44 
19001588000A	IC,INTFC,DRVR,PWR,DARL	 $6.76 
19001503000A	IC,INTFC,DRVR,RS232	 $10.81 
19001396000A	IC,INTFC,DRVR,SE,OCT	 $2.32 
19001412000A	IC,INTFC,DRVR,SE,OCT	 $2.56 
19001301000A	IC,INTFC,DRVR,SE,OCT,NIV,3S	 $8.80 
19001615000B	IC,INTFC,DRVR,SE,OCT,SOIC	 $3.17 
19001615000D	IC,INTFC,DRVR,SE,OCT,SOIC	 $25.14 
19057016000A	IC,INTFC,DRVR,SE,OCT,SOIC	 $1.14 
19001837000C	IC,INTFC,DRVR,SE,OCT,TSSOP-20	 $0.98 
19001073000A	IC,INTFC,DRVR,SE,QUAD	 $2.47 
19001073000B	IC,INTFC,DRVR,SE,QUAD	 $4.66 
19001715000A	IC,INTFC,DRVR,SE,QUAD,SOIC	 $2.82 
19001715000B	IC,INTFC,DRVR,SE,QUAD,SOIC	 $0.77 
19001334000A	IC,INTFC,DRVR,SEPT,DARL	 $1.62 
19001995000A	IC,INTFC,DRVR/RCVR,RS485,SOIC	 $4.96 
19001648000A	IC,INTFC,DSPL DRVR,INCAND,W/DCDR,SOIC	 $2.43 
19001232000A	IC,INTFC,DSPL DRVR,LED	 $9.24 
19001328000A	IC,INTFC,DSPL DRVR,LED,W/DCDR	 $8.92 
19042310000A	IC,INTFC,MOT DRVR,H BRDG,HSOP24	 $27.86 
19001673000B	IC,INTFC,MUX,02 INP,QUAD,SOIC	 $3.08 
19001354000A	IC,INTFC,MUX,02 INP,TRI	 $2.75 
19001945000A	IC,INTFC,MUX,02 INP,TRI,SOIC	 $1.14 
19001261000A	IC,INTFC,MUX,08 INP,SGL	 $1.85 
19001946000C	IC,INTFC,MUX,08 INP,SGL,SOIC	 $1.21 
19055422000A	IC,INTFC,MUX,08 INP,SGL,SOIC	 $0.87 
19061275000A	IC,INTFC,MUX,08 INP,SGL,TSSOP-16	 $15.29 
19001664000A	IC,INTFC,MUX,08 INP,SOIC	 $0.42 
19001664000B	IC,INTFC,MUX,08 INP,SOIC	 $0.88 
19059129000A	IC,INTFC,MUX,08 INP,SOIC	 $2.32 
19036358000A	IC,INTFC,MUX,42 INP,DUAL	 $266.22 
19046738000B	IC,INTFC,MUX/DMUX,16 INP,SOIC	 $2.26 
19001384000A	IC,INTFC,OPT/ISO	 $5.62 
19001454000A	IC,INTFC,OPT/ISO	 $1.03 
19001547000A	IC,INTFC,OPT/ISO	 $20.06 
19033421000A	IC,INTFC,OPT/ISO	 $1.77 
39009303179A	IC,INTFC,OPT/ISO	 $3.21 
19001399000A	IC,INTFC,RCVR,DIFF,QUAD	 $17.84 
19001074000C	IC,INTFC,RCVR,SE,QUAD	 $10.47 
19001653000C	IC,INTFC,RCVR,SE,QUAD,SOIC	 $0.39 
19056334000A	IC,INTFC,ST,INV,DUAL,SOT-6	 $1.88 
19001191000A	IC,INTFC,ST,INV,HEX	 $1.67 
19001191000B	IC,INTFC,ST,INV,HEX	 $1.50 
19001642000E	IC,INTFC,ST,INV,HEX,SOIC	 $0.50 
19049733000A	IC,INTFC,ST,INV,HEX,SOIC	 $1.29 
19059128000A	IC,INTFC,ST,INV,HEX,SOIC	 $1.16 
19001419000A	IC,INTFC,ST,NAND,QUAD	 $0.46 
19001656000A	IC,INTFC,XCVR,DIFF,SOIC	 $4.64 
19001391000A	IC,INTFC,XCVR,SE,OCT	 $71.37 
19001411000C	IC,INTFC,XCVR,SE,OCT	 $3.25 
19001868000A	IC,INTFC,XCVR,SE,OCT,3S,SOIC	 $2.73 
19001616000A	IC,INTFC,XCVR,SE,OCT,SOIC	 $8.45 
19001616000B	IC,INTFC,XCVR,SE,OCT,SOIC	 $14.25 
19001616000C	IC,INTFC,XCVR,SE,OCT,SOIC	 $5.18 
19001713000A	IC,INTFC,XCVR,SE,QUAD,SOIC	 $43.54 
19001330000A	IC,LIN,AMPL,AUD,PWR/OUT	 $3.31 
19001353000A	IC,LIN,AMPL,AUD,PWR/OUT,DUAL	 $10.60 
19001989000A	IC,LIN,AMPL,AUD,W/DRVR & RGLTR,SOIC	 $9.24 
19057755000A	IC,LIN,AMPL,AUD,W/DRVR & RGLTR,SOIC	 $8.96 
19042110000A	IC,LIN,DC-DC INV,0.125A,SOIC	 $14.04 
19059132000A	IC,LIN,DC-DC INV,0.125A,SOIC	 $21.67 
89031359003A	IC,LIN,DRVR,8,SOIC,ADP3120A	 $3.29 
19001168000A	IC,LIN,OP AMP	 $4.41 
19001186000A	IC,LIN,OP AMP,DUAL	 $0.54 
19001296000A	IC,LIN,OP AMP,DUAL	 $1.76 
19056328000B	IC,LIN,OP AMP,DUAL,LPWR,SO-8	 $21.32 
19001905000A	IC,LIN,OP AMP,DUAL,LPWR,SOIC	 $4.37 
19038739000A	IC,LIN,OP AMP,DUAL,LPWR,SOIC	 $0.41 
19056342000A	IC,LIN,OP AMP,DUAL,MSOP-8	 $11.08 
19056358000A	IC,LIN,OP AMP,DUAL,MSOP-8	 $1.81 
19001960000A	IC,LIN,OP AMP,DUAL,SO-8	 $1.46 
19001875000A	IC,LIN,OP AMP,DUAL,SOIC	 $1.49 
19001231000A	IC,LIN,OP AMP,QUAD	 $1.38 
19001231000B	IC,LIN,OP AMP,QUAD	 $10.26 
19001262000A	IC,LIN,OP AMP,QUAD	 $2.75 
19001762000A	IC,LIN,OP AMP,QUAD,CUR MODE,SOIC	 $1.76 
19001904000A	IC,LIN,OP AMP,QUAD,LPWR,SOIC	 $4.90 
19046741000A	IC,LIN,OP AMP,QUAD,LPWR,TSSOP-14	 $3.92 
19001928000A	IC,LIN,OP AMP,QUAD,SOIC	 $3.52 
19059621000A	IC,LIN,OP AMP,SOT-23-5	 $17.43 
19001880000A	IC,LIN,SPLY SUPV CKT,SOIC	 $2.46 
19059616000A	IC,LIN,SPLY SUPV CKT,SOIC	 $3.83 
19001919000A	IC,LIN,SPLY SUPV CKT,SOT-143	 $11.79 
19042690000A	IC,LIN,SPLY SUPV CKT,SOT-23	 $1.52 
19049741000A	IC,LIN,STPDN SW RGLTR,05.0V,SOIC	 $38.21 
19001850000A	IC,LIN,STPDN SW RGLTR,VAR,SOIC	 $33.44 
19001851000A	IC,LIN,STPDN SW RGLTR,VAR,SSOP-20	 $39.15 
19001333000A	IC,LIN,TMR,RC,DUAL	 $1.76 
19001746000A	IC,LIN,TMR,RC,SOIC	 $1.08 
19001417000A	IC,LIN,VCOMPTR,DUAL	 $0.49 
19056786000A	IC,LIN,VCOMPTR,DUAL,SOIC	 $12.01 
19001634000A	IC,LIN,VCOMPTR,QUAD,SOIC	 $0.76 
19001906000A	IC,LIN,VCOMPTR,QUAD,SOIC	 $3.09 
19055385000A	IC,LIN,VCOMPTR,QUAD,TSSOP-14	 $0.86 
19001769000A	IC,LIN,VCONV,SOIC	 $6.08 
19056357000A	IC,LIN,VR,LDO,LOW NOISE,0.150A,MSOP-8	 $8.96 
19001864000A	IC,LIN,VR,NEG,05.0V,D2PAK	 $3.17 
19001299000A	IC,LIN,VR,POS,05.0V	 $2.87 
19001914000A	IC,LIN,VR,POS,05.0V,D2PAK	 $6.27 
19001536000B	IC,LIN,VR,POS,08.0V	 $4.90 
19001119000A	IC,LIN,VR,POS,12.0V	 $4.92 
19001355000A	IC,LIN,VR,POS,12.0V	 $1.57 
19040618000A	IC,LIN,VR,POS,12.0V,D2PAK	 $3.08 
19061282000A	IC,LIN,VR,POS,12.0V,D2PAK	 $1.90 
19001478000A	IC,LIN,VR,POS,18.0V	 $3.08 
19001876000A	IC,LIN,VR,POS,30.0V,SOT-89	 $1.76 
19042554000A	IC,LIN,VR,POS,ADJ,DPAK	 $4.28 
19049745000A	IC,LIN,VR,POS,ADJ,DPAK	 $3.08 
19042564000A	IC,LIN,VR,POS,VAR,D2PAK	 $21.02 
19058546000A	IC,MEM,FRAM,032K*08,SOIC	 $76.64 
19042552000A	IC,MEM,PROM,EE,001M*16,FLASH,TSOP-48	 $10.40 
19001443000A	IC,MEM,PROM,EE,002K*08	 $23.38 
19001523000A	IC,MEM,PROM,EE,008K*08	 $13.83 
19001997000A	IC,MEM,PROM,EE,128*16,SOIC	 $1.24 
19001813000A	IC,MEM,PROM,EE,128K*08,FLASH,PLCC	 $202.23 
19001813000B	IC,MEM,PROM,EE,128K*08,FLASH,PLCC	 $202.23 
19058000000A	IC,MEM,PROM,EE,128K*08,FLASH,PLCC	 $202.23 
19057255000A	IC,MEM,PROM,EE,FLASH-BLK	 $236.25 
19041350000A	IC,MEM,PROM,OTP,256K*08	 $202.23 
19042183000A	IC,MEM,PROM,OTP,SER CNFGR,VOIC	 $236.25 
19001392000C	IC,MEM,PROM,UV,008K*08	 $10.92 
19001408000A	IC,MEM,PROM,UV,032K*08	 $16.25 
19001408000B	IC,MEM,PROM,UV,032K*08	 $4.37 
19001408000D	IC,MEM,PROM,UV,032K*08	 $236.25 
19001481000A	IC,MEM,PROM,UV,064K*08	 $202.23 
19001481000C	IC,MEM,PROM,UV,064K*08	 $202.23 
19001481000D	IC,MEM,PROM,UV,064K*08	 $202.23 
19001528000C	IC,MEM,PROM,UV,128K*08	 $7.39 
19040613000B	IC,MEM,RAM MDL,004M*64,DYN,DIMM	 $263.06 
19042516000A	IC,MEM,RAM MDL,032M*64,DYN,DIMM,DDR	 $214.13 
19001805000A	IC,MEM,RAM,032K*08,LPWR,SOIC	 $12.93 
19001636000A	IC,MEM,RAM,064K*04,DYN,PLCC	 $32.55 
19001846000A	IC,MEM,RAM,064K*32,TQFP	 $71.37 
19001580000A	IC,MEM,RAM,256K*04,DYN	 $16.87 
19001845000A	IC,MEM,RAM,256K*16,DYN,SOJ	 $12.76 
19047057000A	IC,MEM,SDRAM,004M*16,TSOP-54	 $24.33 
19056329000A	IC,MEM,SDRAM,004M*16,TSOP-54	 $15.14 
19001631000A	IC,MEM,SR,PIPO,04 BIT,QUAD,SOIC	 $6.03 
19001316000A	IC,MEM,SR,SIPO,08 BIT	 $5.27 
19001452000A	IC,MEM,SR,SIPO,08 BIT	 $3.29 
19001709000A	IC,MEM,SR,SIPO,08 BIT,SOIC	 $3.48 
19001709000B	IC,MEM,SR,SIPO,08 BIT,SOIC	 $1.13 
19059130000A	IC,MEM,SR,SIPO,08 BIT,SOIC	 $16.22 
19001346000C	IC,MPU,08 BIT	 $17.57 
19001346000D	IC,MPU,08 BIT	 $11.49 
19001414000A	IC,MPU,08 BIT	 $33.87 
19001839000A	IC,MPU,08 BIT,024 MHZ,PLCC-44	 $8.80 
19018307000A	IC,MPU,08 BIT,DSB,EKA,KDM	 $7.73 
19043632000A	IC,MPU,08 BIT,FLASH	 $13.57 
19059822000A	IC,MPU,08 BIT,ISP/FLASH,RISC,TQFP-100	 $54.75 
19041125000A	IC,MPU,32 BIT,233 MHZ,MMX,W/FAN	 $376.82 
19041989000A	IC,MPU,32 BIT,433 MHZ,PPGA	 $126.80 
19042062000A	IC,MPU,32 BIT,500 MHZ,CPGA-321	 $150.73 
19004246000A	IC,MPU,32 BIT,TQFP-100	 $40.11 
89031130000A	IC,SMPS CONTROL M51995AFP	 $42.46 
89030269000A	IC,SMT,so14,7407,ttl,2-5v5,c	 $0.86 
89030806000A	IC,SMT,SO14,74LCX07,TTL,2-5V5	 $58.97 
89030286000A	IC,SMT,SO147416,TTL,5VC	 $1.16 
89030278000A	IC,SMT,SO28,32KX8,SPRAM,5V,70	 $9.55 
89030283000A	IC,SMT,SO8,DS1312S-2.5V,BATTER	 $48.18 
89030270000A	IC,SMT,sot223,lm1117mpx-adj,pw	 $2.77 
89030778000A	IC,SMT,SOT223,LM340,PWR,5V,C	 $12.74 
89030267000A	IC,SMT,SOT223,LM340,PWR,5V,C,5	 $4.10 
89030266000A	IC,SMT,SOT23,LMV431A,LIN,1.24-	 $1.78 
89030813000A	IC,SMT,SOT23-5 LP 29851,5X-2.5	 $4.37 
89030782000A	IC,SMT,SSOP20,GD75232,INTF	 $182.16 
89030273000A	ic,smt,ssop20,gd75232intf,+/12	 $1.87 
89030280000A	IC,SMT,TQFP48,AC97 CODEC,PERI	 $66.19 
89030808000A	IC,SMT,TSSOP14,74VHCT14A,TTL,	 $3.03 
19001747000A	IC,TMR,INTVL,PRGM,TRI,PLCC	 $8.79 
89031359012A	IC,VLSI,AUDIO,STAC9220,LQFP,48	 $30.58 
89031204000A	IC,VOLT COMPARATR,NJM2903V-TE1	 $2.75 
89030218000A	ic;78 moscdt, htp, p3, 500/700	 $1.78 
89030672000A	IC;FE MAGIJACK 3 10 LAN CONN	 $3.06 
89029835000A	IC10      DIGISCAN       #8200	 $24.67 
89029840000A	IC100    DIGISCAN     #8200905	 $20.06 
89029841000A	IC101     DIGISCAN     #820094	 $20.61 
89029837000A	IC12      DIGISCAN       #8200	 $33.62 
89030083000A	IC3  MN655431SH	 $20.56 
89030087000A	IC701	 $198.28 
89026802000A	IC74562N	 $6.34 
89029846000A	IC901     BURLE TC3930	 $76.73 
89029732000A	IC901     TLC1800R	 $150.73 
89029842000A	IC99     DIGISCAN     #8200910	 $7.79 
TP799646001C	ICAM 727 & TURBO TRANSACTION -	 $18.90 
TP799968001B	ICAM ACCESS 1000 SERIES GUIDE	 $12.60 
TP799844001B	ICAM ACCESS CONTROL GUIDE REL#	 $32.13 
TP799744001B	ICAM ALARM MANAGEMENT GUIDE RE	 $34.20 
TP799748000A	ICAM BANK CARD GUIDE	 $33.30 
TP799752001B	ICAM COPIER OPERATIONS GUIDE R	 $15.30 
TP799855001B	ICAM DATABASES GUIDE RELEASE 3	 $40.50 
TP799753001B	ICAM DEBIT AND CREDIT PLANS GU	 $40.50 
TP799645001C	ICAM ELECTRONIC CASH REGISTER	 $22.50 
TP799987001A	ICAM EVENTS GUIDE RELEASE 3.3	 $7.20 
TP799751001B	ICAM LAUNDRY OPERATIONS GUIDE	 $14.40 
TP799749000A	ICAM MASTER INDEX & GLOSSARY	 $13.50 
TP799860000A	ICAM OFF-LINE VENDING READER I	 $11.70 
TP799592001B	ICAM PLANNING GUIDE REL. 3.2	 $40.50 
TP799828000A	ICAM TIME & ATTENDANCE GUIDE R	 $67.50 
TP799750001B	ICAM VENDING OPERATIOS GUIDE-R	 $11.70 
49234840000B	ICB KIT,MTZ CD RDR,AREA 4,SAPPHIRE BLU	 $32.44 
49234840000A	ICB KIT,MTZ CD RDR,AREA 4,SIL MTLC	 $32.81 
49253798000A	ICB REMOVAL SWITCH KIT,SERVICE ONLY	 $47.25 
SV151554000C	ICB UPGRADE KIT,MTZ CD RDR,A4,SAP BLUE	 $538.65 
49239926000C	ICB2 KIT,DIP CD RDR,AREA4,SIL MTLC	 $35.63 
49239809000A	ICB2 KIT,MTZ CD RDR,AREA 1,SIL MTLC	 $29.89 
49239808000A	ICB2 KIT,MTZ CD RDR,AREA 4,SIL MTLC	 $24.99 
89031398000A	ICD, EPROM, FLASH, 2MEG	 $24.67 
TMMDSS28TABS	ICD/ECD TAB FOR TM-MDSS28	 $0.45 
89031137000D	ICE ATM PROCEDURES 6.2	 $48.87 
11050467000A	ICOMSL	 $690.91 
FB009380000A	Icons Only	 $219.11 
89030583000A	ICS 9196 FREQUEnCY GEN & BUFFE	 $35.51 
89030810000A	ICSMT,SOT23-5 LP29851M5X.15	 $5.18 
19049996000A	IDE PC HARD DRIVE,540MB	 $108.25 
11042136000A	IDE-CDRW DRIVE INT DVMS DPLX	 $323.79 
11042136WACH	IDE-CDRW DRIVE INT DVMS DPLX	 $323.79 
19036169000A	IDENT CD,MAG STRIPE,W/PHOTO	 $121.91 
BUFC0371000A	IDENTIFICATION SCANNER ASSEMBLY UPDATE,858	 $6.53 
BUFC0372000A	IDENTIFICATION SCANNER ASSEMBLY UPDATE,878	 $6.53 
38020289000A	IDENTIFYCATION LENS*03107	 $8.44 
38020289000C	IDENTIFYCATION LENS*03109	 $8.44 
TSN88818000A	IDLE ASSEMBLY,FEED	 $0.00 
TS4364265951	IDLE GEAR GEAR,WIND-ID	 $4.91 
TS4368866850	IDLE GEAR W/BEARING STRAPPER	 $49.16 
TS4368841271	IDLE GEAR-STRAP DR UNIT	 $46.43 
TS4368841281	IDLE GEAR-STRAP DR UNIT	 $46.43 
TS4368843031	IDLE GEAR-STRAP DRIVE UNIT	 $16.39 
TS4368841531	IDLE GEAR-WINDER UNIT	 $46.43 
TS4368841561	IDLE GEAR-WINDER UNIT	 $21.85 
89029636000A	IDLER    -   BURLE	 $10.44 
38010624000A	IDLER - WHEEL	 $312.16 
MSK88472000A	IDLER BAR ASSEMBLY	 $15.23 
NZ0000001478	IDLER GEAR 36T - 56XX	 $3.12 
NZ0000001479	IDLER GEAR 36T - 56XX	 $2.57 
89031279036A	IDLER SHAFT	 $10.55 
28010506000A	IDLER WHEEL ASSY *4279	 $470.05 
49255653000A	IDLER, RETRACTOR	 $18.90 
4924441700AQ	IDLER, ROLLER, TRANSPORT	 $2.21 
49016699000A	IDLER,ASM	 $147.20 
49245299000E	IDLER,BELT	 $7.18 
49208289000A	IDLER,BIN DRIVE	 $11.09 
49220725000B	IDLER,SHUTTLE	 $93.57 
49247282000A	IDLER,TRACKING	 $10.77 
49220702000A	IDLER,W/ BEARING,W/O FLANGE	 $66.11 
89031368000A	IDM ACCESS POINTS Q.R.G.	 $6.84 
TP820616001A	IDM II PHASE 2 OP GUIDE	 $6.30 
TP820330001A	IDM OP GUIDE	 $6.30 
BUFI0006000D	IDM UPGR,1062/72/73I	 $5.38 
89030733000A	IDM WORKBOOK	 $89.19 
89030702000A	IDM WORKBOOK DEC DICK WOODS	 $97.74 
49256300000B	IDMBD, SHUTTER BRKT	 $12.76 
TS4366265190	ID-RLR-BB Asm	 $207.56 
11051774000A	IFS D1010/1110/1111 FBR MODEM	 $468.63 
TP821387001A	IFX HOST SIMULATOR USER GUIDE	 $5.40 
AA000411R001	IGN SMOKE DET SYS (116-12)	 $97.20 
11065791000A	IH KIT,5/6 ML VIAL/AMP,15 CAP,	 $28.80 
11050468000A	IH151N W/PK151A & SS106	 $480.28 
11050469000A	IIM-2000	 $1,294.88 
19085547000A	ILCO 250PK Schlage C Brass - 6 pin	 $1.12 
19085545000A	ILCO Chicago 4 Pin Key Blank	 $3.62 
19085553000A	ILCO Yale Y1 Brass 250PK	 $0.78 
11038472000A	ilco#1526 gd. keyblank/mosler	 $2.68 
11050472000A	ILI-1B INTELL ION DU	 $138.22 
TP820282001A	ILINK OPERATING GUIDE	 $9.90 
TP820281001A	ILINK PLANNING GUIDE	 $12.60 
11050474000A	ILPT-1 PHOTO DETECTO	 $176.49 
11065447000A	IM-24V40VA 24 VOLT POWER SUPPL	 $24.13 
TS4368860200	IMAGE SENSOR GREEN -IR LED	 $6,663.76 
TS4368847271	Image Sensor Wiring Refl. 1	 $35.51 
TS4368847321	Image Sensor Wiring Reflect 2	 $40.97 
11062317000A	IMAGED 250 GB HARD DRIVE	 $1,140.05 
TP821575001B	ImageWay Archive, Version 1.1.1, Customer Web Portal, User's Guide	 $14.40 
TP821574001B	ImageWay Archive, Version 1.1.1, Financial Institution (FI) Web Portal, User's Guide	 $35.10 
TP821520001C	ImageWay Archive, Version 1.1.1, Internet Banking System (IBS) Application, User's Guide	 $5.40 
FB006145000K	ImageWay ATM (RSS) 2.6.0 Media	 $21.99 
FB006145000H	IMAGEWAY ATM (RSS) V2.4.0 MEDIA PKG	 $21.99 
FB006145000J	IMAGEWAY ATM (RSS) V2.5.0 MEDIA PKG	 $21.99 
FB006743000A	IMAGEWAY ATM MANAGER 1.0 MEDIA PKG	 $21.99 
FB006741000B	ImageWay ATM Manager 2.0 License Package	 $4.89 
TM000244001F	ImageWay ATM Programmer's Reference Manual	 $146.70 
TP821607001B	ImageWay ATM Recognition Subsystem, Installation and Configuration Guide	 $18.00 
TP821612001A	ImageWay ATM Recognition Subsystem, Programmer's Reference Manual	 $54.90 
FB006641000B	IMAGEWAY ATM STORE AND FORWARD LIC	 $0.00 
FB006643000A	Imageway ATM Store and Forward v2.60 Media Pkg	 $21.99 
TM000245001E	ImageWay ATM Store and Forward, File Formatter User's Guide	 $117.00 
TP821616001A	ImageWay ATM Store and Forward, User's Guide	 $11.70 
TP821335001E	ImageWay ATM Users Guide	 $15.30 
TP820949001A	IMAGEWAY CHK IMAGING PROD DESC	 $5.40 
NZ0000003022	IMCRW TRK2, SMART RS-232	 $4,354.11 
11034454000A	IMPEDENCE ARM #6866113 VSS	 $34.53 
BC3001020000	IMPELLER SHIM	 $11.03 
PLSD53M22FEO	IN CEILING ENVIRONMENTAL	 $3,948.45 
PLEH40182000	IN\OUT ENCL,16"L,W\HTR\BLWR,24	 $234.90 
89030175000A	in5819 diode	 $42.46 
11065519000A	IN-CEILING DOME FOR CS VERSION	 $249.80 
PLSD53C22FEO	in-ceiling environment dome	 $4,157.34 
89031402000B	INCH BOARD JOB AID BOOKLET	 $61.09 
11043641000A	IN-COUNTER AUTO RETURN BUTTON	 $1,848.83 
11063641000a	IN-COUNTER AUTO RETURN BUTTON	 $439.77 
19039129000A	INCREMENT SOLENOID, SND DEPOSI	 $43.85 
11050480000A	IND SUR MNT TER MON CLS LOP WH	 $15.87 
11050475000A	IND WELL	 $2.75 
19021514000A	IND,FXD,UH 004.700,10.0%,O 001.000,SMD,CHOKE	 $0.45 
29014081000A	IND,FXD,UH 053.000,20.0%,O 000.130,SMD	 $2.58 
29014081000B	IND,FXD,UH 077.000,20.0%,O 000.200,SMD	 $2.79 
19038189000A	IND,FXD,UH 100.000,10.0%,O 000.380,SMD	 $4.49 
29015980000D	IND,FXD,UH 100.000,20.0%,O 000.190,SMT	 $10.55 
29015980000B	IND,FXD,UH 150.000,20.0%,O 000.250,SMT	 $10.55 
19033478000A	IND,FXD,UH 470.000,10.0%,O 056.000,AX	 $6.27 
19021495000A	IND,FXD,UH 800.000,06.3%,O 000.500,PC BASE,TOROID	 $7.48 
49018208000A	IND,RMT STAT	 $224.59 
11050476000A	INDALA PROX CARD	 $4.53 
TP820972001A	INDD PLAN & SITE PREP GUIDE	 $11.70 
30017120000	INDEX POINTERS	 $11.85 
TMMDSS37TABS	INDEX TAB - FIRMWARE	 $0.45 
TM6HISUPTABS	INDEX TAB FOR MANUAL TM-6HISUP	 $0.45 
TMCCDT05TABS	INDEX TAB FOR MANUAL TM-CCDT05	 $0.45 
TMCTPPROTABS	INDEX TAB FOR MANUAL TM-CTPPRO	 $0.45 
TP799559TABS	INDEX TAB FOR MANUAL TP-799559	 $0.45 
TP799645TABS	INDEX TAB FOR MANUAL TP-799645	 $0.76 
TP799744TABS	INDEX TAB FOR MANUAL TP-799744	 $0.45 
TP799750TABS	INDEX TAB FOR MANUAL TP-799750	 $0.45 
TP799751TABS	INDEX TAB FOR MANUAL TP-799751	 $0.45 
TP799752TABS	INDEX TAB FOR MANUAL TP-799752	 $0.45 
TP799781TABS	INDEX TAB FOR MANUAL TP-799781	 $0.77 
TP799803TABS	INDEX TAB FOR MANUAL TP-799803	 $0.76 
TP799847TABS	INDEX TAB FOR MANUAL TP-799847	 $0.45 
TMEXPD10TABS	INDEX TAB FOR TM-EXPD10	 $0.45 
TMICDSUPTABS	INDEX TAB FOR TM-ICDSUP	 $0.45 
TMMDSS32TABS	INDEX TAB FOR TMMDS32 MANUAL	 $0.45 
AA000724TABS	INDEX TABS FOR MANUAL AA-00072	 $4.31 
TM1055CRTABS	INDEX TABS FOR MANUAL TM-1055C	 $0.45 
TM1060ATTABS	INDEX TABS FOR MANUAL TM-1060A	 $0.45 
TMCDRW39TABS	INDEX TABS FOR MANUAL TM-CDRW3	 $0.68 
TMDIPCRDTABS	INDEX TABS FOR MANUAL TM-DIPCR	 $0.45 
TMEFTM20TABS	INDEX TABS FOR MANUAL TM-EFTM2	 $0.45 
TMEFTM22TABS	INDEX TABS FOR MANUAL TM-EFTM2	 $0.45 
TMEFTM23TABS	INDEX TABS FOR MANUAL TM-EFTM2	 $0.45 
TMMDSS16TABS	INDEX TABS FOR MANUAL TM-MDSS1	 $2.78 
TP799561TABS	INDEX TABS FOR MANUAL TP-79956	 $0.45 
TP799646TABS	INDEX TABS FOR MANUAL TP-79964	 $0.76 
TP799642TABS	INDEX TABS FOR MANUAL TP799642	 $5.47 
TP799662TABS	INDEX TABS FOR MANUAL TP799662	 $0.45 
TP799748TABS	INDEX TABS FOR MANUAL TP-79974	 $0.45 
TP799749TABS	INDEX TABS FOR MANUAL TP-79974	 $0.45 
TP799753TABS	INDEX TABS FOR MANUAL TP-79975	 $0.45 
TP799782TABS	INDEX TABS FOR MANUAL TP-79978	 $0.45 
TP799828TABS	INDEX TABS FOR MANUAL TP-79982	 $0.76 
TP799844TABS	INDEX TABS FOR MANUAL TP-79984	 $0.45 
TMALUCASTABS	INDEX TABS FOR TM-ALUCAS MANUA	 $0.45 
TMDIVCASTABS	INDEX TABS FOR TM-DIVCAS MANUA	 $0.45 
TMMSTS30TABS	INDEX TABS FOR TM-MSTS30 MANUA	 $2.42 
TMPOWR00TABS	INDEX TABS FOR TM-POWR00 KIT	 $2.31 
TMPRTLSTTABS	INDEX TABS FOR TM-PRTLST	 $1.08 
TP799578TABS	INDEX TABS FOR TP799578	 $1.85 
TP799693TABS	INDEX TABS FOR TP-799693	 $2.42 
11017299000A	INDICATOR	 $36.73 
MSN83200000A	indicator	 $0.15 
MSN83201000A	indicator	 $0.27 
MSN83202000A	indicator	 $0.61 
MSN83204000A	indicator	 $0.61 
MSN83205000A	indicator	 $0.61 
MSN83206000A	indicator	 $0.61 
MSN83207000A	indicator	 $0.27 
MSN83208000A	indicator	 $0.27 
MSN83209000A	indicator	 $0.61 
MSN83210000A	indicator	 $0.88 
29000016000A	INDICATOR ASM	 $45.32 
19012070000A	INDICATOR LENS	 $28.49 
21019952000A	INDICATOR LIGHT LED	 $8.70 
19000060000A	INDICATOR SWITCH	 $86.13 
29001967000A	INDICATOR SWITCH	 $22.82 
11038617000A	indicator(pointer asm.)	 $11.85 
MSN67134000A	INDICATOR, 12 VDC	 $0.00 
MSN80937000A	INDICATOR, NO. 6 CIRCULAR - FL	 $0.00 
TSN88197000A	INDICATOR,PANEL	 $32.77 
NZ0000002663	INDICATOR-STATUS REMOTE	 $0.02 
11065498000A	INDIGO VISION CCTV KEYBOARD	 $1,174.86 
ESNA02252003	INDOOR ALARM SIREN MP-MPI-36	 $40.37 
11041114000A	INDOOR DECORATOR WALL MOUNT	 $155.22 
11041115000A	INDOOR DECORATOR WALL MOUNT	 $181.54 
19065209000A	Indoor Dome smoked dome  "USPS only"	 $613.87 
11050477000A	INDOOR KEYPAD	 $164.51 
19065381000A	Indoor Pendant Dome Enclosure - Opaque dome -   USPS only	 $613.87 
11050479000A	INDOOR/OUTDOOR HOUSING W/HEATE	 $137.03 
11050478000A	INDR PWR SUP 8 ISO FUS 24VAC O	 $348.44 
89030650000A	INDUCTOR - SUMIDA 22UH	 $6.24 
89026316000A	INDUCTOR (270MH)	 $3.31 
89026315000A	INDUCTOR (56MH)	 $3.31 
89030651000A	INDUCTOR 10UH - SUMIDA	 $6.24 
89030589000A	INDUCTOR 47UH BOURNS CM453232	 $0.57 
NZ0000001125	INFARED LED	 $3.38 
21018366000A	Infa-red Sensor-Alum Fin	 $883.39 
11065578000A	INFEED ROLLER SHAFT D501/551	 $77.86 
BUIB1190000F	INFO BUL, XFS UPG PROM KIT	 $0.78 
BUIB1190000G	INFO BULL, XFS UPGR PROM KIT	 $1.69 
11051776000A	INFOGRAPHICS REMOTE INPUT MODU	 $986.58 
BUIB2114000B	INFORMATION BULLETIN NEW ACTIVCASH DUAL SENSOR GATE	 $1.64 
29000995000A	INFRARED SENSORS	 $327.13 
11028299000A	INFRARED TRANSMITTER, ap-irt	 $75.69 
ULCLVS209000	INFRARED,MINTR L.E.D 12V DC,W/PWR SPLY,35'	 $1,984.67 
ULCLVS203000	INFRARED,MINTR L.E.D,12V DC,W/PWR SPLY,150'	 $1,984.67 
ULCLVS206000	INFRARED,MINTR L.E.D,12V DC,W/PWR SPLY,75'	 $1,984.67 
19040159000A	INJ HELIX KIT,1, 2, OR 3 ML VIAL,1 OR 2 ML AMP	 $38.10 
19040159000D	INJ HELIX KIT,5 ML AMP WITH 2 OR 3 ML VIAL	 $56.96 
19040069000C	INJ HELIX KIT,5mL AMP WITH 1mL VIAL,UDM	 $73.44 
49214569000C	INK ABSORBER	 $2.10 
MSZ17705410A	INK CARTRIDGE 009-0005775	 $61.88 
NZ0000002824	INK RIBBON	 $145.25 
19039151000A	INK ROD VSND - 5070	 $39.47 
49250351000C	INNER BEZEL,DIP	 $8.82 
49234828XNGC	INNER BEZEL,MTZ CD RDR	 $8.48 
21012468000A	INNER DOOR ASM 123-92-94-96-98	 $39.82 
21010416000B	INNER DOOR ASM 7-1/2 DIA 127-5	 $40.11 
MSZ17352280A	INNER DOOR SEAL, NC100 CU	 $8.25 
NZ0000004314	Inner Door Skin Wide (6638)	 $417.38 
11065836000A	INNER DOOR, 00 050621	 $18.81 
NZ0000004236	Inner Garage Unit	 $1,121.90 
BTC740900000	INNER LINER FOR AUTODOME DOME	 $107.73 
39009655044A	INNER PAPER GUIDE	 $24.30 
11041621000A	INNER RACE FOR 400 DEAL DRAWER	 $393.26 
11050481000A	INNR/OUTR DOORS FOR 2 WB WL BX	 $171.61 
11050482000A	INNR/OUTR DOORS FR 2 WB7 WL BX	 $312.42 
11037965000A	IN-OUT SWITCH/NEW STYLE	 $103.49 
11048439000A	INOVONICS ADAPTER CABLE 05572C	 $6.08 
TP820543001A	INOVONICS FA100/FA100A MANUAL	 $0.90 
TP820544001A	INOVONICS FA113 4 BUTTON MANUA	 $0.90 
TP820545001A	INOVONICS FA116 EXECUTIVE PROG	 $6.30 
TP820547001A	INOVONICS FA200 UNI TRANS MANU	 $0.90 
TP820548001A	INOVONICS FA200W UNI WDGP TRAN	 $0.90 
TP820549001A	INOVONICS FA202 900HMZ AGILE	 $0.90 
TP820550001A	INOVONICS FA203 USER MANUAL	 $0.90 
TP820551001A	INOVONICS FA204 USER MANUAL	 $0.90 
TP820552001A	INOVONICS FA205 USER MANUAL	 $0.90 
TP820553001A	INOVONICS FA206DS USER MANUAL	 $2.70 
TP820554001A	INOVONICS FA206I 3.0V SRP200/3	 $2.70 
TP820555001A	INOVONICS FA206S 3.0V SHARPSHO	 $2.70 
TP820556001A	INOVONICS FA207 SHATTERPRO MAN	 $0.90 
TP820557001A	INOVONICS FA209 BILLTRAP MANUA	 $0.90 
TP820559001A	INOVONICS FA21 2BUTTON/2 FUNCT	 $0.90 
TP820558001A	INOVONICS FA210/FA210W REDUCED	 $0.90 
TP820560001A	INOVONICS FA214 4-BUTTON KEYCH	 $0.90 
TP820561001A	INOVONICS FA216H/FA216L TEMP T	 $0.90 
TP820563001A	INOVONICS FA223S INSTL INSTRTI	 $0.90 
TP820562001A	INOVONICS FA250 HIGHPWR UNI MN	 $0.90 
TP820565001A	INOVONICS FA401/FA401R 900MHZ	 $2.70 
TP820566001A	INOVONICS FA404/FA404R USER MN	 $3.60 
TP820568001A	INOVONICS FA422 RECEVER EXP MN	 $3.60 
TP820569001A	INOVONICS FA464DR 64-TRAN/16OU	 $5.40 
TP820572001A	INOVONICS FA715 survey kit man	 $2.70 
11051777000A	INOVONICS REDUCED SIZE DR/WIN	 $135.52 
11050486000A	INPT CONTR 16 ZON INPT MON MOD	 $1,164.72 
11036457000A	INPUT TERMINAL BOARD	 $138.33 
11037454000A	INPUT TERMR	 $10.96 
11036454000A	INPUT/OUTPUT BOARD	 $1,622.38 
PLCM85040000	INPUT/OUTPUT CARD,CM8500,32 X 1	 $493.29 
11051681000A	INPUT/OUTPUT MODULE	 $174.87 
DN1802401774	Input/Output Module: BERG ONLY, AUDIO, NO TAILGATE	 $97.74 
ULCLSS206800	INREARED,MINTR L.E.D,12V DC,W/8MM	 $2,166.36 
GR802121101A	INS,DWG,MID,GE DDC4400SAM	 $11.70 
89029052000A	INSCRIPTION PLATE GUARD	 $3.07 
17002005000A	INSERT	 $6.21 
27000796R00A	INSERT	 $2.62 
37000969000A	INSERT	 $16.50 
MSZ8421926AB	INSERT 1	 $0.49 
MSZ8421926AC	INSERT 2	 $0.49 
MSZ8421926AD	INSERT 3	 $0.37 
MSZ8421926AE	INSERT 4	 $0.37 
MSZ8421926AF	INSERT 5	 $0.49 
MSZ8421926AG	INSERT 6	 $0.49 
MSZ8421926AH	INSERT 7	 $0.49 
MSZ8421926AJ	INSERT 8	 $0.49 
MSZ8421926AK	INSERT 9	 $0.41 
MSN85564000A	INSERT ASSB.,2 COMP.6 X 4 CARD	 $133.43 
11065101000A	INSERT CARD READER, NARROW, SL	 $653.15 
38020888000A	INSERT CONTAINER ASSY	 $786.18 
MSZ8427914AC	insert gray	 $0.24 
49022068X04A	INSERT MMD,FL	 $323.38 
MSZ8421926AA	INSERT O	 $0.37 
28010569000A	INSERT RETAINER CLIP	 $68.97 
MSN85522000A	INSERT, 2 COMPARTMENT FOR PC T	 $3.47 
MSN85839000A	INSERT, 3 X 13 3/4 TRAY FILLER	 $6.55 
MSN85824000A	INSERT, COIN TILL-3 COMPARTMEN	 $3.47 
MSN85551000A	INSERT, CURRENCY 5 COMPARTMENT	 $7.20 
49011167000C	INSERT, FUNNEL,BLANK, RCPT PRNTR,1073IX	 $35.51 
MSN69927000A	INSERT, KL MOSLER FR-FOR D35 C	 $1.30 
49013635000A	INSERT, PPM, TOP CHASSIS	 $130.78 
49011735X02A	INSERT, PRSNTR, FL, UL	 $72.43 
MSN80162000A	INSERT, SPINDLE NUT	 $0.00 
MSN80819000A	INSERT,1 3/8DIA.KNOB-BLACK PLA	 $2.63 
49022070X04A	INSERT,BLANK,ENVL SPLY	 $130.78 
49022070X06A	INSERT,BLANK,ENVL SPLY	 $130.78 
29013878000A	INSERT,BLNK,PC,03.50IN,MOD	 $11.39 
29013878000B	INSERT,BLNK,PC,5.25IN,MODIFIED	 $18.32 
49216741000A	INSERT,BNA,I/O,PC	 $14.19 
49201334XXXB	INSERT,CANOPY,FASCIA,CD	 $38.92 
49203897XXXB	INSERT,CANOPY,FASCIA,CD,LOBBY	 $44.73 
49005273000B	INSERT,CD RDR	 $8.84 
49018304000A	INSERT,CD RDR,DIP,SIGNATURE BLUE	 $60.13 
49022077X00A	INSERT,DEP/IDM,BLANK	 $99.29 
49012255XXXA	INSERT,FUNNEL,STMT/80 COL	 $223.02 
49010353XXXB	INSERT,GATE,STMT PRNTR	 $195.75 
05000484000A	INSERT,HELICOIL	 $4.31 
49016476X04A	INSERT,IDMII,UL,1062/72IX	 $239.00 
21016340000A	INSERT,KNOB	 $3.65 
49012887X00A	INSERT,KYBD,1070IX	 $40.86 
49022069X02A	INSERT,MAN DEPOSIT ENVL SPLY	 $90.72 
49011641000A	INSERT,PASSBOOK,VEST SIDEKICK	 $172.14 
49009445000A	INSERT,PRSNTR,FL	 $173.64 
11035083000B	INSERT,THD 8-32	 $0.96 
19015806000A	INSERT,THD,37-24	 $159.44 
49012887X04A	insert/kybd black	 $40.86 
49012887X02A	insert/kybd silh gray	 $40.86 
17002000000A	INSERT-DIAL SIDE	 $1.60 
11066401000A	Inside Base Audio Assb.	 $778.65 
11042124000A	INSIDE GOOSENECK MICROPHONE	 $1,456.82 
11066429000A	Inside Vertical Harness	 $2,098.78 
18001461000A	INSPECTION WINDOW	 $10.87 
41022239100M	INSR FOR DIAD,LEGAL,2 SEC-4X5-3/4 CDS,UPR	 $377.06 
11032452000A	INSRUCTIONS   180 SERIES MR LO	 $0.41 
TP820984001A	INST & REM OF DIEBOLD LOCK	 $3.60 
11032807000A	INST PLATE-LH APPLICATION	 $11.41 
11032806000A	INST PLATE-RH APPLI.	 $7.98 
TP820632001C	INST,GUIDE,00-012039,40 COMM DRW	 $11.70 
DMLT03930000	INSTALL GUIDE,740/741/743	 $0.95 
DMLT01970000	INSTALL GUIDE,XR200	 $3.57 
DMLT02990000	INSTALL GUIDE,XR5	 $2.61 
DMLT02290000	INSTALL GUIDE,XR6/XR10/XR20	 $1.78 
00104085000T	INSTALL KIT,DIP  W/ASD,AREA 4,500,510,522RL	 $205.54 
11050487000A	INSTALL MAN FOR WHEELOCK SPEAK	 $675.75 
TP820326001C	INSTALL, INSTR. 1075IX CD	 $45.00 
TP820129001B	INSTALL.INST.1064IX CD	 $18.90 
USPSPRCLINST	INSTALL/REMOVE PARCEL LOCKER	 $0.05 
TP821460001A	INSTALLATION AND CONFIGURATION GUIDE,AGILIS SNMP REMOTE PROTOCOL WRAPPER,VER 1.0.0	 $7.20 
TP820323001A	Installation Guide for 1053 Express Delivery Terminal (with ix safe)	 $27.00 
TP820097001A	INSTALLATION INSTRUCTION MANUAL RTS	 $6.30 
TM000314001B	INSTALLATION INSTRUCTIONS,OPTEVA 328C FRONT-LOAD BULK CASH RECYCLING TERMINAL	 $109.80 
29014500000A	INSTALLATION KIT,CS700	 $266.50 
18020486000A	INSTALLATION KIT-FRAME ASM	 $189.73 
27000019000A	INSTALLATION LABEL	 $21.32 
41027202000A	INSTALLATION TEMPLATE	 $122.18 
19047168000A	INSTALLATION TOOL,TC9311PM3,LTC 9213 & 9225 POLE MT ADPTRS	 $438.48 
11050488000A	INSTITUTONAL PUL STAT KEY OPER	 $139.68 
TP820605001G	INSTL & CNFGR MNL	 $77.40 
TP820059001B	INSTL & OPR INSTRN,VSS-2000D	 $14.18 
TMMEDUDM000A	INSTL AND SRVC GUIDE,UDM (00-101640-000A)	 $5.09 
BUFI0241000A	INSTL DOC	 $0.58 
BUFI1029000A	INSTL EPP5 BRKT FOR ILTG 9900	 $1.51 
TMEPXELM000A	INSTL GUIDE, ELM ADH MT	 $0.56 
TMMSDT15000A	INSTL GUIDE,DISPL TERM 1.5	 $3.91 
TP820532001C	INSTL GUIDE,ELEC COUNTERETTE	 $14.40 
AA000333000B	INSTL GUIDE,PHOTONET BOLDIMAGE SFTW,RLSE 1.21	 $17.10 
TP821472001A	INSTL GUIDE,SAFE MODELS 271-85,-97;275-85,97 & 478-85,97	 $5.40 
TMTMT88P000B	INSTL GUIDE,THRM PRNTR,RCPT	 $0.77 
TMINJHLX000A	INSTL GUIDE,UDM INJECTABLES IN HELIX	 $0.32 
TMINJHCH000B	INSTL GUIDE,UDM INJECTABLES IN HI CAP HELIX	 $0.41 
TP799938000A	INSTL GUIDE,VSMS DRIVE ENCORE VID	 $9.45 
19063439000A	INSTL HDW KIT,XL 16 PT EXP	 $106.05 
TP821532001B	INSTL INST	 $17.10 
BUFI0299000B	Instl Instr, Lighting Upgr, CSP 100	 $0.78 
BUFI0783000A	INSTL INSTR,LATCH UPGRD,SEC CURT	 $0.78 
BUFI0274000B	Instl instr,lighting upgr,csp200/400	 $0.53 
BUFI0784000A	INSTL INSTR,MAN LATCH REL,SEC CURT	 $1.07 
BUFI0726000D	INSTL INSTR,SCRTY CURTAIN,AHD	 $4.40 
AA000134000A	INSTL INSTRN	 $72.90 
AA000140000A	INSTL INSTRN	 $2.70 
TP820350001A	INSTL INSTRN, RLD COIN, RL	 $11.70 
TP820093001A	INSTL INSTRN,1070IX	 $20.70 
TP799440002A	INSTL INSTRN,1074 island	 $11.70 
TP820310001A	INSTL INSTRN,1077IX	 $35.10 
AA000741000C	INSTL INSTRN,DIEBOLD WIRELESS AUD	 $3.60 
TP799668000B	INSTL INSTRN,DOOR CLP	 $0.90 
TP799851001A	INSTL INSTRN,DU TERM,1073IX(4787IX)	 $19.80 
TP799525000A	INSTL INSTRN,EXP DLVY	 $14.18 
TP799999001A	INSTL INSTRN,EXT TERM W/IX SAFE,1072IX(4785IX)	 $22.50 
TP799635I01B	INSTL INSTRN,EXT TERM,4785IX (1072IX)	 $24.30 
TP799763001A	INSTL INSTRN,FL TERM,1063IX(4781IX)	 $11.70 
TP799702000A	INSTL INSTRN,HYPERSCAN PLUS SYS	 $8.10 
TP799585I01A	INSTL INSTRN,IMT TTW,1055I	 $1.07 
TP799835001A	INSTL INSTRN,INT TERM W/VEST OPTN,1062IX (4782IX)	 $18.90 
TP820001001A	INSTL INSTRN,INTR TERM W/IX SAFE,1062IX(4782IX)	 $17.10 
TP799922001A	INSTL INSTRN,INTR TERM W/VEST OPTN,1058IX(4798)	 $12.60 
TP820002001A	INSTL INSTRN,INTR TERM W/VEST OPTN/IX SAFE,1062IX	 $21.60 
TP799634000B	INSTL INSTRN,INTR TERM,1062IX (4782IX)	 $18.00 
TP799634I01B	INSTL INSTRN,INTR TERM,4782IX (1062IX)	 $18.00 
TP820622001A	INSTL INSTRN,LK SET LVR	 $5.40 
BUFI0158000A	INSTL INSTRN,PED MTG BRKT,IQ TERM,2014	 $0.30 
BUFI0710000B	INSTL INSTRN,SEC AHD HDL KIT	 $0.78 
TP799659001C	INSTL INSTRN,TELLER ASST,EXP DLVY,1053(4793)	 $15.30 
BUFI0011000A	INSTL INSTRN,VGA,1072	 $1.12 
BUFI0013000A	INSTL INSTRN,VGA,FL,1062	 $1.12 
BUFI0022000A	INSTL INSTRN,VGA,RL,1062	 $1.34 
TP820118001A	INSTL INSTRN,WU CASH DISPR,1071IX	 $19.80 
19011721000A	INSTL KIT	 $150.94 
41016833000A	INSTL KIT, PEN/PAPER HLDR	 $252.57 
00102652000A	INSTL KIT,LIGHTING,CSP 200/400	 $147.75 
00102652000C	INSTL KIT,LIGHTING,CSP 400,230V,50/60HZ	 $194.35 
41016827000A	INSTL KIT,PEN/PAPER HLDR,VAT 30	 $143.05 
00101840000B	INSTL KIT,PRNTR,IMPACT,1073IX	 $63.87 
41016845000A	INSTL KIT,RTNG BAG, VAT 30/ 8 IN	 $217.99 
SV15136000AU	INSTL KIT,SECURE CRD RDR	 $38.15 
19049917000A	INSTL KIT,TOUCH SCRN GSKT,FLD	 $0.00 
21018147000A	INSTL KIT,VID NCR ATM,CLR,MODEL 5085	 $609.53 
21018149000A	INSTL KIT,VID NCR ATM,CLR,MODEL 5088	 $609.53 
21018153000A	INSTL KIT,VID NCR ATM,CLR,MODEL 5688	 $580.50 
19056550000A	INSTL LATCH,UD & RACK DR USER	 $18.68 
TP820152001A	INSTL MNL, LUMINET	 $9.90 
AA000463000B	INSTL MNL,CARDONE 727 XACTN TERM	 $9.90 
TP799478000A	INSTL MNL,CUST SETUP,1064I ICD & ECD TERM	 $29.70 
TP799685000A	INSTL MNL,DOS CD CREATOR SFTW	 $33.30 
TP799869000A	INSTL MNL,OPR,9-2 MHZ VID WIRELESS XMSN	 $9.00 
AA000735000D	INSTL MNL,VAT 25	 $15.30 
TMMEDSCP000A	INSTL OF SCRTY CONT PT ON MEDSELECT DISP MDL	 $0.52 
BUFI0395000B	INSTL OF THE VISION DIR OPR VID UNIT	 $3.62 
TP799935000A	INSTL OPR GUIDE,CD RDR STANDALONE SA-115	 $15.30 
TP799887000A	INSTL OPR,QUICKTRAN 3004	 $32.40 
41024429000B	INSTL SFTW,METRICS	 $18.47 
19035366000B	INSTL TEMPL,GATE PRSNTR	 $0.95 
TP820005001B	INSTL, SERV MANUAL,  CODE ALERT	 $36.00 
TP820591001A	INSTL,INSTRN,1053XT EP PRCSR	 $27.00 
BUFI0312000A	INSTL,INTFC,PRESIDER/ALRM NETWORK,CSP 400 TERM	 $1.03 
TP799673000A	INSTRN & TECH MNL,CHAR GEN,K20 PLUS/S	 $14.40 
21018430000A	INSTRN LABEL	 $20.81 
TP820080031A	INSTRN MNL,VCR VSS-400,96 HR TIME LAPES	 $7.20 
BUFI0303000A	INSTRN,FLD,BTP TO CTP/G4	 $1.05 
TP799703000A	INSTRN,HYPERSCAN PLUS OPR	 $17.10 
38001200000A	INSTRUCTION LABEL DIEBOLDTO FURNISH ARTWORK NO1181	 $41.38 
38001200000B	INSTRUCTION LABEL DIEBOLDTO FURNISH ARTWORK NO1182	 $41.38 
11034011000A	INSTRUCTION LABEL ENGLISH	 $53.35 
29011026000A	INSUL,CCA	 $4.64 
39012439000A	INSUL,CCA	 $5.00 
39010553000A	INSUL,FISH PPR	 $6.37 
29012108000A	INSUL,IC,CPU	 $8.25 
28020344000A	INSUL,POLICE & ALRM	 $3.75 
39010619000A	INSUL,SND	 $2.89 
29002959000A	INSUL,SND,FOAM	 $2.03 
49252208000A	INSUL,SPKR	 $10.26 
28020563000A	INSUL,SW	 $4.28 
MONS10280000	INSUL. VD 132 (MODEL 14)    CA	 $97.74 
19019971000A	INSULATE PLATE	 $19.80 
MONS10234000	INSULATED FILE              CA	 $97.74 
AA0012020000	INSULATED LATERAL FILE	 $67.50 
TS4368847471	INSULATED SHEET-SHEETISOLTPWA	 $2.73 
11027422000C	INSULATION	 $0.23 
38000490000G	INSULATION	 $33.77 
38000593000L	INSULATION	 $1.48 
38000593000P	INSULATION	 $2.06 
38020104000C	INSULATION	 $7.72 
38020104000D	INSULATION	 $8.88 
MS5948400M0A	INSULATION  5.82 X 16.00	 $21.73 
38020104000H	INSULATION *03260	 $19.31 
38020104000J	INSULATION *03261	 $6.64 
19011136000A	INSULATION SOUND	 $2.53 
21020014000A	INSULATION SOUND MID TOP	 $180.03 
11019309000A	INSULATION STRIP	 $0.17 
18020509000A	INSULATOR	 $2.46 
29005301000A	INSULATOR	 $17.93 
29009751000A	INSULATOR	 $5.88 
38010686000A	INSULATOR	 $7.23 
L20001770000	INSULATOR - DOOR CONTACT	 $10.67 
18020916000A	INSULATOR * 3604         LOW VOLTAGE	 $15.27 
49256470000A	INSULATOR COVER,MTZ,TR2 R/O	 $48.75 
11035816000A	INSULATOR -FOR 39-9730-A SEISM	 $2.23 
MSN84562000A	INSULATOR, BATTERY	 $1.21 
29012031000A	INSULATOR,ELEC,4.0 LG	 $6.19 
29009490000A	INSULATOR,MICR HD	 $4.02 
TM000113001D	integrated night drop deposito	 $205.20 
TP820972001B	Integrated Night Drop Deposito	 $9.90 
NZ0000001616	INTEGRATED PROCESSOR BOARD	 $602.91 
89031029000A	INTEGRATED SER ATM ID STICKER	 $24.44 
NZ0000003091	INTEGRATED SYS BD	 $493.29 
11051662000A	INTEGRTY SYNCHRONIZD HORN/STRB	 $216.50 
11050494000A	INTEL 4D MUL DET BLK ION PHO	 $19.19 
11050495000A	INTEL 4D MUL DET ION/PHO DET R	 $43.63 
11050496000A	INTEL 4D MUL DET IONIZ PHOELEC	 $129.05 
11050499000A	INTEL AUX PWR SPU 6 4 AMP MNT	 $1,072.03 
11048842000A	INTEL P4 CPU 3.0 GHZ	 $212.39 
11050505000A	INTEL PHOTOELEC SMOKE DETECT	 $103.10 
19036782000A	INTEL SLAVE RDR,W/KEYPAD,RS-485,OUT DOOR VER	 $1,422.32 
AA000038000A	INTEL TOKEN EXPRESS ISA/16S LA	 $90.90 
11051325000A	INTELL PHOTOELEC SMOKE DETECT	 $123.33 
11065145000A	INTELLEX 3.1 BF MOTHERBOARD SY	 $489.87 
11050492000A	INTELLIGENT 2 DOOR PACKAGE	 $2,343.13 
11050497000A	INTELLIGENT 8 DOOR PACKAGE	 $6,092.14 
11050501000A	INTELLIGENT DEVICE LOOP CARD 2	 $1,044.14 
11050502000A	INTELLIGENT HEAT/THERMAL DETEC	 $137.03 
11051778000A	INTELLIGENT KEYPAD READER	 $781.05 
11050504000A	INTELLIGENT MINI-MONITOR MODUL	 $100.03 
11050506000A	INTELLIGENT SYSTEM CONTROLLER	 $1,767.63 
11050493000A	INTELLIGNT 3D MULT DET PHOELEC	 $127.74 
TP799450000A	INTERACTIVE CONFIGURATION EDIT	 $27.00 
TP799990001B	INTERBOLD 1/LINK HOST (REL 1.4	 $16.20 
TP799993001A	INTERBOLD 1/LINK HOST (REL# 1.	 $11.70 
TP799994001C	INTERBOLD 1/LINK HOST (REL.1.4	 $9.00 
TP820022001A	INTERBOLD 1/LINK HOST-RELEASE	 $54.00 
TP799656001B	INTERBOLD 1053 EXPRESS DEL IBM	 $11.70 
TMEXPD10I01D	INTERBOLD 1053 EXPRESS DELIVER	 $364.77 
TP799672000A	INTERBOLD 1056I CHEQUE PRINTER	 $27.00 
TP799675000A	INTERBOLD 1056I CHEQUE PRINTER	 $8.10 
TP799675I01A	INTERBOLD 1056I CHEQUE PRINTER	 $8.10 
TP799676000A	INTERBOLD 1056I CHEQUE PRINTER	 $19.80 
TM1058OMI01A	INTERBOLD 1058IX IBM 4798 (IMT	 $94.50 
TP799475001D	INTERBOLD 1064I (4783) INTERIO	 $20.70 
TP799692001B	INTERBOLD 1064I (4789) EXTERIO	 $15.30 
TP799477001C	INTERBOLD 1064I(4789) EXTERIOR	 $17.10 
TP799490001C	INTERBOLD 1064I{4783} INTERIOR	 $17.10 
TP799700001B	INTERBOLD 10XX IBM 478X DEVICE	 $23.40 
TP799843001A	INTERBOLD 10XX IBM 478X DEVICE	 $2.37 
00050717000A	INTERBOLD -3-1/2" DISKETTE (1M	 $3.12 
00050717000B	INTERBOLD -3-1/2" DISKETTE (2M	 $3.78 
00050716000A	INTERBOLD -5-1/4" DISKETTE -10	 $2.84 
TP799925001B	INTERBOLD ALTERNATE CONNECT OP	 $11.70 
TP799376000B	INTERBOLD COMMUNICATION SUBSYS	 $28.80 
TP799557001D	INTERBOLD EXP. DEL. UNIT & TA	 $15.30 
TP820046001A	INTERBOLD EXPRESS DELIVERY	 $36.90 
TP820044001A	INTERBOLD EXPRESS DELIVERY MIN	 $23.40 
TP799352001D	INTERBOLD I SERIES MDS EXPRESS	 $18.00 
TP799597I01B	INTERBOLD NETWORK MESSAGE PROC	 $9.00 
TP820127001A	INTERBOLD OPEN ARCHITECTURE CD	 $3.60 
TP799361000A	INTERBOLD PRDCT PLNG & DEVEL P	 $36.00 
TP799792001B	INTERBOLD STATEMENT PRINTER (1	 $12.60 
00051009000B	INTERBOLD THRM RCPT,W/O TOF,1X4	 $106.27 
19049612000A	INTERCOM SUBSTATION,VANDAL RESISTANT	 $238.43 
21021399000A	INTERCOM SURFACE MOUNT	 $188.44 
BTC877010000	INTERCONNECT PANEL USE W\BTC87	 $391.50 
11043504000A	INTERFACE BD KD6 ULTRAK	 $480.36 
49221719000B	INTERFACE BOARD,BCS 2D	 $267.44 
49000866000A	INTERFACE CAB	 $724.99 
19041638000A	INTERFACE CD	 $348.71 
11038131000A	interface connector	 $95.92 
38000230000Y	INTERFACE MODULE	 $315.53 
38000230001B	INTERFACE MODULE	 $134.47 
38000230001E	INTERFACE MODULE	 $331.88 
19041640000A	INTERFACE PACK,E1	 $7,879.41 
19041639000A	INTERFACE PACK,T1	 $7,879.41 
NZ0000001567	Interface PCB	 $657.72 
TP821346001A	INTERFACE SEQ DIAG DOC FOR THE ENA	 $20.70 
00051560000A	Interior Cleaner Dispenser	 $22.68 
TMEFTM03TABS	INTERIOR FASCIA INDEX TAB	 $0.45 
MSK94997000A	INTERLOCK ASSEMBLY	 $13.57 
11031693000A	INTERLOCK BAR ASM 2 DRW. FILE	 $41.04 
21020050000A	INTERLOCK LATCH	 $432.29 
TS4368853140	INTERLOCK SWITCH-ASMSPF78-000A	 $49.16 
MSK94427000A	INTERLOCK-SPRING	 $1.77 
11050508000A	INTER-M AM/FM TUN,MONO&STER OU	 $732.56 
TP820618001B	INTERMEDIATE INSTRU IN MICRO	 $31.50 
30024010000	INTERMEDIATE WINDING SET GEAR	 $0.58 
11038433000A	Internal HK Battery "S-LBF00"	 $27.41 
BRP01017000A	INTERNAL PC MODEM	 $0.05 
TP799246000A	INTERNATL FEAT SUPPL FOR D1000	 $16.20 
TP820701001A	INTERNET BANK'G QUICK REF GUID	 $6.30 
NZ0000001388	INTERPOSER SEAL 16 KEY - 56XX	 $10.96 
TS4364125940	INTERRCEPTER	 $8.19 
11044500000A	INTFC ASSY,MATCH RDR	 $288.23 
19041601000A	INTFC ETHERNET ONLY,VMS-E	 $21,365.21 
TP799781000A	INTFC GUIDE,ICAM/BOLDIMAGE	 $35.10 
19048127000A	INTFC KIT,ATM/RCDR,VID,DIG	 $1,644.30 
ULB11027000A	INTFC MDL,DES/ACT	 $726.24 
ULB85020000A	INTFC MDL,DES/ACT OPTIONS	 $452.19 
19036457000B	INTFC MDL,PRL PRNTR	 $152.15 
ULB50206000A	INTFC MDL,RS485 TO RS232 CONVERTER	 $794.75 
ULB50306000A	INTFC MDL,RS485 TO RS232 CONVERTER ENCL MT	 $871.48 
19049217000A	INTFC,16-CHAN,BILINX,120V/230V	 $1,849.84 
41017476000A	INTFC,816,PBX	 $2,131.14 
ULB85030000A	INTFC,ACT,SGL COMM PORT,RS485	 $328.86 
19041625000A	INTFC,ASYNC,RS-232,120VAC,VTU-A 5.0	 $6,947.17 
19041626000A	INTFC,ASYNC,RS-232,240VAC,VTU-A 5.0	 $6,947.17 
19041606000A	INTFC,ASYNC,VMS-A 5.0 W/16-PORT DIGI	 $25,212.87 
19041603000A	INTFC,ASYNC,VMS-A 5.0 W/2-PORT DIGI	 $22,006.49 
19041604000A	INTFC,ASYNC,VMS-A 5.0 W/4 PORT DIGI	 $22,647.76 
19041605000A	INTFC,ASYNC,VMS-A 5.0 W/8-PORT DIGI	 $23,716.56 
11043138000B	INTFC,ATM	 $1,093.46 
LXNETFNAETH0	INTFC,ATM,ETHERNET,SR-16 TO ATM INTFC	 $261.00 
LXNETFNATM02	INTFC,ATM,NET-FN-ATM-2	 $522.00 
LXNETFNATM03	INTFC,ATM,NET-FN-ATM-3	 $783.00 
LXNETFNATM04	INTFC,ATM,NET-FN-ATM-4	 $1,044.00 
LXMCRATMSER1	INTFC,ATM,SERIAL,25-PIN,DATA TEE	 $261.00 
19055112000A	INTFC,COMM,ALRM MON	 $2,726.80 
19055114000A	INTFC,COMM,ALRM PNL	 $2,726.80 
19055115000A	INTFC,COMM,DRVR	 $4,097.05 
19055113000A	INTFC,COMM,PYROTRONICS	 $2,726.80 
19055119000A	INTFC,COMM,RCVR,CNTRL STATION	 $13,688.80 
19041820000A	INTFC,DOOR	 $770.90 
ULB20095020A	INTFC,DOOR	 $1,822.44 
ULKPGADIF000	INTFC,DOOR,CNTRLR,MAG STRIPE/WIEGAND,POINTGUARD	 $447.25 
19041619000A	INTFC,ETHERNET,120VAC,VTU-E 2.0	 $9,009.95 
19041620000A	INTFC,ETHERNET,240VAC,VTU-E 2.0	 $9,009.95 
LXNFNUGTET04	INTFC,ETHERNET,4-ADDITIONAL,TELLER,SR-16	 $391.50 
LXNFNUGTET08	INTFC,ETHERNET,8-ADDITIONAL,TELLER,SR-16	 $652.50 
LXMCRRTPOSET	INTFC,ETHERNET,PORT ACTIVATION,RCDR,DIG,MICRO,RETAIL	 $261.00 
LXNETFNETH04	INTFC,ETHERNET,TELLER,4 UNITS	 $261.00 
LXNETFNETH08	INTFC,ETHERNET,TELLER,8 UNITS	 $522.00 
11043205000A	INTFC,ETHERNET/SERIAL,NET 1 DVR	 $1,044.00 
19055120000A	INTFC,FINGERPRINT AUTHENTICATION,BIOSCRYPT	 $12,906.05 
ULB30053000A	INTFC,FOUR WIRE,FOUR PORT COMM	 $876.96 
19055116000A	INTFC,HAND GEOMETRY,RSI	 $6,837.55 
19055118000A	INTFC,MDL,BIOCENTRICS SOLUTION	 $8,207.80 
19055117000A	INTFC,MDL,FINGERPRINT AUTHENTICATION	 $8,207.80 
ULACTD000000	INTFC,RDR/KYPD,DUAL,W/ENCL	 $1,877.25 
19041627000A	INTFC,SYNC,120VAC,V.35,VTU-S 5.0	 $6,947.17 
19041628000A	INTFC,SYNC,240VAC,V.35,VTU-S 5.0	 $6,947.17 
19041607000A	INTFC,SYNC,VMS-S 5.0 W/V.35	 $27,777.98 
LXNETFNTESER	INTFC,TELLER,SERIAL,9-PIN,DATA TEE	 $261.00 
19041602000A	INTFC,VMS-E1 5.0 W/E1	 $34,190.75 
19041600000A	INTFC,VMS-T1 5.0 W/T1	 $14,737.28 
19064134000A	INTFC,WIEGAND,ELEVATOR	 $183.46 
11051665000A	INTGRTY SYNCHRONIZD CHIME/STRB	 $453.83 
TP820807001A	INTIVID VIDEO IMAGE PROCESS	 $21.60 
TP820808001A	INTIVID VIDEO IMAGE PROCESS	 $20.70 
TP820805001A	INTIVID VIDEO IMAGE PROCESSING	 $9.90 
TP820806001A	INTIVID VIDEO IMAGE PROCESSING	 $3.60 
11050498000A	INTL AUDO AMP 30 WATT 2 RIS IN	 $531.23 
11037592000A	INTRNL KIT,IDE,TAPE DRIVE	 $1,392.12 
TMPCRP000000	INTRO TO DOS&PERSONAL COMPUTER	 $112.50 
11041022000A	INTVID 250 GB HARD DRIVE	 $493.29 
TP820237001A	INVALID PART NUMBER	 $0.00 
MHKI0077000B	INVERTED LOCK, GEN II	 $661.50 
TSN93697000A	INVERTER-CV342-2-CF	 $190.93 
NZ0000003095	IO BOARD	 $712.53 
AA0004240000	IONIZATION SMOKE DETECTOR SYST	 $90.00 
11050512000A	IOP 2 CARD	 $742.68 
11050513000A	IOP 3	 $145.79 
GR806300001A	IP ADDRESS CONFIGURATION UTILI	 $7.20 
41027449000A	IP CAMERA FIXED LENS 2.8mm	 $190.89 
89030974000A	IP LOCK/AMSEC ESL20 TRNING CD	 $8.55 
41027365000A	iPhone eKEY Fob (for iPhone 3 & 4 models) all 4S, 5, & 6 models do not need	 $253.08 
TP820654001A	IQ CRM USER GUIDE	 $21.60 
00050515000A	IQ EPIC TERMINAL THERMAL RECEI	 $25.27 
TP820274001E	iq ESD 2.4.0 Administrator's M	 $20.70 
TP820284001E	iq ESD 2.4.0 Administrator's M	 $20.70 
TP820245001D	iq ESD 2.4.0 Product Descripti	 $5.40 
TMESDREF000D	iq ESD 2.4.0 Technical Referen	 $92.70 
00100318000K	IQ STANDLONE APPL	 $202.23 
19046472000A	IQ200 CCA BD ONLY,24VDC	 $1,438.77 
19046474000A	IQ200 CCA BD ONLY,W/MEM,12VDC	 $1,980.01 
19046476000A	IQ200 CCA BD ONLY,W/MEM,24VDC	 $2,117.03 
19046471000A	IQ200 CCA W/ETHERNET,12VDC STD	 $1,712.82 
19046473000A	IQ200 CCA W/ETHERNET,24VDC STD	 $1,849.84 
19046475000A	IQ200 CCA W/ETHERNET,MEM,12VDC STD	 $2,254.06 
19046477000A	IQ200 CCA W/ETHERNET,MEM,24VDC STD	 $2,391.08 
19058850000A	IR BOARD,CAMR DOME,UVA10 & UVA20	 $59.46 
19058853000A	IR BOARD,CAMR,UVGV-25X	 $79.48 
19058851000A	IR BOARD,CAMR,UVH10 & UVH20	 $67.57 
19058852000A	IR BOARD,CAMR,UVI10	 $79.48 
31020135000B	IR SENSOR	 $403.96 
89030051000A	irc 9708 pwr 5	 $4.46 
89031273000A	IS AGILIS 2.4 FLD UPGRADE IMG	 $9.77 
NZ0000003093	ISA EXPANSION BD	 $109.62 
11065462000A	ISC-PDL1-W18G 60' DUAL PIR W/M	 $127.23 
TP821564001A	ISECURE,VERSION 3.5.2,ADMINISTRATORS GUIDE	 $9.90 
TP821562001B	ISECURE,VERSION 3.5.2,INSTALLATION AND CONFIGURATION GUIDE	 $12.60 
15004016000A	ISLAND UNPKG INSTR	 $0.90 
11050515000A	ISLATR MOD RS232 USE W/SH HA M	 $819.41 
11038476000A	ISM Mgmt Software	 $698.64 
GL6509003000	ISM V# CNTRL PNL	 $616.62 
11051208000A	ISO PROX LI HID 1386 CD W/CONT	 $20.06 
MSZ17215630A	ISOLATOR 18 000471 0 00 0	 $4.41 
19047019000A	ISOLATOR,OPTICAL,HUGHES IDENT PROX RDR,LED ONLY	 $137.03 
11050516000A	ISOLATR MOD TO ISL WIR FAU A S	 $84.41 
2902510000AD	ISPENSE TRANS SPRING	 $1.58 
11034455000A	I-SUB MS-N72362-0-00-A	 $201.86 
NZ0000002214	I-SUB NZ-445059-5-86-3	 $0.00 
NZ0000002222	I-SUB NZ-445061-7-08-1	 $0.00 
NZ0000002256	I-SUB NZ-998086-9-19-0	 $0.00 
BRP00881000A	IT2820CF2	 $0.05 
00050939000A	IX STATEMENT PAPER	 $137.03 
TMAUDPRO000A	IX-SERIES AUDIO PRODUCTS	 $195.30 
11043538000A	IXT 2000 CHECK VALVE ASSY	 $1,398.47 
11048588000A	J KEYBLANK	 $3.88 
11051781000A	J OPTION FACEPLATE, 630 FINISH	 $35.90 
11043882000A	J2 CONNECTOR	 $1.91 
41027431000A	JABRA ENGAGE 65 POWER SUPPLY	 $97.74 
L10000430000	JACK SCREW	 $11.64 
05000481000A	JACK SCREW'TOOL'	 $55.94 
NZ0000002676	JACK SOCKET SHIELD ASSY	 $0.02 
MSN69703000A	JACK, TELCO 8-PIN - R-J31X  #4	 $8.13 
21018562000A	JACK,COMBO,RJ31X & RJ11	 $21.56 
11047442000A	JACK,MDLR,SURF MT,USPS ONLY	 $7.68 
11047443000A	JACK,MDLR,SURF MT,USPS ONLY	 $14.00 
FB004909AP0A	JACK,STEREO HEADPHONE KIT,I/IX	 $440.89 
11042111000A	JAM	 $1.06 
71016020R00A	JAMB BEARING	 $160.65 
01021995L00A	JAMB BEARING  CHEST	 $35.51 
22005011000A	JAMB HINGE ASM. 7 X 10 DOOR	 $8.31 
01021995R00B	JAMB HINGE PAINTED WOOSTER GRA	 $37.27 
17002281000A	JAMB NUT	 $0.13 
01063367L000	JAMB PCS.	 $5.60 
11050518000A	JERON NURSE CALL SINGLE STATIO	 $150.70 
21020080000A	J-Hook	 $17.24 
TS4368861890	JIG CABLE	 $92.85 
TS4362979550	Jig Detector	 $12,060.32 
19019292000A	JKSKT,DSUB	 $5.87 
29013248000A	JMPR,RES BODY,0603	 $0.15 
39005313003A	JNCTN BOX,OFF-WHT	 $12.23 
89029966000A	JOG ARM SPRING	 $3.17 
11038101000A	jotstick handle	 $4.77 
00051343000A	Journal CD-RW Disk Pack	 $160.20 
29008404029A	JOURNAL PAPER FEED CAM J	 $13.04 
TMEFTM01000C	journal printer and consumer p	 $19.80 
NZ0000003124	JOURNAL PRINTER BD	 $559.06 
TM000036001E	journal printer on-site repair	 $133.20 
NZ0000001158	JOURNAL PRINTER WITH TRANSPORT	 $1,315.44 
C05045600000	journal ribbon	 $20.05 
NZ0000001951	JOURNAL TAKE-UP SPOOL(GEARED)	 $20.61 
TMEFTM01TABS	JOURNAL/CONSUMER PRINTER	 $0.45 
TP799608TABS	JOURNAL/CONSUMER PRTR INDEX TA	 $0.45 