11065517000A	JOYSTICK CONTROLL KEYPAD	 $768.60 
NZ0000001938	JRNL PRTR RIBBON GUIDE	 $19.19 
21013987000A	JUMPER CABLE	 $71.37 
BRP00756000A	JUMPER POWER CORD	 $0.05 
29004183000A	JUMPER,SAFE ALRM	 $1.82 
BRP00174000A	JUMPERS	 $0.05 
41016679000A	JUNCTION BOX	 $5.27 
41022792000A	JUNCTION BOX BASE	 $35.63 
41022793000A	JUNCTION BOX COVER	 $14.54 
IKHEJB000000	JUNCTION BOX W\FLEX CONDUIT	 $143.55 
TSN89982000A	K LEVER-B	 $139.28 
BRK01000000A	K010000 CDU TO CSS KIT	 $0.05 
TM000250001A	Kaba Mas x-07, x-08 and x-09 e	 $226.80 
11040639000E	KALATEL PTZ B& W CYBER DOME	 $4,328.13 
11065448000A	KAT 12/20 12VAC 20VA TRANSFORM	 $7.97 
11065470000A	KAT24/20 24V/20 AC TRANSFORMER	 $9.33 
89031481000A	KAYBANK XV 2.4 P8 DA ENA BUILD	 $21.99 
TSN93696000A	K-BRACKET-RT	 $0.00 
11041116000A	KD5K B&W CANERA ASSENBKY	 $263.09 
11041117000A	KD5K CEILING MOUNT TOP HAT ONL	 $197.32 
11041119000A	KD5K LOWER DOME ASSEMBLY	 $65.77 
11041120000A	KD5K LOWER DOME ASSEMBLY	 $65.77 
11041121000A	KD5K LOWER DOME ASSEMBLY	 $65.77 
11041122000A	KD5K LOWER DOME ASSEMBLY	 $65.77 
11041118000A	KD5K PENDANT MOUNT TOP HAT ONL	 $223.62 
11041005000A	KD5K POWER SUPPLY BD	 $0.02 
11041123000A	KD5K TWISTED PAIR VIDEO TRANSM	 $128.92 
TMMDSS00TABE	KDM - MANUAL TM-MDSS05 & TM-EF	 $0.45 
49005447000A	KDM,WALL MT UNIT	 $297.30 
49005447000B	KDM,WALL MT UNIT	 $1,117.70 
39005902000A	KDM,WALL MT,FRONT/KYBD	 $674.96 
49213506000A	KEEPER,LATCH,MON,10.4 IN	 $20.88 
AA000430TABE	KELOCK CONTROL SWITCH INDEX TA	 $0.45 
01052653000E	KEY	 $3.08 
01086570000A	KEY	 $1.90 
03000042000A	KEY	 $1.38 
11030954000A	KEY	 $2.71 
11040972000A	KEY	 $43.47 
29003470000F	KEY	 $14.16 
29006136000B	KEY	 $13.82 
29008513000D	KEY	 $13.34 
41019130000A	KEY	 $1.51 
19020888000A	KEY   ROTARY W/L	 $11.41 
MH202020000A	KEY "F" KEY ASM,BLUE	 $51.35 
MSN80619000A	KEY *CHICAGO #MW 575*	 $4.89 
00050468000A	KEY 9000 WHT/BLK	 $28.35 
11030896000A	KEY ASM-CUST. #12-C #12-CC   HHM	 $2.09 
41027142000A	KEY ASSY, AMSEC E-KEY; BLUE	 $106.56 
41027141000A	KEY ASSY, AMSEC E-KEY; RED	 $106.56 
41027143000A	KEY ASSY, AMSEC E-KEY; TEAL	 $106.56 
41027140000A	KEY ASSY, AMSEC E-KEY; YEL	 $106.56 
41027139000A	KEY ASSY, TM1990; BLACK (FACTORY)	 $93.24 
000514760KEY	KEY BANK 2K2APP ICLASS CARDS	 $3.60 
NZ0000003088	KEY BD	 $493.29 
19041385000A	KEY BD, OVERLAY, MINI TERM 1053	 $89.21 
30003100000	KEY BLANK	 $1.13 
30007010000	KEY BLANK	 $9.40 
30009720000	KEY BLANK	 $3.66 
11062214000A	KEY BLANK	 $8.62 
10541730000	KEY BLANK - CUST HHM	 $3.86 
11030898000A	KEY BLANK - HHM RYS 002	 $3.89 
30014710000	KEY BLANK *4304	 $4.69 
11065385000A	KEY BLANK CUST SIDE 1089C	 $2.93 
11031144000A	KEY BLANK NUMBER INSERT - HHM	 $2.11 
MSZ89176650A	KEY BLANK,S&G,STD,3/8 NOS	 $14.36 
MSZ17484160A	KEY BLANK-MOSLER 1323L	 $0.73 
MSZ17483790A	KEY BLANK-MOSLER 884	 $1.42 
11049549000A	KEY BLANKS 6 OR 7 PIN (BEST B)	 $2.29 
41027444000A	KEY BLOCKER	 $0.78 
89030983000A	KEY BNK I-IX IMGE CD VER 1.6.2	 $34.21 
NZ0000004179	Key Cabinet Access	 $83.48 
11048812000A	KEY CLEAR SMALL EPP4 ADA	 $18.56 
01021898000B	KEY ENV ISSUE BY 400 (BLANK),1X400	 $223.02 
01021898000C	KEY ENV-MUST ORDER MIN/ 1200(C	 $1.07 
11033373000A	KEY EYELET	 $0.11 
11041198000A	KEY FDR HUB-D SWITCH	 $1.46 
DM1346000000	KEY FOB,PROXKEY II,HID	 $9.57 
11042419000A	KEY FOR A TYPE 12	 $77.56 
11042420000A	KEY FOR A TYPE 7	 $77.56 
11041462000A	KEY FOR DMP301 ALARM CABINET	 $3.83 
11031452000A	KEY FOR HOLMES HOLDUP BUTTON	 $13.66 
11033555000A	KEY FOR MECHANISM COVER #20084	 $3.03 
11040733000A	Key L444 Pacom Alamrs	 $2.89 
00017513L000	KEY LOCK ASSEM	 $56.26 
00017513R000	KEY LOCK ASSEM	 $56.26 
49022240000A	KEY LOCK CNTRL SWITCH	 $1,245.90 
11041308000A	KEY LOCK FORK	 $528.26 
11050520000A	KEY LOCK OUT DOR 1 OPT ENCL RD	 $141.14 
41022239110A	KEY LOCK,MEDECO	 $262.86 
11050521000A	KEY MAINT SWITCH BACK BOX	 $71.09 
11051501000A	KEY PAD STOPPER STI-6500	 $69.72 
01052653000A	KEY PIN	 $1.20 
NZ0000003033	KEY PLATE	 $26.31 
00050362000A	KEY QZ-1 5000 BLACK	 $3.17 
00050356000A	KEY QZ-1 9000 BLACK	 $1.05 
00050356000B	KEY QZ-1 9000 DARK BLUE	 $1.05 
00050356000C	KEY QZ-1 9000 DARK GREEN	 $1.05 
00050356000E	KEY QZ-1 9000 LIGHT GREEN	 $1.05 
00050356000F	KEY QZ-1 9000 ORANGE	 $1.00 
MSN87067000A	KEY RETENTION ASSB., LOCK	 $38.42 
11032034000B	KEY RING DP 501-600	 $136.68 
49216119027A	KEY SET,VAULT DR	 $18.90 
39014145000A	KEY SW	 $816.40 
30000380000	KEY TAG	 $1.13 
29010752000A	KEY TAG,MEDSELECT	 $1.03 
19055230000A	KEY TAG,PROX,26 BIT,QTY 50	 $9.22 
MSN76391000A	KEY WINDING	 $32.56 
MSN82778000A	KEY, #AD00001 ALARM *MIDWEST V	 $12.58 
MSN82777000A	KEY, #BB00001 ALARM *MIDWEST V	 $12.58 
MSN73627000A	KEY, ARBOR	 $1.10 
MSN75014000A	KEY, ARBOR *WOODRUFF #3	 $0.46 
MSN81153000A	KEY, BYPASS-1130/32 LCK (Z1701	 $8.46 
NZ0000002485	KEY, FDK BRAILLE	 $0.02 
NZ0000002486	KEY, FDK BRAILLE	 $0.02 
NZ0000002487	KEY, FDK BRAILLE	 $0.02 
NZ0000002488	KEY, FDK BRAILLE	 $0.02 
NZ0000002489	KEY, FDK BRAILLE	 $0.02 
NZ0000002490	KEY, FDK BRAILLE	 $0.00 
NZ0000002491	KEY, FDK BRAILLE	 $0.00 
NZ0000002492	KEY, FDK BRAILLE	 $0.02 
21020077000A	Key, Lid Lock	 $12.92 
21020078000A	Key, Tamper Check	 $12.92 
MSN84551000A	KEY, YALE & TOWNE #MC361	 $14.01 
TSN90702000A	KEY,03X03X005 DN	 $3.83 
TSN90703000A	KEY,03X03X010 DN	 $3.28 
UL6030000000	KEY,601	 $1.51 
TSN89997000A	KEY,A-CS SUPERVISOR	 $38.23 
11040280000A	KEY,AHD READER	 $5.48 
TSN89998000A	KEY,B-CS OPERATOR	 $38.23 
41020492000A	Key,Cntrlr,Red,Manager Key	 $78.30 
19019172000A	KEY,CONN PLZN,POST,0.100,MT	 $0.09 
19021604000A	KEY,CONN PLZN,UNIV	 $1.85 
TSN90259000A	KEY,CS-MAINT	 $117.43 
11033771000A	KEY,CYL RMVL	 $13.31 
TSN89141000A	KEY,FEED-RLR-B	 $30.04 
29009658000C	KEY,FL,BLANK	 $1.05 
11037161000A	KEY,FL,BLANK,HUDSON CORE LK,8000 SERIES	 $1.90 
03000040000A	KEY,FL,CUST,BLANK,DIEBOLD	 $1.05 
21014634000A	KEY,FL,CUST,BLK	 $5.58 
30004170000	KEY,FL,CUST,BLOCK,17540	 $10.00 
11032871000A	KEY,FL,CUST,ZONE 01	 $2.66 
11032871000B	KEY,FL,CUST,ZONE 02	 $2.66 
11032871000C	KEY,FL,CUST,ZONE 03	 $2.66 
11032871000E	KEY,FL,CUST,ZONE 04	 $2.48 
11032871000F	KEY,FL,CUST,ZONE 05	 $2.61 
11032871000G	KEY,FL,CUST,ZONE 06	 $2.66 
11032871000H	KEY,FL,CUST,ZONE 07	 $2.66 
11032871000J	KEY,FL,CUST,ZONE 08	 $2.66 
11032871000K	KEY,FL,CUST,ZONE 09	 $2.66 
11032871000L	KEY,FL,CUST,ZONE 10	 $2.41 
11032761000D	KEY,FL,GUARD,BLANK,DIEBOLD	 $3.88 
21014635000A	KEY,FL,GUARD,BLK	 $10.39 
ULHE21700000	KEY,HE-266IT	 $6.44 
19038949000A	KEY,HEX,.093,SHORT ARM	 $0.52 
09000309000D	KEY,LK,FL,BLANK	 $1.72 
03000523000A	KEY,LK,FL,CUST,DIEBOLD	 $3.28 
03001593000A	KEY,LK,FL,GUARD	 $7.18 
03000078000A	KEY,LK,PRCNTRC,GUARD,DIEBOLD	 $3.89 
19017727000A	KEY,PLZD	 $0.49 
MSN68434000A	KEY,PR.-PRE-CUT RENTER(FLAT) 1	 $6.99 
11033298000A	KEY,PRCNTRC,BLANK	 $2.67 
30007400000	KEY,PRCNTRC,GUARD	 $2.87 
21016334000A	KEY,SET-UP,BRASS	 $4.10 
30011310000	KEY,SPDL	 $1.42 
29009717000A	KEY,SPLINE	 $2.51 
41022338000A	KEY,SQUARE,1/4 INCH	 $3.40 
11037501000A	KEY,SW,ACS 3200	 $205.54 
11037525000A	KEY,SW,CGP	 $205.54 
19041846000A	KEY,TAG,PROX	 $6.35 
TSN88908000A	KEY,WOODRUFF	 $3.28 
TSN93577000A	KEY,WOODRUFF 04 X 04 X 020 DN	 $152.94 
11038095000A	key;security  burle/phillips	 $8.23 
11030626000A	KEY-614 LOCK - CUST - HHM	 $3.66 
89031391000A	KEYBANK DEN/BRECK VER XV2.4	 $19.55 
89031038000B	KEYBANK I/IX PATCH 10	 $19.55 
89031038000A	KEYBANK I/IX VER 2.1XV	 $9.77 
89031545000A	KEYBANK NCR 3RD PARTY SFTW	 $8.62 
89031544000A	KEYBANK NCR SELF SERV APTRA IM	 $12.93 
89030940000A	KEYBANK OPTEVA 1.3.1 DNVER SET	 $34.21 
89030994000A	KEYBANK OPTEVA-BRECK V.2.1XDVD	 $9.77 
89030993000A	KEYBANK OPTEVA-DENVR V.2.1XDVD	 $9.77 
89030939000A	KEYBANK OPTVA 1.3.1 BRAKEN SET	 $34.21 
89031367000A	KEYBANK SIERRA V.XV 2.4	 $19.55 
NZ0000002036	KEYBD 16K T/T U.S.A. NON QZ	 $548.10 
MSM2021000AA	KEYBIT	 $1.62 
11035893000A	KEYBLANK	 $2.62 
11043639000A	KEYBLANK	 $4.82 
11036795000A	KEYBLANK  L1054 G	 $1.05 
11035892000A	KEYBLANK "CA"	 $2.01 
11048584000A	KEYBLANK "F"	 $6.24 
11048582000A	KEYBLANK "M"	 $3.88 
11048583000A	KEYBLANK "O"	 $6.24 
11032945000A	keyblank #887	 $1.70 
11048569000A	KEYBLANK (CUST AND GUARD)	 $8.57 
11041792000A	KEYBLANK 155 MOSLER	 $1.80 
11041793000A	KEYBLANK A 1114G BEST	 $0.76 
MSN76708000A	KEYBLANK GRD FLT MAX 1/2 NSE 3	 $0.61 
11033161000A	KEYBLANK ILCO 1226 NICKEL SILV	 $1.72 
11065079000A	KEYBLANK L1054B, EZ# IN8	 $1.43 
11043889000A	KEYBLANK mn1	 $2.75 
MSN73864000A	KEYBLANK RNT&THW OFF 5900	 $1.56 
11051342000A	KEYBLANK, AB	 $13.38 
11036559000A	KEYBLANK, CHICAGO K -39	 $0.78 
11065729000A	KEYBLANK, FORT 750	 $2.25 
11051855000A	KEYBLANK, IICO AP2	 $2.45 
11051350000A	KEYBLANK, JB	 $15.31 
11051865000A	KEYBLANK, SCHLAGE SC1	 $1.54 
11051856000A	KEYBLANK, YALE #11	 $1.67 
11051857000A	KEYBLANK, YALE #12	 $1.42 
11051858000A	KEYBLANK, YALE #13	 $1.67 
11051859000A	KEYBLANK, YALE #14	 $1.42 
11051394000A	KEYBLANK,FREEDOM,5 PIN,33 BOW	 $6.63 
11051395000A	KEYBLANK,FREEDOM,6 PIN,33 BOW	 $6.63 
11031465000B	KEYBLANK,PARA	 $0.86 
11033276000A	KEYBLK CUST FLT MSL 5950LKK	 $2.49 
OS003212000A	KEYBLK FLAT	 $1.46 
11033315000A	KEYBLK FLAT     ILCO 1226	 $0.53 
11033126000A	KEYBLK FLAT     MOSLER 72847	 $2.30 
11033126D00A	KEYBLK FLAT     MOSLER 72847	 $3.02 
11031661000A	KEYBLK FLAT     MOSLER 77588	 $2.99 
11031661D00A	KEYBLK FLAT     MOSLER 77588	 $3.94 
09000309D00D	KEYBLK FLAT     SERVICE USE	 $4.05 
09000309D00E	KEYBLK FLAT     SERVICE USE	 $4.17 
11033144000A	KEYBLK FLAT     STWL 140B	 $4.93 
11033117000A	KEYBLK FLAT     STWL 143 THK&L	 $2.13 
11033113D00A	KEYBLK FLAT     STWL 143A	 $6.02 
11033107000A	KEYBLK FLAT     STWL 144	 $1.21 
11033107D00A	KEYBLK FLAT     STWL 144	 $2.67 
11033116000A	KEYBLK FLAT     STWL 147	 $2.13 
11033116D00A	KEYBLK FLAT     STWL 147	 $4.05 
11033100D00A	KEYBLK FLAT     STWL 167	 $10.07 
11033161D00A	KEYBLK FLAT     STWL S28A	 $6.02 
OS003379000B	KEYBLK FLAT     THIN  DAYGATES	 $8.15 
11033138000A	KEYBLK FLAT     YALE 3311	 $2.13 
11033131000A	KEYBLK FLAT     YALE 54 THICK	 $1.85 
11033131D00A	KEYBLK FLAT     YALE 54 THICK	 $4.17 
11033131D00B	KEYBLK FLAT     YALE 54 THICK	 $6.42 
11033160000A	KEYBLK FLAT     YALE 768 THIN	 $1.29 
11033160D00A	KEYBLK FLAT     YALE 768 THIN	 $3.38 
03000040D00A	KEYBLK FLAT CST 17505 TYPE LOC	 $5.06 
11009530D000	KEYBLK FLAT CST 17528	 $3.31 
03000700D00A	KEYBLK FLAT CST 17533,17601	 $1.64 
03000310D000	KEYBLK FLAT CST 17540	 $2.89 
03000042D00A	KEYBLK FLAT CST 17545	 $2.49 
03000972D000	KEYBLK FLAT CST 17546,17603	 $2.71 
03000649D000	KEYBLK FLAT CST 17548,17561	 $8.21 
03000825D000	KEYBLK FLAT CST 430 LOCK	 $2.46 
10541870000	KEYBLK FLAT CST MOSLER 73731	 $2.46 
11030898D00B	KEYBLK FLAT CST RYS002 MILLED	 $7.48 
11031589000A	KEYBLK FLAT CST S&G 60	 $1.52 
11031589D00A	KEYBLK FLAT CST S&G 60	 $2.93 
11033285000A	KEYBLK FLAT CST YALE 766	 $1.46 
11033285D00A	KEYBLK FLAT CST YALE 766	 $2.38 
01054173000B	KEYBLK FLAT CST/GRD 002,11,12	 $5.29 
01054173D000	KEYBLK FLAT CST/GRD 002,11,12	 $5.29 
11030626D00A	KEYBLK FLAT CST/GRD H610, H614	 $4.45 
11031493000A	KEYBLK FLAT CST/GRD S&G 89	 $1.03 
03000730D000	KEYBLK FLAT GRD 17533,601,603	 $1.76 
03001593D00B	KEYBLK FLAT GRD 17539,61	 $11.03 
03000732D000	KEYBLK FLAT GRD 17549,17604	 $4.45 
03000869D00A	KEYBLK FLAT GRD BATES	 $3.60 
11031847000A	KEYBLK FLAT GRD S&G 87H	 $1.38 
MSN74016000A	KEYBLK GRD FLT MAX 5/8	 $0.73 
03002076000B	KEYBLK PARA     CHICAGO DIAL S	 $1.33 
03002076000C	KEYBLK PARA     CHICAGO DIAL S	 $1.34 
11003714000C	KEYBLK PARA     CHICAGO K103	 $1.68 
11031465000A	KEYBLK PARA     FORT K-775	 $2.57 
11033298D00A	KEYBLK PARA     HUDSON DIAL IN	 $2.49 
11033274000A	KEYBLK PARA     HUDSON FOR JC	 $9.23 
01054190D000	KEYBLK PARA     MOSLER 73766 L	 $11.66 
11029878D000	KEYBLK PARA     NATL R,RM KEYS	 $4.38 
03000940D000	KEYBLK PARA     S&G 87RG	 $8.50 
11033132D00A	KEYBLK PARA     STWL 826B	 $10.07 
11033132D00B	KEYBLK PARA     STWL 826B	 $11.99 
11033286D00A	KEYBLK PARA     STWL 829	 $4.45 
11033286D00B	KEYBLK PARA     STWL 829	 $4.45 
11033149D00A	KEYBLK PARA     STWL 922	 $4.80 
11032960000A	KEYBLK PARA     YALE 10E3R	 $3.28 
11032960D00A	KEYBLK PARA     YALE 10E3R	 $4.38 
11032942000A	KEYBLK PARA     YALE 10PL	 $2.25 
11033295000A	KEYBLK PARA     YALE 10QR	 $8.15 
11032925000A	KEYBLK PARA     YALE 11B3R	 $4.37 
11032929D00B	KEYBLK PARA     YALE 11D1L	 $26.27 
11032926000A	KEYBLK PARA     YALE 11D1R	 $7.40 
11032926D00A	KEYBLK PARA     YALE 11DIR	 $10.07 
11032932000A	KEYBLK PARA     YALE 11E1R	 $4.17 
11032953000A	KEYBLK PARA     YALE 11F1L	 $1.07 
11032953D00A	KEYBLK PARA     YALE 11F1L	 $4.45 
11032966D00A	KEYBLK PARA     YALE 11H1R	 $4.45 
11032923000A	KEYBLK PARA     YALE 11V2A	 $3.89 
11032923D00A	KEYBLK PARA     YALE 11V2A	 $4.45 
11032922D00A	KEYBLK PARA     YALE 12E3L	 $4.37 
11032928000A	KEYBLK PARA     YALE 12E3R	 $3.89 
11032937000A	KEYBLK PARA     YALE 12JA	 $0.99 
11032924000A	KEYBLK PARA     YALE 12KC	 $3.89 
11032947000A	KEYBLK PARA     YALE 12KF	 $8.15 
11032964D00A	KEYBLK PARA     YALE 12PL	 $4.37 
11032943000B	KEYBLK PARA     YALE 13PL	 $6.22 
11032961000A	KEYBLK PARA     YALE 13QR	 $2.67 
11032961D00A	KEYBLK PARA     YALE 13QR	 $4.45 
11033121000A	KEYBLK PARA     YALE 3211C	 $8.15 
11033121D00A	KEYBLK PARA     YALE 3211C	 $10.07 
11033106D00A	KEYBLK PARA     YALE 56C B2L 1	 $10.07 
11033293000A	KEYBLK PARA     YALE 56C B6L 1	 $8.15 
11033293D00A	KEYBLK PARA     YALE 56C B6L 1	 $10.07 
11033162000A	KEYBLK PARA     YALE 56C B6R 1	 $8.15 
11033156D00B	KEYBLK PARA     YALE 56C E5R	 $10.07 
11033114D00A	KEYBLK PARA     YALE 56C E5R 1	 $4.23 
11032949D00A	KEYBLK PARA     YALE 56C F3L 1	 $4.45 
11033139000A	KEYBLK PARA     YALE 56C F3L 1	 $2.87 
11033283000A	KEYBLK PARA     YALE 56C F3R 1	 $3.89 
11033287D00A	KEYBLK PARA     YALE 766C C10L	 $10.07 
11033288000A	KEYBLK PARA     YALE 766C C10R	 $4.45 
11033288D00A	KEYBLK PARA     YALE 766C C10R	 $4.45 
11033286000A	KEYBLK PARA     YALE 766C C13L	 $3.89 
11033137000A	KEYBLK PARA     YALE 766C C14L	 $3.89 
11033145000A	KEYBLK PARA     YALE 766C C14R	 $2.98 
11033290000A	KEYBLK PARA     YALE 766C C15R	 $2.84 
11033147000A	KEYBLK PARA     YALE 766C D2R	 $3.92 
11033147D00A	KEYBLK PARA     YALE 766C D2R	 $5.58 
11032963000A	KEYBLK PARA     YALE 767C C6R	 $3.89 
11033132000B	KEYBLK PARA     YALE 768C C5R	 $27.33 
03001471D000	KEYBLK PARA     YALE 8E1R	 $5.29 
30021270000	KEYBLK PARA   K5  3319 LOCK	 $1.57 
10541920000	KEYBLK PARA  CAT15	 $0.73 
11034404D00A	KEYBLK PARA  REPLACEMT FOR KB	 $10.07 
03000701D000	KEYBLK PARA CST 17535,17605	 $8.33 
03001968D00A	KEYBLK PARA CST 17547	 $11.99 
03000702D000	KEYBLK PARA CST 17608,09	 $4.05 
11033278D00A	KEYBLK PARA CST LEFEBURE	 $3.99 
11033281D00A	KEYBLK PARA CST LEFEBURE	 $8.89 
11033282D00A	KEYBLK PARA CST LEFEBURE	 $8.50 
11033279D00A	KEYBLK PARA CST LEFEBURE 84-22	 $16.16 
10541880000	KEYBLK PARA CST MOSLER 73732	 $7.18 
03001384D000	KEYBLK PARA CST MOSLER 73765	 $4.05 
03000656D00B	KEYBLK PARA CST REVERSE GROOVE	 $8.33 
11031652000A	KEYBLK PARA CST S&G 60G	 $2.23 
11031633000A	KEYBLK PARA CST S&G 96G	 $7.95 
11033312000A	KEYBLK PARA CST SECURITY A-B76	 $6.64 
11033157D00A	KEYBLK PARA CST YALE 766C D2R	 $5.68 
81013124D00A	KEYBLK PARA CST/GRD S610C	 $10.13 
11031633D00A	KEYBLK PARA CUST S&G 96G	 $6.51 
03000078D00A	KEYBLK PARA GRD 17510,42,47	 $2.71 
03000740D000	KEYBLK PARA GRD 17535,17602	 $4.05 
03000631D000	KEYBLK PARA GRD 605,650,634	 $4.23 
03000078D00E	KEYBLK PARA GRD REVERSE GRV	 $7.15 
11029878000B	KEYBLK PARA NATL R,RM KEYS BRA	 $1.88 
11034346000A	KEYBLK PARA SECURITY SY8 'GUAR	 $2.32 
01054186000B	KEYBLK, 4 PIN, BRASS	 $2.07 
MSN73737000A	KEYBLK-NO SHLF CUT-STMPMOSLER(	 $0.70 
TSN65605000A	Keyboard	 $1,386.01 
11038054000A	KEYBOARD      PELCO	 $1,898.18 
11037938000A	KEYBOARD     FOR PELCO 8500	 $1,825.17 
11038439000A	Keyboard - Pelco	 $1,068.74 
NZ0000003432	KEYBOARD 16-KEY STD 5674/75	 $657.72 
NZ0000003431	KEYBOARD 16-KEY TACTILE 5684/8	 $657.72 
NZ0000002896	keyboard 16key tactile braile	 $767.34 
BTC8557HL000	KEYBOARD CABLE  100 FT  BURLE	 $143.55 
19063809000A	Keyboard for SD Series DVR	 $753.64 
19013031000A	KEYBOARD HEXADECIMAL	 $24.24 
49012888000A	KEYBOARD MOUNTING BRACKET	 $23.99 
NZ0000002459	KEYBOARD OVERLAY	 $0.02 
NZ0000001522	Keyboard Shelf, Plastic - 5684	 $260.89 
19063808000A	Keyboard with joystick for SD Series DVR	 $808.45 
19047540000A	Keyboard, 104 key, USB, black	 $62.16 
MSN87412000A	KEYBOARD, 12 BUTTON *AMP #0-92	 $0.00 
49014981000K	KEYBOARD,101 KY,PS/2	 $0.00 
11040001000A	KEYBOARD,101,AT	 $224.60 
MSN67554000A	KEYBOARD,ALARM CONTROL *DIGITR	 $30.04 
PLCM8505D000	KEYBOARD,CM8500,DESKTOP,NTSC	 $2,641.84 
19057366000A	KEYBOARD,CMPTR	 $41.73 
19057372000A	KEYBOARD,CMPTR	 $41.73 
19057379000A	KEYBOARD,CMPTR	 $41.73 
19057380000A	KEYBOARD,CMPTR	 $62.16 
19057375000A	KEYBOARD,CMPTR,STD	 $62.16 
11065512000A	KEYBOARD,RS232,TOUCH TRACKER,	 $1,749.94 
19057331000A	KEYBOARD,TRACKER,32 X 5,NTSC,120VAC	 $3,418.78 
19041901000A	KEYFOB,PRGM,FINGERPRINT	 $23.38 
01038099000C	KEYHOLE IND. BLUE  1=BOX OF 25	 $21.96 
01038099000E	KEYHOLE IND. GREEN  1=BOX OF 2	 $28.50 
01038099000F	KEYHOLE IND.ORANGE  1=BOX 0F 2	 $21.96 
11031491000A	KEYLOCK    S&G#821	 $16.46 
00018079000A	KEYLOCK 15 MIN KEYWIND	 $1.68 
11044745000A	KEYLOCK ASM DYNAKEY 5952	 $29.56 
11018923000A	KEYLOCK FOR 123-97	 $43.54 
10870190000	KEYLOCK LEDGER TRAY SAFE KEYD	 $22.86 
390022940SKN	KEYLOCK SET  SPEC KEYING	 $388.85 
390022940SKC	KEYLOCK SET TO SPECIFIC NUMBER	 $98.12 
MSN78634188A	keylock, non-master	 $13.79 
11035300181A	KEYLOCKING T HANDLE, MCS CODE	 $106.33 
11066376000A	KeyMark X4 Key 7 Pin	 $34.47 
11050522000A	KEYPAD	 $198.80 
11051584000A	KEYPAD	 $815.41 
NZ0000002014	KEYPAD  OPERATOR I/F 20-KEY	 $34.53 
19036303000A	KEYPAD & ENCL,(XE1-RDR)	 $252.13 
NZ0000003006	KEYPAD 16-KEY BRAILLE	 $1,939.14 
NZ0000002881	KEYPAD 16-KEY MEMBRANE TACTILE	 $31.79 
BRP00107000A	KEYPAD ASSEMBLY	 $0.05 
11042294000A	Keypad Assy 1062-A	 $385.78 
11047588000A	KEYPAD ASSY,900A CUSTOMER UNIT	 $1,030.10 
19065978000A	Keypad Cover Adapter Plate	 $23.39 
11041330000A	KEYPAD COVER, BLACK	 $30.15 
MH201050000B	KEYPAD DOWN LOCK	 $0.05 
11044746000A	KEYPAD DYNAKEY 5952	 $280.82 
11050523000A	KEYPAD FOR DSC SECURITY PANEL	 $256.21 
11038393000A	Keypad for Reader	 $68.52 
BRP00123000A	KEYPAD LEGENDS	 $0.05 
39006772000E	KEYPAD MEMBRANE	 $4.28 
11038681000A	Keypad PCB model 2110-2112	 $353.53 
11038682000A	Keypad PCB model 2120-2122	 $419.30 
11050524000A	KEYPAD ZONE CONTROL WITH EXIT	 $377.92 
11038999000A	KEYPAD,  EXIT CONTROLLER	 $54.81 
11048225000A	KEYPAD, ESL 20 #0625061	 $250.84 
MSN94067000A	KEYPAD, ROUND DIGITAL USE N944	 $0.00 
MSN94117000A	KEYPAD, RUBBER BASED KEYS	 $18.57 
MSN69266000A	KEYPAD, UPGRADE KIT     I.T. C	 $207.00 
11062294000A	KEYPAD, VISTA, FRENCH, #6151FR	 $137.55 
DM793DEM0000	KEYPAD,DEMO,793	 $271.31 
31018295000A	KEYPAD,DUAL,OVERLAY	 $94.90 
NZ0000002838	KEYPAD,FDKS BRAILLE SUNLIGHT	 $3,325.87 
39009458000A	KEYPAD,LCD,FR PNL MT	 $244.89 
39009459000A	KEYPAD,LCD,FR WALL MT	 $303.95 
49008089000A	KEYPAD,LCD,OPR,PNL MT	 $473.43 
TSN92033000A	Keypad-420	 $596.96 
MSZ60070350A	KEYPAD-CONTROL	 $146.70 
MSZ60072110A	KEYPAD-CONTROL,DS7091	 $134.29 
MSN73969000A	KEYPOST GUARD	 $3.92 
MSN89471000A	keys	 $6.56 
11065368000A	KEYS - CUT KEYS (2)	 $90.56 
RRKEYS000000	KEYS REPAIR AND RETURN	 $0.05 
000503570SOC	KEYS SOCIETY NATL BRAILLE	 $45.00 
MSN88362000A	KEYS, RENTER - FLAT (PAIR)	 $1.94 
MSN89474000A	KEYS, RENTER-FLAT (PAIR) 59000	 $3.35 
ULDPK0000000	KEYS,SW,HOLD UP,DP SERIES	 $1.53 
ULWAK1000000	KEYS,WIEGAND,WKR-1	 $13.71 
TSN93483000A	KEYSWITCH	 $101.05 
110134750SK0	KEYSWITCH  SPEC KEYING-SPECIFI	 $89.04 
88011209000A	KEYSWITCH WAFER STYLE 6 KEY 3-	 $60.11 
89027754000A	KEYSWITCH, FUTABA	 $2.67 
89027755000A	KEYSWITCH, FUTABA	 $2.94 
89027753000A	KEYSWITCH, FUTABA  MA-41J	 $2.67 
ULMRASK116T0	KEYTAG,PROX RDR,100 PK	 $964.39 
ULASK116T000	KEYTAG,PROX,MOT	 $8.23 
00050510000H	KEYTOP KIT,BRAILLE,BLK	 $12.51 
00050510000A	KEYTOP KIT,BRAILLE,BLU	 $58.59 
00050510000J	KEYTOP KIT,BRAILLE,BRN	 $55.80 
00050510000E	KEYTOP KIT,BRAILLE,DK GRN	 $54.90 
00050510000C	KEYTOP KIT,BRAILLE,LT GRN	 $58.59 
00050510000G	KEYTOP KIT,BRAILLE,ORN	 $54.90 
00050510000F	KEYTOP KIT,BRAILLE,RED	 $24.30 
00050510000B	KEYTOP KIT,BRAILLE,RYL BLU	 $58.59 
00050510000K	KEYTOP KIT,BRAILLE,TAN	 $58.59 
00101254000B	KEYTOP SET,8 KEYS,OPN,BRAIL,1X8	 $24.17 
00050779000C	KEYTOP SET,FCTN,BRAILLE A/D,WHT	 $3.60 
39010790000E	KEYTOP SET,LGE,BRAILLE,DK GRN/WHT	 $70.03 
39010790000J	KEYTOP SET,LGE,BRAILLE,LT GRN/WHT	 $70.03 
39010790000H	KEYTOP SET,LGE,BRAILLE,ORN/WHT	 $70.03 
39010790000G	KEYTOP SET,LGE,BRAILLE,RED/WHT	 $70.03 
39010790000F	KEYTOP SET,LGE,BRAILLE,RYL BLU/WHT	 $70.03 
00050354000A	KEYTOP SET,RYL BLU	 $37.80 
00050356000D	KEYTOP,1QZ,LT BLU	 $1.00 
39005713002A	KEYTOP,2ABC,BLU W/WHT LETTERS	 $10.58 
39005713003A	KEYTOP,3DEF,BLU W/WHT LETTERS	 $10.58 
39005713004A	KEYTOP,4GHI,BLU W/WHT LETTERS	 $10.68 
39005713005A	KEYTOP,5JKL,BLU W/WHT LETTERS	 $10.68 
39005713006A	KEYTOP,6MNO,BLU W/WHT LETTERS	 $10.68 
39005713007A	KEYTOP,7PRS,BLU W/WHT LETTERS	 $10.68 
39005713008A	KEYTOP,8TUV,BLU W/WHT LETTERS	 $10.68 
39005713009A	KEYTOP,9WXY,BLU W/WHT LETTERS	 $10.68 
39005713000A	KEYTOP,ZERO,BLU W/WHT LETTERS	 $10.68 
00050357000B	KEYTOPS BLACK BRAILLE	 $58.59 
00050359000A	KEYTOPS BROWN	 $36.00 
00050357000F	KEYTOPS DARK GREEN BRAILLE	 $55.80 
00050357000D	KEYTOPS LIGHT BLUE BRAILLE	 $58.59 
00050351000A	KEYTOPS LIGHT GREEN	 $36.00 
00050357000G	KEYTOPS LIGHT GREEN BRAILLE	 $58.59 
00050357000A	KEYTOPS RED BRAILLE	 $58.59 
00050361000A	KEYTOPS WHITE/BLACK	 $25.20 
89028757000A	KICK PULLEY BELT	 $1.40 
89031135000A	KIMBALL RETURN KIT	 $1.22 
11032216000A	KINESCOPE FOR TR930	 $164.43 
TP820631001A	Kiosk Installation and Service Manual	 $19.80 
41027066000A	KIOSK, 2-KY(VERAPASS)	 $29,637.00 
41027067000A	KIOSK, 4-KY (VERAPASS)	 $34,965.00 
00051040000C	kit # 3 (1060 only)	 $129.28 
00051029000C	kit #1 (all machines)	 $140.81 
00050140000A	KIT #3 1060 ONLY	 $71.49 
11066444000A	Kit Brake Board	 $491.47 
11066440000A	Kit Brake Replacement	 $1,354.07 
11066407000A	Kit Call Button	 $550.28 
11066457000A	Kit Door Close Spring	 $83.33 
11066425000A	Kit Drive Replacement	 $4,044.16 
TSN94679000A	KIT FEEDER REBUILD 7560	 $4,163.96 
11066454000A	Kit Flap Spring	 $211.36 
11066458000A	Kit GC Left Door Pushrod	 $168.35 
11066460000A	Kit GC Magnetic Over Run	 $1,102.50 
11066472000A	Kit Gcar Maintenance	 $923.01 
19011914000A	KIT HOLDUP LOOP	 $397.85 
11066446000A	Kit Inside Stablilizer	 $661.94 
11066439000A	Kit Large Tape Block	 $470.23 
11066445000A	Kit Outside Stabilizer	 $783.00 
TSN94657000A	KIT P.M. LOWER TRANSPORT 6600C	 $1,207.31 
TSN94658000A	KIT P.M. STRAPPER CU-3003	 $904.58 
NZ0000003490	KIT PRESENTER FILTR-AIR 56XX	 $78.93 
11066452000A	Kit Radius Replacement	 $1,647.48 
11066471000A	Kit Threaded Rod	 $328.67 
19015868000A	KIT TRAILING             --	 $205.81 
11066459000A	Kit Upgrade GC Spring Pushrod w Guide Blocks	 $231.59 
00157709000A	KIT, 816, WIDEBAND, PBX, INTFC	 $1,827.00 
19016596000A	KIT, ANSWER MODEM	 $27.54 
MSN90250000A	KIT, BATTERY SUPPORT	 $47.84 
11040365000C	KIT, CALL SWITCH	 $169.12 
49206817000C	KIT, CASH ACPTR, UPGR	 $84.27 
MSN93639000A	KIT, CONNECTOR	 $32.45 
MSN79593000A	KIT, DIAL RING VAULT DOOR 3/8-	 $268.84 
MSZ17103620A	KIT, HARDWARE N70549	 $179.78 
MSN94555000A	KIT, HARDWARE-16 I/O PANEL	 $14.16 
11062251000A	KIT, PROM-CALNAT	 $236.25 
11041790000A	KIT, ROLLER & RINET FOR SLIDES	 $1.47 
MSN64411000A	KIT, STATIC SUPPRESSOR	 $202.55 
11048014000A	KIT, TECH PROTECTION	 $152.17 
MSN78552000A	KIT, VALVE DOOR SCREW - FUSIBL	 $0.00 
MSN78553000A	KIT, VALVE DOOR SCREW - FUSIBL	 $0.00 
39013156003A	KIT,4 RUBBER FEET	 $5.82 
41023042000C	KIT,ACCESSORY,AHD	 $1,024.38 
11040335000B	KIT,AUDIO INTFC	 $111.08 
41017370000B	KIT,AUDIO RETROFIT,DRAWER,816	 $1,302.67 
41017367000B	KIT,AUDIO UPGRADE VAT 21,23,30,EASY AIRE	 $763.25 
41017638000B	KIT,AUTOBANKER,AUDIO,RETRO	 $666.95 
NZ0000002915	KIT,BLADE ANVIL REC PRTR	 $21.92 
49250083000A	KIT,CA,LGC,SNSR,TOP,BOTTOM,IDM BD	 $260.42 
41019213523A	KIT,CASH TRAY CORE MSTRD	 $21.38 
41020300000A	KIT,COVER,AUDIO SWITCHER	 $109.07 
49003101000A	KIT,COVER-PAINTED FOR RFI	 $128.51 
00051247U00D	KIT,CRD RDR CLNR,7MICROFIBER CARDS+ 1SMRT CARD	 $370.01 
41017001000B	KIT,FACEADE DOOR PLATE UPGRADE	 $468.17 
41021376000A	KIT,FINGERPRINT READER	 $1,016.97 
39013156008A	KIT,GEAR	 $9.65 
11048009000A	KIT,HA33 RECEIPT CLP RETRO FIT	 $200.53 
41022838000A	KIT,HANDLE,BAR,DOOR,VAULT,CNTRY	 $646.38 
41022832000A	KIT,HANDLE,RND,DOOR,VAULT,CNTRY	 $646.38 
41018477000C	KIT,HEATER,COUNTERETTE	 $1,408.35 
41018477000D	KIT,HEATER,COUNTERETTE	 $1,257.27 
41021051000A	KIT,INSTL TEMPL	 $58.18 
41017478000B	KIT,INTFC,816,PBX	 $1,851.63 
41020344000A	KIT,LG BASIC,SINGLE COMBO	 $303.97 
1750369101	KIT,LG BASIC,TWO COMBO	 $406.99 
41020371000A	KIT,LG BASIC,TWO COMBO	 $291.61 
49218145000B	KIT,LINKAGE ASSY,TRIM CAP,720 FL,4 HI	 $108.25 
41021661000B	KIT,LK, ELECT,DUAL USER	 $285.52 
1750369533	KIT,LK,DEADBLT,COMBOGRD PRO	 $388.55 
41023108000B	KIT,LK,DEADBLT,COMBOGRD PRO	 $472.30 
41021660000B	KIT,LK,ELECT,SGL USER	 $293.45 
1750369527	KIT,LK,ESWGBLT,COMBOGRD PRO	 $461.27 
41023057000B	KIT,LK,ESWGBLT,COMBOGRD PRO	 $404.83 
41020265000A	KIT,LOCK PROTECTION	 $13.50 
41021020000A	KIT,MAG SWITCH,METRICS	 $53.92 
41020849000B	KIT,NON-ENV SLOT,MNL/ELEC,AHD	 $34.07 
TSN94611000A	KIT,PC BOARDS,PWA-S-AKO	 $3,394.69 
39013156010A	KIT,PLATEN REPLACEMENT	 $73.34 
39013156009A	KIT,PRINT MECH FRAME	 $65.33 
41017479000A	KIT,PRV HNDST,UPGRADE,INTCON TO 816	 $268.18 
AMAB01344A00	KIT,REVOLVER UPGRADE	 $5.82 
49013316XXXB	KIT,SD PNL,LWR,RL	 $250.15 
41021021000A	KIT,SENSOR INTFC,METRICS	 $608.21 
49230033004A	KIT,SRVC,COIN HPR,1 RUBLE	 $41.28 
49230033002A	KIT,SRVC,COIN HPR,10 COPICS	 $41.28 
49230033005A	KIT,SRVC,COIN HPR,2 RUBLES	 $41.28 
49230033001A	KIT,SRVC,COIN HPR,5 COPICS	 $41.28 
49230033006A	KIT,SRVC,COIN HPR,5 RUBLES	 $41.28 
49230033003A	KIT,SRVC,COIN HPR,50 COPICS	 $41.28 
49217631000A	KIT,THRMST,ATM	 $97.36 
29009091000E	KIT,TOKEN RING INTFC,1062ux/1072ix/1073ix	 $67.37 
41019212502A	KIT,UC CORE MSTRD	 $24.55 
41019212514A	KIT,UC CORE MSTRD	 $24.55 
41019212517A	KIT,UC CORE MSTRD	 $24.55 
41019212518A	KIT,UC CORE MSTRD	 $24.55 
41019212520A	KIT,UC CORE MSTRD	 $24.55 
41019212524A	KIT,UC CORE MSTRD	 $24.55 
41019356000C	KIT,UNIV,816 AUD RETRO,DBD/FOR,PNEU SYST	 $635.26 
41019356000B	KIT,UNIV,816 AUD RETRO,DBD/FOR,PNEU SYSTEMS	 $684.09 
31020726000A	KIT,VAT HEATER,RETROFIT	 $305.30 
31020269000B	KIT,VAT LANE ID,5-8	 $17.70 
41022973000A	KIT,VAT SERVICE BASE	 $675.53 
11038978000B	KIT,WIND NOISE,ENHANCED	 $86.69 
19013376000A	KIT-ATM CAMERA INTERFACE	 $344.49 
11065937000A	KIT-BOA-ATM-T  BOFA ONLY/INCL.	 $2,370.06 
19013389000A	KIT-FIELD INSTL NEW BELL	 $330.42 
MSZ76250890A	KIT-PRESSURE SENOR PROT	 $38.75 
89030151000A	kmg35vb47m capacitor	 $2.85 
NZ9980879290	knife assy tec 40 column	 $274.05 
MSN51349000A	KNIFE, PUTTY *SEARS #42024*	 $12.83 
19042344119A	KNOB	 $75.92 
19042344208A	KNOB	 $74.76 
21018442000A	KNOB	 $23.27 
31018329000A	KNOB	 $2.57 
MSZ69570140A	KNOB	 $5.60 
TSN88867000A	KNOB	 $2.21 
TSN89149000A	KNOB	 $0.00 
MSN84757000A	KNOB & FLANGE ASSB.,DEFDR I T.	 $16.22 
49215775000A	KNOB W/ GEAR,SPUR,M 01.00MDL,016T	 $11.78 
MSN86572000A	KNOB, VOLUME CONTROL *ALCO ELE	 $7.72 
MSN76250000A	KNOB,DISENGAGING*HARRY DAVES M	 $7.49 
TSN90472000A	KNOB,JAM-C	 $0.00 
TSN90698000A	KNOB,K5022L	 $3.83 
29010278000A	KNOB,PLSTC,BLU,FLTD	 $3.07 
29017068000A	KNOB,PLSTC,MED GRY,W/IND	 $12.29 
MSZ89010220A	KNOB-PULL	 $43.52 
TE000171VICS	Kodak Gray Scale Q-14	 $305.64 
00052048000L	KODAK TRIPOD	 $20.21 
TP799995001A	KOREAN DBCS VIDEO FEATURE OP G	 $19.80 
TS4843201073	KS-G3PA 210B VD	 $196.63 
11050526000A	KTA 300	 $794.75 
19062736000A	KTC-XP3 ULTRAVIEW WDR,520 TVL	 $1,283.44 
01021898000F	KY, ENV, CUST	 $1.07 
NZ0000003014	KYBD ASM 16-KEY TACT.POLYDOME	 $986.58 
PLKBD3000000	KYBD DESKTOP FULL FUNC JOYSTICK	 $1,182.31 
PLKBD1000000	KYBD DESKTOP VID ONLY	 $334.61 
00050350000A	KYBD KEYTOP	 $37.80 
00050352000A	KYBD KEYTOP	 $37.80 
00050353000A	KYBD KEYTOP	 $36.00 
00050355000A	KYBD KEYTOP	 $37.80 
00050357000C	KYBD KEYTOP	 $58.59 
00050357000E	KYBD KEYTOP	 $58.59 
00050358000A	KYBD KEYTOP	 $41.68 
00050360000A	KYBD KEYTOP	 $36.00 
39016612000A	KYBD KIT,VIRTUAL,SFTW,PWR SPLY & CA,120VAC	 $685.13 
49242443000D	KYBD MTG BRKT	 $20.03 
11043239000A	KYBD W/JOYSTICK,DVR,SD SERIES	 $808.45 
19040091000A	KYBD WDG	 $120.96 
19019062000G	KYBD,011 KY,ELAS DOME,FULL MTN,ALPHA NUM,BLU/BLK	 $71.01 
19035344000D	KYBD,011 KY,LGE,BRL,CANC,GRY/BLK	 $205.54 
19038264000A	KYBD,021 KY,MEMB,CD RDR	 $90.38 
21017575000A	KYBD,101 KY,ARABIC	 $0.00 
19046871000A	KYBD,1V	 $507.00 
ULRD500X0000	KYBD,CNTRL,FULL FUNC,PTZ,RD-500	 $2,282.84 
ULRD530X0000	KYBD,CNTRL,LCD DSPLY,VAR PTZ,RD-530	 $1,657.53 
49216119014A	KYBD,FCTN,LEFT	 $28.35 
49216119013A	KYBD,FCTN,RIGHT	 $28.35 
49012950000A	KYBD,OPN,0.70 CTR,W/O BEZEL	 $95.00 
19057398000A	KYBD/MOUSE,UNIV,8 FT,VGA	 $112.37 
19053065000A	KYPD DSPLY,RSD 2000	 $720.89 
19047051000A	KYPD PNL,DSPLY CNTRL	 $1,644.30 
19047052000A	KYPD PNL,DSPLY CNTRL	 $2,192.40 
11044773000A	KYPD W/LOCK &BEZEL DYNAKEY5962	 $702.05 
DM7755200000	KYPD,ACCESS,CONDUIT,BACKBOX,670,790 SERIES,1-1/2IN,IVORY	 $24.61 
DM7756100000	KYPD,ACCESS,CONDUIT,BLACKBOX,670,770 SERIES,1-1/2IN,BLK	 $25.21 
DMWR00040000	KYPD,ACCESS,HARNESS,REPL,670,690,4-PIN	 $5.75 
DM6161000000	KYPD,ACCESS,HSG,BLK,670,770,771	 $25.49 
DMLED6100000	KYPD,ACCESS,HSG,BLK,692	 $17.93 
DMLED5200000	KYPD,ACCESS,HSG,IVORY,692	 $17.93 
DM8181000000	KYPD,ACCESS,HSG,RED,670,770,771	 $25.90 
DM5151000000	KYPD,ACCESS,HSG,WHT,670,770,771	 $24.61 
DMLED5100000	KYPD,ACCESS,HSG,WHT,692	 $17.81 
ULACT2K00000	KYPD,ACT,2-WIRE,NON-DEDICATED,CPU	 $1,342.85 
ULACT2002K00	KYPD,ACT,LOW PROFILE,2-WIRE,NON-DEDICATED,CPU	 $1,342.85 
DM790DEM0000	KYPD,DEMO,790	 $134.29 
ULA50001700A	KYPD,DSPLY CNTRL PNL,DCP-8UD	 $548.10 
ULACTK000000	KYPD,FXD,BASIC	 $822.15 
DM6905200000	KYPD,LCD DISPLAY,PANIC KEYS,IVORY	 $177.59 
DM6905100000	KYPD,LCD DISPLAY,PANIC KEYS,WHITE	 $177.59 
DM6926100000	KYPD,LED DISPLAY,PANIC KEYS,BLK	 $79.48 
DM6925200000	KYPD,LED DISPLAY,PANIC KEYS,IVORY	 $81.95 
ULACT2004K00	KYPD,MT,LOW PROFILE,ACT RDR	 $1,342.85 
ULKEYPAD2X60	KYPD,MULLION,THIN LINE,2X6	 $383.67 
19055367000A	KYPD,PROX,4-ZONE,IVORY	 $500.00 
ULACT4K00000	KYPD,RDR,ACT	 $1,342.85 
ULKEYPAD3X40	KYPD,SOL STN STL,3X4	 $665.95 
DM7435200000	KYPD,SUB CNTRL SERIES FORM C RELAY,PROX,IVORY	 $458.08 
DM7406100000	KYPD,SUB CNTRL SERIES,BLK	 $122.99 
DM7416100000	KYPD,SUB CNTRL SERIES,FORM C RELAY,BLK	 $149.47 
DM7415200000	KYPD,SUB CNTRL SERIES,FORM C RELAY,IVORY	 $149.47 
DM7436100000	KYPD,SUB CNTRL SERIES,FORM C RELAY,PROX,BLK	 $458.08 
DM7435100000	KYPD,SUB CNTRL SERIES,FORM C RELAY,PROX,WHT	 $458.08 
DM7415100000	KYPD,SUB CNTRL SERIES,FORM C RELAY,WHT	 $149.47 
DM7405200000	KYPD,SUB CNTRL SERIES,IVORY	 $122.99 
DM7405100000	KYPD,SUB CNTRL SERIES,WHT	 $122.99 
11048589000A	L KEYBLANK	 $3.88 
BTC9329WM000	L SHAPED MTG BRKT FOR BTC9329	 $195.75 
38000481000A	L. REAR PNL ASSY.	 $293.20 
89026931000A	L.H. CONTACT COVER	 $3.08 
01049984L000	L/H HINGE DOOR PC.	 $5.17 
01048525L000	L/H JAMB HINGE	 $8.10 
21010834033B	L/H LOCK DEB-33/MK-24	 $8.47 
29010834033B	L/H LOCK DEB-33/MK-24 2 KEYS E	 $8.47 
29010834034B	L/H LOCK DEB-34/MK-24	 $8.47 
29010834035B	L/H LOCK DEB-35/MK-24	 $8.47 
29010834036B	L/H LOCK DEB-36/MK-24	 $8.47 
29010834037B	L/H LOCK DEB-37/MK-24	 $8.47 
29010834038B	L/H LOCK DEB-38/MK-24	 $8.47 
29010834039B	L/H LOCK DEB-39/MK-24	 $8.47 
29010834040B	L/H LOCK DEB-40/MK-24	 $8.47 
29010834041B	L/H LOCK DEB-41/MK-24	 $8.47 
29010834042B	L/H LOCK DEB-42/MK-24	 $8.47 
29010834043B	L/H LOCK DEB-43/MK-24	 $8.47 
29010834044B	L/H LOCK DEB-44/MK-24	 $8.47 
29010834045B	L/H LOCK DEB-45/MK-24	 $8.47 
29010834046B	L/H LOCK DEB-46/MK-24	 $8.47 
29010834047B	L/H LOCK DEB-47/MK-24	 $8.47 
29010834048B	L/H LOCK DEB-48/MK-24	 $8.47 
29010834049B	L/H LOCK DEB-49/MK-24	 $8.47 
29010834050B	L/H LOCK DEB-50/MK-24	 $8.47 
29010834051B	L/H LOCK DEB-51/MK-24	 $8.47 
29010834052B	L/H LOCK DEB-52/MK-24	 $8.47 
29010834053B	L/H LOCK DEB-53/MK-24	 $8.47 
29010834054B	L/H LOCK DEB-54/MK-24	 $8.47 
29010834055B	L/H LOCK DEB-55/MK-24	 $8.47 
29010834056B	L/H LOCK DEB-56/MK-24	 $8.47 
29010834057B	L/H LOCK DEB-57/MK-24	 $8.47 
29010834058B	L/H LOCK DEB-58/MK-24	 $8.47 
21010834059B	L/H LOCK DEB-59/MK-24	 $8.47 
29010834059B	L/H LOCK DEB-59/MK-24	 $8.47 
29010834060B	L/H LOCK DEB-60/MK-24	 $8.47 
29010834061B	L/H LOCK DEB-61/MK-24	 $8.47 
29010834062B	L/H LOCK DEB-62/MK-24	 $8.47 
29010834063B	L/H LOCK DEB-63/MK-24	 $8.47 
29010834064B	L/H LOCK DEB-64/MK-24	 $8.47 
L20200220000	L\H Front or R\H Bottom Cover	 $93.73 
BRP00577000A	L0CK SPACER	 $0.05 
1750364595	L1 BEAM BAB Kit Inside Base Board	 $1,255.96 
1750364591	L2 BEAM BAB Kit Outside Base Board (POHD Order, DBD # not valid)	 $-   
TM000397001A	LA GARD COMBOGARD PRO ELECTRONIC LOCK SERVICE,INSTALLATION AND PARTS MANUAL	 $132.30 
19085567000A	LAB SFIC Long Springs	 $25.51 
10613950000	LABEL	 $11.66 
11041868000A	LABEL	 $37.76 
19010675000A	LABEL	 $1.89 
21014383000A	LABEL	 $18.27 
28000536000A	LABEL	 $2.30 
29001674000A	LABEL	 $27.14 
29001679000A	LABEL	 $53.14 
29003093000A	LABEL	 $9.00 
29003279000A	LABEL	 $0.67 
29003295000A	LABEL	 $0.90 
29007293000A	LABEL	 $14.87 
48000406000E	LABEL	 $2.05 
11031593000A	LABEL      "WOODGRAIN"   10-06	 $6.24 
12006517000A	LABEL     "IN/OUT"	 $0.65 
27000831000A	LABEL     "YORK"  "C"  12-81-8	 $0.61 
48020032000A	LABEL    "CUST CONT- 48-417" 1	 $7.34 
28000537000A	LABEL    "HOLD/POWER"  132-10-	 $0.77 
17002184000A	LABEL    "PARTS LIST"   51-80	 $0.45 
11031375000A	LABEL    "PLEASE NOTE"   D.U.W	 $34.43 
29000859000A	LABEL    "SHOCK HAZARD"	 $0.82 
68004675000C	LABEL    "TELLER ID #11"    13	 $11.03 
68004675000E	LABEL    "TELLER ID #12"    13	 $11.03 
10657070000	LABEL    "WARNING"   116-01,02	 $11.51 
17002258000A	LABEL   "DUE TO THE DESIGN"	 $0.20 
19014275000A	LABEL   1323	 $4.05 
L2000321R000	LABEL  -HANDLE- RIGHT HAND	 $8.10 
21021172000A	LABEL - LIFT FOR AIR	 $2.71 
00052465000A	Label - PPESS SEND TO OPEN DOOR	 $33.62 
89026796000A	LABEL ; FUSE    TTY	 $1.26 
19069280000A	Label Diebold Service Support Tool version 3.3.0	 $0.00 
39013156012A	LABEL GUIDE	 $1.76 
11032248000C	LABEL HANDLE	 $37.50 
39013156016A	LABEL HOLDER	 $1.64 
49018166000A	LABEL KIT PRNTR THRML 58.0	 $11.51 
19060012000N	LABEL KIT,500,FCTN/EPP HDPHN JK,BRL,2010 ADA	 $14.18 
49223676000A	LABEL KIT,ENA	 $9.56 
19060012000M	LABEL KIT,FCTN/EPP HDPHN JK,BRL,2010 ADA	 $24.39 
00102830000A	LABEL KIT,ICON ONLY	 $53.26 
00102922000A	LABEL KIT,ICON ONLY,1062 CONTOUR,BLK	 $189.38 
00102961000C	LABEL KIT,ICON ONLY,SHADOW GRAY	 $51.98 
00101305000M	LABEL KIT,ICON,ENG	 $30.94 
39015113000C	LABEL KIT,THRM RCPT PRNTR	 $3.83 
00103015000M	LABEL KIT,TRDTNL CHINESE(TAIW),CHAR,3030	 $2.23 
110118070000	LABEL- LATCH	 $3.54 
29002588000G	LABEL LENS	 $2.30 
00051150DCSH	LABEL PROC DCSH	 $1.20 
11043817000A	LABEL SERIAL NO CUST NO	 $0.59 
00050801000K	LABEL SET;ISERIES -SHADOW GREY	 $324.50 
49207839014A	LABEL T2+ REAR PANEL	 $2.23 
89029114000A	LABEL"VOID IF SEAL BROKEN"14=	 $0.45 
49207398000A	LABEL, ATTENTION, IDM	 $14.22 
MSN70657000A	LABEL, BLUE  *GOLSTON #45DR-4-	 $1.40 
MSN89647000A	LABEL, CARRIER END CAP - BLUE	 $3.47 
MSN89649000A	LABEL, CARRIER END CAP - YELLO	 $4.46 
MSN85736000A	LABEL, CLOCK CHANGE - 7 DAY CL	 $7.33 
29007680000A	LABEL, CONN PNL	 $23.87 
MSN79435000A	LABEL, CUSTOMER CALL CALL	 $6.16 
00051616000A	LABEL, Dep Cass Seating Instru	 $1.06 
31019842000A	LABEL, DIAGNOSTIC, VAT 23 O/H CUSTOMER	 $3.02 
29010504000B	LABEL, IDENTIFICATION	 $1.88 
MSN84392000A	LABEL, IDENTIFICATION	 $23.90 
MSN83178000A	LABEL, IDENTIFICATION - TR CON	 $0.00 
MSN88483000A	LABEL, INSTRUCTION - A SYSTEM	 $0.00 
MSN89824000A	LABEL, INSTRUCTION - A SYSTEM/	 $13.67 
MSN79433000A	LABEL, KEY SWITCH DRAWER IN/OU	 $6.16 
MSN70587000A	LABEL, LEFT HAND SENSOR WIEGAN	 $3.28 
89028422000A	LABEL, ORANGE WARNING FLUORSCE	 $0.19 
MSN70656000A	LABEL, RED  *GOLSTON #45DR-4-1	 $1.40 
MSN89874000A	LABEL, SERVICE WARRANTY	 $0.69 
MSN90887000A	LABEL, SWITCH - DRAWER	 $2.47 
MSN90889000A	LABEL, SWITCH - MASTER	 $2.71 
MSN92274000A	LABEL, WARNING NO ROLLED COIN	 $2.19 
39013040000B	LABEL,100-127V,8A,60HZ	 $3.45 
39013040000K	LABEL,115V,3A,60HZ	 $2.23 
19060012000Q	LABEL,2010 BRAILLE,OPTEVA 500	 $37.62 
29004745000A	LABEL,AC,NEUT	 $1.50 
31020262000A	LABEL,ACM IDENT	 $1.43 
49262136000A	LABEL,AFD,ILT SIDECAR	 $2.33 
11047453000A	LABEL,AHD CHUTE	 $3.88 
29007051000B	LABEL,ANNUN	 $18.48 
49242702000A	LABEL,ASD DIP,WEATHERIZED	 $2.52 
00050009PROM	LABEL,ATM	 $1.20 
31017998000B	LABEL,AUD INTFC BOX,VAT 25	 $6.04 
39002898000C	LABEL,AUDIO AMP	 $3.79 
49221709000D	LABEL,BCS 2D	 $5.27 
29002927000A	LABEL,BILL TRAP	 $4.31 
39005842000B	LABEL,BLANK PNL	 $19.23 
29010217000A	LABEL,BLANK,ID 15MM	 $0.33 
89030312000A	LABEL,BLANK,ID**SEVILLE USE ON	 $0.77 
29004946000A	LABEL,BTRY	 $4.92 
49002138000A	LABEL,BURGLAR ALRM	 $116.78 
31017825000B	LABEL,CA INTCON INTFC,VAT 7/10	 $24.80 
29001445000A	LABEL,CAMR	 $3.81 
48001253000A	LABEL,CARR IDENT,0,GRN	 $13.50 
48001253000B	LABEL,CARR IDENT,1,BLK	 $13.50 
48001253000N	LABEL,CARR IDENT,10,BRN	 $13.50 
48001253000P	LABEL,CARR IDENT,11,GRN	 $13.50 
48001253000Q	LABEL,CARR IDENT,12,RED	 $13.50 
48001253000G	LABEL,CARR IDENT,5,BLU	 $13.50 
48001253000H	LABEL,CARR IDENT,6,ORN	 $13.50 
48001253000K	LABEL,CARR IDENT,8,YEL	 $13.50 
48001253000M	LABEL,CARR IDENT,9,BLK	 $13.50 
00051140MRCH	LABEL,CASH	 $1.14 
00051140DTSI	LABEL,CASH,DTSI	 $1.42 
19056857000A	LABEL,CAUTION	 $2.11 
21014648000A	LABEL,CAUTION	 $3.71 
29003284000A	LABEL,CAUTION	 $1.78 
11032483000A	LABEL,CAUTION,ALRM PRTCTD	 $1.03 
29009575000A	LABEL,CAUTION,FUSE SIZE	 $2.29 
39008859000A	LABEL,CAUTION,HV	 $2.77 
31018858000A	LABEL,CAUTION,PWR ALERT	 $3.49 
31018860000A	LABEL,CAUTION,PWR DISC,SW	 $6.15 
31018122000A	LABEL,CAUTION,VAT	 $1.72 
39009940000B	LABEL,CD INSR	 $35.91 
29008873000A	LABEL,CD INSR,1062/72	 $26.85 
29008873000B	LABEL,CD INSR,1073/74	 $12.24 
39008597000A	LABEL,CD SWIPE	 $30.42 
39008795000C	LABEL,CD SWIPE	 $4.99 
29009319000A	LABEL,CLOSED,RED,SPCL	 $66.59 
28020744000G	LABEL,CNTRL PNL	 $11.88 
21020223000A	LABEL,CNTRL PNL,CUST,VAT-24	 $434.70 
1904287400CT	LABEL,COIN HOPPER,HIGH CAP,1 DIRHAM,UNITED ARAB EMIRATES	 $4.28 
1904287400CW	LABEL,COIN HOPPER,HIGH CAP,10 NT,TAIWAN	 $4.28 
1904287400CV	LABEL,COIN HOPPER,HIGH CAP,5 NT,TAIWAN	 $4.28 
1904287400CS	LABEL,COIN HOPPER,HIGH CAP,50 FILS,UNITED ARAB EMIRATES	 $4.28 
1904287400CX	LABEL,COIN HOPPER,HIGH CAP,50 NT,TAIWAN	 $4.28 
19042874000A	LABEL,COIN HOPPER,HIGH CAPACITY,1 DOLLAR	 $2.94 
19042874000B	LABEL,COIN HOPPER,HIGH CAPACITY,25 CENTS	 $2.94 
19042874000C	LABEL,COIN HOPPER,HIGH CAPACITY,5 CENTS	 $3.24 
1904287400CR	LABEL,COIN HOPPER,HIGH/STD CAP,25 FILS,UNITED ARAB EMIRATES	 $4.28 
1904287400CU	LABEL,COIN HOPPER,STD CAP,1 NT,TAIWAN	 $4.28 
1904287400DD	LABEL,COIN HOPPER,STD/HIGH CAP,1 RUPEE,INDIAN	 $5.67 
1904287400DC	LABEL,COIN HOPPER,STD/HIGH CAP,10 RUPEE,INDIAN	 $5.67 
1904287400DE	LABEL,COIN HOPPER,STD/HIGH CAP,2 RUPEE,INDIAN	 $5.67 
1904287400DF	LABEL,COIN HOPPER,STD/HIGH CAP,5 RUPEE,INDIAN	 $5.67 
39008714000A	LABEL,CONS PRNTR,THD	 $7.20 
29009049000A	LABEL,CRT/FCTN,A,B,C,D	 $8.80 
29009050000A	LABEL,CRT/FCTN,F,G,H,I	 $8.80 
21019235000A	LABEL,CURRENT RATING	 $0.45 
11041881000A	LABEL,DEAL DRAWER,OUT-IN	 $49.51 
39009861000A	LABEL,DENOMINATION	 $18.20 
29009554000A	LABEL,DEP CSET	 $6.35 
29009309000A	LABEL,DEP HERE	 $31.05 
29008849000C	LABEL,DEP HERE,1073	 $6.99 
29005849000B	LABEL,DEP,ISL ATM	 $21.49 
29009730000B	LABEL,DEP/CHK,BLK	 $51.16 
28020886000A	LABEL,DGNSTC	 $1.49 
28020912000A	LABEL,DGNSTC	 $1.50 
49021463000A	LABEL,DIEBOLD DIRECT	 $3.40 
29008472000A	LABEL,DIEBOLD,PRESS SENS	 $2.70 
29010951000A	LABEL,DIP RDR,1064	 $108.40 
29010951000B	LABEL,DIP RDR,1064	 $77.99 
15009003000C	LABEL,DISCARD HDW	 $2.84 
TE000128VICS	LABEL,DYMO,1 IN X 1 IN	 $107.57 
15009122000A	LABEL,DYMO,WHT MULTIPURPOSE	 $0.16 
19060012000E	LABEL,FASCIA KIT,BRL,2010 ADA	 $31.23 
19082529000K	LABEL,FASCIA KITS,BLK	 $224.72 
19060012000P	LABEL,FCTN/EPP HDPHN JK,BRL,2010 ADA	 $22.36 
19060012000R	LABEL,FCTN/LCD HDPHN JK,BRL,2010 ADA	 $37.05 
19021607000C	LABEL,FDSK,YEL	 $9.33 
29008050000A	LABEL,FEED,DETNR	 $6.83 
29001797000A	LABEL,FLM CAMR SETTING	 $4.34 
19000762000A	LABEL,FLM CRTG DATE	 $0.19 
19000761000A	LABEL,FLM CRTG INSTRN	 $1.78 
19011475000A	LABEL,FLM CRTG,ASA 400	 $0.48 
21015536000A	LABEL,FORMS	 $2.29 
21019795000A	LABEL,FRONT VAT-23 U/G	 $2.49 
29011224000A	LABEL,FUSE	 $0.30 
11040253000A	LABEL,FUSE,12A,250V	 $3.71 
11040387000A	LABEL,FUSE,8A SB,250V	 $3.71 
49204178000A	LABEL,FUSE,SYSTEM	 $3.83 
49204313000A	LABEL,FUSE,SYSTEM	 $3.83 
29008973000A	LABEL,FUSE,T8A/125V	 $1.23 
29008904000B	LABEL,FUSING	 $1.06 
29008909000A	LABEL,GND	 $3.08 
29008863000B	LABEL,HAZ VOLTAGE	 $1.70 
29010054000A	LABEL,HOT SURF	 $35.69 
49005785000A	LABEL,I/O BD	 $3.35 
49018945000A	LABEL,IDM II,1062i	 $49.33 
29001472000A	LABEL,IND PNL	 $10.58 
29001473000A	LABEL,IND PNL	 $15.98 
29009081000A	LABEL,INDICATOR	 $14.87 
49205559000A	LABEL,INK CARTRIDGE LOADING	 $1.68 
29008219000A	LABEL,INSERT CD	 $8.27 
29007349000A	LABEL,INSTRN	 $0.67 
29003404000A	LABEL,INSTRN,ENGLISH	 $2.15 
29008488000A	LABEL,JNL PRNTR	 $9.37 
29008549000A	LABEL,JNL PRNTR SPLY	 $11.00 
39007626000A	LABEL,JRNL PRNTR,THREADNG	 $4.19 
29007773000A	LABEL,KEYPAD	 $7.67 
49023007010A	LABEL,KYBD OVERLAY,16 KY,HDN,SHDW	 $5.09 
29008123000A	LABEL,LICENSE	 $1.44 
11048520000A	LABEL,LOCK/UN-LOCK,AHD	 $11.85 
19000153000A	LABEL,LOGO	 $17.42 
29000854000A	LABEL,LOGO	 $14.33 
29011029000A	LABEL,LTHM,DEN	 $0.00 
29008048000A	LABEL,MASK	 $2.49 
11041880000A	LABEL,MASTER,HEAT,ON-OFF	 $14.34 
21019914000A	Label,Metal	 $8.45 
29008796000A	LABEL,MODE SEL BOX	 $37.45 
49228580000A	LABEL,MODULE PRE-TEST	 $58.64 
19011540000A	LABEL,NICAD BATTERY	 $0.21 
TSN91164000A	LABEL,OP-CODE-CF	 $0.00 
29009320000A	LABEL,OPEN,GRN,SPCL	 $66.59 
19061898000B	LABEL,OSC CASSETTE 1 IDENT	 $12.88 
19061898000C	LABEL,OSC CASSETTE 2 IDENT	 $12.88 
19061898000A	LABEL,OSC MODULE IDENT	 $5.27 
31018859000A	LABEL,OUTGOING VOLUME	 $11.30 
29008269000A	LABEL,PATENT	 $4.64 
29009425000A	LABEL,PINCH POINT	 $1.73 
39013267000A	LABEL,PPR FEED,THRM	 $4.01 
00051150CONC	LABEL,PRCSR,CONC	 $1.13 
21017132000A	LABEL,PRESIDER,UL	 $18.27 
11049007000A	LABEL,PRI & SEC,DIVERTER	 $4.75 
21020374000A	LABEL,PRINTED	 $0.53 
41024446000A	LABEL,PRINTED SD SECTIONS	 $0.00 
29010813000A	LABEL,PRODUCT,ELM	 $6.53 
19050093000A	LABEL,PROM	 $0.55 
39006499000A	LABEL,PROM	 $0.45 
28020356000A	LABEL,PWR & AUD MDL	 $8.27 
29008465000A	LABEL,RADN WRN	 $1.85 
29010947000A	LABEL,RGLTRY UL LISTED 819A	 $8.48 
29010208000A	LABEL,RGLTRY,CSA LR45097	 $1.10 
29010212000A	LABEL,RGLTRY,LEVEL 1	 $1.30 
29011685000A	LABEL,RGLTRY,R/C 24 HR LEVEL 1	 $1.18 
29012040000A	LABEL,RGLTRY,TUV,CE,GS	 $3.22 
29012040000C	LABEL,RGLTRY,TUV,GS,N3492	 $9.55 
49214768000A	LABEL,RoHS COMPLIANT	 $9.40 
19042158000A	Label,Scrty	 $4.49 
15009003000B	LABEL,SHPNG BRKT DISCARD	 $0.32 
19011274000A	LABEL,SPRT BRKT	 $33.38 
29009032000A	LABEL,SWIPE RDR,1060	 $6.34 
29009032000B	LABEL,SWIPE RDR,1060	 $6.34 
49204207000A	LABEL,SYS,CCA,PRCSR,P4	 $0.05 
21015208000B	LABEL,TELLER TMG	 $9.05 
49230919000A	LABEL,TERM BD CLMP	 $62.51 
11049006000A	LABEL,TERM BLK,DIVERTER	 $3.30 
39013268000A	LABEL,THRM RCPT & JNL FEED	 $1.69 
11040340000A	LABEL,TUBE HEATER	 $7.24 
29010826000A	LABEL,TUV RGLTRY,X-RADN 20.0KV	 $1.42 
28001014000B	LABEL,UL CLASSIFIED	 $0.16 
29005742000A	LABEL,UL,HOLD-UP ALRM UNIT	 $0.68 
31017706000B	LABEL,UNIT #1	 $3.39 
31017706000E	LABEL,UNIT #3	 $3.48 
31017706000H	LABEL,UNIT #6	 $8.47 
31017706000J	LABEL,UNIT #7	 $8.84 
31017706000K	LABEL,UNIT #8	 $10.45 
29017154000A	LABEL,UPS,SW COVER	 $1.94 
29017159000A	LABEL,UPS,SW COVER	 $1.84 
29009521000A	LABEL,US 1 CENT,RED,COIN	 $4.38 
29009521000C	LABEL,US 25 CENT,ORN,COIN	 $4.19 
29009521000B	LABEL,US 5 CENT,BLU,COIN	 $4.46 
29009521000E	LABEL,US VAR,GRN,COIN	 $4.19 
31019562000A	LABEL,VAT 30 DIAGNOSTIC	 $1.93 
31019909000A	LABEL,VAT 30/8 PEN/PAPER HLDR	 $24.03 
19041112000A	LABEL,VID 1/2	 $1.06 
39013041000A	LABEL,VOLT,HI,RJP	 $3.12 
29008267000C	LABEL,VOLT/WATT	 $4.21 
29008267000G	LABEL,VOLT/WATT	 $4.21 
41024631000A	LABEL,WARNING	 $10.01 
11048946000A	LABEL,WARNING,TIMELOCK WINDING	 $3.79 
29009302000A	LABEL,WITHDRAW,1062 W/PRSNTR	 $14.87 
00050806000A	LABEL; 'NO COINS PLEASE'	 $5.54 
00050806000B	LABEL; 'NO ROLLED COINS PLEASE	 $5.54 
TSN92045000A	LABEL-CONNECTOR	 $0.00 
11032336000A	LABEL-D.A. COMB LOCK	 $11.30 
19000926000A	LABEL---RED---	 $0.19 
TSN92040000A	LABEL-SK	 $0.00 
MSN90886000A	LABEL-SWITCH	 $2.47 
48010456000A	LABEL-TELLER PANEL	 $2.21 
48010456000B	LABEL-TELLER PANEL	 $2.33 
48010456000C	LABEL-TELLER PANEL	 $2.12 
48010456000E	LABEL-TELLER PANEL	 $1.49 
00052533000A	Lable Set Braille US Bank1023A	 $20.72 
BRP00298000A	LAGARD CRANK ARM	 $0.05 
BRP00029000A	LAGARD CUSTOM SPRING	 $0.05 
TM000279001A	LAGARD ELECT LOCK SRVC,INSTL PTS MNL	 $238.50 
AA000142000D	LAGARD ELECT LOCKS REF MNL	 $184.50 
TM000276001A	LAGARD LGBASIC AND LGBASIC II ELECT LKS MNL	 $141.30 
BRP00005000A	LAGARD LOCK	 $0.05 
BRP00294000A	LAGARD MOUNT PLATE	 $0.05 
89031199000A	LAGRD SMRTLIN ELEC LCK TRNG CD	 $8.55 
41017792000A	LAMINATE W/ADHSV TOP CVR	 $147.20 
10609370000	LAMP	 $94.90 
12004369000A	LAMP	 $3.45 
18000890000A	LAMP	 $5.18 
19020226000A	LAMP	 $32.55 
MSZ17451780A	LAMP	 $2.79 
TSN65134000A	LAMP	 $0.00 
TSN65450000A	LAMP	 $35.51 
TSN66724000A	LAMP	 $0.00 
TSN66731000A	LAMP	 $0.00 
TSN66732000A	LAMP	 $0.00 
11036949000A	LAMP      PELCO	 $7.18 
10838050000	LAMP   #328 FOR V.D.	 $1.31 
11031674000A	LAMP   SENSOR  VSS-300	 $13.90 
MSZ17133950A	LAMP #7381 DISPENSER	 $2.71 
TSN65994000A	LAMP ASSEMBLY,5V - W/CONNECTOR	 $0.00 
11032036000A	LAMP DIFFUSER FOR 19-017830-A.	 $105.05 
49223803000A	LAMP KIT,CCFL,15 IN	 $0.05 
MSZ17710340A	LAMP SENSOR 1780 80/88	 $8.46 
89031526000A	LAMP SHIP INST.	 $0.43 
89031525000A	LAMP WASTE LABEL	 $0.18 
MSN72611000A	LAMP, 14V PILOT - BAYONET BASE	 $0.58 
MSN70149000A	LAMP, 24V/6W   (Z1740510)	 $1.46 
MSN67459000A	LAMP, 28V MINIATURE/#85  (Z174	 $2.47 
MSN72613000A	LAMP, 6V PILOT *SYLVANIA #6ESB	 $3.28 
MSN67523000A	LAMP, FLUORESCENT *G.E. #F14T8	 $46.73 
MSN72198000A	LAMP, FLUORESCNT *GE #F4T5/CW*	 $17.84 
MSZ69415060A	LAMP, NEON GENERAL INSTRUMENT	 $4.53 
MSN68444000A	LAMP,24PSB PILOT-W/YELLW LENS*	 $6.03 
MSN68391000A	LAMP,69W 120V CLEAR *G.E.#69A2	 $9.70 
49223798000A	LAMP,CCFL,08.4 IN SVD	 $223.02 
TSN65592000A	LAMP,DB-20R	 $19.12 
MSN70623000A	LAMP,FLUORESCENT-15W *GE F15T8	 $11.49 
MSN69493000A	LAMP,INDICATOR *G.E.#1819*	 $3.40 
MSN70877000A	LAMP,INDICATOR-W/WHT LENS CAP*	 $6.16 
11037154000A	LAMP,QUARTZ,AC,110V,100W	 $50.37 
MSZ69412150A	LAMP. 120 VAC	 $10.58 
MSZ69410470A	LAMP-24V	 $2.84 
MSZ1741791ZA	LAMP-GE656 TRV TU M0SLER	 $1.94 
22002033000A	LAMPHOLDER	 $2.62 
MSZ69410200A	LAMP-INCANDESCENT 12-16V	 $4.73 
MSZ69410120A	LAMP-INCANDESCENT 28V	 $1.26 
11035784000A	LAN BOARD      D5215	 $279.53 
11047788000A	LAN FIRMWARE	 $137.03 
ULMCC1600000	LAN,CONVERTER,MEDIA,CHASSIS,16PORT	 $1,027.69 
ULB20DSU0BNC	LAN,DUAL LINE,,2-56K,1-BNC	 $7,344.54 
ULB20DSU10BT	LAN,DUAL LINE,2-56K,1-10BASET	 $7,344.54 
ULB2S23210BT	LAN,DUAL LINE,2-RS232,1-10BASET	 $5,289.17 
ULB2S2320BNC	LAN,DUAL LINE,2-RS232,1-BNC	 $5,289.17 
ULB20V3510BT	LAN,DUAL LINE,2-WAN,1-10BASET	 $5,289.17 
ULB20V350BNC	LAN,DUAL LINE,2-WAN,1-BNC	 $5,289.17 
ULHUB10P010C	LAN,HUB,10PORT,10MBIT/SEC,COAX	 $5,097.33 
ULHUB12P10BT	LAN,HUB,12PORT,10MBIT/SEC,10BASET	 $1,890.95 
19046880000A	LAN,HUB,16 PORT, AUTO SENSING	 $520.70 
ULHUB06P00F0	LAN,HUB,6PORT,10MBIT/SEC,FIBER	 $5,316.57 
ULHUB08P10BT	LAN,HUB,8PORT,10MBIT/SEC,10BASET	 $548.10 
19046879000A	LAN,HUB,8-PORT,AUTO SENSING	 $274.05 
ULBR0DSU10BT	LAN,SGL LINE,1-56K,1-RS232,1-10BASET	 $6,275.75 
ULBR0DSU0BNC	LAN,SGL LINE,1-56K,1-RS232,1-BNC	 $6,275.75 
ULBR0V3510BT	LAN,SGL LINE,1-WAN,1-RS232,1-10BASET	 $5,289.17 
ULBR0V350BNC	LAN,SGL LINE,1-WAN,1-RS232,1-BNC	 $5,289.17 
ULBRS23210BT	LAN,SGL LINE,2-RS232,1-10BASET	 $5,289.17 
ULBR52320BNC	LAN,SGL LINE,2-RS232,1-BNC	 $5,289.17 
19046882000A	LAN,SW,12 PORT, AUTO SENSING	 $2,356.83 
ULSWT12P100P	LAN,SW,12PORT,100MBIT/SEC,TWPR	 $3,425.63 
19046883000A	LAN,SW,24 PORT,AUTO SENSING	 $3,178.98 
ULSWT24P100T	LAN,SW,24PORT,100MBIT/SEC,TWPR	 $8,495.55 
LX8450041450	LAN/POTS N Amer -  RVC	 $2,192.40 
19083171000A	Landing Pad	 $93.73 
11041872000A	Lanex DVR CBT	 $6.53 
11041151000A	LANEX DVR COOLING FAN	 $26.10 
LXCDROM00000	LANEX PRODUCT CD	 $0.02 
TP820627001A	lanex RVC-1025 Installation mn	 $8.10 
TP820626001A	lanex RVC-system user manual	 $7.20 
11050528000A	LANTRONICS EXT DEV SER 120VAC	 $753.64 
89029219000A	LARGE CHECK PAWL    # 64029	 $4.05 
11043414000A	LARGE FAN, ACCUTRACK ELITE	 $19.19 
11019178000A	LATCH	 $17.30 
18010141000A	LATCH	 $29.40 
21019695000A	LATCH	 $27.17 
21019734000A	LATCH	 $165.73 
IB0474697300	LATCH      096G 4730	 $2.15 
11044755000A	LATCH & CABLE ASM NCR 2189	 $280.82 
19039141000A	LATCH ASM., RCPT PRTR - 5070	 $197.32 
21013069000A	LATCH ASS\'Y	 $323.19 
MSZ76048940A	LATCH ASSY-CARRIER	 $21.96 
31017091000A	LATCH BLOCK,W/SW CAM	 $122.99 
18020914000A	LATCH BOLT	 $74.48 
11032156000A	LATCH BOLT   CL-2082	 $25.86 
11032158000A	LATCH BOLT SPRING - CL - 5009	 $4.31 
11036823000A	LATCH BOLT SPRING,	 $12.31 
31020572000A	LATCH BRACKET ASSEMBLY KIT	 $410.41 
49217611000A	LATCH BRKT,CST	 $19.60 
49217611000C	LATCH BRKT,CST	 $20.79 
49254659000A	LATCH CABLE HARNESS	 $16.28 
WN007000201A	Latch Element V	 $23.29 
NZ0000002994	latch fast depository	 $3,288.60 
19056538000A	LATCH KIT,T-HANDLE	 $33.21 
11037934000A	LATCH LINK LOCK   PELCO EH5500	 $17.15 
NZ0000002064	LATCH MONEY CASSETTE GREEN-ON	 $2.15 
MSK76506000A	LATCH NO-LOCK CL6	 $214.83 
49022909000A	LATCH PL, LH, TRIM BEZEL	 $5.45 
49013726000B	LATCH RELEASE,FRONT	 $2.85 
11037811000A	LATCH RETAINER	 $10.34 
NZ0000001171	LATCH SET FOR DISPENSER	 $29.05 
49254653000F	LATCH, BRKT	 $9.95 
49254653000H	LATCH, BRKT	 $9.95 
49246583000B	LATCH, FEED	 $14.75 
49266293000B	LATCH, MODULE	 $10.58 
29011742000A	LATCH, PAWL	 $4.26 
49259373000B	LATCH, PIVOT, DIVERT	 $5.17 
49022908000A	LATCH, PL, RH, TRIM BEZEL	 $8.34 
NZ0000003514	LATCH, PLASTIC, PICK UNIT	 $7.76 
NZ0000002910	LATCH, TRAY 5670 TOPHAT	 $21.92 
49217610000A	LATCH,BAR,STK CST	 $14.54 
49228485000B	LATCH,BASE	 $11.46 
49254653000K	LATCH,BRKT,MDL,DCKG	 $9.95 
29007028000A	LATCH,BULLET,SWVL HD	 $1.32 
49230708000A	LATCH,COMPRESS,NO LOCK,SOUTHCO	 $80.92 
39006763000C	LATCH,CSET	 $31.79 
49200469000A	LATCH,DEP CSET	 $3.78 
49217280000A	LATCH,DOCKING CST	 $11.31 
49200303000A	LATCH,DOOR,CSET	 $2.67 
49232079000A	LATCH,EFFC	 $33.22 
29006461000A	LATCH,FACIA	 $62.62 
49206756000D	LATCH,FASCIA	 $14.42 
49256395000A	LATCH,HANDLE	 $3.06 
49218946000A	LATCH,HOOK	 $8.11 
39006806000A	LATCH,LID	 $49.51 
39008864000D	LATCH,LINK LK	 $6.63 
39011388000A	LATCH,LK DOWN	 $12.47 
TSN51334000A	LATCH,NOTE	 $12.37 
29008486000A	LATCH,PAWL	 $29.74 
39010733000E	LATCH,PAWL	 $6.04 
39012928000A	LATCH,PAWL	 $4.08 
29014565000A	LATCH,PAWL,SLAM	 $22.57 
29010343000B	LATCH,PAWL,SLAM,W/KEY	 $44.73 
TSN88238000A	LATCH,PUSH	 $0.00 
21017859000A	LATCH,REC FLUSH	 $133.08 
41018914000A	LATCH,REC FLUSH,DEAL DRW	 $238.00 
39011342000G	LATCH,RTRY,W/PAWL ACTR,1 STG	 $57.46 
39011342000E	LATCH,RTRY,W/PAWL ACTR,1 STG,LH	 $10.37 
39011342000A	LATCH,RTRY,W/PAWL ACTR,2 STG	 $69.94 
49217609000A	LATCH,SECURE	 $9.22 
29008538000A	LATCH,SLAM,SNAP-IN	 $7.76 
29008538000B	LATCH,SLAM,SNAP-IN	 $11.30 
39014095000A	LATCH,SLAM,SNAP-IN,W/SW	 $26.35 
39006452000B	LATCH,SPRING	 $38.34 
49204399000B	LATCH,TRIP LEVER	 $18.57 
49219867000A	LATCH,XPRT,VERT	 $21.74 
49204398000D	LATCH.LOCK,FL	 $198.45 
39002997000A	LATCH/MULT	 $5.72 
TS4368883441	latch-cass holder-cahtl15d	 $30.04 
NZ0000001690	LATCHFAST DEPOSITORY	 $3,288.60 
TP820117002A	lATIN CUST SETUP 1071ix TTW	 $26.10 
TP799811002D	LATIN EMS REL 3.0 PROD DESC	 $3.52 
TP820007002B	LATIN/SPANISH OP GUIDE 1064IX	 $26.10 
TP820309002A	LATIN-1077IX PLAN/SITE PREP	 $17.10 
TP820310002A	LATIN-INSTL INSTRN,1077IX D/U	 $32.40 
TP820130002A	latin-spanish 1064ix plan&site	 $18.90 
TP820160002B	latin-spanish csp 400 prod des	 $1.78 
TP820393001A	laundry interface cable instl	 $7.20 
GR802116501A	LAUNDRY INTERFACE CABLE MAYTAG	 $5.40 
GR802116601A	LAUNDRY INTERFACE CABLE MAYTAG	 $5.40 
11050531000A	LAVATORY EMERGNCY STAT PUL CRD	 $147.99 
11050532000A	LAVATORY STATION	 $60.96 
11050530000A	LAVATORY STATION PULL CORD	 $70.57 
89031591000A	Lbl Timelock PM Log 25Pk	 $4.89 
19082899000A	LBL, Agilis SNMP Agent v4.0.0 for XFS v6.0.2	 $0.00 
11065753000A	LBL, PRESS DOOR TO OPEN, HA-45	 $25.21 
19044786000A	LBL,AGILIS XFS IX SER TERM,V1.38.2 CSD	 $0.00 
ULDPLABEL000	LBL,PVC,DIRECT PRNT,AHD,100PK	 $164.43 
ULDPLABELNON	LBL,PVC,DIRECT PRNT,NON-ADH,100PK	 $164.43 
19059520000A	LBL,STICKER,INSTRUCTIONAL	 $11.53 
19059520000B	LBL,STICKER,INSTRUCTIONAL	 $21.17 
19071896000A	LBL,Valitech Secure Authentication v3.1.0	 $0.00 
19068236000A	LBL,WARNING	 $1.04 
19042098000A	LBL,WARNING,SCREAMER II	 $1.78 
11035944000D	LC LEXAN CARRIER 4 1/2 BLU   B	 $93.20 
11035944000C	LC LEXAN CARRIER 4 1/2 RED   B	 $68.15 
11035944000P	LC LEXAN CARRIER 4 1/2" PINK	 $68.15 
11035944000B	LC LEXAN CARRIER 4 1/2"GRE   B	 $68.15 
11035944000A	LC LEXAN CARRIER 4 1/2"YEL   B	 $68.15 
NZ0000002914	LCD 8.4" Color Monitor	 $2,630.88 
ULA055004D0A	LCD ARMING CNTRL TERM,ACT-5	 $1,918.35 
ULA05510000A	LCD ARMING CNTRL UNIT,ACU-6	 $602.91 
11050534000A	LCD CONTROL AND DISPLAY MODULE	 $628.43 
11065591000A	LCD COVER D501/551	 $46.13 
11065590000A	LCD COVER D551	 $123.94 
11032104000A	LCD DISPLAY FOR FLUKE METER	 $101.91 
11051254000A	LCD KEYPAD	 $760.82 
19065161000A	LCD KEYPAD PLUS W/OUT BUILT-IN READER	 $250.02 
NZ0000003164	LCD PANEL 5305 3DES/5780 LITE	 $931.77 
11050535000A	LCD SCREEN W/BACKLGHT MKB DISP	 $216.77 
11066327000A	LCD Security Monitor 8 Inch w Audio	 $335.49 
31017330000A	LCH,BAR,CASTING/MACH	 $49.01 
29009433000A	LCH,DSUB,SQZ-RLSE,SHELL 03	 $3.88 
19040327000A	LCH,PAWL/CAM	 $3.29 
11065286000A	LD281213CS-LENS	 $164.43 
29001392000A	LEAD ASSY.	 $32.38 
29008404024A	LEAD CAM GEAR	 $16.30 
TS4368850201	LEAD SWITCH-ASMSZ-PS-3150	 $24.58 
29008455062A	LEAD WIRE	 $4.23 
MSN51076000A	LEAD, E-Z HOOK TEST*CONTACTEAS	 $15.81 
89031392000A	LEADERSHIP WORKSHOP MANUALS WK	 $29.32 
WN007000065A	LEAF SPRING	 $4.55 
NZ0000001168	LED (NEW)	 $3.07 
11050538000A	LED 10	 $611.82 
NZ0000002774	LED 2 DPM	 $0.02 
11050539000A	LED ANNUM MOD 8 GRN 8 YEL 8 SW	 $422.15 
11050540000A	LED ANNUN MOD 8 RED 8 YELLOW	 $422.15 
TS4368847082	LED ARRAY WIRING	 $884.86 
TS4368873210	LED ARRAY WIRING-LED-ARRAY-US	 $1,043.26 
NZ0000004290	LED Chip On Board	 $50.09 
11050543000A	LED DIS CON MOD 12SWIT 12GRN L	 $516.86 
11050544000A	LED DIS CON MOD 12SWIT 12YEL	 $542.70 
11050541000A	LED DIS CON MOD 12SWIT 1GRN 1Y	 $453.34 
11050542000A	LED DIS CON MOD 12SWIT 1RD 1YL	 $453.34 
11050545000A	LED DIS MOD 12PAR OF LD 1R 1Y	 $418.69 
11050551000A	LED DIS/CONTR MOD 12SWT 12RD L	 $506.01 
11050548000A	LED DISP SUP MOD MNT LOC RA TK	 $208.85 
11050546000A	LED DISPLAY MODULE 24 RED	 $312.15 
11050547000A	LED DISPLAY MODULE 24 YELLOW	 $575.67 
89030315000A	LED EMITTER, SE1450-004L	 $8.37 
11050552000A	LED NSWT ANNUN MOD 8RD 8YE 8SW	 $423.41 
NZ0000001627	LED STACK (PRESENTER)	 $86.81 
11050553000A	LED SWITCH DRIVER MOD ASSY VER	 $575.24 
11050536000A	LED SWT MOD 6 GRP 3 SWIT W/1 L	 $443.77 
TS4368847311	LED Wiring	 $5.46 
11050537000A	LED&SWT ANNUNC MOD 16RED 8SWIT	 $411.08 
NZ0000002496	LED, PRE LVDT ASSY	 $0.02 
TSN80555000A	LED,CS601C,I/R XMTR	 $13.65 
19053066000A	LED,FLASHING INDICATOR	 $64.86 
DM5710000000	LED,REPLACEMENT,EASY ENTRY	 $5.48 
41027120000A	LED,TOWER, LT, 24V,R/G,FLASHING, CAPABIL	 $599.40 
MSZ69415490A	LED-AMBER	 $8.62 
TSN92777000A	LED-ARRAY	 $117.43 
NZ0000002772	LED-AUX TRANSPORT	 $0.02 
MSZ69415570A	LED-GREEN	 $8.62 
MSZ69413620A	LED-RED 3V 30MA 2.2 MCD	 $0.66 
TS4365633270	LED-STRAPPER (PINK)	 $10.40 
MSZ69413890A	LED-YEL 3V 30MA 2.5 MCD	 $0.77 
TMLE0430000A	LEFABURE TELAIR 45, 80, 90, 95	 $137.70 
AA003388000B	LEFEBURE PARTS LIST      CROSS	 $1.00 
TMLE0230000A	LEFEBURE REMOTE BANKING AUDIO	 $130.50 
TMLE0330000A	LEFEBURE TELAIR 10 SERVICE MAN	 $119.70 
11051625000A	LEFT AND RIGHT SLIDE RAILS X20	 $1,656.30 
21020046000A	LEFT DOOR LATCH	 $298.78 
38001164000A	LEFT FRONT PANEL ASSY	 $41.14 
ADUC90300000	LEFT HAND RETURN	 $22.50 
NZ0000001175	left hand slider 5685	 $263.09 
11038618000A	left hand winding pinion	 $18.10 
41017317000A	LEFT INNER DRAWER	 $274.80 
39017495151A	LEFT LIGHT PLASTIC COVER	 $30.81 
BRP00295000A	LEFT LOCK BOLT	 $0.05 
49213769000A	LEFT SIDE PLATE,ESCROW	 $66.37 
39008132000E	LEG,PRNTR MT,LWR	 $33.16 
41022239120D	LEGAL DWR,W/KEY LOCK	 $861.84 
37001399002B	LEGAL SIZE DR. HD NO LOCK"BLAC	 $123.12 
37001399004B	LEGAL SIZE DR. HD NO LOCK"GREY	 $123.12 
47000288001B	LEGAL SIZE DRW. W/COMB. PLATIN	 $400.74 
IB046H261300	legato printhead	 $0.00 
LG1080SM0000	LEGEND 1080 SERVICE MANUAL	 $67.50 
11051622000A	LEGEND CORNER-MOUNT ADDAPTER	 $113.29 
49200103000Q	LEGEND SET,SM,QZ1,EMB X,I,_,O	 $223.02 
49200103000C	LEGEND SET,SM,QZ1,EMB X,I,O	 $223.02 
11051621000A	LEGND WALL MOUNT,CAST ALUMINUM	 $179.56 
11038692000A	LEM Enclosure	 $8.23 
11038706000A	Lem\Keypad Tamper Springs (25)	 $32.89 
11007227000A	LENS	 $24.75 
11007227000B	LENS	 $2.13 
11013553000A	LENS	 $1.38 
19012757000A	LENS	 $10.35 
89029321000A	LENS	 $4.96 
18001438000A	LENS *03174	 $3.65 
PL13VD380001	LENS 1 3 ZM 3-8MM F1 AL DC DRV	 $99.37 
MSZ98590100A	Lens 1/3" 1.8-3.6mm-F1.6 CS A/	 $544.22 
21002909000A	LENS 116-VAT	 $42.37 
19064948000A	Lens 2.8-8mm 3MP Varifocal Auto Irs (for AV2100M)   "USPS only"	 $287.76 
49024435000C	LENS CAMERA,UPPER FASCIA	 $258.65 
11031473000A	LENS CAP	 $0.70 
11038051000A	LENS FILTER	 $63.04 
CSL16DC4P000	LENS FIXED FOCAL 16MM F1.4	 $164.70 
19036377000A	LENS KIT	 $53.35 
21018069000A	LENS LABEL CCTV ONEWAY	 $113.05 
BRP00823000A	LENS LED	 $0.05 
19058405000A	LENS MDL PACK	 $86.33 
19058404000B	LENS MDL,3.6MM	 $29.73 
19058404000E	LENS MDL,8.0MM	 $32.71 
19049911000A	LENS PACK2.9,3.6,6.0,8.0MM QUICK CHANGE	 $109.80 
BTC130900000	LENS RAIL ASM FOR BTC1842 OR 1	 $156.60 
39011393000B	LENS SUPPORT	 $9.48 
39014306000A	LENS VID,12MM,0.50 IN,C,4 PIN DC AUTO	 $102.06 
49272846000A	LENS WDO,COV	 $31.50 
19049139000A	LENS, 1/3",8.5-40MM,VIDEO AUTO IRIS,DAY/NIGHT IR	 $353.53 
MSN80564000A	LENS, 1/3, 4MM	 $100.99 
MSN80571000A	LENS, 1/3, 4MM	 $160.89 
MSN80875000A	LENS, 1/3, 4MM	 $206.19 
MSN80572000A	LENS, 1/3, 6MM	 $160.89 
MSN90031000A	LENS, 16MM STD./A.I. - F1.4	 $0.00 
MSN67569000A	LENS, 3 ZONE 150 FT. *ARROWHEA	 $0.00 
49011807X06A	LENS, BLANK, OSI	 $33.89 
CSL6DC4P0000	LENS, FIXED FOCAL 6MM F1.4	 $90.00 
MSN79792000A	LENS, GREEN     (Z1746883)	 $3.28 
49253903000B	LENS, IR LED	 $2.98 
39014311000A	LENS, VID,6MM,0.50 IN,C VIDEO NO CON,F1.4-64	 $134.19 
CHTG3Z3510AF	LENS,0.33IN,3.5-10.5MM,VID A/I	 $182.24 
PL13VD358000	LENS,0.33IN,VFCL,3.5-8MM,F1.4,AL,DC	 $207.18 
11047780000A	LENS,1/3" AUTO VARI 2.9-8.2VF-	 $187.68 
19049138000A	LENS,1/3",8.5-40MM,DC AUTO IRIS, DAY/NIGHT IR	 $205.54 
ULKB5W24LN00	LENS,BD CAMR,2.45MM	 $52.07 
ULKB5T25LN00	LENS,BD CAMR,25MM	 $79.48 
ULKB5W36LN00	LENS,BD CAMR,3.6MM	 $52.07 
ULKB5S06LN00	LENS,BD CAMR,6MM	 $52.07 
ULKB5S08LN00	LENS,BD CAMR,8MM	 $52.07 
49235290000A	LENS,CAMERA,569	 $96.74 
49213225000A	LENS,CAMERA,SECURITY	 $2.06 
49254481000A	LENS,CAMR	 $12.42 
PL13FD40000K	LENS,CAMR,0.33IN,4MM,A/I	 $104.14 
PL13FD80000K	LENS,CAMR,0.33IN,8MM,A/I	 $94.55 
19055632000A	LENS,CAMR,0.50IN,4-12MM,DC,A/I,IR CORRECT	 $246.65 
31018040000A	LENS,CAMR,008.0 MM,STD IRIS,1/3 IN	 $56.70 
19036335000A	LENS,CAMR,009.0 MM,STD IRIS,2/3 IN	 $323.10 
19036001000A	LENS,CAMR,016.0 MM,STD IRIS,2/3 IN	 $78.44 
19021109000A	LENS,CAMR,028.0 MM	 $167.40 
29000304000A	LENS,CAMR,035.0 MM,SRVLNC CAMR	 $177.72 
49011151000A	LENS,CAMR,1073IX	 $54.26 
ULL28V10MI00	LENS,CAMR,2.8-10MM,F1.4-C,NO LABEL	 $150.73 
ULL33V8DC000	LENS,CAMR,3.3-8.0MM,F1.4-360,NO LABEL	 $87.70 
CHT6Z5710PDC	LENS,CAMR,5.7-34.2MM,F1.0,6X,A/I,DC,W/4 PIN MINI CONN	 $742.68 
11045460000A	LENS,CAMR,C,0.50IN,10-40MM,IR CORRECTED,DIRECT DRIVE,F1.4 TO F360,4-PIN	 $260.35 
11045455000A	LENS,CAMR,CS,0.33IN,2.8-12MM,MNL IRIS,F1.4 TO CLOSE	 $155.25 
11045458000A	LENS,CAMR,CS,0.33IN,5-50MM,MNL IRIS,F1.4 TO CLOSE	 $268.16 
49254494000A	LENS,CASH SLOT,CAMR	 $12.42 
19036331000A	LENS,COVERAGE,10 X 100 FT	 $5.40 
19036332000A	LENS,CURT,40 X 40 FT	 $5.40 
49233997000A	LENS,FACE CAMERA, 529 FL	 $11.46 
11014258000B	LENS,LIGHT AMB	 $4.64 
11014258000A	LENS,LIGHT,RED	 $3.40 
11014258000C	LENS,LIGHT-GREEN	 $1.46 
GL6631582000	LENS,LONG RANGE,RF,PIR	 $32.64 
ULKL2814IS00	LENS,MNL IRIS,0.33 IN,2.8MM,F1.4,CS-MT	 $91.15 
ULKL0612IS00	LENS,MNL IRIS,0.33 IN,6.0MM,F1.2,CS-MT	 $66.15 
ULKL1616IC00	LENS,MNL IRIS,0.67 IN,16MM,F1.6,C-MT	 $86.81 
ULKL2514IC00	LENS,MNL IRIS,1 IN,25MM,F1.4,C-MT	 $153.74 
ULKL5013IC00	LENS,MNL IRIS,1 IN,50MM,F1.3,C-MT	 $212.45 
49255102XMQB	LENS,NFC,BLANK	 $7.85 
TSN65538000A	LENS,OPAL LOWER 9X200	 $0.00 
TSN65537000A	LENS,OPAL-UPPER 9X200	 $0.00 
49016585000A	LENS,SENSOR	 $5.89 
49221064000C	LENS,SENSOR	 $4.74 
TSN88210000A	LENS,SENSOR	 $0.00 
TSN88211000A	LENS,SENSOR	 $0.00 
TSN65534000A	LENS,SLA	 $0.00 
49225509000A	LENS,SM CAMR,CLEAR,368	 $18.57 
41026565000A	LENS,TASK LIGHT UPPER	 $34.04 
49263564000A	LENS,TRANSMOKE	 $38.66 
ULKL35V8IS00	LENS,VARI-FOCAL,0.33 IN,3.5-8MM,F1.4,4-PIN	 $65.84 
39014007000A	LENS,VARIFOCAL,2.8-6MM,AUTO IRIS,0.33 IN	 $133.20 
19060605000A	LENS,VID,0.33 IN,2.9-8.2MM,VIDEO,A/I	 $179.73 
19049669000A	LENS,VID,0.33 IN,VARIFOCAL,2X ZOOM,3.8-8MM	 $164.43 
CHTG2010FCS0	LENS,VID,0.33IN,2.0MM,F1.0,DC TYPE	 $411.08 
19066748000A	LENS,VID,0.33IN,2.5-6.0MM,DC,A/I,MINIATURE	 $123.33 
19059444000A	LENS,VID,0.33IN,2.5-6MM,MNL IRIS	 $126.61 
39015434000A	LENS,VID,0.33IN,2.7-8MM,VIDEO,A/I,F1.0	 $182.24 
19047645000A	LENS,VID,0.33IN,2.8-10MM,DC A/I,F1.4-360	 $155.25 
19047641000A	LENS,VID,0.33IN,2.8-10MM,MNL IRIS,F1.4-CLOSE	 $127.03 
19049183000A	LENS,VID,0.33IN,2.8-11MM,DC,A/I,IR CORRECTED	 $246.65 
19064245000A	LENS,VID,0.33IN,2.8-12.0MM,DC,A/I	 $123.33 
39015335000A	LENS,VID,0.33IN,2.8-12MM,A/I,C-MT	 $197.32 
19048500000A	LENS,VID,0.33IN,2.8-12MM,DC,A/I,F1.4,OFF-WHT	 $123.33 
11044512000A	LENS,VID,0.33IN,2.8-6MM,PINHOLE,A/I,F2.0	 $663.20 
CHTG3Z3510FC	LENS,VID,0.33IN,3.5-10.5MM,DC,A/I	 $117.16 
19048152000A	LENS,VID,0.33IN,3.5-10MM,MNL IRIS,DAY/NIGHT CAMR	 $134.29 
19048154000A	LENS,VID,0.33IN,3.5-10MM,VID,A/I,DAY/NIGHT CAMR	 $216.50 
11044506000A	LENS,VID,0.33IN,3.5-8MM,DC,A/I,F1.4	 $52.07 
19048148000A	LENS,VID,0.33IN,3.5-8MM,DC,A/I,F1.4-360	 $82.06 
19058312000A	LENS,VID,0.33IN,3-8.5MM,DC,A/I,IR CORRECT	 $143.55 
19049348000A	LENS,VID,0.33IN,3-8.5MM,DC,A/I,IR CORRECTED,F1.0	 $134.29 
19049347000A	LENS,VID,0.33IN,3-8.5MM,MNL IRIS,IR CORRECTED,F1.0	 $106.88 
19049441000A	LENS,VID,0.33IN,3-8MM,MNL IRIS	 $137.03 
CHTG2010AFCS	LENS,VID,0.33IN,3MM,F1.0,VIDEO TYPE	 $449.44 
19048337000A	LENS,VID,0.33IN,4MM,DC,A/I	 $181.93 
11044514000A	LENS,VID,0.33IN,4MM,DC,MNL,F1.2	 $71.25 
11044509000A	LENS,VID,0.33IN,4MM,PINHOLE,MNL,F2.0	 $358.18 
19064248000A	LENS,VID,0.33IN,5.0-100MM,DC,A/I	 $205.54 
19048502000A	LENS,VID,0.33IN,5-50MM,DC,A/I,F1.4,OFF-WHT	 $187.92 
19047647000A	LENS,VID,0.33IN,5-50MM,DC,A/I,F1.7-360	 $254.04 
CHTG10Z0513F	LENS,VID,0.33IN,5-50MM,F1.3,A/I,DC	 $159.68 
CHT10Z0513CS	LENS,VID,0.33IN,5-50MM,F1.3,MNL IRIS	 $153.47 
19064246000A	LENS,VID,0.33IN,6.0-60.0MM,DC,A/I	 $142.51 
19049202000A	LENS,VID,0.33IN,6-60MM,A/I,F1.4-360	 $712.53 
11046508000A	LENS,VID,0.33IN,7.5-50MM,DC,A/I	 $183.62 
19059344000A	LENS,VID,0.33IN,7.5-50MM,DC,A/I	 $301.46 
19058313000A	LENS,VID,0.33IN,7.5-50MM,DC,A/I,IR CORRECT	 $466.70 
11044515000A	LENS,VID,0.33IN,8MM,DC,A/I,F1.2	 $68.52 
CHCECEV48000	LENS,VID,0.33IN,B&W W/INTEGRATED 4-8MM	 $353.53 
19047656000A	LENS,VID,0.33IN,MOTOR ZOOM,6-60MM (10X) A/I,PRE-POSITION,F1.4-360	 $849.56 
19048478000A	LENS,VID,0.50IN,10-120MM,DC,A/I,F1.6-T360	 $534.40 
CHH3Z1014CS0	LENS,VID,0.50IN,10-30MM,MNL IRIS,F1.4	 $257.75 
19049718000A	LENS,VID,0.50IN,10-40MM,DC A/I,IR CORRECT	 $257.61 
19049717000A	LENS,VID,0.50IN,10-40MM,MNL IRIS,IR CORRECT	 $235.68 
CHTG2610FCS0	LENS,VID,0.50IN,2.6MM,F1.0,DC	 $378.19 
CHTG2610AFCS	LENS,VID,0.50IN,2.6MM,F1.0,VIDEO TYPE	 $413.82 
CHHG3808FCS0	LENS,VID,0.50IN,3.8MM,F0.8,DC TYPE	 $306.94 
11044511000A	LENS,VID,0.50IN,6.2MM,PINHOLE,DC,MNL,F2.0	 $439.03 
19043125000A	LENS,VID,0.50IN,6-12MM,VARI,MNL IRIS	 $128.81 
CHHG0608FCS0	LENS,VID,0.50IN,6MM,F0.8,DC TYPE	 $304.20 
19049182000A	LENS,VID,0.50IN,7.5-75MM,DC,A/I,F2.2-360	 $465.89 
19047661000A	LENS,VID,0.50IN,MOTOR ZOOM,7.5-75MM (10X),A/I,C-MT,PRE-POSITION	 $1,685.41 
19047660000A	LENS,VID,0.50IN,MOTOR ZOOM,7.5-75MM (10X),A/I,F1.4-360	 $1,356.55 
19047662000A	LENS,VID,0.50IN,MOTOR ZOOM,8-120MM (15X) A/I,C-MT,PRE-POSITION,MNL IRIS OVER	 $1,986.87 
19047663000A	LENS,VID,0.50IN,MOTOR ZOOM,8-120MM,(15X) A/I,C-MT,PRE-POSITION,MNL IRIS OVER	 $2,384.24 
19047659000A	LENS,VID,0.50IN,MOTOR ZOOM,8-48MM (6X) A/I,F1.4-360	 $753.64 
11044513000A	LENS,VID,0.66IN,12.5-75MM,DC,PINHOLE,F1.8-22	 $670.05 
CHM1614MP000	LENS,VID,0.66IN,16MM,MEGAPIXEL,LOCKING IRIS & FOCUS	 $279.53 
CHM2514MP000	LENS,VID,0.66IN,25MM,MEGAPIXEL,LOCKING IRIS & FOCUS	 $301.46 
CHM5018MP000	LENS,VID,0.66IN,50MM,MEGAPIXEL,LOCKING IRIS & FOCUS	 $306.94 
CHM0814MP000	LENS,VID,0.66IN,8MM,MEGAPIXEL,LOCKING IRIS & FOCUS	 $323.38 
CHM3Z1228MP0	LENS,VID,0.66IN,MEGAPIXEL,C-MT,12-36MM,MNL IRIS	 $572.77 
CHMLM3XMP000	LENS,VID,0.66IN,MEGAPIXEL,C-MT,3.3X MACRO ZOOM,MNL IRIS	 $709.79 
31018513000A	LENS,VID,004.0 MM,NO IRIS,1/3 IN,F1.2,W/CS MT	 $37.80 
31018396000A	LENS,VID,006.0 MM,1/2 IN	 $73.71 
31018514000A	LENS,VID,008.0 MM,NO IRIS,1/3 IN,F1.2,W/CS MT	 $36.86 
39009712000A	LENS,VID,008.5 MM,2/3 IN	 $86.00 
31018422000A	LENS,VID,012.5-075.0 MM ZOOM,2/3 IN	 $498.77 
19047638000A	LENS,VID,1.0IN,25MM,A/I,C-MT,F1.4-360	 $479.59 
19047639000A	LENS,VID,1.0IN,50MM,A/I,C-MT,F1.4-360	 $630.32 
19056748000A	LENS,VID,10MM,GERMANIUM	 $10,460.49 
39014301000A	LENS,VID,12MM,0.05 IN,C,MNL	 $86.94 
39014314000A	LENS,VID,12MM,0.50 IN,C,VIDEO NO CON,F1.4-360	 $124.74 
ULVKL12FB000	LENS,VID,12MM,B&W,DURACAM	 $27.41 
ULVKL12FC000	LENS,VID,12MM,CLR,DURACAM	 $27.41 
CHH1214FICS0	LENS,VID,12MM,F1.4 W/IRIS & FOCUS,CS-MT	 $79.48 
ULKL1214VS40	LENS,VID,12MM,F1.4-360,0.22 IN,CONN 4-PIN	 $174.72 
19056749000A	LENS,VID,17MM GERMANIUM	 $2,935.08 
CHT2625CSP00	LENS,VID,2.6MM,MAN IRIS,F2.5,PINHOLE	 $408.34 
39014307000A	LENS,VID,2.8MM,0.33 IN,CS,VIDEO NO CON	 $144.59 
39014302000A	LENS,VID,2.8MM,0.50 IN,CS,4 PIN DC AUTO	 $105.84 
21019573000A	LENS,VID,2.8MM,AUTO-IRIS 0.33 IN,F1.2	 $368.64 
21019573000D	LENS,VID,2.8MM,AUTO-IRIS 0.33 IN,F1.2	 $239.46 
ULVKL29FB000	LENS,VID,2.9MM,B&W,DURACAM	 $35.63 
ULVKL29FC000	LENS,VID,2.9MM,CLR,DURACAM	 $34.20 
19049160000A	LENS,VID,20MM,GERMANIUM	 $3,132.40 
ULKL2513VC40	LENS,VID,25MM,F1.3-360,1 IN,CONN 4-PIN	 $327.05 
39014315000A	LENS,VID,3.5-8MM,0.33 IN,CS,MNL BLK	 $74.66 
39014317000A	LENS,VID,3.5-8MM,0.33 IN,CS,VIDEO NO CON,BLK	 $163.49 
39014299000A	LENS,VID,3.5MM,0.50 IN,C,MNL	 $112.46 
39014322000A	LENS,VID,3.8MM,C,0.50 IN,MNL	 $308.07 
39014321000A	LENS,VID,3.8MM,CS,0.33 IN,MNL	 $308.07 
39014297000A	LENS,VID,4MM,0.33 IN,CS,MNL	 $61.43 
39014308000A	LENS,VID,4MM,0.33 IN,CS,VIDEO NO CON	 $122.85 
39014303000A	LENS,VID,4MM,0.50 IN,CS,4 PIN DC AUTO	 $92.61 
ULKL5018VC40	LENS,VID,50MM,F1.8-360,1 IN,CONN 4-PIN	 $374.57 
19049161000A	LENS,VID,50MM,GERMANIUM	 $8,221.50 
19057502000A	LENS,VID,5-40MM,A/I	 $395.73 
39014318000A	LENS,VID,6-12MM,0.50 IN,C,MNL	 $132.30 
39014319000A	LENS,VID,6-12MM,C,0.50 IN,VIDEO NO CON,F1.4-88	 $207.90 
39014305000A	LENS,VID,6MM,0.50 IN,C,4 PIN DC AUTO	 $114.35 
39014300000A	LENS,VID,6MM,0.50 IN,C,MNL	 $70.88 
39014312000A	LENS,VID,6MM,0.50 IN,C,VIDEO NO CON,F1.4-360	 $144.59 
19064247000A	LENS,VID,7.5-50.0MM,DC,A/I,IR CORRECTED	 $246.65 
39014298000A	LENS,VID,8MM,0.33 IN,CS,MNL	 $61.43 
39014309000A	LENS,VID,8MM,0.33 IN,CS,VIDEO NO CON	 $120.96 
39014304000A	LENS,VID,8MM,0.50 IN,CS,4 PIN DC AUTO	 $85.05 
11046330000A	LENS,VID,C,0.67 IN,16.0MM,MNL IRIS,F1.4 TO CLOSE	 $268.16 
19047285000A	LENS,VID,MOTOR ZOOM,0.50IN,12-240MM,A/I	 $3,631.17 
19047286000A	LENS,VID,MOTOR ZOOM,0.50IN,12-240MM,A/I,PRE-POSITION	 $3,960.03 
19042050000A	LENS,ZOOM,RMT BOX,MOTORIZED	 $539.60 
19042051000A	LENS,ZOOM,RMT BOX,MOTORIZED	 $381.78 
19042052000A	LENS,ZOOM,RMT CNTRL,CA,10M	 $88.83 
MSZ17451430A	LENS-CAP GREEN	 $7.07 
19046463000A	LENSE COVER,LONG RANGE	 $6.42 
MSZ17352600A	LENSE, TLR SEND SWITCH	 $4.13 
11015086000A	LENSES	 $0.62 
21013266000C	LETER CHIPS	 $0.23 
21013266000A	LETTER CHIPS	 $0.26 
21013266000B	LETTER CHIPS	 $0.21 
21013266000E	LETTER CHIPS	 $0.23 
21013266000F	LETTER CHIPS	 $0.23 
21013266000G	LETTER CHIPS	 $0.23 
21013266000H	LETTER CHIPS	 $0.23 
21013266000J	LETTER CHIPS	 $0.23 
MSN78662000A	LEVELER, HEX	 $0.88 
30001980000	LEVER	 $2.15 
28000938000A	LEVER	 $80.38 
89030769000A	LEVER	 $17.81 
11032556000A	LEVER & STUD ASSY	 $7.73 
30021880000	LEVER ACTUATOR	 $30.97 
11044723000A	LEVER AND SET SCREWS	 $159.74 
TSN89164000A	LEVER ASSB,T	 $247.63 
BRP00825000A	LEVER END OF PATH LRC	 $0.05 
NZ0000003160	LEVER LOCK ATM NEW STYLE	 $41.65 
MSZ17003590A	LEVER ONE & ONE HALF S&G	 $1.42 
TS4365177163	LEVER PRINTER RIBBON	 $10.93 
NZ0000001912	LEVER S/W,MCRW	 $12.61 
30015970000	LEVER SCREW	 $86.18 
11032492000A	LEVER SCREW	 $15.08 
89027699000A	LEVER SHAFT ASM.	 $16.79 
10602860000	LEVER SPRINGS - S & G	 $0.58 
TS4368848031	LEVER W/RUBBER LINED BEARING	 $161.14 
TS4368848073	LEVER W/RUBBER LINED BEARING	 $131.09 
MSN79572000A	LEVER, #2 FOR A403 LOCKS	 $1.05 
49246546000E	LEVER, DIVERT PARTITION	 $2.75 
MSN73629000A	LEVER, FENCE - MR	 $0.00 
MSN82710000A	LEVER, LOCK - DEAD BOLT	 $40.53 
MSN73158000A	LEVER, LOCKING	 $0.00 
MSN73159000A	LEVER, LOCKING	 $1.42 
MSN76044000A	LEVER, MR/MRK 302 LOCK - BRASS	 $0.00 
39005890000A	LEVER, SWITCH	 $0.69 
TSN90430000A	LEVER,ARM-COV-A	 $54.62 
TSN88903000A	LEVER,BACKUP	 $5.90 
TSN79460000A	LEVER,LOCK	 $15.84 
TSN90468000A	LEVER,MG-LOCK	 $72.23 
19069550000A	LEVER,PLATEN,ASPEN PRTR	 $10.55 
TSN93971000A	LEVER,TEMP-DOOR	 $13.65 
31019066000A	LEXAN 5685 NCR	 $11.18 
21018072000A	LEXAN COV 5088	 $2.08 
11037952000B	LEXAN WINDOW   - PELCO HOUSING	 $7.01 
11041791000A	LG BASIC ADAPTER/CONVERSION	 $8.36 
00050776000A	LG TYPE BRAILLE BOOK -1000 MDS	 $4.82 
TP820534001A	LGBASIC ELECTR LOCK CUSTOMER	 $18.00 
00101864000C	LGE CD BIN,CD RDR MDL,1064 I	 $117.05 
11009115000C	LH DBK NOSE LID SAT.NICKL	 $16.31 
31015234000J	LH DOOR 200 SERIES	 $26.62 
31000234000C	LH DOOR HINGE PC	 $1.15 
31000234000D	LH DOOR HINGE PC	 $0.36 
31000234000F	LH DOOR HINGE PC	 $1.29 
31000234000H	LH DOOR HINGE PC	 $1.15 
NZ0000002918	LH KEYBOARD MEMBRANE	 $44.26 
30015370000	LH LID-SATIN BRASS	 $30.15 
30017520000	LH LOCK BOLT	 $7.59 
30017500000	LH LOCK CASE	 $2.75 
03001532000A	LH LOCK CASE	 $31.49 
03001750000B	LH LOCK CASE	 $12.37 
ULKPGREV0510	LIC,HOST,POINTGUARD,WIN95/98/NT	 $479.59 
19041612000A	LIC,SFTW,CLIENT,VIANET 3000	 $2,126.90 
19053244000A	LIC/CONFIG DONGLE,1058 CNTRLR,NETWORK & ACS	 $813.30 
49208558000A	LICENSE,RSS,PEGASUS	 $137.61 
03000760L000	LID	 $7.16 
03000877001A	LID	 $6.91 
03001532001E	LID	 $6.91 
11003726R000	LID	 $26.72 
27000668000A	LID	 $14.87 
MSN76415000A	LID (UD-B)	 $0.00 
MSN74080000A	lid asb brass nose	 $5.90 
MSN76696000A	LID ASSB, BRASS NOSE  (3210-6B	 $8.21 
MSN74100000A	LID ASSB., 5900 LOCK-BRASS 1/2	 $51.89 
MSN87712000A	LID ASSB., LOCK - L.H.	 $21.60 
03000806L000	LID ASSEMBLY	 $40.45 
11005172R000	LID ASSEMBLY	 $44.79 
11002313R000	LID ASSM	 $15.87 
30007790000	LID ASSY	 $37.84 
11006399L000	LID ASSY	 $54.17 
11006399R000	LID ASSY	 $54.17 
MSM20476000A	LID BLANK	 $13.41 
WN007000147A	Lid Cassette	 $22.95 
11031834L00A	LID DN L/H S&G 4231 SATIN BRAS	 $22.46 
11031822L00A	LID DN L/H S&G 4442 SATIN BRAS	 $14.39 
11031823L00A	LID DN L/H S&G 4443 SATIN BRAS	 $13.38 
11031821R00A	LID DN R/H S&G 4440 SATIN BRAS	 $15.48 
11031822R00A	LID DN R/H S&G 4442 SATIN BRAS	 $14.39 
11042112000A	LID LIFTER	 $528.26 
MSN5900LIDOA	LID PLATE 5900	 $94.50 
11030746000A	LID R/H - RY5 002-C-CC	 $33.74 
11030341L00A	LID SINGLE NOSE	 $17.61 
03000837R000	LID SN R/H 17530,50   SATIN BR	 $3.66 
MSN86888000A	LID, LOCK - R.H. *S&G #4440-00	 $11.60 
03002048R00C	LID, NICKEL 17505	 $0.41 
03001538L00C	LID, NICKEL 17515	 $0.41 
MSN3175S000A	LID, SILVER FOR 3175	 $17.09 
MSN87801000A	LID, TCCS CURRENCY TRAY	 $31.88 
MSN87372000A	LID,4 TUMBLER HAND CHANGE 402	 $0.00 
03001767000C	LID,DBL NOSE,LH KY LK	 $5.90 
03001767000D	LID,DBL NOSE,LH KY LK	 $4.94 
03001766000C	LID,DBL NOSE,RH KY LK	 $4.52 
03001766000D	LID,DBL NOSE,RH KY LK	 $4.94 
49017148000A	LID,DROP CHUTE,UDM	 $109.24 
29014453000A	LID,HNG	 $37.22 
11037238000A	LID,SNSR	 $22.57 
21014308000A	LID,WHEEL	 $2.33 
MSN3210LIDOA	LIDS FOR 3210 LOCK	 $0.05 
11050554000A	LIF SAF REM ANN 4LIN OF 20CHAR	 $1,012.62 
11050555000A	LIF SAF REM ANN W/COMM CONTROL	 $953.15 
MS812990000A	LIFT EXTENDER	 $32.55 
41017319000A	LIFT TOP	 $522.04 
21012812000A	LIFTING BAR	 $4.10 
NZ0000002974	light box lens	 $361.75 
TS4368850180	LIGHT EMIT COM-SENSORS/B+21	 $13.65 
11041602000A	LIGHT HOUSING	 $528.26 
11040186000A	LIGHT METER,PROFESSIONAL	 $484.30 
00013860000A	LIGHT MON SYSTEM	 $479.12 
NZ0000002971	LIGHT PANEL PAINTED 5685	 $217.04 
89031145000A	LIGHT PIPE, LEFT BULK 50	 $10.24 
89031146000A	LIGHT PIPE, RIGHT BULK 50	 $10.24 
00151457000A	Light up the Holidays Beaded Lanyard	 $8.09 
MSN68055000A	Light, 28V Indicator - Green	 $9.05 
MSN64978000A	LIGHT, STROBE - SECO-LARM *ADE	 $51.89 
39013049005A	LIGHT,MODEL C	 $172.37 
TE000050VICS	LIGHTBULB,EPP5	 $40.09 
11050556000A	LIGHT-DUTY MT FOR EH3500 SERIE	 $63.23 
11050557000A	LIGHTING ARRESTOR ENCLOSURE	 $82.22 
11050558000A	LIGHTING ARRESTOR KIT W/CX-SEL	 $197.32 
21014861000A	LIGHTING WINDOW CHUBB AHD	 $107.73 
11051266000A	LIGHTNING ARRESTOR KIT	 $572.22 
18020287000A	LIGHTNING KIT	 $72.43 
18020293000A	LIGHTNING KIT	 $46.36 
11051784000A	LIGHTNING MOD PLUGIN, GEF2F	 $121.95 
11051785000A	LIGHTNING PROTECTION, 5 WIRE	 $97.43 
AA0004150000	LIGHTNING TRANSIENT PROT	 $113.40 
49208287000B	LIGHTPIPE, 31MM	 $6.31 
49208287000A	LIGHTPIPE, 43MM	 $6.40 
49223852000C	LIGHTPIPE, BEZEL,MTZ CD RDR	 $2.19 
49208287000E	LIGHTPIPE,27MM	 $25.38 
49223852000A	LIGHTPIPE,BEZEL, MTZ CD RDR	 $4.75 
11050559000A	LIM-1 SHORT CIRCUIT	 $99.58 
18020550000A	LIMIT SW	 $0.39 
10837750000	LIMIT SWITCH	 $203.62 
11036953000A	LIMIT SWITCH        PELCO	 $7.56 
21014446000A	LIMIT SWITCH (DPDT)	 $127.13 
19047603000A	LINC-EZ ADD ON KIT	 $1,562.09 
89030642000A	LINE ANALOF MUX NARROW	 $4.74 
MSN64508000A	LINE CARD MOTHER PCB - (PACOM	 $0.00 
MSN64507000A	LINE CARD, MAIN PCB-PACOM 32K	 $0.00 
MSN92465000A	LINE CARD, MAIN PCB-PACOM-64K	 $0.00 
11065220000A	LINE CONDITIONER, 600W	 $562.01 
ULB50230020A	LINE CRD,6-PORT,RS232	 $3,562.65 
ULB61011020A	LINE CRD,MULTI-DROP,DIG	 $2,192.40 
19056752000A	LINE DISTRIBUTOR,RS-485	 $627.58 
NZ0000002249	LINE FEED MOTOR	 $54.81 
WN000326700A	Line Jack Headphone	 $14.34 
11065545000A	LINE SENSOR D501/551	 $2,702.35 
TS4842210357	Linear Ball Bearing LM-81517	 $19.12 
11065503000A	LINEAR FLEX PASS READER SLIM S	 $439.20 
TS4368846801	linear shaft of back up	 $32.77 
TS4368846810	linear shaft of pusher	 $32.77 
11050561000A	LINEAR TRANSMITTERS	 $88.06 
29003077000A	LINER	 $0.88 
49006716000B	LINER	 $103.83 
49002174000A	LINER ASSY-COVER	 $456.54 
49001901000B	LINER,BASE	 $87.58 
21016096000B	LINK	 $10.44 
31017240000A	LINK	 $8.11 
49205334000A	LINK	 $0.72 
29007514000A	LINK                         V	 $0.30 
MS811000000A	LINK  ACTUATOR	 $113.95 
MSK88614000A	LINK BAR	 $11.20 
89028912000A	LINK BAR/OX140624	 $6.02 
NZ0000002699	LINK LARGE PURGE ASSY	 $0.02 
MSK97802000A	link lever	 $73.45 
MSN73413000A	LINK, 3 45/64 LG. BOLT	 $4.13 
MSN75032000A	LINK, FUSIBLE	 $17.96 
49200811000A	LINK, LATCH RELEASE	 $6.11 
NZ0000002452	LINK, PURGE ASSY.	 $0.02 
29007799000A	LINK,CAM	 $7.81 
49021996000A	LINK,CAM	 $11.08 
49207437000A	LINK,DR STOP	 $18.02 
29009851000A	LINK,FR	 $3.02 
29006357000A	LINK,FUSIBLE	 $12.37 
41021984000A	LINK,FUSIBLE	 $29.83 
MSK97802000B	LINK,LEVER, LEFT HAND	 $29.34 
49230831000B	LINK,LWR DR,CAM,378	 $17.42 
49207079000A	LINK,PIVOT	 $3.31 
49022691000A	LINK,PIVOT,SCANNER GUIDE	 $1.87 
49214578000B	LINK,SCANNER	 $6.02 
21015343000A	LINK,SOL	 $73.09 
41022207000A	LINK,TRANSFER	 $15.22 
49219736000B	LINK,TRAY	 $51.07 
89028416000A	LINKAGE ASM. FORM HOLD M400	 $22.57 
49015754000A	LINKAGE, BUS HR, ECSP	 $9.05 
49022915000A	LINKAGE,LH,BEZEL REL	 $23.55 
29011338000A	LINKAGE,LONG	 $12.93 
49245442000D	LINKAGE,NOTE STOP	 $8.48 
41021727000A	LINKAGE,PIVOT,S&G LOCK	 $11.72 
29011272000A	LINKAGE,SUPPORT	 $4.98 
MSN92855000A	LINK-BOLT	 $113.25 
19063156000A	LINKSYS SD205 5 PORT 10/100 SWITCH	 $70.57 
TP821084001A	LINX PRED ELITE ACCESS CONTROL	 $14.40 
TP821086001A	LINX PRED ELITE ACCESS CONTROL	 $54.00 
TP821087001A	LINX PRED ELITE ALARM MON	 $8.10 
11050562000A	LIQUID CRY DISP MOD EXPAND VER	 $770.99 
89031528000A	LITH BATT. RECYCLE KIT	 $51.48 
89031522000A	LITH. BATT. SHIP INSTR.	 $0.43 
89031521000A	LITH.BATT. WASTE LABEL	 $0.18 
39017495076A	Lithium Coin Cell 24.5mm X 3mm 280 Mah,CR2430	 $8.01 
19050116000C	LITHO KIT, CSP 100	 $5.78 
89030313000A	lithos, set	 $20.77 
89031386000B	LITTLE FUSE, #0234005.MXP	 $2.63 
89031512000A	littlefuse 0216005p elec fuse	 $1.78 
21014982000A	LK MOUNT	 $0.69 
11050563000A	LK-11 LOCKING KIT 50 PCS	 $28.77 
11050564000A	LKC 1	 $6.42 
11050565000A	LKW 5	 $6.55 
AA0002080000	LM SERIES SD INSTALLATION	 $95.40 
19012375000A	LMP,FLUOR,013W,MED BI-PIN	 $39.88 
18001033000A	LMP,FLUOR,015W,MED BI-PIN	 $13.64 
29013646000A	LMP,FLUOR,018W,2 PIN,W/STRTR	 $53.44 
19011954000A	LMP,INCAND,014.0V,0.08A,BI-PIN	 $1.49 
11018204000A	LMP,INCAND,028.0V,0.04A,WIRE	 $16.39 
19019248000A	LMP,INCAND,028.0V,0.10A,WDG T-3 1/4	 $4.52 
11030739000A	LMP,INCAND,060.0V,003W,WDG	 $3.83 
18001437000A	LMP,INCAND,120.0V,003W,WDG	 $4.05 
19038961000A	LMP,NEON,0.25W,MINTR BAY	 $11.12 
49204151000A	LNGE	 $1,040.27 
11065954000A	LNL-2020W-NDK RDR SWIPE & PIN	 $1,067.81 
19055278000A	LNR CHAN,SGL,ADDITIONAL	 $411.08 
19040060000A	LNR KIT,A,DWR MDL	 $21.92 
TP821388001A	LOAD MGR USER GUIDE	 $6.30 
89028750000A	LOADING BELT	 $1.56 
89028751000A	LOADING BELT	 $3.16 
89029705000A	LOADING BELT     #VDV0209	 $2.63 
89029576000A	LOADING BELT     AG6730	 $1.78 
11034358000A	LOADING BELT-LARGE-   VSS303	 $4.60 
11034359000A	LOADING BELT-SMALL-   VSS303	 $4.60 
89029985000A	loading motor for tlc2100	 $59.31 
89028945000A	LOADING MOTOR/GYYR#F7376353	 $63.36 
BUFI0574000A	Loading PIDSY License on the B	 $1.12 
11050567000A	LOC ASSY KEYS LENEL STD PWR SU	 $13.71 
11051323000A	LOC&WIDE AREA NETWRK INTER MOD	 $2,957.00 
19053093000A	LOCAL 8 ZONE OUTPUT PC BD	 $124.74 
LXDVRFNLP000	LOCAL PLAYBACK OPTION,NET-FN-LP	 $1,044.00 
18000765000A	LOCATOR BRACKET	 $0.13 
39012118000A	LOCATOR,LWR FACIA,CCD	 $15.49 
19000956000A	LOCK	 $13.19 
19011878000A	LOCK	 $17.73 
19021477000A	LOCK	 $101.79 
29002956000A	LOCK	 $67.09 
29003470000A	LOCK	 $51.28 
29006136000A	LOCK	 $102.25 
29006205000A	LOCK	 $61.87 
29008513000A	LOCK	 $52.07 
49211537000D	LOCK	 $9.38 
MSN704010XXA	LOCK	 $202.23 
MSZ79096040A	LOCK	 $90.03 
NZ0000001152	Lock	 $26.31 
L10001890000	LOCK - HINGED COVER	 $61.69 
17002128000A	LOCK & BLOCK,SS COMB	 $115.49 
19036164000A	LOCK & KEY	 $5.84 
19057291000A	LOCK & KEY SET	 $6.81 
29009658096B	LOCK , CYLINDER	 $17.79 
11051956000A	LOCK 1 ONE CHANGE KEY	 $51.71 
MSZ17669480A	LOCK 2X5 BRONZE M. OSBORN	 $78.58 
11038277000A	lock 3/8" nose 542200-04-41	 $91.22 
MSN738480SGA	LOCK 5700 STOK GUARD BRASS	 $120.69 
MSN94547000A	LOCK 850, CYLINDER	 $235.35 
21014459000A	LOCK ACCESSORY PARTS	 $15.89 
11041519000A	LOCK AND KEY	 $47.09 
MSN83212000A	LOCK ASSB	 $118.37 
MSN80083000A	LOCK ASSB., 3170-065 ALUM/FLAT	 $23.38 
MSN73779000A	LOCK ASSB., 33300 R.H. S.D. -	 $77.49 
MSN73943000A	LOCK ASSB., PK5900C - NICKEL/C	 $0.00 
TSN65584000A	LOCK ASSEMBLY,MAGNETIC	 $0.00 
49255618000A	LOCK ASSY CASH CSET	 $11.39 
19055189000A	LOCK ASSY W/KEYS,STD PWR SPLY ENCL	 $13.52 
MSN81774000A	LOCK ASSY, #3175 BRASS	 $125.59 
21017302000A	LOCK BAR	 $53.35 
38020131000A	LOCK BAR	 $12.88 
11032131000C	LOCK BAR ASM.	 $71.82 
L1020002000A	LOCK BAR CREST	 $30.81 
39009299000C	LOCK BAR,CPTV KY	 $37.74 
49017307000A	LOCK BAR,LOWER DOOR	 $3.35 
49217297000A	LOCK BARREL,STK CST	 $10.71 
17001815000A	LOCK BLOCK	 $68.43 
10649680000	LOCK BOLT	 $71.90 
21017304000A	LOCK BOLT	 $74.48 
11033991000A	LOCK BOLT OPERATING BAR	 $58.19 
49215715000A	LOCK BOX,BIN 2	 $29.84 
WN1750199521	Lock Bushing	 $20.97 
19053168000A	LOCK BUTTON	 $124.74 
18001506000A	LOCK CAM	 $0.59 
18020448000A	LOCK CAM	 $5.91 
18020470000A	LOCK CAM	 $0.80 
18020884000A	LOCK CAM * 3601	 $27.95 
11033189000A	LOCK CAM YALE  S 3331	 $1.46 
11002331R00B	LOCK CASE	 $65.41 
49248200000A	LOCK CASE L/H 4420 SD LOCK	 $39.15 
49248198000A	LOCK CASE L/H 4440 SD LOCK	 $39.15 
03001763000E	LOCK CASE LH	 $0.87 
49248199000A	LOCK CASE R/H 4420 SD LOCK	 $39.15 
49248197000A	LOCK CASE R/H 4440 SD LOCK	 $39.15 
89031354000A	LOCK CASSETTE	 $10.77 
11062094000A	Lock Centurion 8155-DX2-PT	 $5,311.09 
BRP00025000A	LOCK CONNECTING LINK	 $0.05 
BRP00163000A	LOCK COVER PLATE	 $0.05 
MSK96689000A	LOCK COVER PLATE	 $9.53 
BRP00023000A	LOCK CRANK CAM	 $0.05 
21017279000A	LOCK CYL	 $8.21 
21018303000A	LOCK CYL	 $51.71 
11033173000B	LOCK CYLINDER-8437 USE ONLY	 $48.60 
BRP00030000A	LOCK DETENT SPRING	 $0.05 
BRP00722000A	LOCK DETENT SPRING	 $0.05 
BRP00027000A	LOCK DIAL	 $0.05 
BRP00937000A	LOCK DIAL	 $0.05 
BRP00024000A	LOCK DIAL CRANK ARM	 $0.05 
BRP00028000A	LOCK DRIVE SHAFT	 $0.05 
21020930000A	LOCK ENCASEMENT	 $17.78 
11034987000A	LOCK FOR 201D VID CAB	 $41.11 
BRP00748000A	LOCK FOR CS1000 & CS200 CASSET	 $0.05 
11037939000A	LOCK FOR GYYR VCR LOCKBOX	 $23.57 
BRP00133000A	LOCK HARNESS COVER	 $0.05 
19021684000A	LOCK HDW,RTNG CLIP	 $1.94 
19021684000B	LOCK HDW,RTNG CLIP	 $2.13 
29017104000A	LOCK HDW,RTNG CLIP	 $0.68 
21017128005A	LOCK INSERT	 $22.34 
21017128005B	LOCK INSERT	 $21.01 
21017128007A	LOCK INSERT	 $22.34 
21017128007B	LOCK INSERT	 $21.01 
21017128008B	LOCK INSERT	 $21.01 
21017128009B	LOCK INSERT	 $21.01 
21017128010A	LOCK INSERT	 $21.90 
21017128010B	LOCK INSERT	 $19.05 
21017128011B	LOCK INSERT	 $21.01 
21017128012A	LOCK INSERT	 $26.36 
21017128012B	LOCK INSERT	 $21.01 
21017128013A	LOCK INSERT	 $21.90 
21017128013B	LOCK INSERT	 $21.01 
21017128014A	LOCK INSERT	 $21.90 
21017128014B	LOCK INSERT	 $21.01 
21017128015B	LOCK INSERT	 $21.01 
21017128016A	LOCK INSERT	 $25.11 
21017128018A	LOCK INSERT	 $21.90 
21017128019A	LOCK INSERT	 $28.42 
21017128028A	LOCK INSERT	 $21.90 
21017128031A	LOCK INSERT	 $21.90 
21017128042A	LOCK INSERT	 $21.90 
21017128050A	LOCK INSERT	 $21.90 
21017128053A	LOCK INSERT	 $21.90 
21017128053B	LOCK INSERT	 $21.90 
21017128056A	LOCK INSERT	 $21.90 
21017128056B	LOCK INSERT	 $21.90 
21017128095A	LOCK INSERT	 $21.90 
21017128095B	LOCK INSERT	 $25.11 
29005698074B	LOCK INSERT	 $25.14 
29009358048A	LOCK INSERT	 $28.24 
29009568143A	LOCK INSERT	 $28.24 
29009658001A	LOCK INSERT	 $34.19 
29009658004B	LOCK INSERT	 $15.37 
29009658005A	LOCK INSERT	 $37.69 
29009658006B	LOCK INSERT	 $17.79 
29009658007B	LOCK INSERT	 $17.79 
29009658009A	LOCK INSERT	 $37.69 
29009658009B	LOCK INSERT	 $15.37 
29009658012A	LOCK INSERT	 $37.69 
29009658017B	LOCK INSERT	 $17.79 
29009658018B	LOCK INSERT	 $17.79 
29009658020A	LOCK INSERT	 $37.69 
29009658021B	LOCK INSERT	 $17.79 
29009658024B	LOCK INSERT	 $17.79 
29009658028B	LOCK INSERT	 $17.79 
29009658029B	LOCK INSERT	 $15.37 
29009658031B	LOCK INSERT	 $17.79 
29009658032B	LOCK INSERT	 $17.79 
29009658033A	LOCK INSERT	 $17.79 
29009658034B	LOCK INSERT	 $15.37 
29009658035A	LOCK INSERT	 $37.69 
29009658036B	LOCK INSERT	 $17.79 
29009658039B	LOCK INSERT	 $15.37 
29009658043B	LOCK INSERT	 $17.79 
29009658044B	LOCK INSERT	 $17.79 
29009658045A	LOCK INSERT	 $37.69 
29009658046A	LOCK INSERT	 $17.79 
29009658047A	LOCK INSERT	 $16.14 
29009658047B	LOCK INSERT	 $15.37 
29009658049A	LOCK INSERT	 $16.14 
29009658049B	LOCK INSERT	 $17.79 
29009658051A	LOCK INSERT	 $34.19 
29009658051B	LOCK INSERT	 $17.79 
29009658052A	LOCK INSERT	 $34.19 
29009658052B	LOCK INSERT	 $17.79 
29009658053B	LOCK INSERT	 $17.79 
29009658054B	LOCK INSERT	 $17.79 
29009658056B	LOCK INSERT	 $15.37 
29009658057A	LOCK INSERT	 $17.79 
29009658059A	LOCK INSERT	 $17.79 
29009658060B	LOCK INSERT	 $17.79 
29009658061B	LOCK INSERT	 $17.79 
29009658062B	LOCK INSERT	 $15.37 
29009658064B	LOCK INSERT	 $15.37 
29009658065A	LOCK INSERT	 $37.69 
29009658065B	LOCK INSERT	 $17.79 
29009658068A	LOCK INSERT	 $17.79 
29009658069B	LOCK INSERT	 $17.79 
29009658070A	LOCK INSERT	 $17.79 
29009658071B	LOCK INSERT	 $17.79 
29009658072A	LOCK INSERT	 $17.79 
29009658072B	LOCK INSERT	 $15.37 
29009658073B	LOCK INSERT	 $17.79 
29009658074B	LOCK INSERT	 $15.37 
29009658075B	LOCK INSERT	 $15.37 
29009658076A	LOCK INSERT	 $37.69 
29009658076B	LOCK INSERT	 $17.79 
29009658077A	LOCK INSERT	 $37.69 
29009658078A	LOCK INSERT	 $17.79 
29009658080B	LOCK INSERT	 $17.79 
29009658082B	LOCK INSERT	 $17.79 
29009658083B	LOCK INSERT	 $17.79 
29009658084B	LOCK INSERT	 $17.79 
29009658085B	LOCK INSERT	 $17.79 
29009658086A	LOCK INSERT	 $17.79 
29009658086B	LOCK INSERT	 $17.79 
29009658087A	LOCK INSERT	 $17.79 
29009658087B	LOCK INSERT	 $15.37 
29009658088A	LOCK INSERT	 $17.79 
29009658088B	LOCK INSERT	 $17.79 
29009658089A	LOCK INSERT	 $17.79 
29009658089B	LOCK INSERT	 $15.37 
29009658092B	LOCK INSERT	 $17.79 
29009658093B	LOCK INSERT	 $17.79 
29009658094B	LOCK INSERT	 $17.79 
29009658095B	LOCK INSERT	 $17.79 
29009658098B	LOCK INSERT	 $15.37 
29009658099B	LOCK INSERT	 $17.79 
29009658100A	LOCK INSERT	 $17.79 
29009658101A	LOCK INSERT	 $17.79 
29009658105B	LOCK INSERT	 $15.65 
29009658106B	LOCK INSERT	 $15.65 
29009658107B	LOCK INSERT	 $15.65 
29009658136G	LOCK INSERT	 $15.37 
29009658139A	LOCK INSERT	 $17.79 
29009658173A	LOCK INSERT	 $17.79 
29009658186A	LOCK INSERT	 $17.79 
29009658186B	LOCK INSERT	 $17.79 
29009658241A	LOCK INSERT	 $15.60 
MSN78634132A	LOCK INSERT	 $39.88 
MSN78634208A	LOCK INSERT	 $14.69 
29009658097A	LOCK INSERT  D 3097  1173-1	 $17.79 
29009658097B	LOCK INSERT  D 3097  1773-1-F2	 $17.79 
29009658079A	LOCK INSERT D 3079   1773-1	 $17.79 
29009658079B	LOCK INSERT D 3079   1773-1-F2	 $15.37 
29009658081B	LOCK INSERT D 3081   1773-1-F2	 $17.79 
29009658091B	LOCK INSERT D 3091  1773-1-F2	 $17.79 
29009658014A	LOCK INSERT1	 $37.69 
MSN78634182A	LOCK KEYED TO # 182	 $14.69 
MSN78634134A	LOCK KEYED TO #134	 $39.88 
MSN78634206A	LOCK KEYED TO 206	 $14.69 
11066418000A	Lock Kit	 $247.09 
31016619L0WA	LOCK KIT- 17505 LH WITH 4 SCRE	 $56.82 
31016619L0WC	LOCK KIT- 17515 (17529)	 $128.30 
PLLK45000000	LOCK KIT FOR PELCO EH4500 CAM	 $19.80 
41027134000A	LOCK KIT, SWINGBOLT; CWII & SWII	 $572.76 
41027135000A	LOCK KIT, TOGGLE; CWII & SWII	 $599.40 
21016308000H	LOCK KIT,ESWGBLT,LH	 $408.30 
21016309000H	LOCK KIT,ESWGBLT,RH	 $408.30 
31016619R0WA	LOCK KIT-17505 RH WITH 4 SCREW	 $56.82 
31016619R0WC	LOCK KIT-17515 (17529)	 $127.94 
31016619L0WD	LOCK KIT-17570	 $54.66 
31016619R0WD	LOCK KIT-17570	 $54.66 
31016619L0WF	LOCK KIT-18058 DAT	 $1,196.37 
31016619R0WF	LOCK KIT-18058 DAT	 $1,196.37 
11031142000A	LOCK LID - HHM	 $17.61 
11031141000A	LOCK LID - LEFT HAND - HHM	 $4.31 
11031140000A	LOCK LID - RIGHT HAND - HHM	 $9.55 
03002194000B	LOCK LID-BUFF BRASS	 $2.48 
03002285000B	LOCK LID-BUFF BRASS	 $6.62 
03002286000B	LOCK LID-BUFF BRASS	 $0.96 
03002464000B	LOCK LID-BUFF BRASS	 $6.16 
03002465000B	LOCK LID-BUFF BRASS	 $6.16 
11009114000B	LOCK LID-BUFF BRASS	 $1.92 
21013588000B	LOCK LID-BUFF BRASS	 $14.75 
21013786000B	LOCK LID-BUFF BRASS	 $16.09 
03001538000D	LOCK LID-BUFF NICKEL	 $5.45 
03002048000D	LOCK LID-BUFF NICKEL	 $3.71 
03002049000D	LOCK LID-BUFF NICKEL	 $4.01 
03002194000D	LOCK LID-BUFF NICKEL	 $3.26 
03002195000D	LOCK LID-BUFF NICKEL	 $3.14 
03002453000D	LOCK LID-BUFF NICKEL	 $3.57 
03002464000D	LOCK LID-BUFF NICKEL	 $10.92 
11003496000D	LOCK LID-BUFF NICKEL	 $3.27 
11009114000D	LOCK LID-BUFF NICKEL	 $1.10 
21013785000D	LOCK LID-BUFF NICKEL	 $5.48 
21013786000D	LOCK LID-BUFF NICKEL	 $5.48 
30015380000	LOCK LID-SATIN BRASS	 $23.81 
30021940000	LOCK LID-SATIN BRASS	 $18.41 
30024530000	LOCK LID-SATIN BRASS	 $17.61 
03002048000C	LOCK LID-SATIN NICKEL	 $11.39 
03002049000C	LOCK LID-SATIN NICKEL	 $1.10 
03002194000C	LOCK LID-SATIN NICKEL	 $2.48 
03002195000C	LOCK LID-SATIN NICKEL	 $4.21 
03002449000C	LOCK LID-SATIN NICKEL	 $3.71 
03002453000C	LOCK LID-SATIN NICKEL	 $3.75 
11003496000C	LOCK LID-SATIN NICKEL	 $3.28 
11003708000C	LOCK LID-SATIN NICKEL	 $3.40 
11031205000C	LOCK LID-SATIN NICKEL	 $18.14 
11031686000A	LOCK PAWL SPRING - CL 5003	 $4.10 
BRP00292000A	LOCK PIVOT	 $0.05 
BRP00212000A	LOCK PIVOT RETAINER	 $0.05 
BRP00291000A	LOCK PIVOT SHAFT	 $0.05 
17000746000A	LOCK PLATE	 $69.77 
17001589000A	LOCK PLATE	 $23.75 
18010117000A	LOCK PLATE	 $0.71 
18020866000A	LOCK PLATE	 $0.40 
BRP00551000A	LOCK PLATE	 $0.05 
31016645000A	LOCK PLATE COVER	 $237.05 
11033194000A	LOCK PLUG YALE 6200 H-1-R	 $1.46 
11033195000A	LOCK PLUG YALE 6201 H-1-L	 $1.46 
NZ0000002499	LOCK POST ASSEMBLY	 $0.02 
11062309000A	LOCK PROGRAMMING CABLE	 $69.80 
MSZ89104710A	LOCK RH S & G 4442	 $30.92 
11066388000A	Lock Safe ProLogic L02 with DeadBolt Lock Body	 $535.28 
19011328000B	LOCK SET	 $248.56 
31018710000A	LOCK SET	 $46.65 
31018710000C	LOCK SET	 $76.07 
31018710000E	LOCK SET	 $84.39 
31018710000F	LOCK SET	 $187.70 
31018710000G	LOCK SET	 $209.23 
31018710000J	LOCK SET	 $81.97 
31018710000K	LOCK SET	 $83.21 
31018710000L	LOCK SET	 $93.68 
31018710000M	LOCK SET	 $236.61 
19062056000A	LOCK SET AND KEY FOR PELCO LB1000 LOCK BOX	 $10.92 
TP821073001A	LOCK SET INSTALLATION GUIDE	 $13.50 
49220651000B	LOCK SET,MIDDLE,1 KEY 1 BANK	 $45.85 
21014964000A	LOCK SHELL DRAWER & DOOR	 $3.32 
29005455000A	LOCK STRAP	 $0.00 
00022145000B	LOCK UP-GRADE KIT	 $50.54 
11036965000A	LOCK W/2 KEYS -CORBIN LOCK H	 $152.19 
11051624000A	LOCK W/KNOB FOR 1/2" THICK LID	 $730.41 
11051623000A	LOCK W/KNOB FOR 1/4" THICK LID	 $730.41 
29012138004A	LOCK,	 $47.68 
29012138016A	LOCK,	 $43.54 
29012138023A	LOCK,	 $48.01 
29012138025A	LOCK,	 $48.01 
29012138028A	LOCK,	 $43.54 
29012138055A	LOCK,	 $43.54 
29012138080A	LOCK,	 $43.54 
29012138101A	LOCK,	 $22.19 
29012138102A	LOCK,	 $17.84 
29012138103A	LOCK,	 $17.84 
29012138104A	LOCK,	 $17.84 
29012138105A	LOCK,	 $17.84 
29012138108A	LOCK,	 $17.84 
MSN78634215A	lock, #215, mcs code	 $39.88 
MSN78634216A	lock, #216, mcs code	 $13.79 
MSN740090SGA	lock, 57572, alum,flat, stk gr	 $77.73 
11038426000A	lock, 8400 group 1 #8410-009	 $551.02 
MHKI0077000D	LOCK, BANK MODE WITH 2 KEYS	 $661.50 
MHKU0067000D	LOCK, BANKMODE, WITH 2 KEYS	 $661.50 
41019211503A	LOCK, CASH TRAY NON MK	 $25.34 
41019211516A	LOCK, CASH TRAY NON MK	 $23.65 
41019211528A	LOCK, CASH TRAY NON MK	 $22.53 
41019211529A	LOCK, CASH TRAY NON MK	 $22.53 
41019211531A	LOCK, CASH TRAY NON MK	 $22.53 
41019211537A	LOCK, CASH TRAY NON MK	 $22.53 
41019211538A	LOCK, CASH TRAY NON MK	 $22.53 
41019211539A	LOCK, CASH TRAY NON MK	 $22.53 
41019211541A	LOCK, CASH TRAY NON MK	 $22.53 
41019211543A	LOCK, CASH TRAY NON MK	 $22.53 
41019211544A	LOCK, CASH TRAY NON MK	 $22.53 
41019211547A	LOCK, CASH TRAY NON MK	 $22.53 
41019211549A	LOCK, CASH TRAY NON MK	 $22.53 
41019211550A	LOCK, CASH TRAY NON MK	 $31.46 
41019211551A	LOCK, CASH TRAY NON MK	 $22.53 
41019211552A	LOCK, CASH TRAY NON MK	 $22.53 
41019211553A	LOCK, CASH TRAY NON MK	 $22.53 
41019211554A	LOCK, CASH TRAY NON MK	 $22.53 
41019211556A	LOCK, CASH TRAY NON MK	 $35.51 
41019211559A	LOCK, CASH TRAY NON MK	 $22.53 
41019211561A	LOCK, CASH TRAY NON MK	 $22.53 
41019211562A	LOCK, CASH TRAY NON MK	 $22.53 
41019211563A	LOCK, CASH TRAY NON MK	 $22.53 
41019211564A	LOCK, CASH TRAY NON MK	 $22.53 
41019211566A	LOCK, CASH TRAY NON MK	 $22.53 
41019211568A	LOCK, CASH TRAY NON MK	 $22.53 
41019211569A	LOCK, CASH TRAY NON MK	 $22.53 
41019211571A	LOCK, CASH TRAY NON MK	 $22.53 
41019211574A	LOCK, CASH TRAY NON MK	 $22.53 
41019211576A	LOCK, CASH TRAY NON MK	 $22.53 
41019211577A	LOCK, CASH TRAY NON MK	 $22.53 
41019211578A	LOCK, CASH TRAY NON MK	 $22.53 
41019211579A	LOCK, CASH TRAY NON MK	 $22.53 
41019211580A	LOCK, CASH TRAY NON MK	 $22.53 
41019211581A	LOCK, CASH TRAY NON MK	 $22.53 
41019211583A	LOCK, CASH TRAY NON MK	 $22.53 
41019211586A	LOCK, CASH TRAY NON MK	 $22.53 
41019211587A	LOCK, CASH TRAY NON MK	 $22.53 
41019211588A	LOCK, CASH TRAY NON MK	 $22.53 
41019211589A	LOCK, CASH TRAY NON MK	 $22.53 
41019211590A	LOCK, CASH TRAY NON MK	 $22.53 
41019211594A	LOCK, CASH TRAY NON MK	 $22.53 
41019211596A	LOCK, CASH TRAY NON MK	 $22.53 
41019211598A	LOCK, CASH TRAY NON MK	 $22.53 
41019211600A	LOCK, CASH TRAY NON MK	 $22.53 
29009658096A	LOCK, CYLINDER	 $17.79 
MSN82772000A	LOCK, CYLINDER KEY      *MIDWE	 $83.45 
MSN81991000A	LOCK, CYLINDER KEY *CHICAGO #1	 $18.71 
MSN82731000A	LOCK, CYLINDER KEY *MIDWEST VE	 $115.07 
MSN91406201A	LOCK, CYLINDER KEY *NAT'L #M2-	 $60.39 
MSN91406207A	LOCK, CYLINDER KEY *NAT'L #M2-	 $15.05 
MSN91406208A	LOCK, CYLINDER KEY *NAT'L #M2-	 $60.39 
MSN91406209A	LOCK, CYLINDER KEY *NAT'L #M2-	 $60.39 
MSN82767000A	LOCK, CYLINDER KEY-6 KEYS & SP	 $141.53 
MSN75362000A	LOCK, DEPOSIT DRAWER	 $0.00 
49201549000A	LOCK, DUMMY, CDS	 $9.56 
MHKI0077000C	LOCK, FL MODE	 $661.50 
49019334000D	LOCK, GATE, LEFT	 $16.36 
11038424000A	lock, group 1 8550-003	 $299.99 
MSN80663000A	LOCK, K5701C	 $1,245.90 
MSN80738000A	LOCK, K5701C KEY	 $0.00 
MSN86614000A	LOCK, K5701C KEY	 $0.00 
MSN86617000A	LOCK, K5901C  BRASS CORR./FLT	 $0.00 
MSN72635000A	LOCK, KEY  *CHICAGO #4188/5 PO	 $17.76 
MSN78634177A	LOCK, KEY - NON/MK KEYED TO #1	 $14.69 
MSN78634193A	LOCK, KEY - NON/MK KEYED TO #1	 $39.88 
MSN78634195A	LOCK, KEY - NON/MK KEYED TO #1	 $14.69 
MSN78634199A	LOCK, KEY - NON/MK KEYED TO #1	 $14.69 
MSN78634209A	LOCK, KEY - NON/MK KEYED TO #2	 $14.69 
MSN78634210A	LOCK, KEY - NON/MK KEYED TO #2	 $14.69 
MSN78634211A	LOCK, KEY - NON/MK KEYED TO #2	 $14.69 
MSN78634217A	LOCK, KEY - NON/MK KEYED TO #2	 $39.88 
MSN78634219A	LOCK, KEY - NON/MK KEYED TO #2	 $39.88 
MSN78634220A	LOCK, KEY - NON/MK KEYED TO #2	 $14.69 
MSN72633000A	LOCK, KEY *CHICAGO #4153* - CA	 $0.00 
MSN78634117A	LOCK, KEY NON-MK KEYED TO #1	 $39.88 
MSN78634171A	LOCK, KEYED TO #171   (Z175306	 $36.89 
MSN78634175A	LOCK, KEYED TO #175   (Z175306	 $52.79 
MSN78634207A	LOCK, KEY-NON/MK KEYED TO #2	 $14.69 
MSN70993000A	LOCK, LINX CABINETS, L444 KEY	 $19.58 
MSN77171000A	LOCK, MR302 STD BOLT  (1640-9)	 $0.00 
11043501000A	LOCK, OLYMPUS #200 DW	 $24.74 
MSN94165000A	LOCK, P59001-KEY-BRASS/FLT/FLT	 $0.00 
11048694000A	LOCK, RIGHT HAND B447	 $86.35 
MSZ17672970A	LOCK, RND. SECURITY AD059	 $46.31 
41019200000A	LOCK, SHELL	 $262.86 
MSZ8427770NB	LOCK, SNGL NOSE, 7737	 $419.45 
MSN70934000A	LOCK, W HOLDUP SWITCHES	 $114.56 
MSN68087000A	LOCK,57571 KEY-BRS-FLT/FLT NO/	 $0.00 
19041345000A	LOCK,CABINET,SECURITY,VIDEO,D-28	 $18.90 
29008177000A	LOCK,CAM	 $3.32 
41019206502A	lock,cash tray mk	 $23.48 
41019206503A	lock,cash tray mk	 $23.48 
41019206504A	lock,cash tray mk	 $23.48 
41019206505A	lock,cash tray mk	 $23.48 
41019206506A	lock,cash tray mk	 $23.48 
41019206507A	lock,cash tray mk	 $23.48 
41019206508A	lock,cash tray mk	 $23.48 
41019206509A	lock,cash tray mk	 $23.48 
41019206511A	lock,cash tray mk	 $23.48 
41019206513A	lock,cash tray mk	 $23.48 
41019206514A	lock,cash tray mk	 $23.48 
41019206515A	lock,cash tray mk	 $23.48 
41019206517A	lock,cash tray mk	 $23.48 
41019206518A	lock,cash tray mk	 $23.48 
41019206520A	lock,cash tray mk	 $23.48 
41019206521A	lock,cash tray mk	 $23.48 
41019206522A	lock,cash tray mk	 $23.48 
41019206523A	lock,cash tray mk	 $23.48 
41019206524A	lock,cash tray mk	 $23.48 
41019206525A	lock,cash tray mk	 $23.48 
49211537000F	LOCK,CASSETTE	 $8.93 
49024874000B	LOCK,CATCH	 $21.82 
MSN82230000A	LOCK,CHICAGO KEY - KEYED TO MW	 $9.70 
00017458000A	LOCK,COMB,ELECT DEAD BOLT,W/OVRD,NO OPTN	 $236.75 
00017452000J	LOCK,COMB,ELECT SPR BOLT,W/KNOB,OPTN 8	 $431.76 
49012971000A	LOCK,COMB,GR 2M	 $203.10 
49236877000B	LOCK,COMB,GR 2M,SIL SIG	 $294.60 
0001742300HA	LOCK,COMB,GRII DRILLED BOLT	 $101.25 
49201549000B	LOCK,DUMMY,CD	 $8.95 
19048781000A	LOCK,ELECT KEYSWITCH	 $35.14 
49268888000A	LOCK,ELECT,DEADBOLT,QUESTOR - SM	 $860.11 
29010751000C	LOCK,FL KEY,CAB,5 PK	 $149.36 
39002851000A	LOCK,FL KY	 $22.75 
29009658003A	LOCK,FL KY,W/CYL	 $34.19 
MHKI0077000E	LOCK,FL&BANK MODE WITH 2 KEYS	 $661.50 
MSN82198000A	LOCK,K5700  KEY  FLT/FLT	 $0.00 
TSN90966000A	LOCK,KEY A/B1/B2	 $13.65 
TSN90475000A	LOCK,LEVER-A	 $0.00 
TSN90476000A	LOCK,LEVER-L	 $0.00 
TSN90474000A	LOCK,LEVER-US	 $3.28 
11043502000A	LOCK,MASTER #1710KA	 $15.60 
11043502000B	LOCK,MSTR #1710KD,RANDOM KEYED	 $15.60 
29014486000B	LOCK,SAFER,CHUTE	 $20.32 
49020041000A	LOCK,SPOOL	 $9.89 
29012152000A	LOCK,TBLR KY,07 PIN/DUAL,CW	 $20.73 
11038919000A	LOCK,TPD	 $2,293.80 
18020742000A	LOCK,W/CAM	 $17.63 
18020742000B	LOCK,W/CAM	 $23.17 
28020941000A	LOCK,W/CAM	 $18.41 
28020941000B	LOCK,W/CAM	 $19.05 
MSK88433000A	LOCKBOX FILLER PLATE	 $2.28 
MSZ74451760A	LOCK-CHANGEABLE,AL 81	 $365.90 
MSZ74451840A	LOCK-CHANGEABLE,AL82	 $365.90 
41020744000C	LOCKERS, ASSEMBLY,DOOR,135-71	 $1,469.44 
41020744000D	LOCKERS, ASSEMBLY,DOOR,135-71	 $1,469.44 
41020744000G	LOCKERS, ASSEMBLY,DOOR,135-71	 $2,154.60 
41020744000H	LOCKERS, ASSEMBLY,DOOR,135-71	 $2,154.60 
4102074402AC	LOCKERS, ASSEMBLY,DOOR,LEFT,135-75	 $883.39 
4102074408AA	LOCKERS, ASSEMBLY,DOOR,LEFT,135-76	 $1,723.68 
4102074405AE	LOCKERS, ASSEMBLY,DOOR,LH,135-76	 $1,723.68 
4102074400AC	LOCKERS, ASSEMBLY,DOOR,RH,135-75	 $883.39 
4102074401AE	LOCKERS, ASSEMBLY,DOOR,RH,135-76	 $1,723.68 
41020744090A	LOCKERS, COVER,LOCK	 $185.29 
41020744000E	LOCKERS, DOOR	 $439.54 
41020744000F	LOCKERS, DOOR	 $439.54 
41020744010U	LOCKERS, DOOR	 $530.03 
41020744010V	LOCKERS, DOOR	 $530.03 
41020744010W	LOCKERS, DOOR	 $530.03 
41020744010Y	LOCKERS, DOOR	 $530.03 
4102074401AK	LOCKERS, DOOR	 $133.59 
4102074401AM	LOCKERS, DOOR	 $133.59 
4102074401AP	LOCKERS, DOOR	 $133.59 
4102074402AE	LOCKERS, DOOR	 $1,723.68 
4102074402AP	LOCKERS, DOOR	 $133.59 
4102074403AK	LOCKERS, DOOR	 $133.59 
4102074403AM	LOCKERS, DOOR	 $133.59 
4102074405AJ	LOCKERS, DOOR	 $133.59 
41020744010X	LOCKERS, DOOR SKIN	 $185.29 
41020744030S	LOCKERS, HINGE	 $185.29 
4102074403AE	LOCKERS, HINGE,DOOR	 $159.44 
4102074403AJ	LOCKERS, HINGE,DOOR	 $68.95 
4102074404AS	LOCKERS, HINGE,DOOR	 $51.71 
41020744060A	LOCKERS, NUT,HEX,.3125-18 UNC	 $8.62 
4102074406AA	LOCKERS, NUT,NYLOCK,HEX CTR,STL,.25-20 UNC	 $8.62 
41020744120A	LOCKERS, PLUG,LOCK COVER	 $185.29 
41020744070A	LOCKERS, ROLL PIN,.25 X 1IN	 $8.62 
41020744030P	LOCKERS, RUBBER STOPPER	 $8.62 
41020744170A	LOCKERS, SCH,CAP,SCR,.25-20 UNC X 1.25	 $8.62 
41020744180A	LOCKERS, SCH,CAP,SCR,.25-20 UNC X.625	 $8.62 
41020744050A	LOCKERS, SCR,CAP,HEX HD,.3125-18 UNC X 1.25	 $8.62 
41020744030C	LOCKERS, SCR,CAP,SCH,10-32 UNC X .875	 $8.62 
41020744010E	LOCKERS, SCR,CAP,SCH,10-32 UNC X 1.25	 $8.62 
41020744020C	LOCKERS, SCR,CAP,SCH,10-32 UNC X 1.375	 $8.62 
41020744020H	LOCKERS, SCR,CAP,SCH,HEX,.25-20 UNC X 1.625	 $8.62 
41020744080A	LOCKERS, SCR,MACH,PNH,8-32 UNC X.3125,PHIL	 $8.62 
41020744100A	LOCKERS, SCR,SCH,BTNHD,.25-20 UNC X .3125	 $12.92 
4102074409AA	LOCKERS, SCR,SCH,BTNHD,.25-20 UNC X.50	 $12.92 
41020744160A	LOCKERS, WSHR,LK,SPR,HLCL,.25IN	 $8.62 
41020744110A	LOCKERS, WSHR,S.A.E.,.25IN	 $8.62 
41020704000K	LOCKING BACKUP BAR,12-60 IN B/W	 $77.56 
41020704001K	LOCKING BACKUP BAR,12-60 IN B/W	 $77.56 
11033993000A	LOCKING BOLT	 $71.49 
MSK92829000A	LOCKING BOLT	 $15.87 
41021743000A	LOCKING CAM	 $51.16 
L20001350000	LOCKING CAM - MAIN	 $64.64 
MSK97412000A	LOCKING CHANNEL ASSEMBLY	 $103.01 
WN1750179181	locking lever cassette	 $22.34 
WN007000096A	LOCKING PIN FOR SOP PANEL	 $42.97 
38020849000A	LOCKING, EXTENSION *3729	 $12.29 
MSZ79351750A	LOCK-KIOSK TA STS	 $30.50 
11050568000A	LOCKNETICS ENTRY SYSTEM CONTRO	 $563.04 
49253902000A	LOCKOUT	 $4.58 
MSZ790970405	LOCKS, DRAWER 5 PIN	 $35.55 
MSZ790970413	LOCKS, DRAWER 5 PIN	 $35.55 
MSZ790970419	LOCKS, DRAWER 5 PIN	 $35.55 
MSZ790970421	LOCKS, DRAWER 5 PIN	 $35.55 
10270260000	LOCKWASHER	 $0.05 
10270060000	LOCKWASHER 1/4 IN	 $0.06 
TSN93706000A	LOC-LEVER L	 $0.00 
TSN93705000A	LOC-LEVER R	 $0.00 
11050569000A	LOCNETICS KEY SWITCH	 $351.05 
11043493000A	LOCTITE SUPERBONDER	 $82.22 
11038084000A	LOGIC BOARD FOR SPECTRADOME	 $753.64 
19039161000A	LOGIC CABLE FROM I/O TO SND DE	 $98.66 
11050570000A	LOGIC CONTROLLER RELAY	 $159.26 
11062323000A	LOGIC MODULE CABLE 3'	 $26.54 
89026037000A	LOGIC PC BD	 $73.91 
NZ0000003471	LOGO SENSE 5684- AD PANEL	 $214.86 
19046411000A	LOGO,LG,PACOM	 $42.41 
19045903000A	LOGO,SMALL,PACOM	 $28.38 
11042251000A	LONG EARTH CONNECTION	 $49.16 
19056938000A	LONG RANGE LENS KIT FOR DS860 PIR	 $14.05 
00013810000B	LONG RANGE RF,TPD STD	 $2,189.66 
00013810000A	LONG RANGE RF,TPD UL	 $2,326.69 
11035732000A	LONG SHANK DRILL BIT  1/8 X 4-	 $11.49 
TS4368840700	LONG-EDGE ALIGNMENT ASSY	 $4,241.32 
11050571000A	LOOP ISOLATOR 1 GANG BX MOUNTE	 $121.95 
11050572000A	LOOPING MATRIX SWITCHER	 $1,946.85 
NZ0000002736	LOUDSPEAKER	 $0.02 
WN000143500A	LOUDSPEAKER WIDEBAND 4 INCH N	 $146.42 
11051239000A	LOW BATTRY CUTFF&MSTR POWR SWT	 $44.37 
19039149000A	LOW BILL MAGNET, PLASTIC CASSE	 $7.68 
NZ0000004248	LOW POWER DC DISTRIBUTION HARNESS 1000MM	 $126.88 
19071825000A	LOW PROFILE DUAL BAND CELLULAR/PCS DIGITAL ANTENNA FOR USE WITH ALL TELGUARD DIGITAL CELLULAR ALARM COMMUNICATORS	 $301.95 
11062353000A	LOW PROFLE ANTENNA,W/MOUNT BKT	 $301.46 
11038683000A	Low Pwr Keypad PCB model 2140	 $380.93 
49260498000A	LOWER 6MM RAIL	 $2.52 
11043481000A	LOWER CHECK VALVE	 $142.11 
NZ0000003418	LOWER COLLAR BRKT ASSY - 5885	 $252.13 
11034085000A	LOWER CYLINDER   VSS302 #54584	 $345.17 
11034362000A	LOWER CYLINDER   VSS303	 $189.10 
28000490000A	LOWER LIMIT SW BKT	 $4.81 
41018236000A	LOWER MOTOR CATCH COVER	 $14.54 
19039137000A	LOWER NOTE GUIDE, DIVERT - 507	 $4.38 
NZ0000003480	LOWER RT SIDE BEAUTY DOOR	 $362.34 
28010470000A	LOWER SEAL *03371	 $2.97 
TSN94671000A	Lower Transport Belt/Brg 601	 $1,671.87 
TSN80553000A	LOWER TRANSPORT DRVR BD NK2,R,P	 $1,546.54 
TP820587001D	LR3000 (TS/IP/BC) INSTALL MAN	 $20.70 
GR808109501C	lr3000(ts and bc) on line	 $18.00 
BRP00819000A	LRC ELEVATOR 4WD	 $0.05 
27001037000A	LS DOOR HDL CONVERSION KT	 $4.17 
31000220000D	LS JAMB HINGE ASM	 $16.06 
MSZ63566220A	LSG_1 SYNC.GENERATOR	 $598.80 
PLPM14000000	LT DUTY WALL MOUNT FOR SCANNER	 $32.40 
PLCM14000000	LT DUTY WALL MT,W\ADJ BALL\SWI	 $40.56 
89030597000A	LTC485CS8/SP485CN IC RS485 TRA	 $6.63 
USPSUNITLUBE	LUBRICATE AND TEST ALL LOCKS	 $18.90 
15005600000A	Lumber, 1.5 x 1.5	 $3.52 
89028874000A	LUMINANCE BD. GYYR	 $29.34 
NZ0000004287	LVDT Sensor Assy Single Roll	 $113.53 
NZ0000001589	LVDT SETTING STUD - 56XX	 $22.59 
29008823000A	LVR STOP,CNVC	 $3.25 
21015508000A	LVR, LH STOP	 $715.55 
21015507000A	LVR, RH STOP	 $715.55 
BUFCO221000A	LWR CHAS PWR & LGC CA MOD,BTP	 $1.12 
49262978X01A	LWR, FASCIA DR, D429FL	 $58.64 
49262978XXXA	LWR, FASCIA DR, D429FL	 $58.64 
00052093000A	LXAN RCK, 20 WHT & BLK DIVDERS	 $259.88 
89030153000A	lxv10vb3900m capacitor	 $46.92 
89031121000C	M & T BANK V2.0.2 UPDATE CD	 $8.55 
89031123000A	M&T BANK 1X V1.0.0 SOFTWARE	 $0.05 
89031121000A	M&T BANK OPTEVA V10.0. SOFTWAR	 $0.05 
89031121000B	M&T BANK OPTVA VZ 01-3 SOFTWAR	 $17.10 
89031122000A	M&T BANK THUMB DRIVES	 $0.05 
89031122000B	M&T BANK THUMB DRIVES	 $78.19 
89031373000A	M&T BANK V.2.0.1-3 UPDATE CD	 $0.05 
89031372000A	M&T BANK V.2.0.1-3 USB DRIVE	 $0.05 
89031374000A	M&T BNK V.2.0.1-3 ONETUCH/DSS	 $0.05 
00022075088A	M-17-VPI	 $162.60 
HC400002000A	M4-0.7X12 SOCKET CAP DIN 912 12.9 BLK OXIDE	 $0.03 
00019618000A	M-422-FR	 $51.08 
11065250000A	M490P-SHCLAGE 490 SER MAG LOCK	 $908.91 
11065251000A	M490TJ-SHCLAGE TOPJAMB MNT BRK	 $900.28 
11050573000A	M500CFS	 $150.73 
11050574000A	M500MF MONITOR MODUL	 $141.66 
11050575000A	M500SF	 $154.84 
89030157000A	m51995p ic	 $43.53 
11065015000A	M8 CONTROLLER BOARD WITH CCM-F	 $2,110.19 
NZ0000003060	M80-05 CURRENCY DRIVER BD	 $767.34 
00106889000A	M90055-751 YMCKO DYE FILM 350/	 $117.00 
00106889000K	M90055-758 YMCKOK DYE 300/	 $140.40 
11050577000A	MA002 ADAP FOR DET TO 70 40000	 $26.02 
89030207000A	mac228a6	 $16.06 
29006581000A	MACH KEY	 $1.94 
GR802117501A	MACHINE INTERFACE DEVICE G.E.	 $11.70 
GR802109301A	MACHINE INTERFACE DEVICE MAYTA	 $11.70 
GR802109401A	MACHINE INTERFACE DEVICE MAYTA	 $11.70 
GR802110401A	MACHINE INTERFACE DEVICE MAYTA	 $11.70 
GR802113301A	MACHINE INTERFACE DEVICE MAYTA	 $11.70 
GR802112001A	MACHINE INTERFACE DEVICE SPEED	 $11.70 
GR802119901A	MACHINE INTERFACE DEVICE SPEED	 $12.60 
GR802115901A	MACHINE INTERFACE DEVICE WHIRL	 $11.70 
11050578000A	MACURCO GAS DETECTOR	 $387.45 
00052095000A	MAG 4 IN 1 CUR AUTHENTICATOR	 $37.76 
BRP00725000A	MAG CONTACT SENSOR	 $0.05 
11050581000A	MAG CRD ACC READ 12VDC TRK WEA	 $271.31 
11050582000A	MAG CRD READ 12VDC TRK WEA TAM	 $386.42 
11050579000A	MAG DOOR HOLDER 24/120	 $99.26 
11037245000A	MAG HD LOW CO	 $901.92 
11037246000A	MAG HD,HI COERCIVITY	 $901.92 
11065798000A	MAG HLDR ASSY, DWR MDL	 $11.22 
11050580000A	MAG LK 12/24V FLD SEL DBL DOOR	 $630.13 
89031279012A	MAG PINCH ROLLER	 $5.72 
11037878000A	MAG,INSERT,5V,RIM-1	 $487.81 
11037879000A	MAG,SWIPE,12V,RIM-1	 $449.44 
SE1056000000	MAG.CNTCT, MAGNET 1/4" DIA X 1	 $1.89 
SE1057000000	MAG.CNTCT, MAGNET 3/8" DIA X 1	 $3.78 
TSN88286000A	MAGAZINE ASSEMBLY	 $0.00 
11051595000A	MAGLOCK BRACKETS	 $101.46 
TMM11161000A	MAGNA VAULT DOOR, PARTS CATALO	 $90.90 
SE2105AG0000	MAGNAPULL CLSD LP SRFC MT	 $40.43 
00052081000A	MAGNER SERIES 75 INTERFACE KIT	 $118.13 
NZ0000002757	MAGNET	 $0.02 
NZ0000002760	MAGNET	 $0.02 
TSN61351000A	Magnet	 $0.00 
89026833000A	MAGNET ;MONITOR YOKE	 $2.13 
18010629000A	MAGNET ASM.	 $13.02 
21020084000A	Magnet Catch	 $25.86 
NZ0000002065	MAGNET CURRENCY CASSETTE	 $7.68 
TS4368862730	MAGNET OF DOOR-CAHTL2683KG	 $8.19 
TS4368882180	MAGNET OF FEEDER DR	 $2.73 
TS4368844680	MAGNET OF TAPE REEL-CATHTL171	 $5.46 
TS4842413170	magnet ot temp stacker dr	 $2.73 
NZ0000002228	MAGNET PERMANENT I.D	 $0.87 
TS4339044910	MAGNET SHORTEDGE GUIDE	 $10.93 
TS4842413138	MAGNET UPPER DR-CAHTL1481514	 $2.73 
21020079000A	Magnet, Bag	 $25.86 
49248228000A	MAGNET, BLOCK	 $2.52 
19058132000A	MAGNET,5800,PKS/4	 $21.90 
49248228000B	MAGNET,BLOCK	 $5.17 
TSN92008000A	MAGNET,PICKET	 $17.09 
11046718000A	MAGNET,W/MTG ASSY,PKG OF 10	 $49.06 
11046719000A	MAGNET,W/MTG ASSY,PKG OF 11	 $49.06 
BRP00965000A	MAGNETIC CARD READER	 $0.05 
21018301000A	MAGNETIC LK,1200#	 $86.18 
TS4368847220	MAGNETIC SENSOR CHECKER	 $838.43 
TS4368860240	MAGNETIC SENSOR-MAG CHECKER	 $1,654.24 
19053169000A	MAGNETIC SWITCH ASSY	 $27.03 
TS4368834320	MAGNET-SHUT UT-MGPS3002	 $24.58 
30018060000	MAGNIFYING LENS	 $1.89 
11065260000A	MAGNTIC CONTRLS KIT #1031.0090	 $168.73 
19053039000A	MAGSTRIPE INSERT/SWIPE LR	 $350.78 
11037231000A	MAIN BD	 $2,443.32 
11040077000A	MAIN BD PLUS	 $2,126.59 
11050583000A	MAIN BOARD ONLY FOR PAD 3	 $561.92 
11042240000A	MAIN CABLE FOR USA	 $107.88 
TSN80551000A	MAIN CNTRL BOARD NC0	 $3,039.66 
NZ0000003132	MAIN CONTROL BOARD	 $657.72 
11050584000A	MAIN CONTROLLER MODULE	 $726.92 
39011997017A	MAIN EPROM ASS'Y	 $30.87 
89031279003A	MAIN FRAME UPPER	 $54.13 
89031279076A	MAIN FRAME, LOWER	 $35.30 
89029368000A	Main PCB for 1824	 $455.81 
11038751000A	MAIN PCB W/MODEM REV.B&C CORE	 $461.16 
41027316000A	MAIN PIVOT - LEFT	 $48.38 
41027158000A	MAIN SIDE BRACKET	 $190.59 
39011997036A	MAIN SPRING	 $63.98 
30017210000	MAIN SPRING BARREL SCREWS	 $3.56 
NZ4450595271	main transport asm.	 $2,411.64 
NZ0000002938	main transport assy	 $1,973.16 
NZ4450604239	main transport assy	 $1,973.16 
NZ0000002139	MAIN TRANSPORT ASSY (F/A)	 $0.00 
NZ4450609585	main transport assy (f/a)	 $0.00 
89029032000A	MAINS FILTER CAP.(BOOT)	 $19.37 
11050585000A	MALE BRCH TEE 5 16 FLR X 18 NP	 $33.62 
11032013000A	MALE PLUG CABLE MOUNT  #M4P	 $4.10 
11034966000A	MALE TO MALE ADAPTER  69 1700	 $38.78 
TMMDSS00TABL	MAN. CASH POCKET - TM-MDSS12	 $0.45 
11049917000A	MANACO BACKPLANE	 $778.30 
QS1024MAN000	Manual for 1024	 $0.02 
QS1600POSMAN	Manual for 1600POS	 $0.02 
QS1600TCMAN0	Manual for 1600TC	 $0.04 
QS1700POSMAN	Manual for 1700POS	 $0.02 
QS1700TCMAN0	Manual for 1700TC	 $0.02 
QS3301POSMAN	Manual for 3301POS	 $0.02 
QS3800POSMAN	Manual for 3800POS	 $0.02 
QS5201TCMAN0	Manual for 5201TC	 $0.02 
QS6200TCMAN0	Manual for 6200TC	 $0.02 
QS6800MAN000	Manual for 6800	 $0.02 
QS6800POSMAN	Manual for 6800POS	 $0.02 
QS7000MAN000	Manual for 7000	 $0.02 
QS710MAN0000	Manual for 710	 $0.02 
QS8150TCMAN0	Manual for 8150TC	 $0.02 
QS8200TCMAN0	Manual for 8200TC	 $0.02 
11036960000A	MANUAL HANDLE                B	 $187.40 
00102661000C	MANUAL KIT,1053XT	 $56.70 
00101164001B	MANUAL KIT,CUST	 $72.43 
00101820000A	MANUAL KIT,CUST	 $327.92 
00101251000B	MANUAL KIT,CUST SETUP,473X	 $97.43 
00102661000A	MANUAL KIT,DIEBOLD	 $146.48 
11050587000A	MANUAL RELEASE STATION DBL ACT	 $139.36 
11050588000A	MANUAL STATION SINGLE ACTION	 $110.28 
11051217000A	MANUAL STATIONS N O SPST	 $71.51 
11050590000A	MANUAL STN DOUBLE ACTION SPST	 $80.57 
TMMDSS020000	MANUAL,PWR DISTR	 $108.00 
39009935001A	MANUALS KIT	 $0.00 
89029017000A	MANUAL-VCR OPTIONAL FEATURES	 $24.44 
BRP00075000A	MARS ACCEPTOR CALIBRATION KIT	 $0.05 
BRP00735000A	MARS ACCEPTOR MOUNT ASSEMBLY	 $0.05 
BRP00733000A	MARS BALL END FITTING	 $0.05 
BRP00734000A	MARS BEZEL ASSEMBLY	 $0.05 
BRP00290000A	MARS BILL ACCEPTOR POWER CORD	 $0.05 
BRP00003000A	MARS BILL ACCEPTOR RS3900	 $0.05 
BRP00004000A	MARS CASSTTE ASSEMBLY LRC12	 $0.05 
BRP00732000A	MARS DAMPER ASSEMBLY	 $0.05 
BRP00764000A	MARS MOUNT BRACKET ASSEBMLY	 $0.05 
AA000068000A	MARS RS3000 SERIES BILL ACCEPT	 $7.20 
NZ0000003808	MAS HAMILTON HARNESS	 $83.48 
49006076000A	MASK, VIDEO CAMERA	 $4.46 
19065174000A	MAST (POLE) MOUNT, FOR USE WITH PENDANT ARM STYLE POWER SUPPLIES	 $141.14 
11050591000A	MASTER ANNUMCIATOR PANEL	 $3,153.77 
11050592000A	MASTER CYLINDER ADAPTER KIT	 $117.16 
30017930000	MASTER FILLER TUMBLE	 $0.30 
30000530000	MASTER FLR TBLR	 $1.42 
11051193000A	MASTER KEY MEDECO KEYMARK	 $19.57 
11051192000A	MASTER KEY MEDECO M3	 $19.57 
41019956000A	MASTER KEY, KIT	 $2.38 
11051789000A	MASTER MP-15, AIPHONE	 $213.24 
11049504000A	MASTER WAFER TUMBLE PIN	 $0.24 
11065306000A	MAT CA-T	 $294.97 
PLCM8560MXB2	MATRIX 32 X 2 SYS EXPAND TO 18 120V	 $6,067.47 
11035858000A	MATRIX ADAPTER PLATE	 $54.81 
PLCM8503A100	MATRIX CAGE 32 INPUT 1 TO 16 OUTPUT	 $5,390.57 
PLCM8502A100	MATRIX CAGE 32 INPUT,1 TO 8 OUTPUT	 $4,869.87 
89030186000A	matrix reader keypad membrane	 $81.67 
ULMX1281600T	MATRIX SW PKG,128 INPUTS,16 OUTPUTS	 $16,179.91 
ULMX1282400T	MATRIX SW PKG,128 INPUTS,24 OUTPUTS	 $22,494.02 
ULMX1283200T	MATRIX SW PKG,128 INPUTS,32 OUTPUTS	 $23,362.22 
ULMX1921600T	MATRIX SW PKG,192 INPUTS,16 OUTPUTS	 $19,863.14 
ULMX1922400T	MATRIX SW PKG,192 INPUTS,24 OUTPUTS	 $28,413.50 
ULMX1923200T	MATRIX SW PKG,192 INPUTS,32 OUTPUTS	 $29,071.22 
ULMX2561600T	MATRIX SW PKG,256 INPUTS,16 OUTPUTS	 $22,757.11 
ULMX2562400T	MATRIX SW PKG,256 INPUTS,24 OUTPUTS	 $34,069.90 
ULMX2563200T	MATRIX SW PKG,256 INPUTS,32 OUTPUTS	 $34,727.62 
ULMX0320800T	MATRIX SW PKG,32 INPUT,8 OUTPUT	 $9,339.62 
ULMX3203200T	MATRIX SW PKG,320 INPUTS,32 OUTPUTS	 $43,409.52 
ULMX0480800T	MATRIX SW PKG,48 INPUTS,8 OUTPUTS	 $9,997.34 
ULMX0641600T	MATRIX SW PKG,64 INPUTS,16 OUTPUTS	 $13,022.86 
ULMX0640800T	MATRIX SW PKG,64 INPUTS,8 OUTPUTS	 $10,523.52 
ULMX1281600L	MATRIX SW PKG,LOOPING,128 INPUTS,16 OUTPUTS	 $18,153.07 
ULMX1282400L	MATRIX SW PKG,LOOPING,128 INPUTS,24 OUTPUTS	 $24,861.82 
ULMX1283200L	MATRIX SW PKG,LOOPING,128 INPUTS,32 OUTPUTS	 $26,440.34 
ULMX1921600L	MATRIX SW PKG,LOOPING,192 INPUTS,16 OUTPUTS	 $23,441.14 
ULMX1922400L	MATRIX SW PKG,LOOPING,192 INPUTS,24 OUTPUTS	 $32,886.00 
ULMX1923200L	MATRIX SW PKG,LOOPING,192 INPUTS,32 OUTPUTS	 $33,280.63 
ULMX2561600L	MATRIX SW PKG,LOOPING,256 INPUTS,16 OUTPUTS	 $27,361.15 
ULMX2562400L	MATRIX SW PKG,LOOPING,256 INPUTS,24 OUTPUTS	 $40,120.92 
ULMX2563200L	MATRIX SW PKG,LOOPING,256 INPUTS,32 OUTPUTS	 $42,883.34 
ULMX3203200L	MATRIX SW PKG,LOOPING,320 INPUTS,32 OUTPUTS	 $51,828.34 
ULMX0480800L	MATRIX SW PKG,LOOPING,48 INPUT,8 OUTPUT	 $10,888.55 
ULMX0641600L	MATRIX SW PKG,LOOPING,64 INPUTS,16 OUTPUTS	 $14,075.21 
ULMX0640800L	MATRIX SW PKG,LOOPING,64 INPUTS,8 OUTPUTS	 $11,575.87 
ULMX0961600L	MATRIX SW PKG,LOOPING,96 INPUTS,16 OUTPUTS	 $16,706.09 
ULMX0963200L	MATRIX SW PKG,LOOPING,96 INPUTS,32 OUTPUTS	 $22,494.02 
MSZ17407640A	MAT-VANE 4-WAY WG N74565	 $8.46 
89030606000A	MAX160CPN CONVERTER 8 BIT DIP	 $55.61 
11062933000A	MAXTOR 250 GB HARD DRIVE	 $186.35 
FB006781000A	MAYFAIR EMV KERNEL 4.2A FOR AGILIS XV 91X 2.3, 2.4, NDX 2.1	 $18.47 
TM000269001E	Mayfair Software Imaging User's Guide	 $104.40 
19061733000A	MB DIEBOLD KROGER HARMONY HDDUPGRADE 061407	 $1,285.30 
TP820256001B	MBC TERM APPL REF GUIDE	 $23.40 
TP820279001B	MBC TERMINAL APPLIC. PROD DESC	 $14.40 
11047250000A	MC2-LPB-UPG - Local Playback field upgrade license for microDVR II	 $183.62 
89030210000A	mc34262p	 $17.84 
89029921000A	MCKT,VREG,ADJ POS TO220	 $2.77 
89029949000A	MCKT,VREG,ADJ,POS TO220	 $2.77 
89029942000A	MCKT,VREG,SWITCH	 $19.99 
NZ0000002753	MCR/SE TK2	 $0.02 
NZ0000002508	MCRW CRADLE ASSY	 $0.02 
NZ0000002591	MCRW CRADLE ASSY	 $0.02 
NZ0000002786	MCRW HARNESS CROPF	 $164.43 
NZ0000002872	mcrw moulding 5670 (fascia pla	 $120.58 
NZ0000003810	MCRW SHUTTER SLIDE	 $66.78 
NZ0000001894	MCRW Steel Guide Foil	 $20.83 
19071702000A	MD4-RMK RECESSED MOUNT KIT	 $107.06 
19057124000A	MDL CONN KIT,INPUT	 $54.05 
19057125000A	MDL CONN KIT,OUTPUT	 $54.05 
19057123000A	MDL RDR CONN KIT	 $82.22 
19047007000A	MDL,16-INPUT,REMOTE	 $411.08 
19058727000A	MDL,8 INPUT VID,LOOPING,MATRIX SWTCHR	 $1,012.89 
19058723000A	MDL,8 OUTPUT,NO TEXT,MATRIX SWTCHR	 $578.79 
19047006000A	MDL,8-INPUT,REMOTE	 $369.97 
19046890000A	MDL,ADPTR,NORTEL	 $1,027.69 
19055267000A	MDL,ALRM INPUT,13 DRY CONTACT	 $191.84 
DM3770000000	MDL,ANNUNCIATOR,TROUBLE,XR5FC/XR5SL	 $45.41 
19046608000A	MDL,BTRY CHARGING	 $68.06 
19047477000A	MDL,CAMR,25X,DAY/NIGHT,INDOOR,DROP CEILING,24VAC	 $3,918.92 
19047493000A	MDL,CAMR,25X,DAY/NIGHT,INDOOR,PNDNT MT,CLEAR,24VAC	 $4,247.78 
19047494000A	MDL,CAMR,25X,DAY/NIGHT,INDOOR,PNDNT MT,SMK,24VAC	 $4,247.78 
19047508000A	MDL,CAMR,ENVIRODOME,25X,DAY/NIGHT,OUTDOOR,PNDNT MT,CLEAR,24VAC	 $4,521.83 
NCPTDCM00000	MDL,CNTRL,2-DOOR,PASSPOINT SYSTEM	 $1,888.21 
ULRD440X0000	MDL,CNTRL,8 OUTPUT,RD-440	 $485.07 
19057110000A	MDL,CNTRLR,RS-485	 $150.73 
ULB95128020A	MDL,COAX SYNC,ENCL MT	 $1,474.39 
ULTPFMODULE0	MDL,CONVERTER,CHASSIS,10BASET	 $1,438.77 
ULTPTMODULE0	MDL,CONVERTER,CHASSIS,10BASET,THIN NET CRD	 $808.45 
19057106000A	MDL,CPU ONLY	 $629.73 
19046713000A	MDL,DIALER CAPTURE,C900	 $417.76 
19047109000A	MDL,DOOR INTFC,ACT-D	 $2,581.55 
19047108000A	MDL,DOOR INTFC,ACT-E	 $548.10 
ULCDLMODULE0	MDL,DOWNLINK,COPPER	 $1,781.33 
ULFDLMODULE0	MDL,DOWNLINK,FIBER	 $2,904.93 
19057298000A	MDL,EXPANDER,8 ZONE	 $166.49 
DM714X000000	MDL,EXPNSN,FOUR POINT ZONE,EXPNDR,PLASTIC EXTRUSION	 $75.92 
19046872000A	MDL,EXTENDER,KVM	 $1,027.69 
ULB95128000A	MDL,FIBER OPTIC SYNC,MULTI-DROP ENCL MT	 $1,542.91 
19047426000A	MDL,FIBER OPTIC,850NM BI-DIRECT,DATA,RACK	 $1,425.06 
19047413000A	MDL,FIBER OPTIC,850NM RCVR,VID,120VAC	 $753.64 
19047420000A	MDL,FIBER OPTIC,850NM RCVR,VID,RACK	 $753.64 
19047416000A	MDL,FIBER OPTIC,850NM XMTR/RCVR,DATA,120VAC	 $534.40 
19047417000A	MDL,FIBER OPTIC,850NM XMTR/RCVR,RS-485 DATA,120VAC	 $890.67 
19047418000A	MDL,FIBER OPTIC,850NM,BI-DIRECT,120VAC	 $1,425.06 
19047425000A	MDL,FIBER OPTIC,850NM,BI-DIRECT,DATA,RACK	 $1,425.06 
19047423000A	MDL,FIBER OPTIC,850NM,DATA,RACK	 $534.40 
19046881000A	MDL,FIBER OPTIC,DUAL PORT	 $1,397.66 
19047427000A	MDL,FIBER OPTIC,RACK AND PWR SPLY,120VAC	 $1,425.06 
19047412000A	MDL,FIBER OPTIC,XMTR,VID,120VAC	 $452.19 
ULB95122000A	MDL,FIBER,CHASSIS MT,SGL MODE	 $2,639.11 
19046877000A	MDL,FIBER,LAN-100MB	 $972.88 
19047083000A	MDL,FIBER,MULTI-MODE	 $2,946.04 
19047084000A	MDL,FIBER,MULTI-MODE	 $2,302.02 
ULB95100000A	MDL,FIBER,MULTI-MODE CHASSIS MT	 $1,685.41 
19047082000A	MDL,FIBER,MULTI-MODE,820NM,RTU MT	 $2,151.30 
ULB95060000A	MDL,FIBER,MULTI-MODE,ENCL MT	 $2,104.70 
19047085000A	MDL,FIBER,SGL MODE	 $3,864.11 
19047086000A	MDL,FIBER,SGL MODE	 $4,028.54 
19047087000A	MDL,FIBER,SGL MODE	 $3,740.79 
ULB95022000A	MDL,FIBER,SGL MODE	 $2,809.02 
ULB95062000A	MDL,FIBER,SGL MODE,ENCL MT	 $2,877.53 
19064133000A	MDL,FILTER,ADDITIONAL ELEVATOR	 $314.45 
ULMZ0200200A	MDL,IDENT,RIM 8	 $369.97 
ULZ01096000A	MDL,IDENT,RIM16	 $16.44 
19057108000A	MDL,INPUT ONLY	 $274.05 
ULB30003000A	MDL,INPUT,REMOTE	 $383.67 
ULRD90220000	MDL,INTFC,CA,RCDR,RD-9022	 $142.51 
19047010000A	MDL,INTFC,CRD RDR,CIM-3	 $685.13 
19047011000A	MDL,INTFC,CRD RDR,CIM-EXP	 $685.13 
19047020000A	MDL,INTFC,CRDKEY,WIEGAND	 $369.97 
ULFDDIMODULE	MDL,INTFC,FDDI,SMART SWITCH 2200	 $5,672.84 
19047008000A	MDL,INTFC,FOUR WIRE,FIM-4	 $753.64 
19047009000A	MDL,INTFC,FOUR WIRE,IM-BF	 $1,205.82 
ULRD90210000	MDL,INTFC,I/O,DB25,RD-9021	 $142.51 
19047018000A	MDL,INTFC,OPTICAL	 $232.95 
ULRD490X0000	MDL,INTFC,PRGM,I/R,RD-490	 $660.47 
GL1208310000	MDL,ISM,FIRE,VISUAL ANNUNCIATOR KIT	 $202.82 
19059360000A	MDL,KYPD,DEMO	 $126.88 
19046878000A	MDL,LAN-10/100MB-TP	 $178.14 
19053280000A	MDL,MON,PWR SPLY,1044 PS,PCB ONLY	 $201.47 
19058889000A	MDL,MONOCHROME,BLUE LINE	 $178.14 
11047234000A	MDL,NVT,5000 SERIES	 $54.81 
11047237000A	MDL,NVT,CS MT CAMR	 $82.22 
19057109000A	MDL,OUTPUT ONLY	 $356.27 
ULMX10800000	MDL,OUTPUT,8-CHAN,BNC,SLOTS 17-20,MX32128	 $631.41 
19047022000A	MDL,PASSIVE MATRIX BRIDGE,PMB	 $274.05 
19059221000A	MDL,PWR DISTRIBUTION	 $96.08 
19057107000A	MDL,RDR ONLY	 $430.26 
19047014000A	MDL,RELAY OUTPUT,FIM	 $698.83 
19047017000A	MDL,REMOTE DSPLY	 $137.03 
19047053000A	MDL,REMOTE DSPLY	 $685.13 
19047054000A	MDL,REMOTE DSPLY	 $616.62 
ULB30040000A	MDL,REMOTE DSPLY DRIVER	 $274.05 
19047013000A	MDL,REMOTE OUTPUT,ADDRESSABLE	 $835.86 
19047012000A	MDL,REMOTE OUTPUT,ZPR-8	 $794.75 
19064132000A	MDL,RLY,ELEVATOR,1 X 8	 $419.24 
19047088000A	MDL,RS-232/COAX,SYNC,MULTI-DROP	 $2,014.27 
19047089000A	MDL,RS-232/COAX,SYNC,MULTI-DROP	 $1,301.74 
19047090000A	MDL,RS-232/COAX,SYNC,MULTI-DROP	 $2,014.27 
19047092000A	MDL,RS-232/FIBER OPTIC, SYNC,MULTI-DROP	 $2,151.30 
19047093000A	MDL,RS-232/FIBER OPTIC, SYNC,MULTI-DROP	 $1,438.77 
19047091000A	MDL,RS-232/TW PAIR, SYNC,MULTI-DROP	 $1,438.77 
ULB95129000A	MDL,RTU MT,FIBER OPTIC,SYNC,MULTI-DROP	 $1,096.20 
19057301000A	MDL,SIM	 $27.10 
ULMX116X0000	MDL,VID,16 OUTPUT,MX-116,W/O TXT	 $2,378.75 
ULMX108X0000	MDL,VID,8 OUTPUT,MX-108,W/O TXT	 $646.76 
ULMX208X0000	MDL,VID,8 OUTPUT,MX-208,W/TXT	 $2,466.45 
ULRD400X0000	MDL,VID,EXT ALRM,8 INPUT,RD-400	 $276.80 
ULRD316X0000	MDL,VID,PTZ,XMTR,RD-316	 $485.07 
ULRD220X0000	MDL,VID,TXT INSERT,CONCEALED,RD-220	 $512.48 
ULRD205X0000	MDL,VID,TXT INSERT,EQ,RD-205	 $244.59 
ULRD200X0000	MDL,VID,TXT INSERTION,RD-200	 $350.78 
11045341000A	MDL,W/NOTIFICATION,1 NAC,12/24V	 $105.51 
19047036000A	MDL,ZONE IDENT,RIM-16,ZIM-16	 $24.33 
19047035000A	MDL,ZONE IDENT,RIM-8,ZIM-2	 $24.33 
19053293000A	MDM SHARING DEVICE,1054,PCB ONLY	 $276.92 
LXNETRTMODEM	MDM,56K OPTION,RCDR,DIG,RETAIL	 $391.50 
19042537000A	MDM,56K,PCI	 $90.44 
ULAAM2880000	MDM,AUTO ANSWER,28.8KBPS	 $411.08 
19054986000A	MDM,DIG,RCDR,360GB,16-CAMR	 $6,264.00 
ULEXT5600000	MDM,EXTL,56KBPS	 $520.70 
19046898000A	MDM,EXTRNL,56KBPS,COURIER	 $863.26 
19046897000A	MDM,EXTRNL,56KBPS,SPORTSTER	 $411.08 
ULINT5600000	MDM,INTL,56KBPS	 $465.89 
19046896000A	MDM,INTRNL,56KBPS	 $411.08 
ULCPUADM0000	MDM,INTRNL,AUTO-DIAL,ACT2,CPU,2400BPS	 $520.70 
TP790920000A	MDS 1000 BRAILLE DEMO BOOKLET	 $9.00 
TMMDSS60000C	MDS 1ST LINE SERV 2 BINDER/STA	 $91.15 
TMMDSM10TABS	MDS BINDER TAB SET	 $2.78 
00050490000A	MDS BLUE/GREY/BLACK BROUCHURE1	 $79.38 
TMMDSS15I01E	MDS CONSUMER PRINTER & JOURNAL	 $171.90 
15004006000A	MDS DRIVE UP/TOP CHASIS	 $0.45 
79009104000B	MDS MANAGERS TAB	 $0.45 
00100991000F	MDS UPGR KIT,ATP,1074	 $769.95 
TP799470000A	MDS/912 ATM SIMULATOR USER'S M	 $56.70 
11034373000A	MECH STATE SWITCH   VSS303	 $18.64 
11044716000A	MECHANISM 8155 LH	 $807.90 
11044717000A	MECHANISM 8155 LHR	 $807.90 
11044715000A	MECHANISM 8155 RH	 $807.90 
11044718000A	MECHANISM 8155 RHR	 $807.90 
89030354000A	MECHMISC,RUB FOOT,1-1/2DIA	 $5.72 
89030377000A	MECHPP, KEYPAD,DVMS100	 $16.47 
89030336000A	MECHPP,ACESS DOOR,DVMS NO SILK	 $14.61 
89030348000A	MECHPP,FRONT PANEL OVERLAY	 $32.64 
89030339000A	MECHPP,FRONT PANEL OVERLAY,DVM	 $21.52 
89030343000A	MECHPP,KEYPAD,DVMS 1600/800	 $16.47 
89030379000A	MECHPP,OVERLAY DV16 SIMPLEX	 $45.31 
89030351000A	MECHPP,OVERLAY,DV1 SIMPLEX	 $45.31 
89030350000A	MECHPP,OVERLAY,DVMS 800S FRONT	 $45.31 
11065449000A	ME-CP25WB FIRE BARRIER CAULK C	 $29.75 
89031016000A	MED SELECT SUPPLY CENTRACK	 $58.64 
19060244000A	MEDECO HIGH SEC LOCK W/KEYS	 $99.48 
19068348000A	MEDECO KEYS P1609C EXTRAS	 $51.73 
49215780000A	MEDIA RETAINER	 $1.84 
NZ0000002710	MEDIA-TEST 4" PRINTER	 $0.02 
29010755000A	MEDICATION LIMIT, HELIX, 0.375 OD, UDM	 $2.20 
TP799956001D	MEDSELECT AWS USER'S GUIDE	 $10.01 
TP820209001A	MEDSELECT INTERFACE WORKSHEET	 $0.02 
11042153000A	MEDSELECT PC	 $3.60 
TP820387001A	MEDSELECT RESTOCKER'S GUIDE	 $5.88 
TP799965001C	MEDSELECT SYS ACCEPTANCE TEST PLAN	 $1.58 
TP820084001B	MEDSELECT SYS SERVER ADMIN GUIDE	 $0.02 
TP799964001B	MEDSELECT SYSTEMS INTERFACE	 $0.02 
89030154000A	meg07n4r7jul133 resistor	 $33.53 
11065396000A	MEGAPX720P VIDEOSPHERE MEGAPX	 $1,471.65 
NZ0000002928	MEI PCB	 $43.85 
NZ0000004203	MEI Universal Products	 $73.46 
89030054000A	mekt,pwr,cont 34262p	 $8.04 
31019494000B	MEM EXP KIT,16 MEG	 $345.40 
31019494000C	MEM EXP KIT,32 MEG	 $3,900.96 
21017333000E	MEM EXP KIT,64 MB,FLD INSTL	 $1,673.78 
31019494000A	MEM EXP KIT,8 MEG	 $320.83 
11040156000A	MEM EXP,16 MEG	 $208.06 
11040156000B	MEM EXP,32 MEG	 $163.00 
UL072230000A	MEM EXPNSN,28000 CRD	 $137.03 
19055144000A	MEM UPGR,128MB,DIMM	 $1,096.20 
19055146000A	MEM UPGR,128MB,DIMM,GX200/GX400	 $1,096.20 
19055145000A	MEM UPGR,256MB,DIMM	 $2,082.78 
19055143000A	MEM UPGR,64MB,DIMM	 $685.13 
11044774000A	MEM, 256MB DIMM NCR	 $373.92 
11044743000A	MEM,128MB DIMM NCR	 $140.41 
19055147000A	MEM,128MB,DIMM,SRVR	 $1,096.20 
19055148000A	MEM,256MB,DIMM,SRVR	 $2,192.40 
11043002000A	MEM,256MB,SDRAM DIM,PC133,LT9	 $286.77 
21016642000A	MEM,4 MEG,EXPNSN	 $508.95 
39013999000A	MEM,64MB	 $561.81 
NO2703000300	MEM,DIMM,SDRAM,64MB,168 PIN	 $471.37 
19041925000A	MEM,EXPNSN,9728 USER	 $616.62 
19047015000A	MEM,EXPNSN,RTU 180,28000 CRD HOLDERS	 $328.86 
19047738000A	MEM,RAM,256MB	 $287.76 
49012724000A	MEMB,COND RBR,CONS KYBD,11/16 KY	 $2.77 
NZ0000001205	MEMBRANE	 $16.23 
NZ0000002031	MEMBRANE	 $23.57 
NZ4450617475	membrane sub assy tactile	 $53.71 
11038567000A	MEMBRANE SWITCH 430-1	 $133.12 
NZ0000001779	MEMBRANE TACTILE KYBD	 $122.78 
NZ0000002516	MEMBRANE, 16-KEY KEYBOARD	 $0.02 
89030656000A	Memory Chip	 $4.87 
89030845000A	MEMORY CHIP 8mb	 $6.39 
NZ0000003042	MEMORY DRAMSIMM 16MB 71PIN ASB	 $54.81 
NZ0062006325	MEMORY IC 2 MB (FOR THERM.PRIN	 $41.77 
21019110000B	MEMORY,64MB,EDO DIMM	 $82.22 
11041149000A	MENTA BD-HRMNY 7.5 & GREATER	 $1,438.77 
TP820182001A	MERCHANT BANKING CENTER (MBC)	 $9.00 
BRP00337000A	MERCURY/TILT SWITCH ASSEMBLY	 $0.05 
TP799408001B	MESSAGE BUILD UTILITY (MBU) MA	 $23.40 
49200782XJ1D	MET BRZ BEZEL,EPP,KEYBD,W/O HD	 $158.40 
49205421XJ1A	MET BRZ PANL,FILLER,FASC,LR,RT	 $221.85 
19021045000A	METAL BEARING	 $34.50 
11062531000A	METAL BRACKTS FOR CARRIAGE ASM	 $25.86 
NZ0000002613	METAL COVER	 $54.81 
21018268000A	METAL DETECTOR,BOTTOM LVL 1,NVC-8	 $68.95 
21018268000B	METAL DETECTOR,BOTTOM LVL 1,NVC-8	 $68.95 
19039174000A	METAL FLANGE, DISPENSER - 50XX	 $2.20 
11051569000A	METAL HOUSING	 $66.27 
19059815000A	METAL OXIDE VARISTOR	 $137.03 
19074385000A	Metal Single Gang Drywall Mounting Plate	 $2.58 
10819730000	METER 301 30-0-30	 $149.69 
05000546000A	METER HOUR 6 DIGIT RTG	 $268.76 
MSN51363000A	METER, TEST-20K OHMS/VOLT *SEA	 $109.01 
TSN51284000A	METER,6 DIGIT HOUR-RTG MOUNT	 $90.68 
89028893000A	METER,HOURS 2051/GYYR F120PC/B	 $54.81 
AA000061000A	METOR 160 INSTALLATION & OPERA	 $24.30 
49252407000A	METRIC 30 MM RULER	 $114.62 
4102432400AI	METRIC ADJUSTMENT SCREW,M8x1.25	 $35.55 
4102432400AJ	METRIC,TOP PIVOT SLEEVE,M8x1.25	 $106.65 
19049412000A	MFIII 686 MOTHERBOARD,REV. 1.4	 $490.55 
19013374000B	MG-II SAFE ALARM	 $272.32 
TP821456001A	MGR INTFC OPR GUIDE	 $9.90 
11038121000A	mic cartridge e0604	 $329.34 
38020232000A	MIC PLATE	 $18.20 
39011460000A	MIC,ELECTRET,UNIDIR,W/FLEX SHAFT	 $944.78 
39014407000A	MIC,ELECTRET,UNIDIR,W/FLEX SHAFT	 $162.92 
39017561000A	MIC,ELECTRET,UNIDIR,W/FLEX SHAFT	 $187.44 
1904173300AQ	MICA BLACK SANDTEX	 $145.49 
1904173300AX	MICA SILVER Metallic	 $145.49 
19059792000A	MICRO CAMERA MOUNT PASS THRU J-BOX BLACK 6 IN.	 $36.27 
89029844000A	MICRO IC115   DIGISCAN    #005	 $98.66 
11048269000A	MICRO MATRIX W/POWER SUPPLY	 $1,177.16 
89029335000A	MICRO PROCESSOR  UPD78233L  #0	 $101.79 
11065376000A	MICRO RECESS DOOR/WINDOW CONTA	 $114.50 
11049687000A	MICRO SERIAL SERVER FOR ETHERN	 $959.18 
49251309000A	MICRO SW,ASPEN PRNT ENGINE	 $12.83 
39011997051A	MICRO SWITCH (V-112-1C24)	 $10.67 
11038587000A	MICRO SWITCH 400DD	 $49.46 
11051792000A	MICRO/READER JNCTN BOX, DR STK	 $140.28 
89030685000A	Microchip PIC 18F252-I/SP	 $12.85 
MSZ1206400AA	Microcontroller, 1064	 $27.44 
MSN80543000A	MICROCONTROLLER,AB RT UPSEND	 $54.68 
11048792000A	MICRODVR1 POWER SUPPLY	 $164.43 
11048794000A	MICRODVR1-M MOTHERBOARD,NTSC	 $2,260.92 
11049701000A	MICROPHN DESK TP W/PTT SWIT 6"	 $101.79 
11066039000A	Microphone	 $219.60 
29002890000A	MICROPHONE	 $43.33 
MSN72129000A	MICROPHONE - W/BUZZER	 $0.00 
19063865000A	MICROPHONE ASSY	 $108.25 
MSZ17304000A	MICROPHONE ASSY B2121	 $124.74 
MS828150000A	MICROPHONE ASSY D/S CU	 $55.63 
11049702000A	MICROPHONE CABLE 25'	 $140.37 
11049706000A	MICROPHONE LEVEL DISTRIBU AMPL	 $199.35 
TP821181001A	MICROS 9700 V 2.22.13	 $2.70 
TP821063001C	MICROS 9700-CS GOLD INTERFACE	 $15.30 
TP821064001C	MICROS 9700-CS GOLD INTERFACE	 $19.80 
TP821079001A	MICROS-CS GOLD NETVUPOINT INST	 $7.20 
NZ0000001124	MICROSWITCH GULP - 56XX	 $13.16 
BUFI0300000A	MICROTOUCH TOUCH SCREEN REPLAC	 $0.45 
11049728000A	MIDDLE DEAD FRNT NO OPENINGS	 $175.39 
TP821426001A	MIDDLEWARE USER GUIDE	 $2.70 
00151174000A	MILAN LANYARD	 $11.70 
TMM11332000A	MILLENNIUM VAULT DOOR PART CAT	 $81.90 
19060254000A	MINATURE EMBEDDED LINE MODULE 2	 $10.81 
11049748000A	MINATURE SAMPLING POINT	 $66.11 
11049750000A	MINI ALUM SWITCH W/ARMORED CAB	 $203.78 
11049756000A	MINI COND BOUND MIC W/12' ATTA	 $431.99 
00050668000A	MINI CTU CARRYING CASE	 $165.38 
11049814000A	MINI HORN WHITE	 $1,093.46 
11049807000A	MINI HRN WAL 24VDC TEMP CONT R	 $33.87 
BRP00974000A	MINI HUB	 $0.05 
TMMDSS00TABP	MINI PM - MANUAL TM-MDSS20	 $0.45 
11049817000A	MINI SINGLE INPUT MODULE	 $375.50 
11051511000A	MINI STOPPER COVER STI-6500	 $69.72 
11049819000A	MINI STOPPER COVER W/HORN	 $16.71 
00051197000B	mini terminal 2-ply paper (50)	 $55.80 
00051197000A	mini terminal 2-ply paper pack	 $29.43 
00051196000A	mini terminal ribbon cartridge	 $14.61 
11051793000A	MINI VIDEO TX MM	 $424.78 
19059813000A	MINIATURE EMBEDDED LINE MODULE 1	 $8.11 
19059814000A	MINIATURE EMBEDDED LINE MODULE 3	 $13.52 
19036764000A	MINI-MAG 12VDC 600# HOLD.	 $465.75 
19064650000A	MINIPROX  PROX RDR,12VDC	 $322.54 
MSZ17131680A	MINI-TRACKER	 $124.74 
18010213000A	MIRROR	 $16.31 
41017156000A	MIRROR MT	 $49.82 
11065726000A	MIRROR,2INX2IN,OPT 750,TD BANK	 $0.05 
49243879000A	MIRROR,CONVEX,878	 $7.54 
49204781000A	MIRROR,CONVEX,SMALL	 $52.76 
11033328000B	MISC CYLINDER LOCKS-OBSOLETE	 $140.65 
NZ0000003075	MISC I/F SDC BD NON RS232	 $1,479.87 
NZ0000002897	MISC I/O, LPX	 $427.52 
SV00714000JK	MISC PARTS,EPP7 SM UPGR,378	 $212.30 
SV00714000MS	MISC PARTS,EPP7 UPGR,520/560	 $277.57 
SV00714000MK	MISC PARTS,EPP7 UPGR,740/749	 $375.64 
89030323000A	MISC,FUSE,PTC,1A25,SMD3112	 $13.31 
49216016000A	MISC,HARDWARE KIT,BNA/IDM INSTALL	 $17.54 
89030321000A	MISC.FUSE,PTC,300MA,SMD3112	 $14.94 
11049828000A	MIZ TC24 W	 $581.15 
BRP00713000A	MJ MARS POWER HARNESS	 $0.05 
89030203000A	mje5730	 $16.06 
BRP00712000A	MJ-MARS ACCEPTORS CABLE	 $0.05 
49229468000B	MKR STRP,TERM BD,1 THRU 10	 $12.33 
49226166000A	MKR,WIRE,WHT,033	 $6.27 
49007828000F	MLDG, PUSH PLATE	 $18.12 
11049829000A	MM CCTV VIDEO TX CAN	 $84.68 
11049847000A	MM VID N2 WAY  MPD DATA DIG PR	 $583.57 
11065450000A	MM600 RARE EARTH CIRCULAR MAGN	 $3.11 
11049862000A	MMB 2 MXL MAIN BOARD	 $5,064.44 
11049863000A	MMB 2 MXL MAIN BOARD	 $120.35 
11049889000A	MMB HISTORY LOGGING UPGRADE	 $116.54 
29011538000A	mmd gaasket	 $12.20 
TP820624001A	MMD MODULE REPLACEMENT/PM GUID	 $25.20 
TP799996001A	MMD PRESENTER STATUS REF. MANU	 $12.60 
BUIB1004000A	MMD PRESENTER TRANSPORT IMPROV	 $1.12 
11049813000A	MNI HRN WAL 24VDC TEMP CONT WH	 $96.93 
19041659000A	MNL ADMIN,VIANET 3000,1.0	 $63.24 
ULM10029000A	MNL PKG,COMBO ALL	 $479.59 
TP820206001C	MNL,ACCUTRACK 1200/2400 INSTALLATION	 $59.40 
TP820939001A	MNL,ACCUTRACK ELITE 3200 OPR QUICK REF GUIDE	 $9.80 
TP820319001C	MNL,ACCUTRACK PLANNING GUIDE	 $33.30 
TP820635001A	MNL,ACCUTRACK STANDALONE INSTL	 $47.70 
TP820168001E	MNL,ACCUTRACK USER'S 1.41.03	 $123.30 
ULM100190000	MNL,ACT4	 $21.92 
ULM10019000A	MNL,ACT-4	 $35.63 
ULM100200000	MNL,ACT4BF	 $21.92 
ULM10020000A	MNL,ACT-4BF	 $35.63 
ULM100210000	MNL,ACT5	 $21.92 
ULM10021000A	MNL,ACT-5	 $35.63 
ULM10022000A	MNL,ACT-D	 $35.63 
ULM10023000A	MNL,ACT-E	 $35.63 
TP821761001D	MNL,ActivDispense/AFD 2.0 Operating Guide	 $7.62 
19046928000A	MNL,ADMIN,SAFENET	 $67.57 
ULM10000000A	MNL,ADMIN,SFTW,NT,SAFEWARE	 $68.52 
BUFI0802000A	MNL,ADT FOCUS 200 ALARM REPL KIT INSTALLATION	 $2.42 
TP821399001B	MNL,AGILIS EMPOWER WEB SERVICE WITH SSL TUTORIAL	 $7.20 
ULM100211000	MNL,ARMING STATION,ACU6	 $21.92 
ULM10021100A	MNL,ARMING STATION,ACU-6	 $35.63 
BUFI0868000A	MNL,ATM TOP CHASSIS SECURITY INSTALLATION GUIDE	 $1.58 
ULM10027000A	MNL,COMM MDL,VERSATIEL	 $35.63 
19046938000A	MNL,COMM MDL,VERSATILE	 $40.55 
ULM100290000	MNL,COMPLETE SET,1EACH	 $479.59 
TP821921001A	MNL,Diebold 5500 Rear-load Lobby Cash Dispenser Operating Guide	 $9.77 
BUFI0829000A	MNL,DMP XR200 ALARM PANEL REPL KIT INSTALLATION	 $1.33 
19049520000A	MNL,DV-S16 SIMPLEX QUICK INSTALLATION	 $3.24 
19049521000A	MNL,DV-S16 SIMPLEX RAS,USER	 $14.14 
19049522000A	MNL,DV-S16 SIMPLEX REFERENCE GUIDE	 $25.14 
TP820574001B	MNL,HDW,PASSVAULT	 $28.73 
19046935000A	MNL,IDC HDW EQUIP	 $40.55 
19053001000A	MNL,INSTALL,ABM SCREAMER II	 $13.52 
19057126000A	MNL,INSTALLATION,32-BIT CNTRLR	 $397.38 
BUFI0819000A	MNL,INTERACTIVE - BURGLAR ALARM	 $0.79 
TP820655001A	MNL,IQCRM WORKSTATION INSTL GUIDE	 $4.18 
TP820297001B	MNL,IQESD 2.0 WIN NT SERVER INSTALL GUIDE	 $14.40 
ULM10024000A	MNL,LOW PROFILE RDR	 $49.33 
BUFI0831000A	MNL,MOSLER CENTURION 2000 ALARM REPL KIT INSTALLATION	 $2.25 
TP799610000B	MNL,MULTI-MEDIA DISPENSER AND CASSETTE OPERATING GUIDE	 $5.40 
ULM10015200A	MNL,OPR,SAFEWARE	 $137.03 
TPM12031000A	MNL,OPR,TOUCHSORT PLUS CUSTOMER	 $6.04 
BUFI0832000A	MNL,OPTEVA 750 FASCIA TRIM CAP REINFORCEMENT	 $4.40 
ULM10014000A	MNL,PPU 50,100	 $35.63 
19046930000A	MNL,PPU 50/100	 $40.55 
BUFI0815000A	MNL,RADIONICS 8112 ALARM PANEL REPL KIT INSTALLATION	 $1.75 
ULM100240000	MNL,RDR,LOW PROFILE,ACT2004	 $43.85 
ULM10012000A	MNL,RTU 100,190,200	 $35.63 
ULM10013000A	MNL,RTU 60,75	 $35.63 
19046931000A	MNL,RTU 60/75	 $40.55 
TP820573001B	MNL,SFTW,PASSVAULT	 $14.36 
ULM100280000	MNL,SFTW,VID BADGING	 $21.92 
ULM100180000	MNL,SFTW/HDW,ACT2	 $54.81 
ULM10016200A	MNL,SIDEKICK,SAFEWARE	 $137.03 
TP820953001B	MNL,SINGLE PASS 7560 OPERATORS	 $29.70 
19046929000A	MNL,USERS,SAFENET	 $67.57 
ULMANUALADMN	MNL,V5.4,ADMIN,NT	 $68.52 
ULMANUALUSER	MNL,V5.4,USER,NT	 $68.52 
19041658000A	MNL,VIANET 3000,1.0	 $63.24 
19041660000A	MNL,VIANET 3100	 $63.24 
19041663000A	MNL,VIANET 3100 VIEWER	 $63.24 
19041661000A	MNL,VIANET 3200	 $63.24 
19041662000A	MNL,VIANET 3200	 $63.24 
ULM10028000A	MNL,VID BADGING SFTW	 $68.52 
19041657000A	MNL,VTU 2000	 $63.24 
19041654000A	MNL,VTU-E 2.0 TECH PRACTICES	 $63.24 
19041656000A	MNL,VTU-EW 2.0 TECH PRACTIES	 $63.24 
49220890000B	MNT,SENSOR	 $18.41 
49221837000A	MNT,SENSOR	 $9.11 
11049905000A	MOD 120/240VAC 24VDC PWR SUP/B	 $1,175.68 
11049890000A	MOD 27121-0 VER MNT BRAS HEX H	 $27.86 
49009420X00E	MOD DWG,BEZEL,FCTN KY,15 IN	 $174.42 
19013355000A	MOD DWG,CCA TMR,50 HZ	 $568.82 
19013354000A	MOD DWG,CCA VAULT CNTRL CD,50 HZ	 $375.15 
11049907000A	MOD MNT BRAC 4 AQ ELEC BOX MNT	 $153.44 
BUFI0495000A	MOD SERV KB TO WORK W/ G5 PROC	 $0.78 
11049899000A	MOD T 525W RDR CHAR 12 KEYPD S	 $113.35 
ULACT2485E00	MOD,RS-485,2400BPS,W/ENCL&CA	 $685.13 
89029581000A	MODE SWITCH    AG6730	 $6.21 
89029873000A	MODE WIRING BOARD      VSS400	 $74.13 
89029866000A	MODE WIRING BOARD     VSS306	 $103.59 
00052100000A	MODEL 110 COIN SORTER	 $1,885.28 
TP821025001F	MODEL 121-30,-33 TRANSACTION DRAWER INSTALLATION AND PARTS MANUAL	 $16.20 
TP799897000B	MODEL 121-51 LARGE CAPACITY	 $8.10 
TP821219001B	model 131-74, -75 and model 23	 $17.10 
TP821248001A	model 131-85 pre-assembled vis	 $9.90 
TP820865001C	MODEL 154-55 STRONG ROOM V.D. INSTL,MAINT,AND OPR GUIDE	 $5.40 
11065014000A	MODEL 2 CONTROLLER BOARD	 $1,863.54 
00052075000A	MODEL 35 CURRENCY COUNTER	 $656.78 
00052074000A	MODEL 35-3 CURRENCY COUNTER	 $562.28 
00052076000A	MODEL 75 CURRENCY COUNTER	 $826.88 
00052078000A	MODEL 75UM CURRENCY COUNTER	 $1,370.25 
00052183000A	MODEL 935 COIN COUNTER	 $817.43 
11049892000A	MODEL CPD 7052 IONIZATION DETR	 $120.98 
11049893000A	MODEL PSD 7152 PHOTOELEC DETEC	 $110.40 
11051795000A	MODEL T500 READER CASI GREY	 $387.45 
11049895000A	MODEL T520W RDR CHAR SGL WID U	 $115.79 
BRP01048000A	MODEM BLUE TRENDNET MODEL	 $0.05 
BRP00414000A	MODEM CABLE 6FT	 $0.05 
11041158000A	MODEM CABLE FOR DIAL BACK UP	 $27.41 
LX91AC001000	Modem Card N Amer - RVC	 $471.37 
29003794000A	MODEM CCA-ADCOR CDR-100  @  MP	 $430.92 
BRP00987000A	MODEM CS4000	 $0.05 
BRP00975000A	MODEM EXTERNAL	 $0.05 
BRP00078000A	MODEM MOUNT	 $0.05 
MSN94432000A	MODEM PCB  1050-201	 $192.07 
BRP00803000A	MODEM POWER SUPPLY US ROBOTICS	 $0.05 
19021222000A	MODEM,103 CMPTBL,STALN	 $849.56 
19053219000A	MODEM,1200BAUD,V23	 $139.71 
19038617000A	MODEM,14.4 DATA/FAX,EXTL	 $234.36 
21017372000A	MODEM,144,DBR	 $328.86 
19021223000A	MODEM,202T CMPTBL,RACK MTD	 $1,109.91 
31018276000A	MODEM,2400 BPS,SYNC	 $0.00 
NO2707000500	MODEM,56K,W/JUMPERS	 $386.42 
11037486000B	MODEM,HOST	 $1,027.69 
19036703000A	MODEM,INTL,2400 BAUD	 $365.40 
19041637000A	MODEM,ISDN	 $805.14 
19041635000A	MODEM,ISDN TERM ADPTR	 $834.44 
21019159000A	MODEM,KIT,DATA TAP	 $78.44 
11037487000B	MODEM,W/BRKT,CA	 $1,082.50 
21016590000A	MODESTY PANEL (STAND-UP)	 $0.00 
18010567000A	MODIFICATION KIT	 $11.20 
31017194000A	MODIFIED LOCK LID /	 $0.45 
11049902000A	MODL THD 7252 THERMAL DETECTOR	 $146.73 
TP820061001A	MODULAR COUNTER SYSTEM (MCS) 3	 $13.50 
11035857000A	MODULAR LINE PLUG	 $1.03 
89030417000A	MODULAR VAULT SYSTEM INSALL CD	 $9.77 
19060896000A	MODULAR VAULT, AMERICAN V.D. SPOKED HANDWHEEL KIT	 $646.38 
IB0480125000	MODULE 0984 3624	 $50.54 
MSN83507000A	MODULE ASSB., NON U.L.	 $0.00 
31019858000A	MODULE GUIDE	 $14.09 
NZ0000001998	MODULE MEMORY 4MBX9 70NS	 $65.77 
NZ0062001573	module memory 4mbx9 80ns	 $65.77 
11041367000A	MODULE UNIT	 $59.34 
MSN68625000A	MODULE, ARM1       *SOFTWARE H	 $154.71 
MSN72228000A	MODULE, AUXILIARY - AL 61-9	 $0.00 
19041578000A	MODULE,DIALER,CAPTURE,W/ETHERNET	 $708.75 
19041581000A	MODULE,INTFC,SERIAL,W/TOKEN RING	 $1,904.65 
GL1208309000	MODULE,ISM,FIRE	 $316.72 
11037500000A	MODULE,RAM,1024K	 $1,307.61 
11037498000A	MODULE,RAM,256K	 $978.75 
11037499000A	MODULE,RAM,512K	 $1,575.79 
19041707000A	MODULE,RELAY,DUAL	 $36.86 
39001998000A	MODULE-DUAL ZONE ADD ON	 $261.00 
NZ0000002746	MODULE-SECURITY 64 K STD	 $0.02 
NZ0000002731	MODULE-SINGLE PICK ASSY	 $0.02 
49008463000C	molding top funnel	 $10.79 
89028325000A	MOLEX 14 PIN CONN 5360 SERIES	 $5.21 
11065936000A	MOLEX CABLE	 $12.93 
TMM11235000A	MOLSER AUTOBANKER CT OPERATING	 $72.90 
11051796000A	MOMENTARY PUSH BUTTON	 $137.03 
49254519000A	MON GSKT LONG BAR	 $0.82 
49254520000A	MON GSKT SHORT BAR	 $0.56 
29008638000B	MON KIT,VID,12 IN,RACK MT	 $682.39 
29008638000C	MON KIT,VID,12 IN,RACK MT	 $682.39 
19047201000A	MON MT,CEILING	 $397.38 
19036593000A	MON VID,09 IN,CLR,DUAL RACK MT	 $595.35 
31018473000A	MON,15 IN,CLR	 $672.84 
19049178000A	MON,15IN,B&W,AUD	 $416.56 
TSN82313000A	MON,15IN,CLR,MICROTOUCH,CAPACITIVE	 $1,305.44 
19046865000A	MON,15IN,CLR,SVGA,FLAT SCREEN	 $1,507.28 
19046870000A	MON,15IN,CLR,SVGA,FLAT SCREEN	 $5,481.00 
19041646000A	MON,17 IN SVGA.28MM 1280 X 1024,60 HZ	 $2,107.35 
19036665000A	MON,17",RACK MNT,B/W,	 $1,296.00 
19041811000A	MON,17IN,CLR	 $3,737.33 
19046862000A	MON,17IN,CLR,SVGA	 $863.26 
19046866000A	MON,17IN,CLR,SVGA,FLAT SCREEN	 $2,493.86 
19046868000A	MON,17IN,CLR,SVGA,FLAT SCREEN	 $1,781.33 
19059044000B	MON,19 IN,HI-RES LCD FLAT PNL,AUD,2 LOOPING INPUTS	 $1,934.79 
19046863000A	MON,19IN,CLR,SVGA	 $2,233.51 
19046867000A	MON,19IN,CLR,SVGA,FLAT SCREEN	 $3,562.65 
19059045000A	MON,20 IN,LCD FLAT PNL	 $2,414.39 
19046864000A	MON,20IN,CLR,SVGA	 $1,918.35 
19057478000A	MON,CLR,13 IN	 $615.11 
19057543000A	MON,CLR,13 IN	 $3,288.60 
19057497000A	MON,CLR,14 IN,WEBMD,INVENT	 $704.31 
19057378000A	MON,CLR,15 IN,CMPTR	 $306.20 
19056519000A	MON,CLR,15IN	 $390.80 
19057376000A	MON,CLR,17 IN,CMPTR	 $437.53 
19057554000A	MON,CLR,17 IN,FLAT SCREEN	 $2,215.34 
19057373000A	MON,CLR,17 IN,LCD,FLATSCREEN	 $1,721.58 
19057553000A	MON,CLR,17 IN,TOUCH SCREEN	 $2,136.22 
19043107000A	MON,CLR,19IN,FLAT PNL	 $490.55 
NOCT2086Y000	MON,CLR,20IN	 $1,098.95 
19049450000A	MON,CLR,20IN,LCD,FLAT SCREEN,VGA & AUD,120/230VAC	 $2,534.97 
19057149000B	MON,CLR,21 IN,GRAY CABINET,2 LOOPING INPUT	 $818.20 
21018810000A	MON,CLR,21 INCH	 $4,616.10 
19053406000A	MON,CLR,21IN	 $2,006.05 
19057438000A	MON,CLR,480TVL	 $1,200.34 
ULSVGA17UPG0	MON,CLR,SVGA,15-17IN,UPGRADE	 $328.86 
ULSVGA20UPG0	MON,CLR,SVGA,15-20IN,UPGRADE	 $2,850.12 
ULSVGA150000	MON,CLR,SVGA,15IN	 $602.91 
GL1007105000	MON,FX,EXTND CABINET,PKG	 $1,007.14 
49216119012A	MON,LCD,10.4 IN,CLR	 $1,134.00 
11045450000A	MON,MONOCHROME,9 IN,900TVL,120/230VAC,50/60HZ	 $254.04 
ULKO4120QM00	MON,OBSERVATION SYS ADDL	 $587.02 
19041526000A	MON,OBSERVATION SYSTEM,ADDITIONAL	 $405.32 
ULMA1700GR00	MON,RACK MT,17 IN,GRAY	 $139.77 
ULMA1401BL00	MON,RANK MT,14 IN,BLK	 $131.38 
49003735000A	MON,VID,09 IN,MONO,HINT,CGA	 $610.88 
19036603000A	MON,VID,10 IN,CLR,PAL	 $1,506.33 
19058515000B	MON,VID,10 IN,STD-RES,CLR,AUD,GRY CABINET	 $604.28 
49007956000C	MON,VID,12 IN	 $517.96 
19058514000A	MON,VID,9 IN,STD-RES,CLR,AUD,BLK CABINET	 $955.01 
19058514000B	MON,VID,9 IN,STD-RES,CLR,AUD,GRY CABINET	 $952.60 
11044740000A	MON:LCD 17IN	 $1,293.24 
11049918000A	MONACO BT-XM MASS NOTIF MANAGE	 $44.28 
TP820070001A	MONDEX ATM APPLICATION REFEREN	 $77.40 
11051626000A	MONEY CLIP	 $217.40 
49006852000B	MONEY PKT	 $61.38 
MONS38540000	MONEY SAFE DOORS-TR30 & TR60CA	 $146.61 
MONS40120000	MONEY SAFE E-TL30 & TRTL30  CA	 $97.74 
21017927000A	MONEY TUBE	 $1.16 
NZ0000002029	MONITOR 10 MONO"	 $950.04 
19000087000A	MONITOR CAMERA	 $392.44 
19049334000A	MONITOR CEILING MOUNT FOR 14 IN MONITOR	 $629.74 
BRP00944000A	MONITOR DISPLAY CABLE	 $0.05 
49233220000B	MONITOR GASKET SHORT BAR	 $3.19 
11049920000A	MONITOR MODULE	 $539.72 
11049928000A	MONITOR MODULE SINGLE INPUT	 $53.87 
BTC9217MMC00	MONITOR MOUNT	 $369.97 
BTC9220MMC00	MONITOR MOUNT - Ceiling	 $369.97 
BTC9217MMW00	MONITOR MOUNT,WALL, 12-15", 55	 $238.50 
BTC9221MMC00	MONITOR MT, CEILING 20" MONITO	 $420.21 
11049959000A	MONITOR PANEL	 $177.53 
NZ0000002024	MONITOR, 10 COLOR"	 $1,425.06 
NZ0000002846	MONITOR, 10" AUTOSYNC COLOR	 $2,049.89 
05000545000A	Monitor, 15in 5700 Loaner	 $942.21 
19064318000A	Monitor, 3.5 Inch TFT LCD Color	 $380.93 
NZ0000002835	monitor, 5877 large screen atm	 $1,098.00 
19064320000A	Monitor, 6.4 Inch TFT LCD Colo	 $682.39 
19064321000A	Monitor, 7 Inch TFT LCD Color	 $545.36 
AEKM7160B00A	MONITOR, BEIGE, 17"	 $378.19 
00156263000A	Monitor, LCD, 6.5 Inch Sunlight	 $3,085.07 
41017377000A	MONITOR, VID, TFT 6.4 IN, NTSC, 12VDC	 $1,594.25 
11044708000A	MONITOR,15IN HI-RES	 $1,216.78 
41021889000E	MONITOR,LCD,15 IN,LED,SUNLIGHT	 $2,545.59 
49250372000A	MONITORING PROGRAM, SIGN	 $21.38 
49250373000A	MONITORING PROGRAM, STAKE W/MTG TAPE	 $7.33 
NZ0000001182	MONOCHROME MONITOR W/KYBD  56X	 $1,534.68 
89030975000A	MONTOR ISM LCD KEYPAD USR GUDE	 $8.06 
11049980000A	MOR CYL 1/8 LGTH 26D KYWY SC	 $92.33 
11048921000A	MORTIS/RIM CYL RNG SLD BRS 1/2	 $27.67 
11048920000A	MORTIS/RIM CYL RNG SLD BRS5/16	 $27.67 
11048922000A	MORTIS/RIM CYL RNG SLD BRS5/16	 $27.67 
11048919000A	MORTIS/RIM CYL RNG SOLD BRS1/2	 $27.67 
89030144000A	mos fet	 $13.56 
89030147000A	mos fet	 $39.52 
MONS44200000	MOSLER & PROTECTALL SAFE    CA	 $244.35 
BUM11552000A	MOSLER 1600 TIME LOCK	 $0.05 
TMM06484000A	mosler 2025/3025 locker parts	 $75.60 
TMM05576000A	MOSLER 6500 SERIES S & G	 $75.60 
BUM11027000A	MOSLER A-315 TESTING ALARM	 $0.05 
BUM11080000A	MOSLER A-326 RADIONICS D8150	 $0.05 
TMM11966000A	MOSLER ADDENDUM TO FORM NUMBER	 $72.90 
TMM10117000A	MOSLER AMERICAN CENTURY	 $77.40 
TMM10662000A	MOSLER AMERICAN CENTURY	 $94.50 
TMM01089000A	MOSLER AMERICAN CENTURY CAST	 $78.30 
TMM10649000A	MOSLER AMERICAN CENTURY U.L	 $83.70 
TMM10196000A	MOSLER AMERICAN DUAL DEPOSIT	 $81.90 
TMM06460000A	MOSLER AMERICAN IIA VAULT DR	 $89.10 
TMM10972000A	MOSLER AMERICAN MAGNA NIGHT	 $83.70 
TMM11083000A	MOSLER AMERICAN MAGNA VAULT DR	 $83.70 
TMMO0830000A	MOSLER AUDIO SYSTEMS QUICK REF	 $133.20 
BUM06379000A	mosler b-130 american-century	 $0.05 
BUM11218000A	MOSLER B-214, CUST. Using bag	 $0.05 
BUM04779000A	MOSLER B-30 LOCATION OF CENTUR	 $0.05 
TMM10101000A	MOSLER BR750-A PACKAGE RECEIVE	 $77.40 
TMM06356000A	MOSLER CENTURY 21 SECURITY	 $81.90 
TMM04498000A	MOSLER CENTURY NIGHT DEPOSIT	 $90.00 
TMM10309000A	MOSLER CHUTE CLOSURE DEVICE	 $89.10 
TMM10305000A	MOSLER CHUTE CLOSURE DEVISE	 $75.60 
TMM10126000A	MOSLER COMSEC SYS PARTS CATALO	 $83.70 
TMM11875000A	MOSLER CP-3101 ALARM INSTALL	 $75.60 
TMM11874000A	MOSLER CP-3101 ALARM PARTS CAT	 $72.00 
TMM11324000A	MOSLER CYLINDER LOCK CONVER	 $72.90 
TMM10929000A	MOSLER DEFENDER ALARM CONTROL	 $75.60 
00050329MOSA	Mosler Deposit Env. 4 x 5.25	 $137.25 
00050329MOSB	Mosler Deposit Env. 4 x 6.25	 $137.25 
00050329MOSC	Mosler Deposit Env. 4 x 7.50	 $137.25 
TMM12070000A	MOSLER EL 1000 ENVELOPE	 $75.60 
TMM11242000A	MOSLER FLEXCOM II PARTS CATALO	 $72.90 
TPM12013000A	MOSLER FX ALARM SYS OPERATING	 $5.40 
TMM12014000A	MOSLER FX ALARM SYS PARTS	 $72.00 
TMM11916000A	MOSLER GMS 16 & INITIAL RTU	 $78.30 
TMM11965000A	MOSLER GMS 32 SHORTCUT KEYS	 $72.00 
TMM12047000A	MOSLER GMS COMMANDS & GEN INFO	 $77.40 
TMM12046000A	MOSLER GMS ENHANCEMENTS	 $78.30 
TMM11491000A	MOSLER GMS VERSION 2.40.5 INST	 $195.30 
BUM11979000A	mosler i/s bulletin chute	 $0.05 
BUM12090000A	MOSLER I/S BULLETIN LOCK	 $0.05 
BUM12073000A	MOSLER I/S BULLETIN MAS-HAMILT	 $0.05 
BUM12079000A	MOSLER I/S BULLETIN VAULT DOOR	 $0.05 
TMM12061000A	MOSLER INITIAL GMS 32	 $79.20 
TMM11326000A	MOSLER INVISICOM 1002/1003	 $92.70 
TMM10710000A	MOSLER LC-2000 SERIES VISION	 $77.40 
TMM11901000A	MOSLER LEFCOM FINANCIAL ALARM	 $112.50 
TMM11904000A	MOSLER LEFCOM FINANCIAL ALARM	 $72.00 
TMM11905000A	MOSLER LEFCOM FINANCIAL ALARM	 $72.00 
TPM11903000A	MOSLER LEFCOM FINANCIAL ALARM	 $13.50 
TMM11896000A	MOSLER LEFCOM FX ALARM SYS	 $72.00 
TPM11898000A	MOSLER LEFCOM FX ALARM SYS	 $5.40 
TMM11913000A	MOSLER LEFCOM FX CONFIQURATION	 $81.90 
TMM11600000A	MOSLER LENEL ONGUARD CARD ACCE	 $75.60 
TMM11631000A	MOSLER LINX LIVEMAP ADMIN MN	 $18.90 
TMM11774000A	MOSLER LINX XTREME admin 7.0	 $59.40 
TPM11574000A	MOSLER LINXWIN AIM-4 USER'S	 $6.30 
BUM12088000A	MOSLER LNL DIALUP PANELS USING	 $0.05 
BUM12091000A	MOSLER LNL-1000 JUMPER J6	 $0.05 
TMM11188000A	MOSLER MAC-3264 PARTS CATALOG	 $72.90 
TMM05921000A	MOSLER MAGNA 3-1/2,7 & 10 VAUL	 $97.20 
TMM10052000A	MOSLER MAGNA DEPOSIT INSTALL	 $79.20 
TMM04481000A	MOSLER MAGNA SETIES VAULT DR	 $90.90 
TMM06333000A	MOSLER MAGNA VAULT DOOR	 $123.30 
TMM05714000A	MOSLER MAGNA VAULT DR	 $88.20 
TMM11307000A	MOSLER MILLENIUM VAULT	 $90.00 
TMM10533000A	MOSLER NIGHT DEPOSIT DUAL	 $88.20 
TPM11344000A	MOSLER OPERATING INST. FOR M67	 $1.57 
TMM11910000A	MOSLER OPERATING INST. FOR RSD	 $157.50 
TMM11460000A	MOSLER OPERATING INSTRUCTIONS	 $72.00 
TMM11290000A	MOSLER OVERLOAD CARRIER	 $72.00 
TMM10492000A	MOSLER PERSONAL COMPUTER ACC	 $72.90 
TMM10407000A	MOSLER PG 135/235 CAMERA SYS	 $77.40 
TMM10841000A	MOSLER PNEU-VISTA 800 AC/BC	 $78.30 
BUM06418000A	MOSLER RELOCK COVERS FOR M673,	 $0.05 
TMRT2000000A	MOSLER RT2000 INST.&PRO.MANUAL	 $302.40 
TMM11925000A	MOSLER RTU2050 CHART FOR THE	 $77.40 
TMM11806000A	MOSLER SAFE DEPOSIT BOX ACCESS	 $79.20 
TMM10064000A	MOSLER SCHEMATIC PNEU-VISTA II	 $72.00 
TMM06453000A	MOSLER SCHEMATIC-UPSEND CUST.	 $72.00 
TMM11889000A	MOSLER SECURE VAULT DOOR	 $89.10 
TMM10965000A	MOSLER SERVICE TOOL KITS	 $88.20 
MSNAHDPOSTBL	MOSLER SK#6 BRASS POST	 $77.26 
TMM10087000A	MOSLER STANDARD PHYSICAL	 $83.70 
TMM11813000A	MOSLER TL-15 MONEY SAFES PRODU	 $72.00 
TMM10816000A	mosler trans-vista 4000 & 4000	 $72.90 
TMM10799000A	MOSLER TRANS-VISTA 4000 REMOTE	 $81.90 
TMM11909000A	MOSLER U.L. 1064 CARD READER	 $83.70 
TMM11594000A	MOSLER U.L. COMSEC RTU 2050	 $79.20 
TMM11761000A	MOSLER U.L.1051 LAN INTERFACE	 $77.40 
TMM11955000A	MOSLER UPGRADING TO 1047 CPU	 $83.70 
TMM10469000A	MOSLER VOLUME 201	 $231.30 
11049990000A	MOT BEL INDR OUTDR 12VDC 10 SH	 $206.75 
11030955000A	MOT SPRKT	 $280.10 
39013904000A	MOT,DC,12.0V,03000.0 RPM	 $119.70 
49200321000B	MOT,DC,14.0V,00175.0 RPM,GEAR	 $92.57 
39013850000C	MOT,DC,24.0 V,00060.0 RPM,GEAR	 $131.14 
39007647000A	MOT,DC,CAMR	 $55.80 
39011390006A	MOT,DOC DEFL	 $0.05 
39011390010A	MOT,FORM FEED	 $0.05 
39011390011A	MOT,PRNTR DRV	 $223.02 
39012789000B	MOT,STPR,HYB,03.60 DEG,011.50 OZ-IN	 $75.83 
49211095000A	MOT,STPR,HYB,03.60 DEG,011.50 OZ-IN	 $64.90 
49271326000A	MOT,STPR,PM,01.80 DEG,	 $44.96 
49255645000A	MOT,STPR,PM,01.80 DEG,17X42MM,W/GEAR	 $99.74 
49222649000A	MOT,STPR,PM,07.50 DEG,020.0 OZ-IN,W/ GEAR	 $48.21 
11036882000A	MOTHERBOARD ASM    PELCO	 $428.64 
NZ0000002424	MOTHERBOARD ELSB	 $1,973.16 
NOP5AB000000	MOTHERBOARD,PC	 $456.75 
48020410000A	MOTHERBOARD/FRAME	 $230.60 
MSN70571000A	MOTION DETECTOR, C&K #DT6360	 $280.13 
LXNETRTMOT00	MOTION UPGR,RETAIL	 $261.00 
39013156013A	MOTOR	 $77.79 
39017495107A	MOTOR	 $397.83 
MSN82316000A	motor	 $236.24 
TSN65463000A	MOTOR	 $0.00 
TSN66702000A	MOTOR	 $0.00 
TSN66703000A	MOTOR	 $0.00 
TSN66704000A	MOTOR	 $0.00 
TSN66705000A	MOTOR	 $0.00 
TSN66707000A	MOTOR	 $0.00 
TSN66708000A	MOTOR	 $0.00 
11038486000A	Motor - Pelco 570-8008	 $243.91 
11038347000A	Motor Asm  -  Pelco	 $155.05 
19039210000A	MOTOR ASM, SND DEPOSITOR - 508	 $219.24 
TS4368856970	MOTOR ASSB 4IK25GN	 $436.97 
TSN65569000A	MOTOR ASSB,FEEDER-M-41K25A	 $355.04 
MS811960000A	MOTOR ASSEMBLY	 $212.27 
TSN65568000A	MOTOR ASSEMBLY,DETECTOR	 $532.56 
TSN65564000A	MOTOR ASSEMBLY,SHUTTER-L	 $236.38 
TSN65565000A	MOTOR ASSEMBLY,SHUTTER-R	 $265.37 
TSN65563000A	MOTOR ASSEMBLY,TRANSFER	 $638.70 
TSN65567000A	MOTOR ASSEMBLY,TRANSFER-M-IK90A-U1	 $621.37 
NZ0000001897	MOTOR ASSY MCRW	 $219.24 
21021703000A	MOTOR ASSY,DOOR ASSIST MOTOR	 $4,201.47 
TS4368831373	MOTOR ASSY-ASM-MOTOR-L	 $1,226.24 
TS4368831413	MOTOR ASSY-ASM-MOTOR-R	 $1,115.92 
TS4368837422	MOTOR ASSY-ASMMTRDRROL	 $824.78 
89026064000A	MOTOR BEARING	 $13.76 
41019941000A	MOTOR BRACKET ASSEMBLY	 $1,040.68 
NZ0000002003	MOTOR BRUSH - 56XX	 $11.18 
NZ0077015018	MOTOR BRUSH - 56XX	 $11.18 
19012245000A	MOTOR CAM & SET SCREW	 $136.71 
89030719000A	MOTOR CONNECTOR 5 PIN	 $4.74 
28000962000A	MOTOR CONTROL CABLE *3634	 $50.81 
19017993000A	MOTOR DC FOR NW422 DIALER	 $46.33 
NZ0000003084	MOTOR DRIVER BD	 $197.32 
11042176000A	MOTOR FOR COIN WHEEL COMPLETE	 $341.38 
11038075000A	MOTOR FOR PELCO PAN\TILT	 $208.55 
11038845000A	MOTOR GEARED	 $374.90 
19039177000A	MOTOR HAND WHEEL CRANK W/O PUL	 $65.77 
11037233000A	MOTOR HEADLIFT	 $72.09 
NZ0000002813	MOTOR MAIN A	 $723.49 
19039119000A	MOTOR PULLEY, PRESENTER 5080/5	 $93.18 
WN007000151A	Motor Push Plate Cassette	 $22.95 
18001442000A	MOTOR SHIM *02938	 $9.70 
NZ0061050051	MOTOR SHUTTER (DISPENSER&DEPOT	 $142.51 
11031621000A	MOTOR TIMING (120V MINUTES MOD	 $136.71 
41018473000A	MOTOR WITH GEAR BOX EASY AIRE 10	 $290.36 
MSN70555000A	MOTOR, 6 VDC  *DOUGLAS INTERNA	 $42.59 
MSN94292000A	MOTOR, BLOWER DUALSTAGE	 $132.12 
31020539000A	MOTOR, MOUNT	 $36.58 
NZ0000002944	MOTOR, THERMAL XPORT	 $164.43 
TSN92710000A	MOTOR,B-5RK-40A	 $1,048.73 
TSN63161000A	MOTOR,DC-25W-DCM1	 $0.00 
TSN63159000A	MOTOR,PM-FEED	 $37.14 
NZ0000002207	MOTOR/GEAR ASSY	 $219.24 
MSZ17412060A	MOTOR-4 WAY WG	 $103.51 
11038566000A	MOTOR--E0419	 $893.49 
BUFI2039000B	Motorized and Dip Card Reader Anti-Skimming 6001 Card Protection and Detection Upgrade with LST Board for 7700FL/RL and 7750 TTW Terminals	 $9.77 
TP820815001C	MOTORIZED CARD READER,WITH CHIP,123,OPERATING GUIDE	 $6.30 
TMMDSS00TABM	MOTORIZED CASH PKT - TM-MDSS13	 $0.45 
BUFI0791000C	MOTORIZED CRD RDR CRD PROTECTION AND DETECTION UPGRADE (IX SERIES TERMINALS)	 $4.40 
MSZ77170630A	MOTOR-MOD, 3/32 X 1/2 KEY	 $12.22 
11005582000A	MOTOROLA  CAMERA	 $2,812.31 
TP820663001A	MOTOROLA ASR-603&605 SECU-PROX	 $7.20 
TP820662001A	MOTOROLA ASR-610 INSTL. INSERT	 $0.90 
TP820661001A	MOTOROLA ASR-610 MASTERPROX MN	 $7.20 
TP820660001A	MOTOROLA ASR-620+ POWERPROX MN	 $8.10 
TP820665001A	MOTOROLA FLEXPASS RDR INSTL GD	 $3.60 
MSN90971000A	MOULDING, 1/32 X 21 LG.FLEX  *	 $1.62 
11051560000A	MOUNT	 $150.07 
11051797000A	MOUNT FOR DR DOME CAMERA	 $6.15 
BTC920000000	MOUNT INDOOR 8" 20LB MAX WALL\	 $34.97 
BTC921200000	MOUNT INDR\OTDR 12" WALL\CEIL	 $82.22 
BTC9216WM000	MOUNT INDR\OTDR WALL\CEIL 100L	 $104.40 
BTC9222WM000	MOUNT INDR\OTDR WALL\CEIL 200L	 $140.94 
41027274000A	MOUNT PLATE, MEDECO, KEY SWITCH, BF/C	 $4.89 
BTC920100000	MOUNT WALL\CEIL INDOOR 8" 20LB	 $36.90 
BTC920500000	MOUNT WALL\CEIL INDR 5" 4LB MA	 $29.70 
BTC920200000	MOUNT WALL\CEIL INDR 9.6-16.3"	 $55.80 
BTC920300000	MOUNT WALL\CEIL INDR RT ANGLE	 $68.04 
MSN69820000A	MOUNT, 3/16 CABLE TIE *PANDUIT	 $0.69 
MSN80905000A	MOUNT, CAMERA 8 BLACK, WALL/CE	 $49.51 
MSN61230000A	MOUNT, CAMERA FOR KZ-714	 $40.45 
41014029000B	MOUNT, L/H BEARING	 $45.23 
MSN88592000A	MOUNT, LIGHT DUTY CAMERA - CEI	 $82.43 
41014030000A	MOUNT, R/H BEARING	 $1,134.00 
MSN90241000A	MOUNT, WALL - EH4014 ENCLOSURE	 $111.95 
MSN90052000A	MOUNT, WALL ARM - PA2000/PA201	 $146.53 
29013624000A	MOUNT,BRKT,CAMR	 $26.46 
21018965000A	MOUNT,BUMPER	 $4.67 
21018965000B	MOUNT,BUMPER	 $4.98 
UL460MBA0000	MOUNT,CAMR,WALL	 $4.05 
19041324000A	MOUNT,CLAMP KIT,POLE	 $41.58 
49006801000A	MOUNT,ELECTRONICS	 $1,408.95 
19041322000A	MOUNT,HSG,MAGNUM	 $33.08 
BTC9206U0000	MOUNT,INDOOR,UNIV,WALL\CEIL, 1	 $34.97 
39007762000B	MOUNT,KYBD	 $27.39 
19041323000A	MOUNT,PEDESTAL,MAGNUM	 $33.08 
11037220000A	MOUNT,RBN SPLY	 $11.59 
49213789000B	MOUNT,STUFFER MOTOR	 $14.41 
11038917000A	MOUNT,SURF,KIT,BLUE,ETP-400	 $735.85 
11038916000A	MOUNT,SURF,KIT,BLUE,ETP-400 W/HELP	 $155.93 
11038915000A	MOUNT,SURF,KIT,YEL,ETP-400	 $155.93 
11038914000A	MOUNT,SURF,KIT,YEL,ETP-400 W/HELP	 $418.04 
19041320000A	MOUNT,WALL,CAMERA,MAGNUM	 $38.75 
39010722000A	MOUNT,XPRT,PVT BRG	 $44.98 
BLL27M000000	MOUNTING ADAPTER PLATE FOR LL2	 $112.23 
41027181000A	MOUNTING BLOCK	 $46.43 
41027182000A	MOUNTING BLOCK	 $58.64 
19059812000A	MOUNTING BOX	 $54.05 
19059811000A	MOUNTING BOX SLOPE FRONT FACEPLATE	 $109.62 
28020199000A	MOUNTING BRACKET	 $3.57 
NZ0000002597	MOUNTING BRACKET	 $11.51 
NZ0000002404	mounting bracket - bill senso	 $17.54 
NZ0000002405	MOUNTING BRACKET - BILL SENSOR	 $17.54 
19036191000A	MOUNTING BRACKET  LISTEN AMP D	 $17.10 
19064519000A	Mounting Bracket for NCR58xx series ATMs	 $94.60 
19039166000A	MOUNTING BRKT/EXIT DETECTOR 50	 $17.54 
19049684000A	MOUNTING KIT,FLUSH MOUNT	 $123.33 
11044700000A	MOUNTING KIT,IN-CEILING	 $57.77 
11037899000A	MOUNTING KIT,T-BAR RAIL	 $26.20 
19000655000A	MOUNTING PAD, TRANSISTOR	 $0.16 
38020279000A	MOUNTING PANEL *03104	 $6.83 
21017297000A	MOUNTING PL,TIMELOCK	 $34.88 
ULMBP100000A	mounting plate, #mbp-10	 $27.41 
BTC9348MK000	MOUNTING PLATE, 2' X 2' FOR BT	 $88.20 
BTC9315P0000	MOUNTING POLE 15' LENGTH	 $1,021.50 
11032217000A	MOUNTING SCREW	 $1.04 
19041495000A	MOUNTING SKIRT	 $22.70 
11041040000A	Mounting Track 3" X 12" Snap T	 $12.15 
19046646000A	Mouse, USB scroll wheel, black	 $50.00 
ULBMSEA00000	MOUSE,BUS W/ADPTR	 $232.95 
21016641000A	MOUSE,SERIAL,PS/2	 $245.38 
19056720000A	MOUSE,SERIAL,W/O DRIVERS	 $62.00 
41022239300F	MOVABLE DIVIDER,1	 $51.71 
11065556000A	MOVABLE TENSION BRACKET ASSY	 $87.90 
TSN81565000A	MP4-10276	 $16.39 
BUFI0366000A	MPEG Video Decoder for 1057	 $0.58 
11050006000A	MPEG/JPEG NETWORK CAMERA	 $203.73 
TP700849000A	MPS1020 PROP ALM TELEPRINTER M	 $3.60 
11041941000A	MPU, CLERDN2.4 GHZ,AT/200/865	 $205.54 
11050007000A	MRRC-1 VSM/VLM CABLE	 $296.24 
TP820619001A	MS FRONTPAGE, ADV INSTRUCTION	 $28.80 
19042344167A	MS LEAD SCREW ASSEMBLY	 $483.24 
19042344139A	MS SCREW NUT	 $53.59 
00052104000A	MS2 CASTERS SET OF 4	 $17.01 
00052103000A	MS2 LOCKING SECURITY STAND	 $444.15 
00052105000A	MS2 SHELF (L OR R)	 $35.91 
AA000136000A	M-SERIES VAULT DOOR SERVICE MA	 $119.70 
11050034000A	MSI-10B MANUAL STAT	 $260.63 
11050035000A	MSI-20B MANUAL STATN	 $311.84 
MSZ21019090A	MSN-92558-000A	 $27.10 
TSN94669000A	MSO BOARD SET	 $8,152.18 
11034703000A	MST 3.X PROGRAM -3-1/2 DISK	 $595.35 
11034705000A	MST 4.X PROGRAM -3-1/2 DISK	 $595.35 
00011644002G	MST METRO, MGII SYS.  PSO	 $2,413.48 
11049629000A	MST PG MICRO MNT IN 2WB3R 2WB7	 $1,723.72 
TP821290001B	MSTR LD MGMT EDITOR USER GUIDE	 $15.30 
11047402000A	MT,BOX,WALL,W/DUAL FAN KIT,42 IN H X 10 IN D,USPS ONLY	 $1,242.35 
29014257000A	MT,BRKT,CEILING	 $10.47 
19056490000A	MT,CAMR DOME,CORNER BRKT ADPTR	 $92.77 
19057352000A	MT,CAMR DOME,INDOOR/OUTDOOR,WALL	 $153.74 
19047471000A	MT,CAMR DOME,PRESSURE,GOOSENECK,WALL	 $205.54 
19048495000B	MT,CAMR,3IN,WHT,POST	 $34.46 
29013624000B	MT,CAMR,6IN,WHT,POST	 $39.06 
19049721000A	MT,CEILING PIPE	 $62.16 
19059437000A	MT,CEILING,LCD MON	 $460.40 
19063754000A	MT,CEILING,LCD MON,27 IN TO 42 IN,100LB,BLK	 $261.72 
19063754000B	MT,CEILING,LCD MON,27 IN TO 42 IN,100LB,SILVER	 $261.72 
19048141000A	MT,CEILING/J,FEED THRU	 $70.57 
11045490000A	MT,COLUMN,24 IN,15LB MAX,FEED-THRU OPTION	 $82.22 
19047184000A	MT,COLUMN,24IN,15LB MAXLOAD	 $95.92 
11045489000A	MT,COLUMN,INDR/OUTDR,14 IN	 $189.10 
11045491000A	MT,COLUMN,INDR/OUTDR,24 IN	 $150.73 
ULCMA18W000K	MT,CORNER,DOME,Z-SERIES/RUGGED	 $157.18 
19047377000A	MT,EXTNSN POLE,MON,2FT	 $54.05 
19047378000A	MT,EXTNSN POLE,MON,4FT	 $95.92 
19047179000A	MT,FEED THRU,7IN,LTC 9480 HSG	 $48.65 
19047180000A	MT,FEED-THRU,12IN,LTC 9480 HSG	 $59.46 
19047188000A	MT,FLAT ROOF,ADPTR	 $95.92 
19049145000A	MT,FLUSH,INDOOR,22X & 23X CAMR DOMES	 $175.39 
11047361000A	MT,GOOSE NECK,USPS ONLY	 $202.80 
19047190000A	MT,HEAD,ADJ	 $67.57 
19047178000A	MT,INDOOR/OUTDOOR,12IN,LTC 9380 HSG	 $67.57 
19048140000A	MT,INDOOR/OUTDOOR,16IN	 $109.62 
19047181000A	MT,INDOOR/OUTDOOR,22IN,200LB MAXLOAD	 $164.43 
29014308000A	MT,MON	 $77.40 
19041950000A	MT,MON,14IN,SLIDE RAIL KIT	 $465.89 
11047398000A	MT,MON,19 IN,RCK,USPS ONLY	 $131.38 
19041948000A	MT,MON,20IN,SLIDE RAIL KIT	 $220.19 
19047369000A	MT,MON,CEILING	 $164.43 
19047371000A	MT,MON,CEILING	 $369.97 
19047373000A	MT,MON,CEILING	 $383.67 
19047375000A	MT,MON,CEILING,PC0127P	 $397.38 
19059046000A	MT,MON,LCD FLAT PNL,NO MOVEMENT	 $79.48 
19047370000A	MT,MON,WALL	 $123.33 
19047372000A	MT,MON,WALL	 $369.97 
19047374000A	MT,MON,WALL	 $383.67 
19047376000A	MT,MON,WALL,PC0127P	 $397.38 
ULMRASR60300	MT,MULLION,ASP SECUREPROX I,BEIGE	 $444.46 
ULMRASR603BK	MT,MULLION,SECUREPROX I,BLK	 $444.46 
11045494000A	MT,PAN/TILT,11LB MAX,120VAC,60HZ	 $1,055.10 
11045492000A	MT,PAN/TILT,11LB MAX,24VAC,60HZ	 $1,055.10 
11045496000A	MT,PAN/TILT,11LB MAX,PRE-POSITION,120VAC,60HZ	 $1,658.01 
11045493000A	MT,PAN/TILT,11LB MAX,PRE-POSITION,24VAC,60HZ	 $1,658.01 
PLPP43480000	MT,PARAPET,ADPTR,48IN INTER/LEG	 $808.45 
19057354000A	MT,PARAPET,EXT PTZ	 $253.49 
ULLCBP560000	MT,PENDANT,BLK	 $43.85 
11047457000A	MT,PNDNT,CAMR,W/PIPE NIPPLE,USPS ONLY	 $203.49 
19049144000A	MT,PNDNT,INDOOR,22X & 23X CAMR DOMES	 $271.31 
11047229000A	MT,PNDNT,INDR,4000 SERIES	 $63.04 
11047456000A	MT,PNDNT,USPS ONLY	 $182.93 
11047364000A	MT,PNDNT,W/1.5 IN PIPE STUD,USPS ONLY	 $203.09 
11047363000A	MT,PNDNT,W/1.5 IN PIPE THD,USPS ONLY	 $151.06 
LXNETFNRM000	MT,RACK,NET-FN-RM	 $117.45 
19056555000A	MT,RACKMT,MON	 $678.23 
19043345000A	MT,RDR,MULLION,6.0-8.0 IN RANGE	 $408.34 
ULB95129020A	MT,RTU,COAX,SYNC,MULTI-DROP	 $1,027.69 
19046464000A	MT,SWIVEL	 $7.34 
19049720000A	MT,WALL ARM	 $93.18 
19049146000A	MT,WALL,INDOOR,22X & 23X CAMR DOMES	 $315.16 
19058305000A	MT,WALL,INDOOR,CAMR	 $37.84 
19064171000A	MT,WALL,MON,LCD,10.4 IN/15.1 IN/17 IN/19 IN	 $126.13 
LXNETFNWM000	MT,WALL,NET-FN-WM	 $261.00 
ULDWM2000000	MT,WALL,OUTDOOR,SCROLLED,BLK	 $573.04 
11047232000A	MT,WALL,OUTDR,4000 SERIES	 $153.47 
ULDWMCR00000	MT,WALL,PKG,CHROME,1IN	 $234.80 
ULMDZWWB000K	MT,WALL,Z-DOME,INDOOR,PTZ	 $148.42 
19064623000A	MT,WALL/CEILING,W/CA FEEDTHRU,WHT	 $16.22 
19056525000A	MT,WIRING BLOCK,PUNCH DOWN	 $16.47 
11050064000A	MT-1224W-HS	 $624.62 
11036441000A	MTA 100 CRIMP TOOL HANDLE/PRES	 $189.95 
11036442000A	MTA 100 CRIMP TOOL MODULAR HEA	 $359.10 
11036443000A	MTA 156 CRIMP TOOL MODULAR HEA	 $359.10 
11037262000A	MTD,CMR,IKEGAMI	 $27.67 
11034339000A	MTG BRACKET CAMERA 2170   VSS1	 $41.11 
41015084000A	MTG BRKT,COMB,PRESIDER	 $14.61 
41015085000A	MTG BRKT,PRESIDER	 $18.27 
49247160000A	MTG CARRIER,GRY	 $9.86 
18020991000A	MTG CLP,DIO,LT EMTG	 $0.67 
19038178000A	MTG CLP,DIO,LT EMTG,W/RND LENS,CLR	 $1.23 
49247161000A	MTG FOOT,UNIV,GRY	 $2.26 
19042818000H	MTG HDW,FXD HDDSK	 $230.20 
19047576000A	MTG KIT,CAMR DOMES,LTC 9349 SERIES	 $48.65 
ULMD6DI00000	MTG KIT,DROP CEILING	 $60.29 
11037545000A	MTG KIT,HNG STANDOFF	 $54.81 
19064237000A	MTG KIT,WALL & PNDNT	 $169.65 
11037477000A	MTG PL,DBL GANG	 $15.08 
39002028000A	MTG PL,FLUSH	 $3.09 
11037476000A	MTG PL,SGL GANG	 $10.96 
49250395000A	MTG PLATE, MTZ CD RDR	 $14.36 
19047166000A	MTG PLATE,2FT X 2FT,CEILING PNL	 $150.73 
19047292000A	MTG PLATE,2FT X 2FT,LTC 9369/00	 $82.22 
19047294000A	MTG PLATE,2FT X 2FT,LTC 9370/00	 $82.22 
39013228000A	MTG PLATE,COIN FUNNEL,FL	 $18.22 
11044413000A	MTG PLATE,SGL GANG	 $41.11 
19062894000A	MTG RAIL,MDL,SNAP-IN,PLSTC	 $3.48 
19038179000A	MTG RING,DIO,LT EMTG	 $4.46 
49013336000B	MTG, INTFC, 1063	 $16.52 
39012799000A	MTG,CIM-86	 $12.01 
49207436000A	MTG,DR,DR STOP	 $7.10 
49207435000A	MTG,SAFE,DR STOP	 $20.49 
38020114000A	MTG. PANEL	 $37.51 
22001742L00A	MTG.ANGLE (FRONT BUMPER)	 $4.01 
19055233000A	MTL MT TAG,HIGH FREQ,QTY 50	 $30.46 
BUFI1037000B	MTZ CD RDR ANTI-STEREO SKIMMING 6001 CARD PROTECTION FIELD UPGRADE ILTG 9900	 $6.84 
TM000034001A	MTZ CD RDR ON-SITE REPAIR MNL	 $140.40 
38020402000A	MUFFLER & FLAP ASSY	 $79.34 
31019705000A	MUFFLER,HSG	 $28.50 
11050103000A	MUL CAND STR 24VDC 15 30 75 11	 $211.27 
11050105000A	MUL CD CHIM STR STDY TEMP HI L	 $141.44 
11050134000A	MUL LOP FRMWRE UPGR KIT POS NE	 $427.64 
11050080000A	MULLION PROXIMITY READER	 $550.43 
11065078000A	MULLION SWIPE READER, SURF MT	 $653.15 
11050114000A	MULT CD TEMP HRN STR HI LO DB	 $97.01 
11050115000A	MULT CD TEMP HRN STR HI LO DB	 $117.43 
11050150000A	MULT FIRE CAB 8X14X3.5 RED SUP	 $196.94 
38000269000C	MULT III MODULE           MODU-	 $441.72 
11050168000A	MULT RED CIL H INT 24V 115 177	 $74.32 
11050094000A	MULTI CAN HRN ST 24VDC 15 30 7	 $402.01 
11050090000A	MULTI CAN HRN STR 24VDC 15 30	 $1,071.70 
11051677000A	MULTI CANDELA SPEAKER STRBE	 $111.24 
11051263000A	MULTI CD CHIME STRB TEMP HI/LO	 $293.27 
11050110000A	MULTI CD STROBE 24V RED	 $156.43 
11050148000A	MULTI CD STROBE 24V WHITE	 $53.80 
11050149000A	MULTI CD TMPRAL HORN STR HI/LO	 $90.03 
21019953000A	MULTI COND CABLE	 $1.26 
38000269000K	MULTI III INTERFACE MOD  --	 $611.66 
11051267000A	MULTI MODE FIBER OPTIC INTERFA	 $1,746.61 
11050143000A	MULTI PURPOSE STATION	 $799.82 
11050144000A	MULTI TONE HORN CANDELA RED	 $61.42 
19056551000A	MULTIBAY MARK,44SP/31D	 $1,449.50 
AA0004140000	MULTIGUARD IV ALARM	 $158.40 
TMMDSS00TABT	MULTI-MEDIA DISPENSER TAB	 $0.45 
89030643000A	MULTI-MODE TRACSCEIVER	 $57.38 
TP799863016A	MULTINET 5100 ARABIC EVENT  PR	 $25.20 
00014601000J	MULTINET COMM,CONC	 $14,747.56 
19058236000A	MULTIPLEX BUS INTERFACE MODULE	 $109.80 
11051210000A	MULTIPLEX P/E SMOKE HEAD	 $86.08 
11050165000A	MULTIPLEXER	 $964.66 
89030198000A	murf1620ct	 $16.06 
11049502000A	MUSHROOM TUMBLER PINS	 $0.49 
11050145000A	MUTI TNE STR 24VDC 15 75 CD AG	 $122.99 
ULB61006020A	MUX LINE CRD	 $2,192.40 
11065178000A	MUX POWER SUPPLY	 $45.50 
PLMX4000SRV0	MUX SERVER NTSC 115VAC	 $0.00 
11051550000A	MUX SINGLE INPUT FIRE	 $53.63 
ULXK1610CN0K	MUX, VID, DPLX, CLR,16 CHANNEL	 $2,260.92 
39014220000B	MUX,DPLX,16 INPUT,PAL,B&W	 $2,414.39 
39014220000A	MUX,DPLX,16 INPUT,PAL,CLR	 $2,877.53 
39014219000A	MUX,DPLX,9 INPUT,PAL,CLR	 $2,726.80 
39014290000B	MUX,SMPLX,16 INPUT,PAL,B&W	 $1,767.63 
39014289000B	MUX,SMPLX,9 INPUT,PAL,B&W	 $1,630.60 
39014289000A	MUX,SMPLX,9 INPUT,PAL,CLR	 $2,329.43 
ULKX1630CU0K	MUX,TRIPLEX,16-CHAN,CLR	 $2,153.25 
19058511000A	MUX,VID,16-CHAN,B&W,DPLX	 $1,537.43 
19058509000A	MUX,VID,4-CHAN,B&W,DPLX	 $866.98 
19058510000A	MUX,VID,9-CHAN,B&W,DPLX	 $1,477.13 
11042923000A	MUX,VID,ANALOG,32 INPUTS X 4 OUT	 $1,658.01 
19055161000A	MUX,VID,RS-232 TO RS-485	 $575.51 
41022239100A	MVBL DIVIDER,LEGAL,1 DR	 $38.78 
41022239100B	MVBL DIVIDER,LTR,1 DR	 $38.78 
11031445000A	MVX BOARD	 $1,236.38 
11050233000A	MXL SMALL ENCL BACKBOX NDOOR	 $2,450.67 
19042344057A	MXL TIMING BELT	 $152.82 
NZ0000001899	MYLAR BELT - 56XX	 $16.76 
18020415000A	MYLAR DIAPHRAGM	 $1.95 
49238838000A	MYLAR,LED COVER	 $0.99 
49240473000A	MYLAR,PRNTR,THRM RCPT,80MM	 $2.33 
11051564000A	N A HI DESITY CARD CAGE	 $621.24 
00050761000A	N C R INK ROLL   -279- FIFO	 $8.51 
89031088000A	N.C.B. UPDATE DVD	 $9.77 
11062187000A	N/FEMALE TO SMA/MALE ADAPTER	 $32.75 
11065017000A	N1-VB37M PASSIVE BALUN VIDUTP	 $2,630.45 
19063249000A	N2-UG-LPB LCL PLAYBK FLD UPGR FOR NETDVR	 $260.35 
11066422000A	NA Mic Ext Cable	 $92.36 
11050237000A	NAC POWER EXPANDER TRANSFORMER	 $302.97 
11019320000B	NAME LABEL-DIEBOLD-PRE 76 INSU	 $0.22 
30020000000	NAME PLATE	 $0.77 
30019990000	NAME PLATE - BLUE	 $1.34 
21016973000A	NAME PLATE DAYGATE	 $86.18 
11050239000A	NAMEPLATE WARNING FM-200	 $153.47 
39009609000P	Nameplate, IBM, Small, 4784	 $0.00 
10590840000	NAMEPLATE,DIEBOLD	 $2.70 
31017274000A	NAMEPLATE,DIEBOLD	 $17.01 
49202929000A	NAMEPLATE,DIEBOLD	 $6.97 
29011651000C	NAMEPLATE,DIEBOLD,SMALL	 $7.50 
00051213000D	Narrow Therm State Rls-Short	 $112.50 
00051213000A	Narrow Thermal Statement Rolls	 $402.81 
TP820525001A	NAVCO 9009 USER'S MANUAL	 $2.70 
TP820523001A	NAVCO C.E. INSTR 1708 CONTRLR	 $9.90 
TP820519001A	Navco C.E. INSTRT MOD 1750 3/4	 $32.40 
TP820524001A	NAVCO COLOR VIDEO 9914 INSTR	 $9.90 
TP820518001A	Navco DVSR5000 OP INSTR 5100	 $16.20 
TP820517001A	Navco DVSR6000 OP INSTR 6100-S	 $17.10 
TP820529001A	NAVCO INSTR MANUAL, CCD 3000	 $5.40 
TP820528001A	NAVCO INSTR MANUAL, CCD 4600	 $5.40 
TP820527001A	NAVCO INSTR MANUAL, CCD 4700	 $5.40 
TP820520001A	Navco MENU PROGM'G INSTR-2750	 $6.30 
TP820522001A	Navco MOD 1708 OP. INSTR.	 $18.90 
TP820521001A	Navco MOD 2700/2750 OP. INSTR.	 $9.90 
41013675077A	NB DWR	 $95.99 
89031035000A	NCB AGILIS 91X 2.1.0 FOR IX	 $9.77 
89031037000A	NCB AGILIS 91X 2.1.0 OPT DENVR	 $19.55 
89030979000A	NCB AGILS 91X XV OPTEVA CD SET	 $43.98 
C01982130000	ncr 192213	 $58.18 
CO1982130000	ncr 198213	 $19.85 
C01984880000	ncr 198488	 $77.70 
CO1984880000	ncr 198488	 $35.91 
00051259000A	NCR 5080 Ptr Ribbon	 $8.98 
NZ0000004156	NCR 5285 CAP.MTR,110V-FASCO	 $60.39 
NZ0000004143	NCR 5285 COLLAR-5685 & P85 OS	 $713.70 
NZ0000004145	NCR 5285 GASKET-WATER INGRESS	 $38.66 
NZ0000004141	NCR 5285 HANDLE-UL LOCK MECH S	 $186.66 
NZ0000004138	NCR 5285 MOTOR CONV. 110V	 $785.07 
NZ0000004157	NCR 5285 MOTOR-RELAY 110V	 $54.90 
NZ0000004135	NCR 5285 SW-CONT.INTERLOCK LT	 $75.37 
TMNCRPRO000A	NCR 5600 & 5800 (PERSONAS)SER	 $144.90 
TMNCRSFT000B	NCR 5600/5800 SOFTWARE MAN	 $152.10 
NZ0000003099	NCR 56XX ASB W/O COMMS	 $931.77 
00051007000C	NCR 56XX BLACK RIBBON	 $11.57 
NZ0000003090	NCR 56XX DPM CONTROL PCB	 $986.58 
11044749000A	NCR 7452 PCI LCD CARD	 $702.05 
11044772000A	NCR 7452 TREE CARD ACTIVE	 $221.70 
NZ0000002795	NCR ALARM TESTER	 $1,315.44 
89030439000A	NCR ATM Currency Load Procedu	 $1.89 
00050947000B	NCR ATM SS. SECURITY MIRROR	 $438.08 
00050782000M	NCR BRAILLE KECPS-DIEBOLD/NCR	 $35.91 
00050782000A	NCR BRAILLE LABEL KIT -5085-	 $42.53 
TMNCRCRD000B	NCR CARD READER ONSITE MANUAL	 $90.90 
TMNCRCRD000A	NCR CARD READERS ON SITE SERVI	 $90.90 
TMNCRCAS000B	NCR CASSETTE ON-SITE SERV MAN	 $105.30 
00051208000A	NCR Compact Therm Rcpt Paper	 $165.19 
00051208000B	NCR Compact Therm Rcpt-Blank	 $157.82 
TMNCRMON000A	NCR CONSUMER MONITOR ON-SITE	 $90.90 
TMNCRMON000B	NCR CONSUMER MONTR ONSITE MAN	 $89.10 
TMNCRDEP000B	NCR DEPOS ASSEMB REPAIR MAN	 $89.10 
89031268000A	NCR FIRST LINE STUDENT COURSE	 $23.70 
00050782000E	NCR LABEL SET -BRAILLE- -5070-	 $33.08 
00050782000D	NCR LABEL SET -BRAILLE- -5070S	 $33.08 
00050782000C	NCR LABEL SET -BRAILLE- -5088-	 $33.08 
TMNCRDIA000B	NCR LEVEL 0 DIAG MANUAL	 $105.30 
00050782000K	NCR MODLE LABEL SET  -5675-	 $33.08 
00050801000H	NCR MODULE LABEL SET  -5080-	 $33.08 
00050782000J	NCR MODULE LABEL SET  -5674-	 $33.08 
00050782000L	NCR MODULE LABEL SET  -5685-	 $33.08 
NZ0000003113	NCR MOTORIZED CARD READER	 $1,534.68 
NZ0000002983	ncr o-ring belt	 $4.38 
TMNCRP77000A	NCR PERSONAS 77 (5877)	 $89.10 
TMNCRCRG000A	NCR SELF SER. TERMINAL CALL	 $90.90 
NZ0000004310	NCR Self Serv Shutter Interface Top Level Assembly for 66xx	 $140.24 
TM000472001A	NCR SelfServ 34 ATM Service Manual	 $141.30 
NZ0000003117	NCR SPRAY DISPENSER	 $5,152.14 
TMNCRINT000B	NCR SST INTO MANUAL	 $148.50 
TMNCRTSG000B	NCR SST TROUBLESHOOTING GUIDE	 $90.90 
TMNCRSOH000A	ncr state of health ref guide	 $3.60 
TMNCRSHM000A	NCR STATE OF HEALTH TRAINING	 $90.90 
TMNCRSHM000B	NCR STATE OF HEALTH TRNG MAN	 $90.90 
000508161ACU	NCR Std CU Bond Rcpt Rolls	 $89.10 
00051031000A	NCR THERMAL AUDIT ROLL,1X20	 $342.90 
00051030000B	NCR THERMAL RCPT W/O TOF	 $91.80 
00051030000A	NCR THERMAL RCPT W/TOF,1X4	 $94.50 
NZ0000003646	NCR, CIRCLIP LARGE, FOR PICK MODULE GEAR	 $0.40 
NZ0000003468	NCR, DIP/DASH SMART READER 5877 SER	 $1,145.53 
NZ0000003642	NCR, SENSOR EXIT	 $16.44 
NZ0000003645	NCR, TIMING SENSOR	 $30.15 
NZ0000004024	NCR-BRAILLE SET SELF-SERV	 $83.45 
TP821379001A	NDx HOW TO USE THE PRSNTR CL	 $14.40 
TP821344001A	NDx PROD DESCRIPTION	 $8.10 
TP821443001A	NDx SUPVR USER'S GUIDE	 $32.40 
11065157000A	NEC DTU 8D-2 8 BUTTON PHONE	 $273.66 
11065267000A	NEC770013-DTU 8D-2(WH)8 BTN PH	 $270.77 
11041622000A	NEEDLE BEARING FOR 400 D/DRAWE	 $133.65 
29007852000A	NEEDLE BRG	 $5.45 
BRP00056000A	NEEDLE NOSE PLIERS	 $0.05 
L10002500000	NEON BULB NE51HR	 $55.94 
11033986000A	NEOPRENE	 $3.40 
11050300000A	NET MAIN CONT MOD PRO CONN ONE	 $2,887.67 
11042265000A	NET PLUG HE/SHE	 $36.05 
11043649000A	NET2 LARGE COOLING FAN (60MM)	 $41.11 
11043648000A	NET2 SMALL COOLING FAN (40MM)	 $30.15 
11048791000A	NETDVR1(REVB)MOTHERBOARD NTSC	 $2,192.40 
11048835000A	NETDVR1(REVB)MOTHERBOARD NTSC	 $616.62 
19063814000A	NetVu Console	 $2,737.76 
11050250000A	NETWORK COMM CD CL A MNT 3CPU1	 $265.89 
19053067000A	NETWORK CONCENTRATOR	 $1,959.46 
19053100000A	NETWORK I/F PRCSR 1011	 $1,218.89 
AA000051000C	NETWORK INTFC ADPTR PRE-INSTALL INSTRUCTIONS	 $2.70 
DMATMNT4WELS	NETWORK KIT,XR200	 $2,313.99 
11041160000A	NETWORK LOCAL CONTROLLER	 $3,672.27 
00106984000A	NEUTRALS STRAP CLIP ASSORTMENT	 $19.80 
11050324000A	NEUTRIK 3-PIN MALE XLR CONNECT	 $485.07 
11050335000A	NEUTRIK NC3FX FEMAL 3PIN XLR C	 $1,693.44 
BUIB0952000A	NEW HD MMD PRESENTER 1053 EXP	 $3.18 
BUFCO257000A	new retract gate for thermal	 $0.78 
BUIB0868000A	new stacker module, bulletin	 $0.68 
NZ0000003509	NEW STYLE LVDT ASSY - ROHS	 $427.52 
NZ0000002931	NEW STYLE LVDT ASSY (NTS REV D	 $416.56 
BUFI2173000A	NEW TMD LOOP TRANSMITTTER FOR OPTEVA TERMINALS WITH TMD 6000 ONLY	 $3.62 
41024455000A	NexGen XT Key Charger	 $49.14 
41024456000A	NexGen XT System Dongle	 $71.25 
41024457000A	NexGen XT USB 2.0 Cable, A To B Micro	 $22.11 
41024458000A	NexGen XT USB Vehicle Power Supply	 $22.11 
41024459000A	NexGen XT USB Wall Power Supply	 $22.11 
11065867000A	NFC READER 200-10130	 $1,413.68 
49252719XMQB	NFC,PHONE,SHELF	 $2.72 
49252719XXXB	NFC,PHONE,SHELF	 $2.72 
11050337000A	NH-12 24-W-UI ULC	 $189.92 
AA000485000C	NIA INSTL & SERVICE MANUAL	 $16.20 
89029216000A	NICAD BATTERY PACK    # VSB000	 $16.90 
11042524000A	NICE ALTO 300W ATX POWER SUPPL	 $363.39 
11042532000A	NICE ALTO BA ALTO BNC MODULE	 $332.15 
11042531000A	NICE ALTO BA MENTA	 $1,294.07 
11042521000A	NICE ALTO BA VICO5	 $5,878.38 
11042527000A	NICE ALTO CABLE IDE ULTRA ATA	 $75.64 
11042528000A	NICE ALTO CABLE SATA 508MM	 $11.51 
11042525000A	NICE ALTO CABLE SYS LED	 $64.13 
11042529000A	NICE ALTO CABLE VICO 5INT BNC	 $54.26 
11042517000A	NICE ALTO HDD 250GB IDE 3.5	 $952.05 
11042516000A	NICE ALTO HDD 250GB IDE 3.5"	 $952.05 
11042518000A	NICE ALTO INTEL MD BAYFIELD	 $716.91 
11042522000A	NICE ALTO INTERNAL DVD R/W DR	 $577.15 
11042519000A	NICE ALTO MEMORY MODULE 512 MB	 $481.78 
11042523000A	NICE ALTO MODEM PCI 56K	 $149.63 
11042520000A	NICE ALTO PNY VERTO GEFORCE FX	 $481.78 
11042526000A	NICE ALTO RJ 45 LOOP BACK PLUG	 $11.51 
89030525000A	NICE GARMONY CUSTOMER TRAIN CD	 $8.55 
89030524000A	NICE HARMONY CUST. DOCI CD	 $8.55 
89030545000A	NICE VSN SRVC CD V7.1&7.5	 $0.05 
89030526000A	NICE, QUICK REF GUIDES	 $19.55 
00050814000B	NICKEL WRAPPERS	 $4.75 
TP821218001A	Night Drop Depository 05 Opera	 $11.70 
TP821230001A	night drop depository 2 (NDD 2	 $16.20 
TP821253001A	night drop depository 2 (ndd2)	 $15.30 
TM000246001A	night drop depository 2 instal	 $183.60 
41019198000A	NIGHT LOCK	 $235.46 
MSZ17362040A	NIGHT LOCK SWITCH LABEL	 $4.13 
49227875000B	NIPPLE,CHASE,CND,0.75	 $2.87 
MSN70942000A	NIPPLES, 1/2 CHASE	 $0.97 
11065103000A	NITEK-VIDEO BALUN TRANSCEIVER	 $93.18 
11065106000A	NITEK-VIDEO UTP TRANSCEIVER	 $93.94 
11065154000A	NITSUKO KETSET	 $293.63 
11065153000A	NITSUKO SINGLE-LINE	 $128.26 
11050338000A	NL MOD STARTER KIT	 $323.24 
MSN79996000A	NLA                PIVOT END,	 $1,245.90 
TSN89974000A	NLA DECAL,1 3/16 X 7 3/8	 $4.18 
11041165000A	NLC TO COMM CABLE ASSY	 $301.46 
11050339000A	NL-MOD UI ACC TO GEMX255 INTER	 $622.86 
MSN71684000A	NO LONGER AVAILABLE	 $0.15 
MSN91163000A	NO LONGER AVAILABLE	 $116.17 
MSZ89058830A	NO LONGER AVAILABLE	 $0.87 
MSN45563000A	NO RECORD	 $0.00 
MSN56634000A	NO RECORD	 $0.00 
31016437000A	NON SELF CLOSING HINGE KIT 154	 $15.84 
ULA40346000A	NON-ACS CNTRL,EXT,RTU-195	 $5,481.00 
ULA40310100A	NON-ACS CNTRL,RTU-195	 $3,735.31 
31016438000A	NON-CLOSE SELF HINGE KIT	 $14.81 
NZ0000002118	NON-IE SENSOR PURGE/OVERFILL	 $68.52 
11034002000A	NON-RETURN CATCH BEARING	 $21.55 
890304801XXB	NON-ROHS W/BEZEL ROH COMPLIANT	 $572.67 
NCPTDEK0000A	NORTHERN COMPUTERS DOOR KIT	 $1,137.31 
NCPTZIM0000A	NORTHERN COMPUTERS INPUT MODUL	 $342.57 
NCPTBSK0000A	NORTHERN COMPUTERS PASSPOINT	 $1,671.71 
NCPTQRM0000A	NORTHERN COMPUTERS QUAD RELAY	 $342.57 
NCPTVGM0000A	NORTHERN COMPUTERS VISTA	 $342.57 
NCPTCEKPROXO	NORTHERN COMPUTERS-PT-CEKPROX	 $1,548.39 
NCPTPLUSASKO	NORTHERN COMPUTERS-PT-PLUSASK	 $3,011.81 
NCPTPLUSBSKO	NORTHERN COMPUTERS-PT-PLUSBSK	 $2,126.63 
11065058000A	NORTHSTAR NP2 LOOP DETECTOR	 $265.72 
89031414000A	NORTHWEST SAVINGS BANK SFTWR	 $32.99 
TSN90478000A	NOSE ASSB	 $55.63 
MSNAHDN0S00A	NOSE FOR AHD, BRASS	 $31.67 
05000476000A	NOSE PULLER SHAFT'TOOL'	 $75.37 
MSZ76919160A	NOSE-NON PINCH DEAL TOP	 $49.52 
TP799610007B	NOT AVAILABLE USE TP799610007-	 $8.10 
19083177000A	Notch Cover Plate Customer	 $31.88 
19083178000A	Notch Cover Plate Teller	 $31.88 
NZ4450609696	NOTE FLICKER	 $1.63 
NZ0000002661	NOTE GUIDE PLASTIC CURVED PU	 $1.76 
NZ0000002672	NOTE GUIDE PLASTIC LARGE	 $0.02 
NZ0000002660	NOTE GUIDE PLASTIC LONG PU	 $0.02 
NZ0000002671	NOTE GUIDE PLASTIC SMALL PU	 $0.02 
NZ0000002708	NOTE GUIDE UPPER P.U. 56XX	 $0.02 
MSZ67018280A	NOTE SENSOR-EXTENSION	 $44.81 
49200654000A	NOTE STOP	 $7.18 
NZ0000002041	NOTE THICKNESS SENSOR	 $13.71 
NZ0090011106	note thickness sensor	 $13.71 
NZ0090011750	NOTE THICKNESS SENSOR	 $712.53 
49207815000A	NOTE, TEST, EURO 100	 $171.05 
49207814000A	NOTE, TEST, EURO 50	 $171.05 
TSN92727000A	NOTE,MAG-MSVO TEST	 $5.87 
TSN61972000A	NOTE,TEST-100PK	 $34.63 
TSN51141000A	NOTE,TEST-PPR-UDOI-DT-01 BLK	 $2.19 
TSN92726000A	NOTE,THICKNESS TEST	 $3.58 
11050342000A	NOTIFIER CONTROL MODULE	 $164.93 
TM000334001A	NOVOTECH C-MASTER SERVICE TOOL,V.1.2	 $90.90 
TM000336001A	NOVOTECH CPU PRGMG WITH PRGMTOOL USING MACH	 $72.00 
19013798000A	NOZZLE,BOT CAP	 $7.92 
TSN51248000A	NOZZLE,TUBULAR	 $18.98 
11050344000A	NT-A ASSEMBLY NT-A	 $466.93 
19067333000A	NTWK ENCRYPTION,UNLOCK CODE,ALRM PNL	 $403.52 
41015379000A	NTWK INTFC ADPTR	 $938.99 
41015516000A	NTWK INTFC ADPTR,9600,SDLC,RS232	 $1,360.17 
41015517000A	NTWK INTFC ADPTR,9600,SDLC,RS485	 $1,291.94 
41015516000B	NTWK INTFC ADPTR,HSPD,SDLC,RS232	 $1,360.17 
41015517000B	NTWK INTFC ADPTR,HSPD,SDLC,RS485	 $1,291.94 
BRP00080000A	NULL MODEM ADAPTER	 $0.05 
31016266000B	NUMBER FRAME	 $1.30 
11034642000C	NUMBER LABELS  #'ED 501 THRU 7	 $32.32 
TSN51140000A	Nut - 6/0NUT40MSZN3A	 $0.52 
BRP00198000A	NUT 1/4 20 GRD 2 STD HT NYLOCK	 $0.05 
BRP00117000A	NUT 1/4-20 SERRATED FLANGE	 $0.05 
BRP00031000A	NUT 1/4-28 GRAD 2 STND.HT.NYLK	 $0.05 
BRP00111000A	NUT 10-32 GRADE 2 ST.HT.NYLOCK	 $0.05 
BRP00199000A	NUT 3/8 16 GRD 2 SERRATED FLAN	 $0.05 
BRP00200000A	NUT 3/8 24 GRD 2 JAM	 $0.05 
BRP00202000A	NUT 5/16X18 GRD 5 JAM	 $0.05 
BRP00201000A	NUT 5X1/16 18 NYLOCK STD HT	 $0.05 
BRP00203000A	NUT 8-32 GRD 2 STD HT NYLOCK	 $0.05 
MSZ89029140A	NUT LOCK CYLINDER	 $5.46 
BRP00566000A	NUT NYLOCK 6-32	 $0.05 
BRP00573000A	NUT NYLON NO 6	 $0.05 
21017833000A	NUT PLATE MULLIAN	 $56.55 
19017245000A	NUT SCHL M4 CARB STL   1323	 $0.97 
MSN71669000A	NUT, 1/2-20 HEX	 $0.16 
MSN82034000A	NUT, 6-32 SPECIAL	 $4.83 
MSN71031000A	NUT, 8-32 ELASTIC STOP	 $0.13 
MS0901740BCA	NUT, HEX - ESNA 1/2-13 NYLOK	 $0.87 
41020704000Y	NUT,10-32,HEX HD	 $4.31 
TSN92752000A	NUT,6/0 30MSZEN3A	 $0.15 
29016282000A	NUT,CAP,HCRN,M05.0-0.80	 $0.10 
49228477000A	NUT,CASTLE,50-13	 $2.16 
29016504000A	NUT,CLMP,37-16	 $3.27 
41020704000J	NUT,HEX FLANGE,5/16-18	 $4.31 
29016239000A	NUT,HEX,04-40	 $0.03 
29016237000A	NUT,HEX,08-32	 $0.19 
29016881000A	NUT,HEX,10-24	 $0.05 
10275130150	NUT,HEX,25-20	 $0.04 
41020704000T	NUT,HEX,3/8-16	 $4.31 
19019349000A	NUT,HEX,50-13,SLTD,HVY	 $1.16 
17002343000A	NUT,HEX,62-18,NYL INSR	 $1.23 
21014968000A	NUT,HEX,75-24	 $0.87 
29016248000A	NUT,HEX,M03.0-0.50	 $0.05 
19041918000A	NUT,HEX,M04.0-0.70	 $0.20 
29016248000B	NUT,HEX,M04.0-0.70	 $0.09 
29016248000C	NUT,HEX,M05.0-0.80	 $0.09 
29009086000A	NUT,HEX,M05.0-0.80,SPCL	 $7.03 
TSN51319000A	NUT,HSC-M3	 $2.19 
29016320000A	NUT,JAM,25-20,1x100	 $0.07 
29007900000A	NUT,JAM,50-13,FNSH,SPCL	 $31.39 
49228476000A	NUT,JAM,75-16	 $1.94 
29017196000A	NUT,JAM,M08.0-1.25	 $0.34 
29016506000A	NUT,KEP,06-32	 $3.38 
19035126000A	NUT,LK,04-40,NYLOCK	 $0.08 
29016241000A	NUT,LK,06-32,FLG	 $0.05 
29013909000A	NUT,LK,06-32,FLG,NYLOCK	 $0.39 
18020263015A	NUT,LK,06-32,NYLOCK	 $12.20 
29016736000A	NUT,LK,08-32,FLG	 $0.05 
19033472000A	NUT,LK,08-32,NYLOCK	 $0.10 
11006139015B	NUT,LK,10-32,FLG	 $0.07 
29016811000A	NUT,LK,10-32,FLG	 $0.16 
10275090060	NUT,LK,10-32,SLFLKG	 $0.09 
29016672000A	NUT,LK,10-32,SLFLKG	 $0.08 
29016737000A	NUT,LK,25-20,FLG	 $0.12 
19013485000A	NUT,LK,25-20,NYLOCK	 $0.09 
49225658000A	NUT,LK,37-16,FLG,SERR	 $8.24 
19039475000A	NUT,LK,62-11,SLIP-ON	 $9.33 
19035387000A	NUT,LK,M04.0-0.70,INSR,REG	 $0.06 
29016280000A	NUT,LK,M04.0-0.70,INSR,REG	 $0.06 
19035061000A	NUT,LK,M05.0-0.80,FLG	 $0.48 
19041802000A	NUT,LK,M05.0-0.80,INSR,REG	 $0.62 
19041205000A	NUT,LK,M06.0-1.00,INSR,REG	 $0.13 
29016287000A	NUT,LK,M08.0-1.25,INSR,REG	 $0.19 
49200491000B	NUT,LSCR,25-16 ACME 2G	 $7.03 
18020522000A	NUT,PNL,25-40,KNRL	 $0.44 
29009317000A	NUT,RND,M05.0-0.80,SPCL	 $33.52 
19017244000A	NUT,SCHL M3 CARB STL   1323	 $0.97 
29016299000A	NUT,SEMS HEX CNCL,M04.0-0.70	 $0.05 
29016300000A	NUT,SEMS HEX CNCL,M05.0-0.80	 $0.05 
29009228000A	NUT,SEMS HEX/CNCL,06-32	 $0.18 
29009229000A	NUT,SEMS HEX/CNCL,08-32	 $0.16 
29009230000A	NUT,SEMS HEX/CNCL,10-32	 $0.26 
29016303000A	NUT,SEMS HEX/CNCL,M03.0-0.50	 $0.05 
29009212000B	NUT,SEMS HEX/CNCL,M05.0-0.80	 $0.29 
29009213000A	NUT,SEMS HEX/CNCL,M06.0-1.00	 $0.13 
19038122000A	NUT,SEMS HEX/EXTL,06-32,04 BODY,1X10	 $0.08 
29007603000A	NUT,SHT SPR,0.120,RECT,PUSH-ON	 $0.19 
19021655000A	NUT,SHT SPR,0.375,RND,PUSH-ON CAP	 $0.41 
19038742000A	NUT,SHT SPR,0.500,PUSH-ON	 $0.43 
18021006000A	NUT,SHT SPR,06-0	 $0.95 
29013299000A	NUT,SHT SPR,10-32,TYPE J	 $2.51 
29002584000B	NUT,SHT SPR,18,PUSH-ON	 $0.09 
18020978000A	NUT,SHT SPR,24-0 ,PUSH-ON	 $1.00 
11032841000A	NUT,SHT SPR,28-0	 $1.53 
29009054000A	NUT,SLF CLNCHG,M03.0-0.50	 $0.10 
29016290000A	NUT,SLF CLNCHG,M05.0-0.80,SLFLKG	 $0.19 
29016294000A	NUT,SQ,50-13	 $0.72 
19021600006A	NUT,STP,SLFTHD,0.188	 $0.35 
29005721000C	NUT,THUMB,06-32,KNRL,SPCL	 $9.02 
29009663000A	NUT,THUMB,M04.0-0.70,KNRL	 $1.31 
19016255000A	NUT,WASHER BASED WING	 $0.10 
18020774000A	NUT,WELD,25-20,DUAL	 $1.09 
MSN51140000A	NUT-6/ONUT40MSZN3A-601  (P)	 $0.19 
MSZ90468140A	NUT-HEX,3/8-16,ZINC	 $0.12 
89030462000A	NV HARMONY BNC BOARD AND ADAPT	 $400.11 
11048541000A	NX-650 GE WIRELESS SENSOR	 $97.65 
11048703000A	NYCT TYPE I PANEL	 $408.34 
11048703000B	NYCT TYPE II PANEL	 $408.34 
11040351000A	Nye Synthetic Watch Oil #140C Timemaster #GR0L42442	 $99.97 
29007580000A	NYLINER	 $1.41 
18010519000A	NYLINER (3/8 I.D.)	 $2.07 
18010520000A	NYLINER (5/16 I.D.)	 $11.88 
L1000205000J	nylinger bearing rotary vd	 $10.77 
BRP00582000A	NYLN SPCR 3/8ODX3/16 10 SCR	 $0.05 
L10002050000	NYLON BEARING    VAULT VENT	 $2.42 
11036173000A	NYLON BLOCK	 $4.17 
MSN83310000A	NYLON FLAT WASHER	 $0.77 
20258890000	NYLON GUIDE	 $1.51 
17001706000A	NYLON SPACER	 $0.56 
49207839008A	NYLON SPACER	 $1.78 
11043671000A	NYOGEL WATERPROOFING	 $54.88 
49211276119A	NZ ELASTIC BELT UF	 $53.49 
1200106000B0	O BITTED LOCK	 $45.51 
3101679200B0	O BITTED LOCK BANKLOCK USE O	 $19.54 
2101684700BA	O BITTED LOCK-BANKLOCK USE O	 $22.83 
11038268000A	o cut lever-renter- 54-020	 $2.51 
11050348000A	O RING CAP 112 VALVE	 $16.71 
11050354000A	O RING CAP 2 VALVE	 $53.11 
11050384000A	O RING CYLINDER NECK 112 VALVE	 $2.75 
11050400000A	O RING CYLINDER NECK 2 VALVE	 $2.75 
11050404000A	O RING PISTON 112 VALVE	 $2.75 
11050414000A	O RING PISTON 2 VALVE	 $70.79 
11050423000A	O RING SEAT 112 VALVE	 $62.10 
89029975000A	O-BELT,FRONT,CD RDR (100202)	 $5.45 
19021057000A	O-BELT,MDS CD RDR	 $3.39 
TP799966001B	OBJECT FACTORY PROGRAMMER'S RE	 $14.40 
TMEPIC01000B	OBSOLETE	 $123.30 
TP799142000A	OBSOLETE	 $3.18 
TP799179000A	OBSOLETE	 $3.52 
TP799182000A	OBSOLETE	 $24.30 
TP799766000A	OBSOLETE	 $28.80 
TP799767000A	OBSOLETE	 $20.70 
TP799768000A	OBSOLETE	 $35.10 
TP799769000A	OBSOLETE	 $33.30 
TP799771000A	OBSOLETE	 $40.50 
TP799772000A	OBSOLETE	 $27.00 
TP799774001B	OBSOLETE	 $20.70 
TP799775001B	OBSOLETE	 $15.30 
TP799776001B	OBSOLETE	 $12.60 
TP799777000A	OBSOLETE	 $6.30 
TP799784000A	OBSOLETE	 $9.90 
TP799820000A	OBSOLETE	 $6.30 
TP799821000A	OBSOLETE	 $11.70 
TP799822000A	OBSOLETE	 $12.60 
TP799823000A	OBSOLETE	 $8.10 
TP799824000A	OBSOLETE	 $45.00 
TP799825000A	OBSOLETE	 $6.30 
TP799831000A	OBSOLETE	 $6.30 
TP799834000A	OBSOLETE	 $20.70 
TP799836000A	OBSOLETE	 $20.70 
TP799837000A	OBSOLETE	 $7.20 
TP799858000A	OBSOLETE	 $20.70 
TP799903001B	OBSOLETE	 $15.30 
TP799945001A	OBSOLETE	 $26.10 
TP799946001A	OBSOLETE	 $54.90 
TP799974000A	OBSOLETE	 $20.70 
TP799975000A	OBSOLETE	 $12.60 
TP799976000A	OBSOLETE	 $8.10 
TP799977001A	OBSOLETE	 $5.40 
TP820014001D	OBSOLETE	 $18.90 
TP820025001A	OBSOLETE	 $13.50 
TP820027001A	OBSOLETE	 $7.20 
TP820028001A	OBSOLETE	 $9.00 
TP820036001A	OBSOLETE	 $14.40 
TP820055001A	OBSOLETE	 $3.18 
MSZ84912460A	OBSOLETE                     S	 $15.14 
MSN81158000A	OBSOLETE                LEVER,	 $87.44 
MSN64900000A	OBSOLETE       DETECTOR, GLASS	 $158.17 
39008875000A	OBSOLETE - CA,LGC,COMM,RS422/RS232	 $121.09 
MSN79153000A	OBSOLETE, ONLY STOCKING GREY	 $0.00 
11050443000A	OBU4D OUTPUT BUFFER	 $635.80 
89031351000A	OCTAL D TYPE FLIP FLOP	 $11.85 
89031050000A	OEM Flyer	 $24.44 
TP821353001A	OEM HDW DEV TOOLS USER GUIDE	 $9.00 
MS820500000A	OFFSET  1/2IN	 $118.06 
19042344232A	OIL DUMPER	 $71.01 
11041802000A	OIL LIGHT WASHER	 $49.28 
89028396000A	OIL,NYE-179  NND	 $69.94 
39011997034A	OILLESS BEARING 5	 $3.03 
RRSALVAGE000	OLD LOCK RETURN	 $0.05 
29000307000A	OMNI DIRECTIONAL RECEIVER	 $93.57 
11050451000A	ON-BOARD 10/100 MBPS ETHR LNL5	 $342.57 
11051798000A	ONE CALL ACCESS SENTRY SYSTEM	 $255.14 
TP821224001A	ONE COLOR GRAPHICAL RECEIPT PRINTER OPERATING GUIDE	 $9.00 
11041771000A	ONE DOOR ARM	 $435.08 
11062364000A	ONE ON ONE CONSOLE	 $3,070.77 
TP821489001A	ONE SIDED ENHANCED GRAPHICAL THERMAL RECEIPT PRINTER OPERATING GUIDE	 $9.00 
TM000527001A	ONE SIDED GRAPH RCT PRNTR MAN.	 $6.21 
TP821507001B	ONE TOUCH,VERSION 2.1.0,USER MANUAL	 $15.30 
TS4368849060	ONE WAY HINGE-HIGOWH1030NRW	 $16.39 
11041613000A	ONE ZONE DOOR ANSWERING UNIT	 $969.09 
11038603000A	ONEAC #PC240A-S4S	 $286.90 
TM000216001A	ONE-COLOR GRAPHICAL RECEIPT PRINTER ON-SITE REPAIR MANUAL	 $113.40 
TP821718001A	ONE-SIDED GRAPH THER,RCT GUIDE	 $4.31 
TS4842120515	ONE-WAY CLUTCH -FEEDING UNIT	 $16.39 
BUFN0016000B	ONITY INTERFACE W/CS CARDLINK	 $2.70 
TP799451000A	ON-LINE SCREEN EDITOR (DOSE)	 $59.40 
TMENVDEP000C	ON-SITE SERVICE MANUAL 100200-	 $153.00 
TP820380001A	OP GD, iCONNECT SERV 1.0.00.01	 $146.70 
TP799605001B	OP GUIDE FOR IX REAR-LOAD TERM	 $25.20 
TP820351001A	OP GUIDE, RLD COIN,RL	 $11.70 
TP820311002A	OP GUIDE,1077IX CASH DISPENSER	 $22.50 
TP799609002B	OP GUIDE,CARD READER	 $8.10 
TP799608002B	OP GUIDE,JOURNAL AND CONSUMER PRINTER	 $11.70 
TP799610002A	OP GUIDE,MULTIMEDIA DISPENSER AND CASSETTE	 $6.30 
TP799934002C	OP GUIDE,THERMAL RECEIPT AND JOURNAL PRINTER	 $9.00 
TP820514001A	op instr rotary wedge-lock	 $0.90 
19065386000A	Opaque Bubble for Drop Ceiling Enclosure  - USPS only	 $65.77 
19065382000A	Opaque Bubble for Indoor Pendant Enclosure  - USPS only	 $65.77 
29008455095A	OPEN DETECTOR ASSY	 $129.20 
11040397000A	OPER. DOOR COVER & BRACKET	 $18.27 
TP820675001A	OPER. GUIDE, PSBK PRINTER II	 $8.10 
TP820623001B	OPERATING GUIDE	 $15.30 
TP799604001B	OPERATING GUIDE FOR IX F/L TER	 $20.70 
TP820501001C	OPERATING GUIDE FOR THERMAL STATEMENT PRINTER	 $11.70 
TP820595001B	OPERATING GUIDE,EDC 3.0.1	 $15.30 
TP821336001C	OPERATING GUIDE,ENHANCED NOTE ACCEPTOR	 $16.20 
TP820597001A	OPERATING GUIDE,MAC 2.0.0	 $6.30 
TP821351001B	OPERATING GUIDE,OPTEVA 328C FRONT-LOAD BULK CASH RECYCLING TERMINAL	 $16.20 
TP821449001B	OPERATING GUIDE,OPTEVA SINGLE NOTE ACCEPTOR	 $8.10 
TP820593001A	OPERATING GUIDE,SXA 2.0.0	 $6.30 
11032264000A	OPERATING INSTRUCTIONS	 $0.45 
TP821474001A	OPERATING INSTRUCTIONS FOR COMBINATION LOCKS ON DIEBOLD CENTURY VAULT DOORS	 $2.70 
TP821415001D	OPERATING MANUAL FOR SUPERVISOR,EXTENDED MANAGED SERVICES (XMS),VERSION 4.02	 $48.60 
89028823000A	OPERATION BOARD /GYYR#F5961402	 $92.30 
39011997009A	OPERATION PANEL	 $21.47 
DMLIT0172000	Operator Guide	 $3.70 
NZ0000001612	OPERATOR KEYBOARD - 5674	 $522.00 
NZ4450599988	OPERATOR KEYBOARD - 5674	 $548.10 
PLCM9750KBDV	OPERATOR KEYBOARD VARIABLE SPE	 $2,758.04 
WN007000040A	OPERATOR PANEL - LED BOARD	 $90.25 
TP820621001B	OPERATOR UNIT, USER'S GUIDE	 $9.90 
TP820324001A	Operator's Guide for 1053 Express Delivery Terminal (with ix safe)	 $15.30 
19042344110A	OPL BRACKET	 $202.23 
TP820095007A	OPP GUIDE,1071 IX,FR	 $22.50 
TP799482000B	OPR GUIDE	 $36.00 
TP799482I01B	OPR GUIDE	 $3.60 
TP799483000A	OPR GUIDE	 $8.10 
TP799524000A	OPR GUIDE SUMM,EXP DLVY	 $6.30 
TP799655001C	OPR GUIDE TELLER ASST,EXP DLVY, 1053(4793)	 $21.60 
TP820327001B	OPR GUIDE, 1075IX, SER	 $24.30 
TP820040001B	OPR GUIDE, ENV DEP	 $6.30 
TP820040007B	OPR GUIDE, ENV DEV,FRENCH	 $5.40 
TP799183I01E	OPR GUIDE,1062 RL	 $5.48 
TP799790001A	OPR GUIDE,1063IX(4781IX) FL TERM	 $14.40 
TP820008007A	OPR GUIDE,1064IX RL,BTP/CTP,CD,FR	 $24.30 
TP820008019A	OPR GUIDE,1064IX RL,BTP/CTP,CD,GER	 $24.30 
TP820008001B	OPR GUIDE,1064IX RL,BTP/CTP,CD,IX SER	 $25.20 
TP820008002A	OPR GUIDE,1064IX RL,BTP/CTP,CD,LAT/SPAN	 $25.20 
TP820120007A	OPR GUIDE,1064IX,THERM PRNTR,FR	 $6.30 
TP820120002A	OPR GUIDE,1064IX,THERM PRNTR,LAT/SPAN	 $6.30 
TP820095019A	OPR GUIDE,1070 IX,GER	 $22.50 
TP820095001A	OPR GUIDE,1070IX	 $24.30 
TP820088007A	OPR GUIDE,1071IX,EXT,CD,FR	 $26.10 
TP820088019A	OPR GUIDE,1071IX,EXT,CD,GER	 $26.10 
TP820088002A	OPR GUIDE,1071IX,EXT,CD,LAT/SPAN	 $26.10 
TP820327019B	OPR GUIDE,1075ix,GER	 $24.30 
TP820311001A	OPR GUIDE,1077IX	 $21.60 
TP820311007A	OPR GUIDE,1077ix,FRENCH	 $22.50 
TP820311019A	OPR GUIDE,1077ix,GER	 $22.50 
TP799662000A	OPR GUIDE,ADV FEAT PASSBOOK PRNTR	 $6.30 
TP820075001B	OPR GUIDE,AUTOMATIC SECUROMATIC	 $27.00 
TP799677000A	OPR GUIDE,BAR CODE RDR	 $6.30 
TP799609001B	OPR GUIDE,CD RDR	 $9.00 
TP799609007B	OPR GUIDE,CD RDR,FR	 $8.10 
TP799609019B	OPR GUIDE,CD RDR,GER	 $8.10 
TP799559001B	OPR GUIDE,CDM	 $6.30 
TP799782001A	OPR GUIDE,COIN DISP OPTN,TERM,IX SERIES	 $7.20 
TP799857001A	OPR GUIDE,DATE STAMP MDL	 $6.30 
TP820405001A	OPR GUIDE,EAHD	 $31.50 
TP820533001A	OPR GUIDE,ELEC COUNTERETTE	 $5.96 
TP820596001A	OPR GUIDE,EMS/RMT NOTIFIER 2000	 $8.10 
TP820596001B	OPR GUIDE,EMS/RMT NOTIFIER 2000	 $7.20 
TP820042001A	OPR GUIDE,ENCORE/D,V3.54	 $40.64 
TP799615000A	OPR GUIDE,ENV DEP	 $7.20 
TP799615007A	OPR GUIDE,ENV DEP,FR	 $6.30 
TP799615019A	OPR GUIDE,ENV DEP,GER	 $6.30 
TP799520000A	OPR GUIDE,EXP DLVY PROD DESC	 $16.20 
TP820088001B	OPR GUIDE,EXT,BTP/CTP,CD,IX SER	 $24.30 
TP799817000A	OPR GUIDE,FLASH ADMIN,AMSD 16 DOOR SYS #2	 $33.30 
TP799672I01A	OPR GUIDE,IBM 4796 CHEQUE PRNTR TERM	 $27.00 
TP799561001B	OPR GUIDE,IDM	 $6.30 
TP799649I01A	OPR GUIDE,IMT,1055I	 $1.59 
TP799920001A	OPR GUIDE,IMT,FL,1058IX(4798)	 $13.50 
TP799919001A	OPR GUIDE,IMT,RL,1058IX(4798)	 $11.70 
TP799988000A	OPR GUIDE,INSTL TALK-A-PHONE	 $25.20 
TP799608001B	OPR GUIDE,JNL/CONS PRNTR	 $11.70 
TP799608007B	OPR GUIDE,JNL/CONS PRNTR,FR	 $11.70 
TP799608019B	OPR GUIDE,JNL/CONS PRNTR,GER	 $11.70 
TP799610I01A	OPR GUIDE,MMD/CSET	 $7.20 
TP799610007A	OPR GUIDE,MMD/CSET,FR	 $6.30 
TP799610019A	OPR GUIDE,MMD/CSET,GER	 $6.30 
TP799611000A	OPR GUIDE,PASSBOOK PRNTR,BASE UNIT	 $6.30 
TP799853001A	OPR GUIDE,RL TERM,IX SERIES,W/IX SAFE	 $24.30 
TP799616001C	OPR GUIDE,STMT PRNTR	 $9.00 
TP799934007C	OPR GUIDE,THERM PRNTR,FR	 $9.00 
TP799934019C	OPR GUIDE,THERM PRNTR,GER	 $9.00 
TP799793000A	OPR GUIDE,VID REV SYS,SWTCR/CNTRLR & ATM INTFC MDL	 $9.00 
TP799937000A	OPR GUIDE,VSMS DRIVE ENCORE VID	 $18.90 
TP799960000A	OPR INSTR VCR,VSS-305/S16	 $20.84 
TP820610001A	OPR INSTR, MECHANICAL COMBINATION LOCK	 $6.30 
TP820465007A	OPR INSTR,ELEC LK,COMBOGARD,FR	 $5.40 
TP820610007A	OPR INSTR,MECHANICAL COMP LOCK	 $6.30 
TP820363001B	OPR INSTRN FOR VAT 23 O.H. CUST SYS	 $11.70 
TP820385001B	OPR INSTRN FOR VAT 23 U.G.CUST SYS	 $12.60 
11035025000A	OPR INSTRN,COMB LK	 $0.90 
TP799714000A	OPR INSTRN,CTRL PRGMG SFTW FOR WDO	 $13.50 
TP799724000A	OPR INSTRN,DVT	 $26.10 
TP820465001A	OPR INSTRN,ELECT LK,COMBOGARD	 $6.30 
TP799845000A	OPR INSTRN,FOR 4/INP QUAD MDL	 $6.62 
TP799846000A	OPR INSTRN,QUAD	 $8.51 
TP799797000A	OPR INSTRN,RMT PRGMG OPR	 $32.40 
TP820057001A	OPR INSTRN,VSS-306 VID CSET RCDR	 $25.20 
TP820122001A	OPR INSTRN,VSS-306 VID CSET RCDR BASIC	 $28.80 
TP820136001A	OPR INSTRN,VSS-306/ATM, VID CSET RCDR	 $40.50 
TP820123001A	OPR INSTRN,VSS-306/C,-306/CE,-400/C,VID CSET RCDR TIME LAP	 $19.80 
TP820135001A	OPR INSTRN,VSS-306/S16 VID CSET RCDR,NTSC TIME LAPSE	 $35.10 
TP799871000A	OPR INSTRN,VSS-400 VID CSET RCDR BASIC	 $21.60 
TP799701000A	OPR MNL,QUICKTRAN 3001	 $18.00 
TP799370001E	OPR MNL,VERT VAT	 $7.20 
TP799483IB01	OPR PROC SUMM	 $1.69 
TP799562001B	OPR PROC SUMM,IDM	 $15.30 
TP799854001A	OPR PROC SUMM,RL TERM,IX SERIES,W/IX SAFE	 $22.50 
TP820592001A	OPR,GUIDE,1053XT EP PRCSR	 $15.30 
TP820914001A	OPT 500 PLAN & SITE PREP GUIDE	 $15.30 
TP820768001B	OPT 720 FL OP GUIDE	 $18.00 
TP820716001C	OPT 720 FL PLAN & SITE PREP	 $18.90 
TP820716001B	OPT 720 FL PLAN&SITE PREP GDE	 $18.00 
TP820883001B	OPT 740 PLAN & SITE PREP GUIDE	 $18.00 
TP820883001C	OPT 740 PLAN&SITE PREP GUIDE	 $19.80 
TP820718001D	OPT 760 ATM PLAN&SITE PREP GDE	 $25.20 
TP820720001C	OPT 760 OP GUIDE	 $17.10 
TP820718001A	OPT 760 PLAN & SITE PREP GUIDE	 $19.80 
21018008000A	OPT SNSR SET,EMITTER & RCVR	 $107.73 
BUIB1367000A	OPTEVA 15IN USB DSPL DRVR INCMPTBL	 $4.26 
TP821332001B	OPTEVA 321 SIDECAR OPR GUIDE	 $16.20 
TP821331001B	OPTEVA 324 SIDECAR PLN AND SITE PREP GUIDE	 $20.70 
TP821332001A	OPTEVA 324 SIDECARE OPR GUIDE	 $12.60 
TM000081001C	Opteva 328 Bulk Cash Recycling Terminal Fascia Assembly On-site Repair Manua	 $141.30 
TP820909001B	OPTEVA 328 FL BULK CASH RECYL TERM OPR GUIDE	 $13.50 
TM000082001A	opteva 328 front-load bulk cas	 $137.70 
TP820909001A	Opteva 328 Front-load Bulk Cas	 $12.60 
TP820910001A	Opteva 328 Rear-load bulk cash	 $14.40 
TP820910001B	OPTEVA 328 RL BULK CASH RECYCLING TERM OPR GUIDE	 $13.50 
TP821351001A	OPTEVA 328C FL BCRT OPR GUIDE	 $16.20 
TP821350001A	OPTEVA 328C FL LOBBY BCRT PLN/SITE PREP GUIDE	 $15.30 
TM000330001B	Opteva 328c Front-load Bulk Cash Recycling Terminal Cabling On-site Repair Manual	 $19.84 
TP821445001C	OPTEVA 368 THROUGH THE WALL CASH RECYCLER PLANNING AND SITE PREP GUIDE	 $17.10 
TP821444001A	OPTEVA 368 THROUGH-THE-WALL CASH RECYCLER OPERATING GUIDE	 $20.70 
TM000367001C	Opteva 368 Through-the-Wall Cash Recycling Terminal Module Removal and Replacement Manual	 $23.75 
TM000402001D	Opteva 378 (Legacy) Front-load Lobby Cash Recycling Terminal Cabling On-site Repair Manual	 $26.39 
TM000403001C	Opteva 378 (Legacy) Front-load Lobby Cash Recycling Terminal Fascia Assembly On-site Repair Manual	 $19.55 
TM000404001C	Opteva 378 (Legacy) Front-load Lobby Cash Recycling Terminal On-site Module Removal and Replacement Manual	 $14.76 
TM000402001C	Opteva 378 Front-load Lobby Cash Recycling Terminal Cabling On-site Repair Manual	 $132.30 
TM000403001B	Opteva 378 Front-load Lobby Cash Recycling Terminal Fascia Assembly On-site Repair Manual	 $121.50 
TM000405001A	OPTEVA 378 FRONT-LOAD LOBBY CASH RECYCLING TERMINAL INSTALLATION INSTRUCTIONS	 $22.50 
TM000404001A	OPTEVA 378 FRONT-LOAD LOBBY CASH RECYCLING TERMINAL ON-SITE MODULE REMOVAL AND REPLACEMENT MANUAL	 $123.30 
TP821481001A	OPTEVA 378 FRONT-LOAD LOBBY CASH RECYCLING TERMINAL OPERATING GUIDE	 $18.00 
TP821482001B	Opteva 378 Front-load Lobby Cash Recycling Terminal Planning and Site Preparation Guide	 $13.50 
TM000088001B	Opteva 500 Cash Dispenser Cabl	 $151.20 
TM000090001C	Opteva 500 Cash Dispenser Inst	 $132.30 
TP820914001D	Opteva 500 Cash Dispenser Plan	 $16.20 
TM000089001D	OPTEVA 500 CD FASCIA ASSY REPAIR MNL	 $126.00 
BUFI0719000A	Opteva 500 Dual Speaker Feaature	 $1.42 
TP820913001C	OPTEVA 500 FL CASH DISPR OPR GUIDE	 $12.60 
TP821913001B	OPTEVA 500 FRONT-LOAD CASH DISPENSER OPERATING GUIDE	 $15.30 
TP821233001A	Opteva 500 R/L Cash Dispenser	 $19.80 
TM000222001A	opteva 500 rear-load cash disp	 $146.70 
TP821234001A	opteva 500 rear-load cash disp	 $13.50 
BUFI0595000A	OPTEVA 500 SUNLIGHT LCD UPGRADE	 $0.78 
00051655000A	Opteva 500 Supply Pack	 $138.92 
TP820914001E	OPTEVA 500e CD PLN/SITE PREP GUIDE	 $17.10 
TM000230001A	opteva 510 cash dispenser fasc	 $151.20 
TM000227001A	opteva 510 cash dispenser inst	 $141.30 
TP821236001A	Opteva 510 cash dispenser oper	 $16.20 
TP821235001B	opteva 510 cash dispenser plan	 $17.10 
TP821235001D	Opteva 510 Cash Dispenser Planning and Site Preparation Guide	 $17.10 
TM000264001A	OPTEVA 510 REAR-LOAD VESTIBULE AND OPTEVA 512 CASH DISPENSER INSTALLATION INSTRUCTIONS	 $157.50 
TP821276001A	OPTEVA 510 REAR-LOAD VESTIBULE AND OPTEVA 512 THROUGH THE WALL CASH DISPENSER OPERATING GUIDE	 $14.40 
TP821275001A	OPTEVA 510 REAR-LOAD VESTIBULE AND OPTEVA 512 THROUGH THE WALL CASH DISPENSER PLANNING AND SITE PREPARATION GUIDE	 $16.20 
TP820819001C	OPTEVA 520 f/L CASH DISPENSER	 $13.50 
TM000041001C	OPTEVA 520 FL CASH DISP ON-SIT	 $141.30 
TP820819001D	OPTEVA 520 FL CASH DISPR OPR GUIDE	 $12.60 
TM000039001B	Opteva 520 Front-load Cash Dis	 $180.00 
TP820820001C	Opteva 520 front-load cash dis	 $16.20 
TP820821001C	OPTEVA 520 R/L CASH DISPENSER	 $14.40 
TM000045001D	Opteva 520 Rear-load cash disp	 $157.50 
TM000180001B	Opteva 520 Rear-load Cash Disp	 $156.60 
TP820822001D	Opteva 520 Rear-load Cash Disp	 $18.90 
TM000044001F	OPTEVA 520 REAR-LOAD CASH DISPENSER FASCIA ASSEMBLY ON-SITE REPAIR MANUAL	 $180.00 
TP820821001D	OPTEVA 520 RL CASH DISPR OPR GUIDE	 $15.30 
TP821498001A	OPTEVA 522 EXTERIOR FRONT-LOAD LOBBY CASH DISPENSER PLANNING AND SITE PREPARATION GUIDE	 $16.20 
TM000290001A	OPTEVA 522 FL CD CABLING MNL	 $183.60 
TM000289001B	OPTEVA 522 FL CD INSTL INSTRUCTIONS	 $146.70 
TP821298001B	OPTEVA 522 FL LOBBY CD PLN/SITE PREP GUIDE	 $19.80 
TP821297001F	OPTEVA 522 FRONT LOAD CASH DISPENSER OPERATING GUIDE	 $19.80 
TM000291001E	Opteva 522 Front-load Cash Dispenser Fascia Assembly On-site Repair Manual	 $138.60 
TM000289001F	Opteva 522 Front-load Cash Dispenser Installation Instructions	 $109.80 
TP821298001G	Opteva 522 Front-load Cash Dispenser Planning and Site Preparation Guide	 $18.00 
TM000293001C	OPTEVA 522 REAR-LOAD CASH DISPENSER INSTALLATION INSTRUCTIONS	 $118.80 
TM000296001D	Opteva 522 Rear-load Cash Dispenser On-site Module Removal and Replacement Manual	 $134.10 
TP821299001D	Opteva 522 Rear-load Cash Dispenser Operating Guide	 $16.20 
TP821300001F	Opteva 522 Rear-load Cash Dispenser Planning and Site Preparation Guide	 $18.00 
TP821301001E	Opteva 522 Rear-load Vestibule Cash Dispenser Planning and Site Preparation Guide	 $18.00 
00052339000E	Opteva 522 TDUSA013-FRONT	 $24.75 
00052339000B	Opteva 522 TDUSA013-GM	 $24.75 
00052339000D	Opteva 522 TDUSA013-SIDE	 $24.75 
00052339000C	Opteva 522 TDUSA013-STRIPE	 $12.87 
00052340000A	Opteva 522e TDUSA015	 $918.54 
00052340000E	Opteva 522e TDUSA015-FRONT	 $29.21 
00052340000B	Opteva 522e TDUSA015-GM	 $22.50 
00052340000D	Opteva 522e TDUSA015-SIDE	 $22.50 
00052340000C	Opteva 522e TDUSA015-STRIPE	 $11.70 
TM000426001B	OPTEVA 529 FRONT LOAD CASH DISPENSER FASCIA ASSEMBLY ON SITE REPAIR MANUAL	 $108.00 
TM000423001B	OPTEVA 529 FRONT LOAD CASH DISPENSER INSTALLATION INSTRUCTIONS	 $109.80 
TP821529001B	OPTEVA 529 FRONT LOAD CASH DISPENSER PLANNING AND SITE PREPARATION GUIDE	 $13.50 
TM000425001H	Opteva 529 Front-load Cash Dispenser Cabling On-site Repair Manual	 $20.77 
TP821530001F	Opteva 529 Front-load Cash Dispenser Operating Guide	 $21.60 
TP821529001D	Opteva 529 Front-load Cash Dispenser Planning and Site Preparation Guide	 $16.20 
FB006851000A	OPTEVA 529/569 DEVICE DRIVER COMPONENT SET LICENSE	 $0.00 
FB006850000A	OPTEVA 529/569 DEVICE DRIVER COMPONENT SET MEDIA	 $43.98 
TP820823001A	OPTEVA 560 OP GUIDE	 $25.20 
TP820824001D	Opteva 560 plan and site prep	 $18.90 
TM000048001D	Opteva 560 rear-load Cash Disp	 $156.60 
TM000047001A	OPTEVA 560/520 RL REPAIR MAN	 $189.90 
00052347000A	Opteva 562 0520014F	 $72.00 
TM000179001C	OPTEVA 562 CASH DISPENSER MODULE REMOVAL AND REPLACEMENT MANUAL	 $167.40 
TP821111001B	OPTEVA 562 CASH DISPENSER OPERATING GUIDE	 $15.30 
TP821111001F	Opteva 562 Cash Dispenser Operating Guide	 $18.00 
TP821110001C	opteva 562 cash dispenser plan	 $20.70 
TP821110001D	opteva 562 cash dispenser plan	 $20.70 
TP821110001J	Opteva 562 Cash Dispenser Planning Site and Preparation Guide	 $19.80 
TP821110001B	Opteva 562 CD Plan & Site Prep	 $19.80 
00052343000A	Opteva 562 TDUSA016	 $22.50 
TM000322001B	Opteva 562R Cash Dispenser On-site Module Removal and Replacement Manual	 $133.20 
TP821361001B	OPTEVA 562R CASH DISPENSER OPERATING GUIDE	 $18.90 
TP821360001E	Opteva 562r Cash Dispenser Planning and Site Preparation Guide	 $14.40 
TP821570001B	OPTEVA 569 THROUGH THE WALL CASH DISPENSER OPERATING GUIDE	 $16.20 
TM000438001C	Opteva 569 Through-the-Wall Cash Dispenser On-site Module Removal and Replacement Manual	 $112.50 
TP821569001D	OPTEVA 569 THROUGH-THE-WALL CASH DISPENSER PLANNING AND SITE PREPARATION GUIDE	 $16.20 
00051366000B	Opteva 6-in State Roll w/o TOF	 $179.32 
00051366000A	Opteva 6-in State Roll w/TOF	 $175.91 
TP820716001E	OPTEVA 720 FRONT LOAD ATM PLANNING AND SITE PREPARATION GUIDE	 $19.80 
TM000015001C	Opteva 720 Front-load ATM Cabl	 $195.30 
TM000016001D	oPTEVA 720 FRONT-LOAD ATM FASC	 $167.40 
TM000022001D	Opteva 720 Front-load ATM Inst	 $144.90 
TP820768001C	OPTEVA 720 FRONT-LOAD ATM OPERATING GUIDE	 $18.90 
TP820768001D	OPTEVA 720 FRONT-LOAD ATM OPR GUIDE	 $21.60 
TM000018001E	OPTEVA 720 REAR LOAD ATM ON SITE MODULE REMOVAL AND REPLACEMENT MANUAL	 $261.00 
TP820717001E	OPTEVA 720 REAR LOAD ATM PLANNING AND SITE PREPARATION	 $23.40 
TM000019001C	Opteva 720 Rear-load ATM Cabli	 $205.20 
TM000019001D	Opteva 720 Rear-load ATM Cabling On-site Repair Manual	 $24.24 
TM000023001D	opteva 720 rear-load ATM Insta	 $144.90 
TP820771001D	OPTEVA 720 REAR-LOAD ATM OPR GUIDE	 $19.80 
TP820717001A	OPTEVA 720 RL PLANNING & SITE	 $18.90 
00052341000A	Opteva 720 TDUSA014	 $187.67 
00052341000B	Opteva 720 TDUSA014-GM FRONT	 $32.20 
00052341000C	Opteva 720 TDUSA014-GM SIDE	 $29.21 
00052341000D	Opteva 720 TDUSA014-STRIPE	 $113.40 
00052341000E	Opteva 720 TDUSA014-TD	 $33.80 
00052341000F	Opteva 720 TDUSA014-TDBANK	 $29.21 
TP821477001A	OPTEVA 728 LOBBY ATM OPERATING GUIDE	 $19.80 
TP821475001A	OPTEVA 728 LOBBY ATM PLANNING AND SITE PREPARATION GUIDE	 $12.60 
TM000066001H	OPTEVA 740 ATM FASCIA ASSEMBLY ON SITE REPAIR MANUAL	 $119.70 
TP820896001F	OPTEVA 740 ATM OPERATING GUIDE	 $20.70 
TP820883001D	OPTEVA 740 ATM PLANNING AND SITE PREPARATION GUIDE	 $20.70 
00052346000A	Opteva 740/760 0520013F	 $75.60 
TM000102001D	OPteva 750 ATM Installation In	 $130.50 
TP820918001E	OPTEVA 750 ATM OPR GUIDE	 $21.60 
00052344000A	Opteva 750 TDUSA009	 $32.20 
00052345000A	Opteva 750 TDUSA010	 $29.21 
TM000028001E	OPTEVA 760 & 740 ATM INSTL INSTR	 $193.50 
TM000028001F	OPTEVA 760 AND OPTEVA 740 ATM INSTALLATION INSTRUCTIONS	 $130.50 
TM000008001H	OPTEVA 760 ATM FASCIA ASSEMBLY ON-SITE REPAIR MANUAL	 $123.30 
TP820720001F	OPTEVA 760 ATM OPERATING GUIDE	 $20.70 
TP820718001G	OPTEVA 760 ATM PLANNING AND SITE PREPARATION GUIDE	 $25.20 
TM000411001C	OPTEVA 828 LOBBY ATM ON-SITE FASCIA REPAIR MANUAL	 $146.70 
TP821477001C	OPTEVA 828 LOBBY ATM OPERATING GUIDE	 $21.60 
TP821475001C	OPTEVA 828 LOBBY ATM PLANNING AND SITE PREPARATION GUIDE	 $14.40 
TM000448001A	Opteva 858  ATM with Teller Assist (ATA) Installation Instructions	 $104.40 
TM000449001A	Opteva 858 ATM with Teller Assist (ATA) On-site Component Removal and Replacement Manual	 $119.70 
TP821606001A	Opteva 858 ATM with Teller Assist (ATA) Operating Guide	 $13.50 
TP821537001A	OPTEVA 868 THROUGH THE WALL ATM OPERATING GUIDE	 $25.20 
TP821536001A	OPTEVA 868 THROUGH THE WALL ATM PLANNING AND SITE PREPARATION GUIDE	 $17.10 
TP821615001A	Opteva 878 ATM with Teller Assist (ATA) Operating Guide	 $12.60 
TP821669001A	OPTEVA 923 ILT OPERATING GUIDE	 $7.59 
TM000024001E	Opteva Alarm Options On-site Repair Manual	 $126.00 
FB006747001D	Opteva Assistant for Agilis License Package version 2.3.0	 $0.05 
FB006747001E	Opteva Assistant for Agilis License Package version 2.4.0	 $0.00 
TP821342001E	Opteva Assistant Installation and Configuration Guide	 $7.20 
FB006749001C	Opteva Assistant Media Package	 $21.99 
FB006749001D	Opteva Assistant Media Package version 2.3.0	 $21.99 
TP821343001A	OPTEVA ASSISTANT USER'S GUIDE	 $2.70 
TP821343001D	Opteva Assistant User's Guide	 $7.20 
FB006749001E	Opteva Assistant version 2.4.0 Media Package	 $21.99 
FB006746001D	Opteva Assistant XFS License Package version 2.3.0	 $0.05 
FB006746001E	Opteva Assistant XFS License Package version 2.4.0	 $0.00 
TP821342001A	OPTEVA ASST INSTL AND CNFGR GUIDE	 $3.78 
89030438000A	Opteva ATM Currency Load Proce	 $1.89 
TP821265001D	OPTEVA BULK NOTE ACCEPTOR STACKING CASSETTE MODULE OPERATING GUIDE	 $6.30 
TP821265001A	OPTEVA BULK NOTE ACCEPTOR STACKING CASSETTE OPERATING GUIDE	 $6.30 
TM000255001B	OPTEVA CUSTOM LOAD UPG MEDIA	 $97.20 
TM000255001A	OPTEVA CUSTOM LOAD UPGRADE MEDIA AND DISASTER RECOVERY MEDIA INSTALLATION INSTRUCTIONS	 $95.40 
89030876000A	Opteva Daily Care and Maintenance Reference Guide	 $23.63 
FB002014000A	Opteva Daily Care and Maintenance Reference Guide	 $46.43 
TP821207001F	OPTEVA DEVICE STATUS PROGRAMMERS REFERENCE MANUAL	 $79.20 
TM000394001A	OPTEVA EHANCED CASH RECYCLING MODULE SEVEN SEGMENT LED INDICATING SPECIFICATION	 $94.50 
TM000389001B	Opteva Enhanced Cash Recycler Module Troubleshooting Manual	 $112.50 
TM000390001A	OPTEVA ENHANCED CASH RECYCLER MODULE TROUBLESHOOTING MANUAL	 $152.10 
TM000489001A	Opteva Enhanced Cash Recycling Module Assembly and Disassembly Manual	 $126.00 
TM000391001B	Opteva Enhanced Cash Recycling Module Cabling Specifications Manual	 $105.30 
TM000395001A	OPTEVA ENHANCED CASH RECYCLING MODULE ERROR CODE SPECIFICATION	 $415.80 
TM000382001C	Opteva Enhanced Cash Recycling Module Hardware Setting Manual	 $105.30 
TM000392001A	OPTEVA ENHANCED CASH RECYCLING MODULE MAINTENANCE MANUAL	 $94.50 
TP821470001A	OPTEVA ENHANCED CASH RECYCLING MODULE OPERATING GUIDE	 $18.00 
TM000396001A	OPTEVA ENHANCED CASH RECYCLING MODULE SUMMARY OF MECHANISMS AND CONTROLS	 $97.20 
TP821429001A	Opteva Enhanced Note Acceptor Free-fall Cassette Module Operating Guide	 $7.20 
89030418000A	OPTEVA FCO-307 CD	 $9.77 
89030620000A	Opteva H.W. Workbook and CD	 $61.09 
TM000463001B	Opteva Intelligent Alarm Prote	 $14.01 
89030391000A	OPTEVA PRIMARY CARE VIDEO DOC	 $7.33 
TP821275001B	OPTEVA REAR LOAD VESTIBULE AND OPTEVA 512 THROUGH-THE-WALL CASH DISPENSER PLANNING AND SITE PREPARATION GUIDE	 $16.20 
11043860000A	OPTEVA RESKIDDING BRACKETS	 $30.58 
TM000201001K	OPTEVA SERVICE DIAGNOSTICS AND INSTALLATION GUIDE	 $97.20 
TM000192001N	OPTEVA SERVICE DIAGNOSTICS AND USER'S GUIDE	 $183.60 
TP821206001E	OPTEVA SERVICE DIAGNOSTICS PLUS RECOVERY ACTIONS MANUAL	 $72.00 
TM000201001F	opteva service diagnostics+ in	 $95.40 
TP821207001A	Opteva Service Status Ref Man	 $29.70 
TM000192001I	OPTEVA SRVC DGNSTCS USER'S GUIDE	 $323.10 
00051575000A	Opteva Starter Kit 01	 $127.17 
TM000146001B	OPTEVA STATUS REF MANUAL	 $207.00 
TP820897001A	OPTEVA STATUS USER'S GUIDE	 $5.40 
TM000192001J	OPTEVA SVCS DGNSTC + USER'S GUIDE	 $326.70 
TP821252001F	OpteView Agent, Version 4.1, Installation and Configuration Guide	 $16.20 
TP821578001C	OpteView Server, Version 4.0, Installation and Configuration Guide	 $15.30 
TP821578001D	OpteView Server, Version 4.0, Installation and Configuration Guide	 $20.70 
FBSOPT642N0A	OpteView Terminal Agent v4.2.0 Media	 $19.40 
TP821252001E	OpteView, Version 3.4, Installation and Configuration Guide	 $17.10 
11045332000A	OPTICAL CHAMBER REPL,10 PKG	 $49.33 
ULB35108020A	OPTICAL INTFC MDL	 $137.03 
ULB35107000A	OPTICAL ISOLATOR,PROX RDR	 $87.70 
39017495034A	OPTICAL PRISM	 $50.70 
TP820198001B	OPTINET 911/912 INTERFACE CONF	 $16.20 
TP820199001B	optinet 911/912 interface ref	 $37.80 
TP820288001E	OPTinet OVE INSTALL.GUIDE 1.1	 $23.40 
TP820258001B	OPTINET VER 1.1 TRANS-JOURNAL	 $12.60 
TP820275001E	OPTINET VER#1.1 GUIDE	 $35.10 
TP820329001A	optix term mangr user guide	 $24.30 
TP820402001B	optix-based status ref manual	 $11.70 
89030640000A	OPTOCOUPLER 8 PIN #22H6193	 $2.82 
89030644000A	OPTOCOUPLER GULL-WING #PC815	 $1.49 
11065469000A	OR-40300549 1 PORT FACE PLATE	 $3.92 
TP821016001A	ORACLE DATAGUARD W/ CS GOLD	 $7.20 
TMMEDDBL000A	ORAL DISPR UPGR KIT INSTALLATION GUIDE	 $0.29 
TMMSDBL1000A	ORAL DISPR UPGR KIT INSTALLATION GUIDE	 $0.29 
11065944000A	ORANGE BANDS, "$50.00"	 $4.10 
10848460000	O-RING	 $3.32 
19010760000A	O-RING	 $2.61 
41020704000D	O-RING	 $4.31 
NZ0000002413	O-RING	 $1.82 
TS4368866770	O-Ring	 $2.73 
NZ0000001893	O-RING - 56XX	 $1.68 
MSZ01002393A	ORING 120.78ID 1.86D NEOP	 $15.65 
MSZ02450019A	ORING 81.92IDX5.34 SECTN	 $8.98 
NZ0000002800	O-RING,POCKET (THICK)	 $4.17 
49208021131A	O-RING,SOLENOID,ART6/RETRACT	 $4.99 
11065297000A	ORTONICS BLU MDULAR JACK CAT5E	 $12.83 
11065296000A	ORTONICS BLU MODULAR JACK CAT6	 $20.64 
11065299000A	ORTONICS WHT MDULAR JACK CAT5E	 $12.83 
11065298000A	ORTONICS WHT MODULAR JACK CAT6	 $20.64 
89030948000A	OS/2 EPP UTILITY	 $19.55 
89031003000A	OS/2 TCS 5.50 FOR G5 PROC	 $8.55 
89031004000A	OS/2 TCS 5/50 FOR CSP 400	 $8.55 
89031002000A	OS/2 TCS5.50 FR 166/233/G4/HTP	 $8.55 
89031259000A	OSC MODULE, DUAL CST	 $11.46 
19017804000G	OSC,XTAL,MHZ 014.745	 $20.93 
19042551000A	OSC,XTAL,MHZ 014.747,SMD	 $13.56 
19021501000A	OSC,XTAL,MHZ 025.175	 $61.42 
19021502000A	OSC,XTAL,MHZ 028.322	 $61.42 
TSN66709000A	OSCILLATOR	 $0.00 
89030777000A	OSHA RECORD KEEPING MANUAL	 $29.32 
BUIB1405000A	OUT OF RANGE SCRN WARNING,10.4 IN LCD MON	 $0.13 
ESNA02252002	OUTDOOR ALARM/SIREN/STROBE	 $87.62 
19064950000A	Outdoor Dome enclosure with Cooler wall mounted 24VAC  for 233D/231    "USPS only"	 $2,161.00 
19064949000A	Outdoor Dome enclosure with heater blower wall mounted 24VAC  for 233D/231  "USPS only"	 $1,030.82 
19057963000A	OUTDOOR ENCLOSURE FOR HKII HAND READER	 $575.51 
19064951000A	Outdoor Standard enclosure with Cooler wall mounted 24VAC  for 211M  "USPS only"	 $1,424.43 
BLTC94202100	outdr p/t 22# feed thru, pp24v	 $2,507.56 
11050593000A	OUTER DOOR FOR RACCR WALLBOX	 $75.11 
32001526000A	OUTER HEAD - DRAWER	 $1.84 
32000226000X	OUTER HEAD (DWR) SF	 $2.67 
39005151000A	OUTLET STRIP,15 CKT,CB PRTCTD	 $137.03 
MSN76059000A	OUTLET,125V MDGT TWST LCK *HUB	 $77.99 
11050595000A	OUTPUT CONTROL MODULE	 $1,164.72 
19036039000A	OUTPUT EXPANSION MODULE	 $31.01 
11036522000A	OUTPUT RELAY CABLE	 $26.10 
11041162000A	OUTPUT RELAY CONTROLLER	 $2,247.21 
1750371472	Outside Beam Base Board Kit	 $1,754.03 
11042507000A	OUTSIDE MIC WINDSCREEN	 $57.23 
11066028000A	Outside Microphone	 $217.20 
11050597000A	OVERHEAD DOR EXT HVY DY FLR MT	 $61.27 
11050598000A	OVERHEAD DOR FLR MNT CON W UNI	 $43.08 
NZ4450596700	overlay 16-key B&W CLEAR-CANCE	 $32.89 
39009601000X	OVERLAY ENH KYBD,ENTER,CLR,CANC,BLK	 $103.46 
11036358000A	OVERLAY FRONT PANEL	 $217.62 
11036521000A	OVERLAY, ADHESIVE KEYPAD,	 $202.80 
ULLX530X0000	OVERLAY,CUSTOM,LEXAN,LX-530	 $378.19 
39009601000E	OVERLAY,ENH KYBD,016 KY,SPAN	 $87.70 
39009601000H	OVERLAY,ENH KYBD,016 KY,TUR	 $70.47 
39009606010L	OVERLAY,KYBD,011 KY,BLANK,BLK	 $91.32 
39009606010A	OVERLAY,KYBD,011 KY,ENG,BLK	 $91.32 
39009606010B	OVERLAY,KYBD,011 KY,GER,BLK	 $91.32 
39009606010M	OVERLAY,KYBD,011KY,GR,BLK	 $91.32 
39009601010A	OVERLAY,KYBD,016 KY,ENG,BLK	 $91.32 
00101731000B	OVERLAY,KYBD,016 KY,LGE,CIBC	 $25.32 
00050926000D	OVERLAY,KYBD,MINI TERM,EXP DLVY	 $18.20 
00101256000B	OVERLAY,QWERTY KYBD,051 KY,ENG	 $48.11 
00101256000C	OVERLAY,QWERTY KYBD,051 KY,SPAN	 $223.02 
MSZ83653700A	OVERLAY-BACK,HINGE BLK CV	 $3.67 
19014089000A	P CLIP 4.8 MM HOLE 3.2	 $2.10 
19014090000A	P CLIP 7.6 MM HOLE 3.2    1323	 $0.59 
19014091000A	P CLIP 7.6 MM HOLE 4.2   1323	 $0.59 
19014092000A	P CLIP 9.5 MM HOLE 4.2	 $0.67 
19042344173A	P ROLLER ASSEMBLY	 $144.81 
MS91413H620A	P.B. SW SPDT MOM 115V GRN DOM	 $49.98 
MS91413H630A	P.B. SW SPDT MOM 115V RED DOM	 $74.66 
TS4366244860	P.C,BOARD,DRIVER-TRANSPORT STRAP	 $2,031.90 
TS4366244910	P.C,BOARD,MAIN CONTROL & DRIVER STR	 $3,512.52 
11062126000A	P.C. BD, I/O CNTRL LGIC REV.E	 $1,998.92 
TS4366244960	P.C.B.,DRIVER BD FOR TRANSPORT UNIT	 $1,906.27 
11036467000A	P.I.R. ADJUSTABLE MOUNTING BRA	 $15.08 
AA0007310000	P.V. IIA & 800 SERV & PART  MA	 $67.50 
TP799850000A	P/370 SOFTWARE INST & CONFIGUR	 $26.10 
BRP02027100A	P002027-1ATIVA MOBIL-IT 4-PORT	 $0.05 
BRP00555K00A	P00555K CDU CONTROLLER BOARD	 $0.05 
BRP00698000A	P00698 SAMSUNG SRP270A PRW SPY	 $0.05 
BRP00700000A	P00700 PAINT TORNADO GRAY 16OZ	 $0.05 
BRP00860C00A	P00860C CUMMINS PC FLASHDRIVE	 $0.05 
BRP00947000A	P00947 CANISTER	 $0.05 
BRP00969AL0A	P00969A-L CARTER/LEXICON MONTR	 $0.05 
BRP00969L00A	P00969L 8" TOUCHSCREEN LEXICON	 $0.05 
BRP00973B00A	P00973B UPS BATTERIES	 $0.05 
BRP00983200A	P00983-2 2820 DUEL ACCEPTOR HA	 $0.05 
BRP00986000A	P00986 2713W COMPUTER DRAWR-PC	 $0.05 
BRP00999100A	P00999-1 CAN TOP RETRO KIT ASY	 $0.05 
BRP01006000D	P01006 CASHFLOW PPM HANDHELD	 $0.05 
BRP01032A00A	P01032-A CCS RETROKIT EMBED CO	 $0.05 
BRP01032B00A	P01032-B 8GB CSS EMBED RETROKI	 $0.05 
BRP01035L00A	P01035-L W UPPR DRWR LCK & KEY	 $0.05 
BRP01038E00A	P01038E 2820 EMBEDDED V-6	 $0.05 
BRP01040A00A	P01040-A 8GB EBEDDED PC	 $0.00 
BRP01058A00A	P01058A CS5K RES CAB PUSH BUTT	 $0.05 
BRP01087000A	P01087 GLRY CS4000 LFT SD DR K	 $0.05 
BRP01088000A	P01088 RIGHT SIDE DOOR KEY SSN	 $0.05 
BRP01089000A	P01089 CS4K CUMMINS HOOD KEY	 $0.05 
BRP01090000A	P01090 SUMMINS CS4K RELAY	 $0.05 
BRP01091000A	P01091 CN01(GLORY)LH &ENV DROP	 $0.05 
BRP01092000A	P01092 CN02(CUMMINS)HD LK ASSY	 $0.05 
BRP01096000A	P01096 TRILIT LC1200 LINE COND	 $0.05 
BRP01096100A	P010961 ESP LINE CONDITIONER	 $0.05 
BRP01096200A	P010962 POWERVAR POWER CONDITI	 $0.05 
BRP02006000A	P02006 GAL DR HARN PLG IN V6 C	 $0.05 
BRP02007000A	P02007 GALIL UPPR DOOR HARNESS	 $0.05 
BRP02008000A	P02008 GAL HARN TOW LOW&SID DR	 $0.05 
BRP02009000A	P02009 GAL LOWER DOOR HARNESS	 $0.05 
BRP02010000A	P02010 GAL EXT HARN TO SID DOR	 $0.05 
BRP02011000A	P02011 GALIL SIDE DOOR HARNESS	 $0.05 
BRP02012000A	P02012 GALI 8" TOUCH SCR MONIT	 $0.05 
BRP02013000A	P02013 GALI FLOR ANCH BOLT KT	 $0.05 
BRP02014000A	P02014 GALI SAF TO BAS BLT KT	 $0.05 
BRP02015000A	P02015 GALILEO 15' PHONE CORD	 $0.05 
BRP02016000A	P02016 GALILEO 6' PHONE CORD	 $0.05 
BRP02017000A	P02017 UPPR & LOWR LCK POS SWT	 $0.05 
BRP02018000A	P02018 GALILEO SID LCK POS SWT	 $0.05 
BRP02019000A	P02019 GALI UPP&LOW DR POS SWT	 $0.05 
BRP02020000A	P02020 GALILEO SID DR POS SWIT	 $0.05 
BRP02021000A	P02021 MEI BUNCH NOTE FEEDER	 $0.05 
BRP02022000A	P02022 MEI BNF NOTETRAY	 $0.05 
BRP02024000A	P02024 AVRY BIL ACCPTOR SFT SK	 $0.05 
BRP02024B00A	P02024B AVRY BIL ACPT SFTWR 33	 $0.05 
BRP02024C00A	P02024C AVRY BIL ACPT SFTWR 34	 $0.05 
BRP02024D00A	P02024D AVRY BIL ACPT SFTWR 35	 $0.05 
BRP02024G00A	P02024G AVRY BILL ACPT SFTWR S	 $0.05 
BRP02024O00A	P02024OAVRY BIL ACCPTOR SFT SK	 $0.05 
BRP02025000A	P02025 CSS PATENT STICKER	 $0.05 
BRP02026000A	P02026 CARTR MONITOR GASKT KIT	 $0.05 
BRP02027000A	P02027 BELKIN 4-PORT USB 2.0	 $0.05 
BRP02033000A	P02033 AXIOMTEK MOUNTING BRAC	 $0.05 
BRP02033100A	P02033-1 AXIOMTEK MOUNTING BRA	 $0.05 
BRP02033200A	P02033-2 AXIOMTEK Y POWR CONN	 $0.05 
BRP02033300A	P02033-3 AXIOMTEK VELCRO POWER	 $0.05 
BRP02033400A	P02033-4 AXIOMTEK CORD EXTENSI	 $0.05 
BRP02033A00A	P02033-A AXIOMTEK MINI COMPUTR	 $0.05 
BRP02033AS0A	P02033-AS AXIOMTEK MINI COMPUT	 $0.05 
BRP02034000A	P02034 SECURAM LOWER DOOR LOCK	 $0.05 
BRP02037000A	P02037 SCXL ACCEPTOR COMP ASSY	 $0.05 
BRP02038000A	P02038 SCXL LRGE NOTE CAP CASS	 $0.05 
BRP02039000A	P02039 SCXL CHASSIS (2200 NOTE	 $0.05 
BRP02040000A	P02040 P-CHASSIS V9	 $0.05 
BRP02042000A	P02042 15 PIN VGA F/F GENDER C	 $0.05 
BRP02044000A	P02044 PC FOR CUMBERLAND FARMS	 $0.05 
BRP02044S00A	P02044-S CS5K PC W/SOLID CORE	 $0.05 
BRP02045000A	P02045 GALILEO EMBEDDED TACO B	 $0.05 
BRP02045S00A	P02045-S EMBEDDED PC W/SOLID C	 $0.05 
BRP02053000A	P02053 BK LOWER DOOR LOCK CAM	 $0.05 
BRP02055000A	P02055 ADHESIVE-BACK CD SLEEVE	 $0.05 
BRP02056000A	P02056 QL6 V1 CHASSIS	 $0.05 
BRP02059000A	P02059 USB 1' EXTENSION A MALE	 $0.05 
BRP02062000A	P02062 CSS RETRO PC POWER SUPP	 $0.05 
BRP02065000A	P02065 CARTER LEXICON BUTTON C	 $0.05 
BRP02068000A	P02068 CSS RETRO POWER SUPPLY	 $0.05 
BRP02069000A	P02069 2820 LOCK HANDLE CAM	 $0.05 
BRP02070000A	P02070 HIGHSPEED ADVANCE CASH	 $0.05 
BRP02072000A	p02072 galileo detent lock kit	 $0.05 
BRP02076000A	P02076 BCI USB TOUCH CABLE	 $0.05 
BRP02079000A	P02079 BNF V10 CHASSIS	 $0.05 
BRP03000000A	P03000 B2510-BASE	 $0.05 
BRP03001000A	P03001 2-7DD LCD MONITOR	 $0.05 
BRP03002000A	P03002 P-7IN MONITOR COR	 $0.05 
BRP03003000A	P03003 W-2510 COMM HARNESS	 $0.05 
BRP03004000A	P03004 VANGUARD COMPUTER	 $0.05 
BRP03005000A	P03005 W-KIT-USB HARNESS	 $0.05 
BRP03006000A	P03006 RESET BUTTON	 $0.05 
BRP03007000A	P03007 E-USBPORT-V2	 $0.05 
BRP03008000A	P03008 8" BCI MONITOR COVER	 $0.05 
BRP03009000A	P03009 USB SPLITTER HUB	 $0.05 
BRP03010000A	P03010 TCH KEY RDR(ON MNTR CV)	 $0.05 
BRP03011000A	P03011 BCI MONITOR DISPLAY ADP	 $0.05 
BRP03012000A	P03012 BCI MONITOR POWER ADAPT	 $0.05 
1750347582	P1200 Thermal Printer Std USB BK	 $622.21 
11050602000A	P1224MCW	 $77.81 
TP820301001A	P2005 COPIER CONTRL INSTL GD	 $6.30 
TSN81562000A	P21-3M-6-12BRG	 $53.80 
19067330000A	P33-SERIES PENDANT KIT WITH AXIS P33-VE SERIES PENDANT KIT TO MOUNT THE AXIS P3343-VE AND AXIS P3344-VE FIXED DOME NETWORK CAMERA ON AXIS T91A BRACKETS OR ON STANDARD 1.5 IN NPT THREADED BRACKETS,WHITE	 $96.05 
19039189000A	P4 DC HARNESS,PRESENTER - 5084	 $65.77 
11050599000A	P4 QUOT WTHERPRF OCT BCKB COVR	 $20.03 
TM000005001B	P4, 2 GHZ ON-SITE REPAIR MAN	 $33.30 
89029885000A	P5 GUIDE POST   PANASONIC 6730	 $6.11 
89029982000A	p5 pull out sector gear	 $2.08 
NZ0000004022	P86 DRIVE-UP BRAILLE SET	 $83.45 
NZ0000004021	P86 WALK-UP BRAILLE SET	 $83.45 
NZ0000004054	P90 BRAILLE SET	 $83.45 
NZ0000004023	P90E BRAILLE SET	 $83.45 
39000181000B	PA CONTROL CARD	 $274.05 
49000091000A	PACC CARD  @	 $94.10 
TP820530001B	Pack, VAT 30 Consumer Guide	 $90.00 
41020498000A	PACK,PHONE PLUG,4 COND,QTY 10	 $8.62 
41020499000A	PACK,PHONE PLUG,6 COND,QTY 10	 $13.79 
11043499000A	PACKAGE "A"	 $163.61 
TMMOPM16000A	PACOM 1000-03 SYSTEM OVERVIEW	 $90.00 
TMMOPM01000A	PACOM 1050 RTU INSTL/OPR MANUA	 $108.00 
TMMOPM03000A	PACOM 1052 TOKEN RING LAN MANU	 $78.30 
TMMOPM21000A	PACOM 1054 MSD/MOD INSTL MN	 $72.00 
TMMOPM08000A	PACOM 1061 KEYPAD INSTL MANUAL	 $90.00 
TMMOPM09000A	PACOM 1062 KEYPAD OPR MANUAL	 $113.40 
TMMOPM13000A	PACOM 1065A INSTALLATION MANUA	 $94.50 
29018052000A	Pacom Eight Door Kit with Enclosure	 $318.59 
TMM00102000A	PACOM ELEVATOR ACCESS CONTROL	 $92.70 
89030973000A	PACOM FIELD CONTL CONFIG GUIDE	 $48.38 
29018050000A	Pacom Four-Door Kit with Enclosure	 $234.29 
TMMOPM22000A	PACOM GMS HARDWARE REQ. SPRC	 $69.30 
89031277000A	PACOM RTU MANUAL	 $72.08 
29018051000A	Pacom Six DoorKit with Enclosure	 $276.52 
29018049000A	Pacom Two-Door Kit with Enclosure	 $192.23 
19042525000B	PACOM UPGR SFTW	 $623.70 
19013291000A	PAD	 $0.13 
TSN88861000A	PAD	 $13.57 
MSN90283000A	PAD 1/2 THK	 $13.10 
MSN85794000A	PAD CARRIER	 $6.63 
11043419000A	PAD DOOR SPRING	 $58.91 
89029801000A	PAD RLR,CCR	 $45.95 
NZ0000001889	PAD ROLLER	 $6.03 
NZ9980230566	PAD ROLLER	 $6.03 
49201477000A	PAD ROLLER GAP CHECK CARD (t0.25)	 $57.42 
19021059000A	PAD ROLLER SUPPORT	 $159.86 
TS4364234770	PAD URETHANE HEATER UNIT	 $6.28 
MSN90684000A	PAD, 3/4 DIA. THRUST BEARING	 $2.63 
NZ0000002528	PAD, HAMMER 1.950 X 1.750	 $0.02 
NZ0000002439	PAD, INK SPIT	 $0.02 
49217372000A	PAD, RBR, PLUNGER	 $8.79 
MSN86280000A	PAD, SPONGE RUBBER	 $3.32 
MSN82056000A	PAD, STOP-ADHESIVE BACK	 $0.42 
TS4364407122	Pad, Urethane Rubber	 $6.83 
38020912000A	PAD,BLO MTG	 $20.63 
49021168000A	PAD,DRW,0.50 IN	 $0.41 
TSN88902000A	PAD,FEEDER	 $344.12 
TSN88248000A	PAD,LEANING	 $0.00 
39008774000A	PAD,PUSH PLATE	 $5.71 
21016000000A	PAD,RBR	 $2.87 
29007763000A	PAD,RBR,ADH	 $12.92 
49208299000A	PAD,RBR,PLUNGER	 $9.48 
21016910000A	PAD,SIGNATURE,ELECT	 $561.81 
ULSIGKIT0000	PAD,SIGNATURE,W/CAPTURE PRGM	 $2,466.45 
29001483000A	PAD,SND INSUL	 $2.75 
49200505000A	PAD,STRIPPER	 $6.30 
11033808000B	PADDLE LATCH W/LOCK NEW STYLE	 $447.72 
41020692000A	PADDLE LATCH W/O LOCK	 $200.53 
12005037000A	PADDLE SWITCH	 $5.78 
49225245000B	PADDLE WHEEL	 $5.89 
41022239140A	PAINT SPRAY CAN T/U,BLACK	 $39.47 
41022239140B	PAINT SPRAY CAN T/U,GRAY	 $39.47 
41022239140F	PAINT SPRAY CAN T/U,LT GRAY	 $39.47 
41022239140C	PAINT SPRAY CAN T/U,PUTTY	 $39.47 
41022239140D	PAINT SPRAY CAN T/U,SAND	 $39.47 
41022239140E	PAINT SPRAY CAN T/U,TAN	 $39.47 
11041788000A	PAINT SPRAY, BLUE BANK ONE	 $35.78 
41022239140J	PAINT T/U,1 QT	 $150.82 
MSN61528000A	PAINT, 410-1 OFF WHITE - LACQU	 $16.90 
11041783000A	PAINT, GRAY# HAT690017	 $35.78 
11041785000A	PAINT, PARCHMENT #HHT690002	 $33.89 
19041733000F	PAINT,ALKYD ENAM,ALMOND,TOUCH-UP,AEROSOL	 $35.78 
19041733000X	PAINT,ALKYD ENAM,ASPEN WHT,TOUCH-UP,1OZ W/BRUSH	 $52.73 
19041733000R	PAINT,ALKYD ENAM,ASPEN WHT,TOUCH-UP,AEROSOL	 $56.99 
19041733000B	PAINT,ALKYD ENAM,BLK,TOUCH-UP,AEROSOL	 $50.09 
19041733000A	PAINT,ALKYD ENAM,COFFEE,TOUCH-UP,AEROSOL	 $50.09 
19041733000L	PAINT,ALKYD ENAM,GRY 1,TOUCH-UP,AEROSOL	 $35.78 
19041733000J	PAINT,ALKYD ENAM,LT CHARCOAL,TOUCH-UP,AEROSOL	 $35.78 
1904173300AD	PAINT,ALKYD ENAM,METALLIC BRONZE,TOUCH-UP,AEROSOL	 $35.78 
1904173300AB	PAINT,ALKYD ENAM,MNRL GRY,TOUCH-UP,AEROSOL	 $33.77 
19041733000W	PAINT,ALKYD ENAM,PEARL WHT,TOUCH-UP,1OZ W/BRUSH	 $33.77 
19041733000D	PAINT,ALKYD ENAM,PH TAN/TOPAZ,TOUCH-UP,AEROSOL	 $35.78 
19041733000C	PAINT,ALKYD ENAM,PLAT,TOUCH-UP,AEROSOL	 $39.36 
19041733000H	PAINT,ALKYD ENAM,PLAZA GRY,TOUCH-UP,AEROSOL	 $35.78 
19041733000N	PAINT,ALKYD ENAM,SHADOW GRY,TOUCH-UP,AEROSOL	 $35.78 
19041733000V	PAINT,ALKYD ENAM,SIGN BLU,TOUCH-UP,AEROSOL	 $35.78 
19041733000T	PAINT,ALKYD ENAM,SILH GRY,TOUCH-UP,AEROSOL	 $35.78 
19041733000U	PAINT,ALKYD ENAM,SILV GRY,TOUCH-UP,AEROSOL	 $33.77 
1904173300AN	PAINT,ALKYD ENAMEL,DARK GREEN PMS 5535,TOUCH-UP,AEROSOL	 $82.33 
1904173300AP	PAINT,ALKYD ENAMEL,LIME GREEN PMS 361,TOUCH-UP,AEROSOL	 $98.25 
1904173300AL	PAINT,ALKYD ENAMEL,RED PMS 193,TOUCH-UP,AEROSOL	 $33.77 
1904173300AM	PAINT,ALKYD ENAMEL,WHITE,TOUCH-UP,AEROSOL	 $33.77 
11032921000A	PAINT,BAKE ALKYD ENAM,HIGH SOLIDS,ALMOND,TEX	 $6.22 
11038710000A	PAK01 EPROM  32 zone	 $68.52 
11038711000A	PAK01 EPROM  64 zone	 $137.03 
11038709000A	PAK01 EPROM 100 zone	 $274.05 
11038712000A	PAK02 EPROM  100 zone 3 Part	 $274.05 
11038713000A	PAK02 EPROM  32 zone	 $137.03 
11038714000A	PAK02 EPROM  64 zone	 $205.54 
11038715000A	PAK03 EPROM  100 zone  Finan	 $342.57 
11038716000A	PAK03 EPROM  32 zone	 $137.03 
11038717000A	PAK03 EPROM  64 zone	 $205.54 
11038718000A	PAK04 EPROM  100 zone 6 Area	 $342.57 
11038719000A	PAK04 EPROM  32 zone	 $137.03 
11038720000A	PAK04 EPROM  64 zone	 $205.54 
19038433000A	PAL,AAC CNTRL SIG GEN	 $23.29 
19038437000A	PAL,AAC COMM LINE IFACE CTRL	 $23.29 
19038436000A	PAL,AAC COMM TIMING CTRL	 $23.29 
19038439000A	PAL,AAC CONFIG REG KEY	 $141.85 
19038435000A	PAL,AAC MEM ADRS SPACE DCD	 $23.29 
19035163000A	PAL,BTP ADPTR BD CNTRL SIG GEN	 $202.23 
19035167000A	PAL,BTP BKPLN VIDII I/O RELOC CNTRL	 $202.23 
19035168000A	PAL,BTP BKPLN VIDII MEM RELOC CNTRL	 $202.23 
19035162000A	PAL,BTP,ADPTR BD I/O SPACE DCD	 $202.23 
19035165000A	PAL,BTP,ADPTR BD MEM SPACE DCD	 $21.82 
19021561000A	PAL,DRAM CNTRL SPRT	 $9.55 
19021519000A	PAL,INTEGRATED ADPTR BD CNTRL SIG GEN	 $9.55 
19021526000A	PAL,LCL CHAN DATA BUS CNTRL	 $9.55 
19021527000A	PAL,MEM ENCD RGTR SPRT,SHADOW RAM	 $9.55 
19038541000A	PAL,PRESIDER	 $9.32 
19021524000A	PAL,SCSI INTFC CNTRL	 $9.55 
19033452000A	PAL,STPR,CNTRL,ACT LOW	 $17.24 
19033343000A	PAL,SYS BD POS ID RGTR	 $9.55 
19021676000A	PAL,VID II RELOC CNTRLR	 $9.55 
30017390000	PALLET DISCHARGE STONES	 $0.50 
30017400000	PALLET HOLE JEWEL STONES	 $0.35 
11031970000A	PAN & TILT PELCO #1551011COMP	 $433.62 
11037990000A	PAN \ TILT       PELCO #814416	 $60.96 
11037920000A	PAN BEARING     PELCO # 800400	 $13.02 
89029749000A	PAN HD SEMS STEEL SCREW PHIL W	 $1.19 
89029100000A	PAN HD.POSI SCREW(M2X12)	 $0.16 
HC400003000A	PAN HEAD PHILLIPS,MACH SC, 440X9/16 18-8 STAINLESS STEEL	 $0.03 
11037992000A	PAN MOTOR    PELCO  2804001COM	 $119.70 
11032023000A	PAN STOP LIMIT # 5804006COMP	 $7.70 
11038100000A	pan/tilt motor	 $206.20 
19047213000A	PAN/TILT W/FEED THRU WIRING,22LB MAX LOAD,120VAC,60HZ	 $1,904.65 
LXNETRTPTZ00	PAN/TILT/ZOOM OPTION,RETAIL	 $1,044.00 
PLPA20000000	PAN\TILT ADAPTER PLATE PELCO	 $16.20 
19047214000A	PAN\TILT W/FEED THRU WIRING,22LB MAX LOAD,24VAC,60HZ	 $1,904.65 
19047211000A	PAN\TILT,22LB MAX LOAD,120VAC,60HZ	 $1,356.55 
19047212000A	PAN\TILT,22LB MAX LOAD,24VAC,60HZ	 $1,356.55 
19047217000A	PAN\TILT,40LB MAX LOAD,24VAC,60HZ	 $1,712.82 
19047215000A	PAN\TILT,PRE-POSITION W/FEED THRU WIRING,120VAC,60HZ	 $2,507.56 
19047216000A	PAN\TILT,PRE-POSITION W/FEED THRU WIRING,24VAC,60HZ	 $2,507.56 
11064617000A	PANASONIC 9900 P00X75 SCRWDRIV	 $22.69 
11065175000A	PANASONIC CEILING MOUNT	 $443.96 
11065176000A	PANASONIC CEILING MOUNT	 $468.63 
89031072000A	PANASONIC LAPTOP CD SET	 $29.32 
BRP01009000A	PANDORA POWER CORD	 $0.05 
BRP01008000A	PANDORA VIDEO CABLE Y ADAPTER	 $0.05 
49004992000C	PANEL	 $46.64 
30017990000	PANEL 179-13,14 FOR CASE 03-18	 $17.24 
11050607000A	PANEL BLANK 2000 SERIES	 $99.97 
11050608000A	PANEL FRAME WALL MOUNT SINGLE	 $109.62 
NZ0000002902	PANEL LIGHT COVER FASCIA STD 5	 $232.20 
21020855000A	PANEL MOUNT BEARING PLATE	 $2.97 
41015946000A	PANEL REAR	 $76.81 
49001837000A	PANEL SWITCH TOP/BOTTOM	 $4.60 
11051632000A	PANEL, LINX, WP AB TYPE 1	 $408.34 
11051632000B	PANEL, LINX, WP AB TYPE 2	 $408.34 
11051632000C	PANEL, LINX, WP AB TYPE 3	 $408.34 
MSN94437000A	PANEL, P1065A DIAL-UP ALARM	 $561.11 
49244503XMFA	PANEL, SIDE	 $203.18 
DMXR20610000	PANEL,340 ENCL,BLK	 $217.59 
DMXR20630000	PANEL,340 ENCL,GREY	 $217.59 
DMXR10M61000	PANEL,349 ENCL,BLK	 $199.18 
DMXR20M61000	PANEL,349 ENCL,BLK	 $256.92 
DMXR20M63000	PANEL,349 ENCL,GREY	 $244.18 
DMXR10PCB000	PANEL,BD ONLY	 $139.41 
DMXR6PCB0000	PANEL,BD ONLY	 $117.32 
29006872000A	PANEL,BLANK,I/O	 $2.46 
29006872000B	PANEL,BLANK,I/O	 $3.69 
TSN93760000A	PANEL,CFO-REAR	 $0.00 
39008834000A	PANEL,CRNCY DEFL,LH	 $66.11 
00051190FRAN	PANEL,CSP NTWK (TOPPER REC AREA)	 $20.48 
49010975000B	PANEL,CUST,DIP RDR,1062,BLK	 $385.62 
49009466000D	PANEL,CUSTOMER FASCIA	 $759.25 
29008260000A	PANEL,DEFL,FUNNEL	 $15.84 
38020681000A	PANEL,DOOR	 $30.24 
41019237000A	PANEL,DWR BD ASSY,RIGHT,BEST	 $134.86 
49205418XMFA	PANEL,EDGE,FASCIA,UPR,RIGHT	 $56.88 
49007132000L	PANEL,ELEC CONN	 $4.72 
DMXR10610000	PANEL,ENCL 340,BLK	 $171.28 
DMXR10630000	PANEL,ENCL 340,GREY	 $171.28 
49205419XJ1A	PANEL,FASCIA,UPR,RIGHT,M.BRZN	 $191.96 
38000518000A	PANEL,FILLER	 $34.32 
49005438000A	PANEL,FR,BLANK	 $34.23 
49001849000A	PANEL,FRONT,RMT UNIT	 $78.82 
29009472000B	PANEL,FUNNEL TOP	 $10.34 
29009469000B	PANEL,FUNNEL,BOT,(1073)	 $7.76 
39010555000B	PANEL,I/O	 $0.00 
49011284000A	PANEL,I/O	 $42.55 
49016457000B	PANEL,I/O,1064I	 $24.53 
49022041X05A	PANEL,LEFT SIDE	 $413.82 
49009780000A	PANEL,LMP,FLUOR	 $90.25 
00050801DTSI	PANEL,LOGO,NTWK,1064 I,DTSI	 $11.02 
49213585X0BB	PANEL,MAIN,LCD,MNT	 $146.78 
31018227000A	PANEL,MEMB,COMM MASTER	 $529.49 
49007936000B	PANEL,PRSNTR BASE	 $117.77 
29001604000A	PANEL,REAR FILLER	 $472.48 
39006314000A	PANEL,SD	 $45.95 
30017980000	PANEL,SHORT	 $35.55 
49005610000F	PANEL,TOP CHAS	 $252.01 
MSZ76521590A	PANEL-FRONT, CAB, ULTIMA	 $58.90 
11065916000A	PAN-PLZ275DN LENS 2.7-13.5 MM	 $158.45 
89029202000A	PAN-TERM CONNECTOR  DNF-14-250	 $1.07 
89029201000A	PAN-TERM SPLICE    BSN-18-C	 $0.90 
11034402000J	PAPER 8-1/2 X 11 TAN OFFSET 60	 $0.45 
29008456006A	PAPER CUTTER LEVER ASSY	 $36.54 
49251300000A	PAPER DETECTOR ASSY,ASPEN PRNT ENGINE	 $106.52 
29008404049A	PAPER DETENT LEVER SPRING	 $3.95 
89026918000A	PAPER DRIVE GEAR	 $0.65 
19039152000A	PAPER FEED GEAR, RCPT PRTR 508	 $4.38 
19039187000A	PAPER FEED HOUSING 5070/84/85/	 $94.28 
29008455041A	PAPER FEED LEAD CAM GEAR	 $17.61 
NZ0000003035	PAPER FEED ROLL (TEC)	 $21.92 
NZ0000001948	PAPER FEED SWITCH - 56XX	 $51.16 
NZ0000003037	PAPER FEED SWITCH W/CAP	 $32.89 
29008456004A	PAPER FEEDING CLICK SPRING	 $3.95 
29008404050A	PAPER FEEDING CONTROL LEVER	 $5.89 
39009655031A	PAPER FEEDING LEVER	 $35.33 
39009655032A	PAPER FEEDING LEVER PIN	 $9.33 
39009655035A	PAPER FEEDING PAWL SPRING	 $3.12 
29008404055A	PAPER FEEDING RATCHET WHEEL B	 $7.83 
29008456040A	PAPER FEEDING RATCHET WHEEL B	 $8.24 
39009655040A	PAPER FEEDING ROLLER SHAFT BEARING	 $9.33 
39009655033A	PAPER FEEDING SPRING	 $5.63 
29008404040A	PAPER FEEDING TRIGGER MAGNET B	 $20.87 
11031623000A	PAPER GUIDE   TIME & DATE 6359	 $1.67 
NZ0000002504	PAPER HOLDER ASSEMBLY	 $0.02 
39009655042A	PAPER HOLDING LEVER SPRING	 $1.57 
29008404060A	PAPER HOLDING ROLLER 3	 $6.35 
29008404059A	PAPER HOLDING ROLLER SHAFT	 $28.42 
29008455069A	PAPER INLET LABEL	 $17.61 
89029300000A	PAPER LOW ACTUATOR ARM (SHORT)	 $12.61 
11038748000A	PAPER LOW SENSOR ASSY.	 $7.79 
WN000325100A	Paper Roll 80mm X 180mm Thermal Recpt Prntr	 $75.83 
29008456016A	PAPER ROLLING SHAFT ASSY B	 $96.26 
31019306000A	PAPER SNSR,IR	 $58.18 
11032845000A	PAPER TAG	 $0.40 
39009655067A	PAPER TAKE-UP CAM DEVICE	 $20.87 
39009655053A	PAPER TAKE-UP PAWL ASSY A	 $24.30 
29008404065A	PAPER TENSION LEVER	 $4.91 
11038996000A	PAPER,  THERMAL,  ID PRINTER	 $10.28 
MSN84534000A	PAPER, 2 3/4 WD. PRINTER *AUTO	 $2.06 
MSN89229000A	PAPER, 4 VIDEO PRINTER - TREAT	 $15.05 
49203277000A	PAPER, GUIDE, FRONT	 $8.67 
TSN51002000A	PAPER, PRNTR (QTY 50 ONLY)	 $5.67 
MSN61969000A	PAPER, T70 TEST - 100 PK.	 $1.30 
19036439000A	PAPER,COLOR	 $189.95 
TSN69788000A	PAPER,PRINTER-DBL PLY	 $4.97 
03000043000A	PARA CUST KEY	 $2.29 
00017510R000	PARA KEY DOUBLE NOSE LOCK	 $71.59 
03000043000E	PARACENTRIC CUST KEY	 $2.03 
03000078000E	PARACENTRIC GUARD KY	 $3.71 
30003240000	PARACENTRIC KEY	 $8.04 
19053175000A	PARALLEL OUTPUT BOARD	 $281.92 
BRP00016000A	PARALLEL PRINTER CABLE 10FT	 $0.05 
BRP00015000A	PARALLEL PRINTER CABLE 6FT	 $0.05 
11038156000A	Parallel Printer Intfc	 $213.76 
PLPP10000000	PARAPET ADAPTER MOUNT  175# MA	 $191.84 
BTC9316PRM00	PARAPET ROOF MT BRACKET W\PIVO	 $439.20 
USPSPARCREMV	PARCEL LOCKER REMOVAL ONLY(PER	 $189.00 
49246533000E	PARTITION,UPPER	 $18.27 
11043158000A	PARTS/LIST KIT,WALL MT,NETDVR II-ES	 $274.05 
TP820695001A	PASSBK COMPATIBILITY SPECIFICA	 $9.00 
TM000035001B	Passbook Printer III On-site R	 $116.10 
TP820816001A	PASSBOOK PRINTER III OP GUIDE	 $7.20 
TMEFTM11TABS	PASSBOOK PRINTER INDEX TAB	 $0.45 
TP799611TABS	PASSBOOK PRINTER INDEX TAB	 $0.45 
39011027000A	PASSBOOK,SPRT ANG	 $24.17 
TP820987001A	PASSVAULT GETTING STARTED MAN	 $9.90 
BUIB1808000A	PATA to SATA Converter for Hard Drive	 $1.42 
89031427000A	PATCH 8 W/HF 12008 & 12049	 $9.77 
19057393000A	PATCH CORD,ST/ST FIBER	 $48.65 
MSZ769154AAA	PATCH-COLOR KIOSK,YEL/BLK	 $0.00 
00051272000F	Patriotic Dbld 2.75in Bond Rct	 $59.58 
00051273000F	Patriotic Dbld 3.15in Therm Rc	 $29.21 
00051275000F	Patriotic NCR 3.15in Therm Rcp	 $25.28 
00051274000F	Patriotic NCR 3.25in Bond Rcpt	 $39.69 
21015419000A	PAWL & SPRING	 $6.60 
NZ0000001491	PAWL PUSHER - 56XX	 $12.06 
TP820881001A	PAY, PACK & MAIL DEPOS INSTALL	 $9.90 
TP821491001A	PAYMENT APPLICATION DATA SECURITY STD (PA DSS) FOR AGILIS 91X XVX IMPLEMENTATION GUIDE	 $7.20 
TP820138001B	PAYSTATION BPT HOST MESS MANUA	 $11.70 
TP799891001C	PAYSTATION OPERATING GUIDE	 $27.00 
11041157000A	PB 2000 DIAL BACKUP CABLE	 $164.43 
39011997013A	PBA INTERFACE PWB	 $472.04 
39011997014A	PBA MACHA CONTROL PWB	 $857.29 
39011997012A	PBA MAIN PWB	 $6,212.14 
39011997016A	PBA OPERATION PANEL PWB	 $279.49 
39011997056A	PBA RESIST PT ASSY	 $9.40 
39011997055A	PBA SENSOR LD ASSY	 $6.53 
39011997058A	PBA SENSOR PWB	 $22.33 
39011997057A	PBA SIZE PT ASSY	 $9.28 
39011997015A	PBA STACKER PWB	 $331.59 
29014508000A	PC ASSY W/GAMING SFTW,CS700	 $2,101.42 
29014499000A	PC ASSY,CASH SORTER,CS700	 $2,977.52 
MSN79779000A	PC BD ASSY, BLOWER POWER W/5 T	 $648.27 
BOIPCB000000	PC BD FOR BTC9340A,REQ W\HTR,B	 $93.96 
11038103000A	pc board	 $45.31 
11036923000A	PC BOARD     PELCO 9500	 $2,289.69 
11038016000A	PC BOARD ASM         PELCO	 $101.37 
11036883000A	PC BOARD ASM     PELCO	 $173.81 
89029682000A	PC BOARD ASM FOR CH-FCO6A	 $117.45 
TSPC7000000A	PC CASH SORTER CS700	 $7,646.94 
11006558000A	PC CONNECTOR	 $14.36 
11042782000A	PC CONTROL BD	 $1,367.39 
TMMDSS36TABS	PC INDEX TAB FOR TM-MDSS36	 $0.45 
NZ0000002131	PC MIRRAN TOP ASSY	 $0.00 
NZ4450604927	pc mirran top assy	 $0.00 
19049997000A	PC POWER SUPPLY ASSEMBLY PRINTED CIRCUIT BOARD	 $67.57 
TP799404000B	PC STATUS REPORTER USER'S GUID	 $27.00 
19049998000A	PC SYSTEM MOTHERBOARD,W/O PROCESSOR,TYPE 6886	 $271.31 
49023509000B	PC,STANDALONE,ACCUTRACK,40.0GB	 $1,696.37 
TP799796001A	PC/ATM CONTROLLER ENVIRONMENT	 $89.10 
TP820500001A	PC/ATM PACE/PACE+ VER 4.0	 $123.30 
11038037000A	PCB    PELCO	 $724.86 
11038057000A	PCB   PELCO PAN \ TILT	 $355.33 
11038004000A	PCB  - UNIVERSAL TURN\THERMAL	 $122.83 
11038161000A	PCB  Coaxitron    Pelco	 $130.54 
TS4365100110	PCB - PWA-S-AK0-9	 $3,233.04 
11042147000A	PCB 4 DOOR CONTROLLER	 $2,260.92 
NZ0000001726	pcb advance sys w/comms	 $1,863.54 
11037942000A	PCB ASM     PELCO # PCB9000562	 $1,248.54 
11037945000A	PCB ASM     PELCO #PCB9000567A	 $963.97 
11037978000A	PCB ASM    PELCO DOME	 $596.72 
11038065000A	PCB ASM FOR PELCO SPECTRA	 $469.29 
11037979000A	PCB ASM.     PELCO	 $647.88 
NZ0000001778	PCB ASSEMBLY	 $876.96 
NZ9980869270	pcb assy -journal (old)	 $646.76 
NZ0000001520	PCB ASSY -OLD STYLE	 $76.73 
NZ0000001953	PCB ASSY RECEIPT	 $876.96 
NZ0000001955	PCB ASSY, 4DC-RS	 $252.13 
NZ0000002150	PCB CONTROL 2ND LEVEL ASM IE	 $1,863.54 
NZ4450604250	pcb control shutter	 $191.84 
NZ0000002732	PCB CROPF ASSY	 $0.02 
NZ0000002097	PCB DIP/SDC I/F 5670/5840	 $301.46 
NZ0000001711	PCB DISPENSER CONTROL  NON IE	 $1,863.54 
NZ0000003026	PCB DISPENSER CONTROL P-86 NID	 $1,205.82 
NZ0000002715	PCB DUAL FLEX I/F DEP 56XX	 $0.02 
NZ0000002764	PCB FRONT OPERATOR PANEL 56XX	 $0.02 
NZ0000001675	PCB H13 BUS. BD W/MISC	 $493.29 
NZ0000001710	PCB H13 TCM	 $1,534.68 
NZ0000002180	PCB H13 W/COMMS	 $1,644.30 
NZ0000002197	PCB HI BAP W/FDK & ENC	 $822.15 
NZ4450617260	pcb hi bap w/fdk & enc	 $0.00 
NZ0000002177	PCB HI BAPE W/O ENC	 $833.11 
NZ0000002220	PCB HI-BAP W/FDK	 $0.00 
NZ4450627460	pcb hi-bap w/fdk	 $0.00 
NZ0000002161	PCB HI-BAP W/FDK W/O ENC	 $0.00 
NZ0000002179	PCB HI-BAP W/FDK W/O ENC	 $0.00 
NZ0000002198	PCB HI-BAP W/FDK W/O ENC	 $0.00 
NZ4450613508	pcb hi-bap w/fdk w/o enc	 $0.00 
NZ4450617261	pcb hi-bap w/fdk w/o enc	 $0.00 
NZ4450619633	pcb hi-bap w/fdk w/o enc	 $0.00 
NZ0000002176	PCB I/O	 $602.91 
89026277000A	PCB INJECTOR/EJECTOR, PLASTIC	 $1.36 
NZ0000001989	PCB JOURNAL PRINTER	 $646.76 
NZ0000002701	PCB LAMP ENVELOPE LOW	 $0.02 
NZ0000003135	PCB LCD I/F	 $712.53 
NZ0000002713	PCB LED DEP ENV #3 DUAL PROC.	 $0.02 
NZ0000002721	PCB LED DEP ENV. #2 DUAL PROC.	 $0.02 
NZ0000001956	PCB LOWER JOURNAL	 $328.86 
NZ0000002093	PCB ME DRIVER	 $208.28 
NZ0000001519	PCB MEDIA ENTRY INDICATOR	 $76.73 
FJUSA0206196	PCB MOP ASSM 7005	 $0.05 
NZ0000001563	PCB MOTOR CONTROL	 $306.94 
NZ0000002707	PCB NONIE LAMP XPORT #2F.	 $61.39 
NZ0000002711	PCB NONIE LED PURGE XPORT	 $0.02 
NZ0000002688	PCB NONIE PICK INTERFACE BD	 $0.02 
NZ0000002685	PCB NONIE SENSOR PRE LVDT	 $38.80 
NZ0000002704	PCB NONIE SENSOR PURGE #1	 $0.02 
NZ0000002712	PCB NONIE SENSOR XPORT #2	 $0.02 
NZ0000002174	PCB PICK I/F SINGLE	 $230.20 
32006099000A	PCB PRNTR CONN           REACT 1	 $2.13 
FJUSA0209765	PCB RAS	 $117.14 
NZ9980879283	pcb receipt printer	 $876.96 
NZ0000002768	PCB RECEIPT SUB ASSY(40C RS PC	 $0.02 
NZ0000002224	PCB RISER NO PCI	 $986.58 
11042781000A	PCB S-16	 $636.71 
NZ0000002116	PCB SCIF	 $5.48 
NZ4450602459	pcb scif	 $4.60 
NZ0000002183	PCB SDC RW	 $205.54 
NZ0000002667	PCB SP PPD LAMP#3 OFFSET DEP.	 $0.02 
NZ0000002668	PCB SP-PPD SENSOR #3OFFSET DEP	 $0.02 
NZ0000003039	PCB SUB ASM I/F (TEC)	 $241.16 
NZ0000003105	PCB TCM SECURE VGA	 $493.29 
MSZ827270ABA	PCB TELLER 8 IN (HI SPD MOTOR)	 $2,172.86 
BRPT0011000A	PCB, BALLAST, MONO	 $0.05 
BRPT0008000A	PCB, DISTRIBUTION	 $0.05 
MSN79260000A	PCB, ETHERNET LAN ADAPTER FOR	 $591.92 
NZ0000001771	PCB, HI BAPE W/ENCRYPTION	 $767.34 
NZ0000002113	PCB, ISB, 386SX, 56XX	 $1,973.16 
NZ4450596567	PCB, MISC. I/F FOR TCM	 $657.72 
NZ0000002933	PCB, RS232 THERMAL PRTR	 $328.86 
MSN79339000A	PCB, SMARTRAM 4+4X	 $598.16 
MSN79581000A	PCB, SUPPRESSION, SMARTMUX 2,	 $236.75 
11044753000A	PCB, SYSTEM NCR 7452-4010	 $547.72 
BRPT0003000A	PCB, TACC	 $0.05 
NZ0000002498	PCB, TIMING DISC ASSEMBLY	 $0.02 
BRPT0007000A	PCB,CNTRL PANL(W/NO EXT SIDCR)	 $0.05 
BRPT0006000A	PCB,CNTRL PANL(W/TUB VND MOD)	 $0.05 
11062126000B	PCB,I/O,CNTRL LGC,CUSTOMER	 $3,678.74 
BRPT0016000A	PCB,INTERFACE,MEI BILL ACCEPTR	 $0.05 
MSN79259000A	PCB,TOKEN RING LAN ADPTER 4 DM	 $1,581.41 
49267751000C	PCBA,FLEX,INTCON,DUAL	 $100.17 
TP799406000A	PC-BASED RMX FILE TRANSFER UTI	 $14.40 
TP799405000A	PC-BASED TRML CONFIG UTILITY(P	 $31.50 
NZ0000002749	PCB-CONTROL BOARD	 $0.02 
TS4367167316	PCB-DR BD FOR UP TRANS-PWABTDO	 $3,968.22 
TS4367167412	PCB-DR BD LOW-PWABMDO	 $3,277.26 
TS4367167710	PCB-LED(GREEN)PWABLED-GN0	 $456.08 
TS4759992514	PCB-MAIN CONTOR-PWA-J-V5D	 $1,597.66 
NZ0000001586	PCB-MOTOR TIMING DISK SENSOR	 $22.46 
TSN94628000A	PCB-MZ1-MZ2-SET,R,P	 $4,725.00 
NZ0000002751	PCB-SCIF	 $0.02 
TS4368889710	PCB-SSR BD SHUTTER-PWASSR3CS2	 $412.39 
TS4367167264	PCB-SYS BD-PWA-B-MSO	 $3,244.49 
NZ0000001572	PCCM BAND 3 ASSY	 $1,260.63 
NZ0000001571	PCCM BAND H2 ASSY	 $1,534.68 
NZ4450597350	pccm band h2 assy	 $1,534.68 
NZ0000002157	PCD HI BAPE NON	 $0.00 
NZ4450612929	pcd hi bape non	 $0.00 
BRP01038000A	P-CHASSIS V6	 $0.05 
19053421000A	PCI CARD 10/100 NETWORK,3COM	 $246.65 
11042557000A	PCI NIC CARD, 3C905CX-TX-M	 $65.77 
FB000595000A	PCI-E TO USB CARD KIT, 2 CAMRS	 $0.00 
19041537000C	PCLOAD V7.5 MULTI-IMAGE CD,v3.0	 $7.33 
BUFCO272000A	PCM LOCK AND PROM UPGRADE	 $1.42 
11065268000A	PCONTROLBD-5-110	 $669.78 
TMEXPD11TABS	PC-SIZE INDEX TAB FOR TM-EXPD1	 $0.50 
TMMDSS27TABS	PC-SIZE INDEX TAB FOR TM-MDSS2	 $0.45 
TMMDSS26TABS	PC-SIZE INDEX TAB TMMDSS26	 $0.45 
TM106031TABS	PC-SIZE INDEX TABS	 $2.10 
BRP00978000A	PC-TOUCH SCREEN	 $0.05 
GR808114401A	PCX5300 & PCX5400 TERMINALS	 $14.40 
GR808115001C	PCX-5300&5400 USER MANUAL	 $97.20 
11051248000A	PE SMKE 2 WRE 12/24VDC 135F SN	 $271.94 
11050610000A	PE SMOKE 2 WIRE 12/24VDC 135F	 $74.00 
11050611000A	PE-11T PHOTO/THERMAL DETECTOR	 $87.62 
11050612000A	PEAVEY MOD MIX AMP 9CHN 8INP R	 $981.10 
11050613000A	PEAVY MPT-S2 TRAN BAL MICOR/LN	 $132.91 
49017650000A	PEDAL,FOOT,MMD,CART	 $34.99 
19064945000A	Pedestal Mount Dual height for Camera (Gate Entrance) 41"H   "USPS only"	 $242.29 
19064946000A	Pedestal Mount for Camera (Gate Entrance) 41"H  "USPS only"	 $545.36 
BTC9214CM000	PEDESTAL MOUNT(200LB) OR CEIL(	 $146.16 
19056540000A	PEDESTAL,DBL,GOOSE NECK,CUSTOM	 $1,989.52 
19056542000A	PEDESTAL,DBL,GOOSE NECK,CUSTOM	 $0.00 
31018530000A	PEDESTAL,PARKING	 $232.20 
19056543000A	PEDESTAL,SGL,GOOSE NECK,CUSTOM	 $1,421.09 
MSN61740000A	PEGWOOD, 3MM DIA. *CAS KER #23	 $24.55 
11050614000A	PELCO COAXITRON RECEIVER	 $1,951.24 
11065151000A	PELCO CONTROL BOARD FOR WIPER	 $69.06 
AA000342000A	PELCO SYSTEM 9750 PROGRAMMING	 $158.40 
11043680000A	PELCO VID/POW INTERFACE CCA	 $119.55 
11065152000A	PELCO WIPER ASSEMBLY	 $648.95 
00052121000A	PELICAN 305S+ COIN SORTER	 $2,880.00 
00052122000A	PELICAN 305S+P COIN SORTER	 $3,420.00 
00052122000B	PELICAN 305S+P PRINTER ROLL	 $22.68 
00052123000A	PELICAN INSPECTION TRAY	 $203.18 
00052124000A	PELICAN LOCKING SECURITY STAND	 $741.83 
00052125000A	PELICAN TUBING DRAWER	 $122.85 
00052126000C	PELICAN TUBING INSERT-DIME	 $42.53 
00052126000B	PELICAN TUBING INSERT-NICKEL	 $42.53 
00052126000A	PELICAN TUBING INSERT-PENNY	 $42.53 
00052126000D	PELICAN TUBING INSERT-QUARTER	 $42.53 
41013676088A	PENCIL DWR	 $141.05 
11051553000A	PENDANT MOUNT ADAPTER	 $56.78 
PLSD53M22PBO	PENDANT MOUNT DOME	 $3,822.72 
PLSD53CBWPBO	PENDANT MOUNT DOME 23X COLOR	 $4,640.00 
PLSD53C2PGEO	PENDANT MOUNT ENVIROMENTAL	 $4,157.34 
PLSD53M2PGEO	PENDANT MOUNT ENVIRONMENTAL	 $3,948.45 
19071758000A	PENDANT MOUNT FOR CDIH116IR & CDIH116VIR ONLY	 $137.03 
19071756000A	PENDANT MOUNT, FOR CDIH116V &  CDIH216V ONLY	 $137.03 
NZ0000004187	Penetration Mat Assy SPS5886/7	 $287.15 
00050814000A	PENNY WRAPPERS	 $4.75 
NZ0000002868	pentium 233 chip	 $52.61 
NZ0000002042	PENTIUM MOTHERBD	 $2,247.21 
NZ0000001784	PENTUM MOTHERBD	 $1,863.54 
11050615000A	PERF MULLION MOUNT READR GRAY	 $328.86 
11050616000A	PERF PROX SWT PLATE RDR GRAY	 $285.01 
TMQUAL10001K	PERFORMANCE DRIVEN PREVENTATIVE MAINTENANCE (PDPM)	 $105.30 
TP799906001D	PERISTANT STORAGE SERVICE	 $36.00 
NZ0000002442	PERMANENT MAGNET CASSETTE	 $0.02 
11048284000A	PERMANENT SEALER 974 - GRAY	 $76.06 
11037947000A	PERSONA PLUS MAIN LOGIC BOARD	 $2,133.05 
19036298000B	PERSONALITY MDL	 $117.85 
11051223000A	PET IMMUNITY PIR	 $74.79 
MONS63340000	PG-16H-A CAMERA PARTS       CA	 $67.50 
19042344111A	PGU SHAFT STOPPER	 $165.39 
11050618000A	PHILLIPS BED SPEAKER	 $225.60 
PL051215000A	phillips turnstile plc	 $535.82 
BRP00581000A	PHILS SCREW 6/23 X 3/8 SEMS	 $0.05 
21018622000A	PHONE BLOCK KIT	 $10.81 
UL125001000A	PHONE BRIDGE,AMB RACK,8 CRDS	 $1,953.98 
UL125002000A	PHONE BRIDGE,RCKMT CRD,4 TELEPHONE PORTS	 $1,063.31 
UL125003000A	PHONE BRIDGE,W/ENCL,4 TELEPHONE PORTS	 $1,200.34 
AA000433R001	PHONE CHANNEL REQUIREMENTS	 $78.30 
11035819000A	PHONE CORD      D160	 $11.30 
11040016000A	PHONE CORD,4 FT,TELCO,6P4C TO 6P4C	 $1.37 
11042329000A	PHONE JACK RJ 31X BDSCHD166	 $11.30 
11050619000A	PHONE JACK WSCREW TERMINAL	 $71.95 
39014292000A	PHONE LINE MON,W/ENCL,PWRSPLY,XFMR,BTRY	 $152.15 
29014015000A	PHONE LINE SIMULATOR	 $315.16 
19042363000A	PHONE,PB,TONE,FLIP	 $65.83 
11050620000A	PHOTO DETECTOR FS 250 ONLY	 $93.83 
TS4368850190	PHOTO DETECTOR-SENS/B +21	 $13.65 
11065647000A	PHOTO ELECTRIC DUCT DETEC REPL	 $133.82 
39011997052A	PHOTO INTERRUPTER	 $11.55 
39011997053A	PHOTO INTERRUPTER (GP1A44E1)	 $9.19 
39011997054A	PHOTO INTERRUPTER (LG-409A3)	 $14.04 
TS4368847303	Photo Interrupter Wiring	 $21.85 
11065541000A	PHOTO INTERRUPTER(RECEIVER)	 $42.55 
11065540000A	PHOTO INTERRUPTER(TRANS)D501/	 $42.55 
TS4365459402	PHOTO INTERRUPTER-STRAPPER	 $6.56 
89029352000A	PHOTO SENSOR	 $11.73 
11065538000A	PHOTO SENSOR (TRANS) D501/551	 $57.64 
11065539000A	PHOTO SENSOR(RECEIVE) D501/551	 $57.64 
TS4365633280	PHOTO SENSOR-STRAPPER	 $10.40 
11050621000A	PHOTO SMOKE DETECTOR	 $69.30 
89030192000A	Photo Transistor	 $4.05 
49208021043A	PHOTODETECTOR,FORKED	 $99.88 
TSN63150000A	PHOTODIODE,S3232	 $10.93 
11050622000A	PHOTOELEC DUCT DET ONY W/6260A	 $116.31 
11051645000A	PHOTOELECTRIC DUCT DETE 2 WIRE	 $276.44 
11051646000A	PHOTOELECTRIC DUCT DETE 2 WIRE	 $276.44 
11050623000A	PHOTOELECTRIC SMOKE DETECTOR	 $55.91 
TS4368877120	Photointerrupter SCO-TY001I-DP	 $27.32 
MSN80534000A	PHOTOINTERRUPTER, W/CABLE & PL	 $344.93 
TP799720000A	PHOTONET PROJECT START-UP GUID	 $11.70 
TMTPCD02000X	PHYSICAL SEC ELE &CARD SYS DOC	 $4.89 
TMTPCD02000Y	PHYSICAL SEC ELE &CARD SYS DOC	 $4.89 
11062496000A	PIC Chip, Programmed 1064	 $27.18 
NZ0000001630	PICK LED ASSY NON-IE	 $65.77 
NZ0000002602	PICK LINE HUB	 $7.10 
NZ0000001666	PICK MODULE - 5674/5675/5685	 $1,096.20 
NZ0000001461	PICK MODULE SINGLE OLD STYLE	 $1,425.06 
FJ0007770184	PICK ROLLER N.S. 9SIDED	 $14.47 
49024311000B	PICKER LATCH LOCK BAR,CSET	 $28.67 
89029771000A	PICKER WASHER (GTS),1X10	 $17.84 
490061720XXF	PICKER/STACKER MOTOR--FROM TD	 $0.45 
MSZ17731280A	PICKLINE 60302	 $61.88 
MSZ17731360A	PICKLINE HUB	 $8.25 
MSN51138000A	PICKS, LOCK - 9 PC. SET   (PIP	 $71.59 
49216119007A	PICKUP MDL,NOTE,CSET	 $226.80 
19036795000A	PIEZO SCREAMER	 $24.71 
89029407000A	PIGGYBACK LABELS FOR PROMS	 $0.34 
21014554000A	PILLOW BLOCK	 $92.01 
NZ0000002709	PILOT PROD. PCB NONIE LAMP LVD	 $64.89 
11050625000A	PIM 2 PARALLEL PRTR	 $1,033.75 
10823070000	PIN	 $4.15 
30005780000	PIN	 $0.33 
30014920000	PIN	 $37.76 
03000255000A	PIN	 $15.94 
18001068000C	PIN	 $3.20 
19020906000A	PIN	 $1.31 
TS4368873652	PIN	 $32.77 
IB0170751800	PIN        096G 3624	 $6.76 
11035661000A	PIN & SOCKET DRIVER  5/32"	 $22.92 
11017175000A	PIN (HAND WEDGE)	 $6.01 
NZ0000002455	Pin (L-16) 1/2 Diameter	 $0.02 
MSN87092000A	PIN 1 7/16 IN HINGE	 $1.86 
BRP00032000A	PIN 5/32 DIA.X1LG ROLL	 $0.05 
11066211000A	Pin A2 Series #0 Bottom	 $22.95 
4924441700CY	PIN DIA 2 MM, LENGTH 10 MM	 $1.00 
4924441700CW	PIN DIA 2 MM, LENGTH 8 MM	 $1.00 
49203658000A	PIN DWL M 04.00-30.00	 $20.83 
NZ0000001034	PIN FDK - 56XX	 $1.86 
TS4842904019	Pin HPIN20/08SUSH7	 $0.21 
TS4842904035	Pin HPIN20/10SUSH7	 $0.78 
TS4842904021	Pin HPIN20/14SUSH7	 $0.78 
19053059000A	PIN PAD (AECS)	 $1,137.31 
49254629000A	PIN PAD SHIELD	 $29.19 
89031353000A	PIN RED	 $10.77 
TS4368881561	PIN SLIDE DOOR	 $120.17 
19014400000A	PIN SPIROL 2.5X12LG   DLR	 $1.58 
28000937000A	PIN SPRING	 $17.22 
41027292000A	PIN SPRING - 1/8 X 1-1/8	 $4.89 
11038261000A	pin spring # p0610	 $1.08 
18020819000A	PIN SPRING MTG	 $4.82 
MSN67188000A	PIN, #22-18 AWG WIRE CONTACT	 $0.15 
MSN87091000A	PIN, 1 3/32 IN. HINGE - AD SER	 $0.69 
MSN92348000A	PIN, 1 3/32LG. HINGE	 $4.13 
MSN84455000A	PIN, 1/2 IN LG. LOCATING	 $0.23 
MSN79968000A	PIN, 1/4 X 1 1/4 DOWEL	 $1.05 
MSN51307000A	PIN, 1/8 DIA. X 1/2 LG. DOWEL	 $2.75 
MSN71501000A	PIN, 3/16 X 1 ROLL   (Z1745514	 $0.08 
MSN83594000A	PIN, 5/16 X 2 DOWEL	 $6.19 
MSN90862000A	PIN, 5/8 DIA. X 4 1/4 LG. HING	 $101.12 
MSN77228000A	PIN, BELL CRANK MOUNTING	 $24.55 
MSN77340000A	PIN, DRIVER	 $1.77 
49248077000A	PIN, DUMP, OPEN	 $1.00 
L20001630000	PIN, HINGE FOR TOP OR BOTTOM	 $49.33 
MSN79967000A	PIN, HINGE SHAFT	 $0.00 
29011625000A	PIN, LATCH, 1064IX	 $6.53 
29011645000B	PIN, LOCK, 1064IX	 $118.67 
MSN80004000A	PIN, PIVOT	 $69.61 
NZ0000002537	PIN, PLATEN	 $0.02 
MSN93784000A	PIN, ROLL - 1/4 X 1/2 LONG-CON	 $0.12 
49261611000A	PIN, ROLLER DROP IN, M 04.00-25.00	 $4.20 
49023555000A	PIN, SNAP LATCH SQUARE	 $2.75 
89028507000A	PIN, SPRING	 $0.51 
MSN68497000A	PIN, WIRE CONTACT-CRIMP  (Z175	 $0.15 
29011422000A	PIN,ALIGN	 $2.49 
TSN92754000A	PIN,BACK-UP	 $23.00 
TSN90699000A	PIN,B-U-STP	 $9.29 
49202706000E	PIN,CAN OPENING	 $1.72 
MSN81678000A	PIN,CLEVIS	 $1.28 
29012080000B	PIN,CLV,0.187-3.000	 $12.83 
29007547000A	PIN,CLV,0.188-1.500	 $0.45 
29016443000A	PIN,CLV,0.250-1.250	 $0.37 
49228417000A	PIN,COT,0.047-0.750	 $0.46 
19035036000A	PIN,COT,0.093-0.500,EXT PRNG,SQ	 $0.45 
10280660000	PIN,COT,0.094-0.750,1X10	 $0.45 
29016385000A	PIN,COT,HAIRPIN,0.375-1.188	 $0.14 
29013772000A	PIN,COT,LKG,0.041-0.844	 $1.10 
41021752000A	PIN,DAYLIGHT HOLD-UP	 $11.51 
49232078000A	PIN,DOCKING,M4	 $15.14 
MSN71601000A	PIN,DOWEL - HINGE	 $11.00 
49253643000A	PIN,DOWEL,1.5MM X 12MM	 $0.97 
4102070400AT	PIN,DOWELL,5/8 X 2-1/4	 $8.62 
39009224000C	PIN,DUMP,OPEN	 $3.30 
49256563000A	PIN,DWL, DIA 3.00 X 20.0	 $0.99 
29003285000C	PIN,DWL,0.094-0.500	 $0.66 
29003285000D	PIN,DWL,0.094-0.750	 $0.78 
29007955000A	PIN,DWL,0.430-0.500,SPCL	 $7.68 
29017040000B	PIN,DWL,M 01.50-12.00,PRCN GND	 $0.50 
29017040000D	PIN,DWL,M 01.50-8.00,PRCN GND	 $0.32 
29017041000D	PIN,DWL,M 02.00-12.00,PRCN GND	 $0.39 
49225590000A	PIN,DWL,M 02.00-14.00	 $0.29 
29017041000B	PIN,DWL,M 02.00-20.00,PRCN GND	 $0.32 
49220795000A	PIN,DWL,M 02.50-16.00	 $2.01 
29015928000D	PIN,DWL,M 03.00-18.00,PRCN GND	 $0.29 
29015928000B	PIN,DWL,M 03.00-20.00,PRCN GND	 $0.26 
49256477000A	PIN,DWL,M 03.00-28.00,PRCN  GND,	 $0.50 
21015625000A	PIN,EJCTR,FEM	 $4.68 
21015626000A	PIN,EJCTR,MALE	 $4.68 
21015399000A	PIN,EJCTR,MALE/FEMALE	 $12.31 
11032872000A	PIN,GRV,0.062-0.500,TYPE E	 $1.59 
29013196000A	PIN,GRV,0.156-1.000	 $3.49 
49250026000A	PIN,GUIDE, OUT OF SERVICE GATE	 $7.88 
11041066000A	pin,hinge for security chest	 $4.85 
18001520000A	PIN,HNG	 $2.57 
29005909000B	PIN,HNG	 $23.99 
49018295000A	PIN,LATCH	 $30.50 
21015411000A	PIN,LATCH PVT	 $198.45 
11019151000C	PIN,LCH MT	 $10.76 
29010855000A	PIN,LOCATING	 $20.61 
41021989000A	PIN,LOCK BOLT EXTENSION	 $5.47 
29010547000A	PIN,LVR	 $6.28 
MSN80017000A	PIN,MOUNTING	 $1,245.90 
TSN90442000A	PIN,REJ-COVR	 $13.65 
4102070400AF	PIN,RELOCK,DX	 $4.31 
18000652000A	PIN,ROLL #9-00X.37	 $0.63 
49233199005A	PIN,SENSOR,GRAY	 $7.03 
TSN89280000A	PIN,SET-T/DET	 $144.75 
29009881000A	PIN,SLF CLNCHG,GRV,0.186-0.360,SPCL	 $1.33 
49023555000B	PIN,SNAP LATCH SQUARE	 $12.55 
49023555000D	PIN,SNAP LATCH,PICKER	 $2.41 
19011012000A	PIN,SPR,SLTD,0.078-0.500	 $0.06 
11001448015B	PIN,SPR,SLTD,0.125-0.500	 $0.07 
11001448000C	PIN,SPR,SLTD,0.125-0.625	 $0.05 
11001448015A	PIN,SPR,SLTD,0.125-0.750	 $0.09 
11001448000D	PIN,SPR,SLTD,0.125-2.000	 $0.20 
29016843000A	PIN,SPR,SLTD,0.188-1.000	 $0.39 
19019345000A	PIN,SPR,SLTD,0.250-1.375	 $4.18 
49228418000A	PIN,SPR,SLTD,0.250-1.375	 $1.21 
41020704000P	PIN,SPRING,1/8 DIA X 1/2	 $4.31 
4102070400AH	PIN,SPRING,1/8 DIA X 1-1/8	 $4.31 
4102070400AL	PIN,SPRING,1/8 DIA X 3/4	 $4.31 
18001068000A	PIN,STR,CHAM,0.187-4.250	 $0.72 
29017140000A	PIN,STRIKER,0.375 OD,NYLOCK	 $6.84 
TSN89039000A	PIN,SUSH#7	 $0.19 
29004253000A	PIN,SWIVEL	 $16.76 
49201055000A	PIN,TRAY	 $17.81 
MSZ17502920A	PIN,WIRE CONTACT    68497	 $2.63 
IB0475184300	PIN/LOC    096G 4730	 $7.27 
89029968000A	PINCH CAM  - PANASONIC 6030	 $2.08 
89028747000A	PINCH ROLLER	 $37.76 
89028755000A	PINCH ROLLER	 $39.61 
89030233000A	Pinch Roller Bracket - VSS306	 $7.79 
89031279009A	PINCH ROLLER FULCRUM BASE	 $7.64 
NZ9980869214	pinch roller spring,receipt	 $17.21 
NZ0000002241	PINCH ROLLER,RECEIPT TRANSPOR	 $15.89 
NZ0000001480	Pinch Rollers	 $8.23 
89029984000A	pinch speed down gear	 $2.08 
MSZ89102790A	PIN-KNURLED,5/32DIA X 1.1	 $0.54 
11050627000A	PINNACLE BADGING SW MAIN 1YR	 $191.84 
11050628000A	PINNACLE PLUS SW MAINT 1 YR	 $1,027.69 
11048025000A	PINPT POE IP CAM FOC & STUP AP	 $75.25 
MSZ90564810A	PIN-ROLL,1/4 X 1-5/8	 $0.19 
MSZ67012380A	PIN-ROLL,2MMX10MM 6900254	 $0.15 
MSZ90558170A	PIN-ROLL,3/16 X 3/4	 $0.12 
18020868000A	PIN-SPRING RETAINER *3598	 $0.32 
TSN93703000A	PIN-STOP	 $46.43 
50003450000	PIP 13 LOCK PICK TOOL KIT	 $100.14 
19049722000C	PIPE COUPLER	 $24.33 
11044925000B	PIPE KIT,1.5 IN,W/COLLAR,2FT,BLK	 $79.48 
11044924000B	PIPE KIT,1.5 IN,W/COLLAR,4FT,BLK	 $109.62 
11044926000B	PIPE KIT,SAFETY STOP,BLK	 $49.33 
TS4368885652	Pipe Shaft SFT-PIPE-6-DR	 $53.80 
TSN90256000A	PIPE,LAMP-TUBE	 $41.27 
19049722000A	PIPE,THREADED,1FT	 $48.65 
19049722000B	PIPE,THREADED,2FT	 $64.86 
11050629000A	PIR	 $238.39 
11050630000A	PIR MOT DET 14M WID ANGL COVER	 $164.43 
11050631000A	PIR MOT DET 30M LONG RAN COVER	 $196.22 
11050632000A	PIR MOTION SENSOR 35FT POPIT	 $83.29 
11050633000A	PIR SEN 50X50 C TAPMER 9 CURTA	 $61.39 
19058887000A	PIR,QUAD,BLUE LINE	 $45.95 
19058888000A	PIR,QUAD,BLUE LINE,W/PET IMMUNITY	 $315.16 
19058884000A	PIR,STD,BLUE LINE	 $29.73 
19058885000A	PIR,STD,BLUE LINE,W/PET IMMUNITY	 $28.38 
29014245000A	PIR/MICROWAVE INTRUSION DET,360 DEG	 $197.59 
11065021000A	PIV STATION	 $4,110.75 
NZ0000003819	PIVAT CORRE ASSEBMLY	 $724.68 
28000877000A	PIVOT ARM ASM. *03016	 $54.32 
TSN94677000A	PIVOT ARM CARRIER LOCK	 $66.37 
49204054000B	PIVOT BLOCK ASSY, STRIPPER	 $63.00 
49204054000A	PIVOT BLOCK, STRIPPER, WITH CLUTCH	 $32.75 
49204049000A	PIVOT BLOCK, TAKE-AWAY WHEEL	 $1.25 
21021285000A	PIVOT BRACKET	 $48.75 
11038581000A	PIVOT BUSHING	 $63.39 
38010619000A	PIVOT LIMITER *3711	 $84.69 
28010503000A	PIVOT LIMITER ASSY	 $162.14 
12006569000A	PIVOT PIN	 $53.99 
28010494000A	PIVOT PLATE ASSY	 $48.31 
41018691000B	PIVOT ROD	 $183.81 
21014410000A	PIVOT SCREW	 $1.10 
TS4365744310	PIVOT SHAFT	 $40.42 
MSN86789000A	PIVOT, PULLEY	 $0.00 
4102432400AP	PIVOT,CENTER HUNG BOTTOM,BP10-2	 $215.46 
49218366000A	PIVOT,HANDLE	 $11.78 
11050634000A	PKG D	 $315.58 
11050635000A	PKG VIDEO SER NET CLT HLT MON	 $12,852.95 
19035207000A	PKG,O RING,0.192 ID,RBR,1X10	 $0.14 
10644210000	PKG,O RING,0.362 ID	 $0.11 
11035192000A	PKG,O RING,0.674 ID,NITRILE	 $1.57 
29006753000A	PKG,O RING,1.720 ID,RBR	 $2.84 
29007549000A	PKG,O RING,4.340 ID,NPRN	 $7.71 
29007656000A	PKG,O RING,5.500 ID,NPRN,SPCL XSECT	 $3.24 
49201207000C	PL,HDL,DRV	 $22.12 
49201219000D	PL,HLDN,LKGE	 $16.25 
49204164000D	PL,MTG,COLLAR,CD RDR,LOBBY	 $29.19 
49224613000A	PL,MTG,SCRTY,SNA	 $27.95 
49205451000B	PL,RELOCK COVER	 $27.95 
49224647000A	PL,SCRTY,SNA,720/760	 $46.73 
21017144000A	PL,SHUNT SW	 $11.89 
49256303000A	PL,SPKR	 $8.93 
49258347000A	PL,SPKR,GALTREPID	 $7.76 
49251383000A	PL,ST STL,SCRTY,BEZEL	 $8.82 
49232163000A	PL,STAB,MNT	 $17.34 
17002356000A	PLAIN BEARING	 $2.54 
89029809000A	PLAIN FIBER WASHER 6MM OD .5MM	 $0.87 
29008404034A	PLAIN WASHER (5X0.5X15)	 $1.58 
49233199407A	Plain Washer [WP010]	 $43.98 
TP820322001A	plan & site prep 1053 edt	 $13.50 
TP820325001B	plan/site prep 1075ix/s exteri	 $20.70 
TP799631001B	PLANNING & SITE PREP GUIDE FOR	 $18.00 
TP799826001A	PLANNING & SITE PREP GUIDE FOR	 $17.10 
TP799936001A	PLANNING & SITE PREP GUIDE FOR	 $19.80 
TP820003002B	PLANNING & SITE PREPARATION GU	 $22.50 
TP799630001B	PLANNING AND SITE PREP GUIDE F	 $22.50 
TP799630019B	PLANNING AND SITE PREP GUIDE F	 $21.60 
TP820000002C	PLANNING AND SITE PREP GUIDE F	 $18.00 
TP820000019C	PLANNING AND SITE PREP GUIDE F	 $18.00 
TP820092001A	PLANNING AND SITE PREPARATION	 $17.10 
TP820124001A	PLANNING AND SITE PREPARATION	 $17.10 
TP820153001B	PLANNING GUIDE,LUMINET	 $11.70 
TP820590001A	Planning/site prep, 1053xt exp	 $13.50 
11050636000A	PLAS ADP PLT TO MNT SGL LNL130	 $8.23 
NZ0000001428	Plastic Bearing ZDB Inser/Clip	 $1.14 
TS4842210277	PLASTIC BEARING-TRANSPORT STRA	 $2.73 
89030034000A	plastic case 8027-02	 $66.53 
11042152000A	PLASTIC COVER FOR TIMER	 $44.60 
TS4368836042	PLASTIC COVER OF REJECT POCKET	 $92.85 
4102070401AW	PLASTIC CUP, BOLT HOLE	 $10.77 
4102070401AX	PLASTIC CUP, BOLT HOLE, SLOP ADJUSTMENT	 $21.55 
11036952000A	PLASTIC DOME         PELCO	 $339.22 
NZ0000002785	PLASTIC GUIDE CROPF	 $4.38 
MSK87420000A	PLASTIC HANDLE INSERT CL6 S.F.	 $0.65 
21020075000A	Plastic Lid w/ Tether	 $103.42 
TS4368873491	PLASTIC POCKET-SAFETY POCKET	 $81.94 
TS4365349710	Plastic Pulley	 $157.03 
NZ0090007972	PLASTIC RIVET LARGE WHITE	 $1.10 
00050974000B	PLASTIC SECURITY SEALS - BLUE	 $0.16 
00050974000D	PLASTIC SECURITY SEALS - GREEN	 $0.16 
00050974000C	PLASTIC SECURITY SEALS - ORANG	 $0.16 
00050974000A	PLASTIC SECURITY SEALS - RED	 $0.16 
00050974000E	PLASTIC SECURITY SEALS - YELLO	 $0.16 
21020678000A	PLASTIC TUBE	 $4.83 
30020560000	PLATE	 $0.36 
19014063000A	PLATE	 $66.07 
19014232000A	PLATE	 $16.59 
29005311000C	PLATE	 $8.91 
29005313000A	PLATE	 $25.74 
29006126000A	PLATE	 $8.93 
89030487000B	PLATE	 $19.58 
89030768000A	PLATE	 $14.75 
MSN85208000A	PLATE	 $40.69 
IB044F236900	PLATE      096G 4732	 $0.45 
IB044F248200	PLATE      096G 4732	 $0.45 
48010517000A	PLATE - PIVOT *3742	 $11.03 
MS825910000A	PLATE  SPRING MTG LAVELLE CAR	 $25.26 
18010598000A	PLATE * 3594	 $50.37 
MSN84753000A	PLATE 21 3/4 LG BASE POLISHED	 $33.45 
19017207000A	PLATE BACK TYPE11 CASSETTE  OX	 $3.52 
28020828000A	PLATE BEARING MOUNTING	 $1.00 
L10001170000	PLATE COVER - HINGE 3 3/4 W	 $15.99 
L10001180000	PLATE COVER - HINGE 6 1/4 W	 $26.85 
89029357000A	PLATE COVER ASM., DEPOSIT-5088	 $175.39 
32005065000Q	PLATE DR,W/ST STL,10 X 10LH	 $56.46 
32005065000P	PLATE DR,W/ST STL,10 X 10RM	 $74.94 
TS4368832053	Plate Feeder Base Left	 $51.89 
TS4368833605	Plate Feeder Base Right	 $73.74 
TS4368872460	PLATE GLASS FOR BCR-INC BCR-KI	 $40.97 
TS4368848641	PLATE GLASS-GLS-L138*10	 $19.12 
TS4368848121	PLATE GLASS-GLS-L213*10	 $30.04 
NZ0000002066	PLATE PRESSURE(ENVELOPE DISPEN	 $32.89 
NZ4450585772	plate pressure(envelope dispen	 $32.89 
TS4368835041	PLATE PULLEY DRIVE	 $8.19 
89030966000A	PLATE PUSH	 $34.47 
TS4368869580	PLATE SET PULLEY SUB	 $43.70 
TS4368817482	PLATE SPRING LEFT	 $30.04 
TS4368817492	PLATE SPRING RIGHT	 $30.04 
TS4368847880	PLATE SPRING-THICK CK	 $46.43 
MSN91294000A	PLATE STRIKE	 $31.99 
11044711000A	PLATE STRIKE LH	 $132.21 
11044712000A	PLATE STRIKE LHR	 $126.61 
11044713000A	PLATE STRIKE RH	 $132.21 
11044714000A	PLATE STRIKE RHR	 $132.21 
39002655000A	PLATE SUPPORT	 $2.12 
NZ0000002609	PLATE SWITCH	 $23.02 
TS4368855920	PLATE TD1 UPPER FEEDER	 $185.72 
MSN876710CCA	PLATE, 1 NUMBER - ALUM.	 $3.12 
MSN876710DDA	PLATE, 10 NUMBER - ALUM.	 $3.12 
MSN876710DEA	PLATE, 11 NUMBER - ALUM.	 $3.47 
MSN79928000A	PLATE, 11/16 X 2 7/16 NAME - M	 $2.11 
MSN89781000A	PLATE, 2 1/2 X 8 3/8 DECOR	 $0.00 
MSN85367000A	PLATE, 2 3/16 X 6 1/2 NAME - M	 $0.50 
MSN876710CDA	PLATE, 2 NUMBER - ALUM.	 $3.12 
MSN89215000A	PLATE, 2' X 4' FILLER *PELCO #	 $103.78 
MSN87103000A	PLATE, 2 X 5 DOOR FACE - ALUMI	 $48.54 
MSN876710CEA	PLATE, 3 NUMBER - ALUM.	 $3.12 
MSN89236000A	PLATE, 4 3/4 X 14 29/32 COVER	 $9.55 
MSN876710CFA	PLATE, 4 NUMBER - ALUM.	 $3.12 
MSN876710CGA	PLATE, 5 NUMBER - ALUM.	 $3.12 
MSN876710CHA	PLATE, 6 NUMBER - ALUM.	 $3.12 
MSN876710DAA	PLATE, 7 NUMBER - ALUM.	 $3.12 
MSN876710DBA	PLATE, 8 NUMBER - ALUM.	 $3.12 
MSN876710DCA	PLATE, 9 NUMBER - ALUM.	 $3.12 
18020980000A	PLATE, ACTUATOR	 $0.78 
28020997000A	PLATE, ACTUATOR	 $36.72 
28001039000A	PLATE, ADAPTER	 $96.55 
MSN92852000A	PLATE, BACK DRILL - LGL - SGL	 $101.12 
89029182000A	PLATE, BACKING	 $20.70 
MSN83813000A	PLATE, BACKING	 $0.00 
39012794000C	PLATE, CARRIER	 $18.50 
MSN76916000A	PLATE, CAUTION	 $10.23 
49207551000A	PLATE, COVER, GEAR	 $13.31 
MSN77235000A	PLATE, CRANK OPERATING	 $7.16 
39008242000A	PLATE, DEP.CLAMP	 $8.58 
MSN89879000A	PLATE, DETECTOR MOUNTING	 $0.00 
49017239000B	PLATE, FACE	 $24.34 
MSN86768000A	PLATE, FACE - SK41116 LEFT SWI	 $15.05 
MSN86767000A	PLATE, FACE - SK41116 RIGHT SW	 $0.00 
MSN92853000A	PLATE, FILLER - 2 3/4 X 4 7/16	 $5.46 
11043768000A	PLATE, HA-16 RECV VALVE MTG	 $1,584.77 
MSN85032000A	PLATE, HOPPER BODY ALARM	 $0.00 
4924441700BK	PLATE, IC CONTACT	 $12.61 
49204019000A	PLATE, KYBD	 $7.72 
MSN92498000A	PLATE, LED (MEDECO HOLES)	 $37.74 
49009762000C	PLATE, LH SINGLE	 $66.32 
49022973000A	PLATE, LINK	 $10.24 
MSN85718000A	PLATE, LOCK	 $16.30 
29008516000B	PLATE, LOWER STOP, DVRT CASS	 $65.20 
MSN81803000A	PLATE, MAGNETIC STRIKER	 $15.49 
MSN77131000A	PLATE, MOUNTING	 $73.66 
MSN86869000A	PLATE, MOUNTING	 $0.00 
49204532000A	PLATE, NO DEPOSITOR, NO BNA	 $55.75 
49023518000A	PLATE, PLATEN	 $23.48 
49207217000B	PLATE, PUSH	 $42.34 
49006533000G	PLATE, SIDE L/H	 $120.06 
49253916000B	PLATE, STIFFENER	 $4.66 
MSN83334000A	PLATE, SWITCH - MANUAL	 $0.00 
MSN91064000A	PLATE, SWITCH MOUNTING	 $0.77 
MSN85806000A	PLATE, TELLER/SEND INSTRUCTION	 $59.36 
MSN82873000A	PLATE, TIMELOCK SPACER	 $0.00 
19015128000A	PLATE,ACTG	 $50.89 
29014513000A	PLATE,ADJ	 $3.92 
29025227000A	PLATE,ADJ	 $7.83 
39009811000A	PLATE,ALRM ADPTR,FL 906	 $65.66 
39010200000A	PLATE,ALRM BELL MTG	 $4.17 
49275329000A	PLATE,BACK,COVER	 $19.06 
39007180000A	PLATE,BASE	 $277.61 
49005980000B	PLATE,BASE	 $57.71 
49010598000A	PLATE,BK	 $23.29 
19036270000B	PLATE,BK,MSTR	 $323.64 
49009260000C	PLATE,BTP MTG	 $44.66 
29010954000A	PLATE,CA MTG,9 DSUB	 $5.27 
49219755000B	PLATE,CAM	 $15.13 
49215667000B	PLATE,CAM,NOTE STOP	 $21.11 
39010940000A	PLATE,CATCH,EXT	 $16.07 
49012059000A	PLATE,CCA MTG,1072I CAM	 $0.00 
49009355000B	PLATE,CD RDR BASE,STRIPE DN,1064	 $63.98 
49200149000A	PLATE,CHAS	 $3.69 
39013953000A	PLATE,CLAMP,DEP,FL	 $17.49 
49018755000A	PLATE,CLAMP,FUNNEL	 $8.61 
79001146000A	PLATE,COND MTG	 $0.00 
29006497000A	PLATE,CONN MTG	 $15.65 
39009580000A	PLATE,CONN MTG	 $6.61 
29006401000A	PLATE,COV	 $2.67 
39006012000B	PLATE,COV	 $6.22 
39010902000A	PLATE,COV,LEFT SD	 $43.71 
39010903000A	PLATE,COV,RIGHT SD	 $43.71 
21019162000B	PLATE,COVER	 $53.67 
39006705000A	PLATE,COVER	 $8.08 
19048496000A	PLATE,COVER,BLK,CAMR MT	 $13.64 
49220805000A	PLATE,COVER,WALL	 $10.81 
49220806000A	PLATE,COVER,WALL	 $10.77 
19048496000B	PLATE,COVER,WHT,CAMR MT	 $13.64 
29008612000A	PLATE,DECK FILLER	 $7.83 
29006329000C	PLATE,DEP COV	 $6.36 
39006558000A	PLATE,DEP MTG	 $9.91 
49011201000A	PLATE,DEP,BLOCKOFF	 $6.55 
39007747000A	PLATE,DETENT,CHST	 $17.02 
TSN92032000A	PLATE,DISP-WINDOW	 $8.38 
49204357000A	PLATE,DOOR LOCK	 $174.36 
32005065000B	PLATE,DR W/STL ST,2 X 5LH	 $14.81 
19056537000A	PLATE,ENCL,32 X 28.50 IN	 $738.96 
49214607000C	PLATE,FASCIA	 $90.86 
49219823000A	PLATE,FASCIA	 $58.97 
49225577000B	PLATE,FASCIA	 $61.27 
19036330000A	PLATE,FL MT	 $8.10 
29002519000A	PLATE,FLR	 $0.48 
49016692000C	PLATE,FRONT,ROLLFEED	 $34.34 
29009725000A	PLATE,FUNNEL MTG,IDM	 $7.97 
29007707000A	PLATE,GAS SPRING	 $3.20 
49214546000A	PLATE,GEAR	 $16.36 
39010336000A	PLATE,HOPPER SL,NH-1	 $5.69 
39011087000A	PLATE,HOPPER SL,WH-2	 $20.56 
39011081000A	PLATE,I/O SUPPR MTG	 $37.87 
39007777000A	PLATE,IND MTG	 $8.13 
39011390018A	PLATE,ISLN,FEED MOT	 $0.05 
29006685000B	PLATE,LEXAN	 $9.59 
21015645000A	PLATE,LK	 $4.80 
29008171000A	PLATE,LKG	 $2.71 
TSN79462000A	PLATE,LOCK	 $65.55 
49223936000A	PLATE,MAG	 $2.37 
19014294000B	PLATE,MOT MTG,220V	 $84.96 
29002952000A	PLATE,MTG	 $34.89 
31018495000A	PLATE,MTG,BELL	 $58.24 
49009571000A	PLATE,MTG,CD RDR	 $0.00 
49012217000B	PLATE,MTG,FNL,F/L,C1	 $9.55 
41024396000A	PLATE,MTG,REST CNTRL,SNSR	 $42.55 
18020779000A	PLATE,NUT	 $0.54 
19021590000A	PLATE,NUT	 $0.15 
21019547000A	PLATE,NUT	 $181.23 
21019547000B	PLATE,NUT	 $57.51 
29005704000B	PLATE,NUT	 $6.22 
TSN88910000A	PLATE,NUT	 $0.58 
TSN88913000A	PLATE,NUT	 $1.10 
TSN88914000A	PLATE,NUT	 $0.00 
18000675000A	PLATE,NUT,SW	 $9.32 
49008484000A	PLATE,PNL SPRT	 $111.11 
49008448000B	PLATE,PRNTR	 $73.13 
49010128000A	PLATE,PRNTR	 $84.69 
49010753000A	PLATE,PRNTR MTG	 $62.42 
49005955000B	PLATE,PROT	 $45.85 
49005955000C	PLATE,PROT	 $45.85 
MSK94131000B	plate,protection	 $40.40 
29014441000A	PLATE,PRTCTN	 $23.36 
49213663000D	PLATE,PUSH,PICKER,LT	 $35.55 
49213666000C	PLATE,PUSH,PICKER,RT	 $35.55 
39005590L00A	PLATE,RELOCK	 $29.44 
49215652000A	PLATE,RIGHT REAR STUFF	 $27.41 
41013824000A	PLATE,SAFETY RING MTG	 $3.28 
TSN89281000A	PLATE,SCRAPER	 $0.00 
29006330000A	PLATE,SCRTY	 $23.40 
49016333000A	PLATE,SECURITY,IDM II,1072I	 $9.05 
49211117000A	PLATE,SHIPPING	 $10.43 
TSN93759000A	PLATE,SHT-BRG-B	 $9.83 
TSN93757000A	PLATE,SHT-BRG-U	 $6.56 
19016970000A	PLATE,SHUNT SW	 $15.68 
39009119000A	PLATE,SIDE	 $39.08 
49017514000A	PLATE,SIDE,LEFT	 $153.17 
49017560000A	PLATE,SIDE,LEFT	 $113.00 
49010135000A	PLATE,SIDE,LEFT,SDM	 $35.20 
49201177000A	PLATE,SIDE,RIGHT	 $130.45 
49252040000A	PLATE,SLIDE	 $8.03 
39010354000A	PLATE,SLIDE MTG,WH-2	 $18.92 
39008041000A	PLATE,SOL MTG	 $11.36 
39006789000E	PLATE,SPCR	 $10.53 
49223981000A	PLATE,SPRING BACKER	 $6.44 
49217272000A	PLATE,STEP MOTORS,STACK WHEEL	 $15.71 
21017536000A	PLATE,STIF	 $3.29 
21015368000A	PLATE,STOP	 $1.31 
21015523000B	PLATE,STUD	 $1.94 
19033423000A	PLATE,STUD,08-32	 $6.56 
49221068000A	PLATE,SUPPORT,VALIDATOR	 $10.24 
49221077000A	PLATE,SUPPORT,VALIDATOR	 $8.23 
11032446000A	PLATE,SW	 $0.48 
21015494000A	PLATE,SW	 $21.83 
41014199000A	PLATE,SW	 $5.74 
18000238000B	PLATE,SW,SHUNT	 $15.73 
49207475000A	PLATE,TENSIONING	 $11.17 
TSN65539000A	PLATE,TOKA-LEFT	 $0.00 
TSN65540000A	PLATE,TOKA-RIGHT	 $0.00 
TSN65556000A	PLATE,TOKA-UPPER	 $35.51 
49005837000A	PLATE,TOP	 $142.87 
49010743000A	PLATE,TOP HSG	 $16.14 
49008853000C	PLATE,TOP,CD CG,BTP	 $59.00 
21018387000A	PLATE,WALL CODE ALERT	 $54.05 
49011022000B	PLATE,WALL,LH	 $0.00 
31018459000B	PLATE,WALL,MX	 $15.71 
49008423000A	PLATE,WALL,RH	 $0.00 
29006929000B	PLATE,WSHR	 $3.31 
29011079000A	PLATE,WSHR	 $1.56 
MSK91604000A	PLATE-CAM	 $6.21 
11042159000A	PLATED TENTION PIN ROLLER	 $0.33 
89030486000B	PLATE-FT	 $19.12 
11038431000A	Platen	 $68.52 
39011390009A	PLATEN	 $0.05 
NZ0000002608	PLATEN ASM.	 $141.26 
FJUSA0206230	PLATEN ASSY D8606134W157	 $0.05 
29008455032A	PLATEN GAP ADJUSTER A 0.1MM	 $3.16 
39011997029A	PLATEN ROLLER	 $51.09 
19042344174A	PLATEN SOLENOID ASSEMBLY	 $250.15 
39011392000A	PLATEN SPRT	 $10.55 
49009190000N	PLATEN, END PLATE	 $71.28 
49213777000A	PLATEN, ESCROW LOWER	 $7.95 
49250142000F	PLATEN, STACKER, TURN	 $36.04 
49024706000B	PLATEN,ASSY,WRB-INNER,TOP PLT	 $130.86 
49208251000B	PLATEN,BIN DRIVE	 $29.74 
49213661000C	PLATEN,BOTTOM REJECT	 $9.56 
49228568000A	PLATEN,CI,LOWER	 $21.09 
49005376000C	PLATEN,FIXED,DEP	 $500.28 
49225397000A	PLATEN,FRONT	 $11.55 
49250180000C	PLATEN,FUNNEL,CAM SIDE	 $7.10 
49250180000D	PLATEN,FUNNEL,FAR SIDE	 $7.10 
49213758000C	PLATEN,LOWER BIN 2	 $9.79 
49207091000B	PLATEN,LOWER ENTRY	 $10.63 
49207555000A	PLATEN,LOWER ESCROW	 $54.07 
49228569000A	PLATEN,LOWER,GATE	 $14.22 
49215651000B	PLATEN,MICR TO SCAN	 $7.88 
49007910000B	PLATEN,PRSNTR,FL	 $78.87 
49215765000A	PLATEN,SCANNER	 $11.60 
49252442000C	PLATEN,SCANNER,UPPER	 $9.32 
49200627000C	PLATEN,STACK-DVRT	 $16.06 
49214718000B	PLATEN,TOP REJECT	 $18.50 
49219786000A	PLATEN,TOP,EXIT,BEB	 $9.32 
49219626000A	PLATEN,TRANSPORT	 $14.77 
49219816000B	PLATEN,TRNSPRT,VER,FRT	 $25.68 
49219815000A	PLATEN,TRNSPRT,VER,REAR	 $29.34 
49219729000E	PLATEN,UDD,UPPER	 $11.18 
49207107000B	PLATEN,UPPER ENTRY	 $10.55 
11032014000A	PLAY ARM ASM. #152422   VSS 30	 $50.70 
89030111000A	Play\Stop Button  VSS 305	 $46.04 
89029421000A	PLAYBACK AZIMUTH SWITCH  #5621	 $4.81 
BRP01004000A	PLC & DC CONTROLLER	 $0.05 
11062188000A	PLEXGLSS DR KIT ACCUTRACK 800	 $61.44 
11062205000A	PLEXI-GLSS DR KIT,ACCUTRACK800	 $61.44 
29007515000C	PLGR	 $27.95 
29007516000C	PLGR	 $15.18 
19036394000A	PLGR SW,PL MT	 $7.75 
89028841000A	PLIER/4"DIAGONAL CUTTERS	 $41.21 
TP799765001A	PLN/SITE PREP GUIDE,1063IX(4781IX) INTR TERM	 $13.50 
00013408000A	PLS II	 $699.95 
TP799534000A	PLS MDS VIDEO REFERENCE CARD	 $0.45 
49233199040A	PLSTC SHT,UCS-SEP-STP	 $112.38 
49233199041A	PLSTC SHT,UCS-SEP-STP	 $112.38 
29006389000A	PLT, DPTR, SW	 $0.21 
49230069000B	PLT,HOLE COVER,LID	 $30.12 
49230057000A	PLT,WIRE SEAL	 $28.40 
49252441000A	PLTN,VERT	 $29.73 
11014976000B	PLUG	 $0.68 
11014976000C	PLUG	 $0.77 
11014976000D	PLUG	 $0.49 
27001574000A	PLUG ASM	 $0.99 
NZ0000001054	PLUG FDK - 56XX	 $3.95 
11051219000A	PLUG IN SUPERVISORY SWITCH	 $327.09 
11066273000A	Plug Metal Round 7/8 Inch ID X 1-1/16 Inch	 $60.57 
28001038000A	PLUG PLATE  (P57)	 $10.63 
MSN61451000A	PLUG, 1 3/16 HOLE	 $0.19 
MSN86892000A	PLUG, 1/4 DIA. X 5/8 LG. S.D.	 $0.00 
MSN83500000A	PLUG, 1/4 THK. X 3/4 DIA. HOLE	 $0.12 
MSN78618000A	PLUG, 7/8 IN HOLE *NIAGARA PLS	 $0.08 
MSZ69582280A	PLUG, PHONE SWITCHCRAFT	 $11.53 
MSN67065000A	PLUG, SHUNT *HUBBELL #7465VBLK	 $34.34 
MSN69261000A	PLUG, TEST - BLOWER PRESSURE	 $77.62 
MSN94533000A	PLUG, VACUUM	 $6.80 
89026335000B	PLUG,10 POSITION	 $2.32 
19056553000A	PLUG,14 OUTLET,1 X 15A CIRCUIT	 $189.38 
89026334000B	PLUG,7 POSITION	 $1.67 
27001829000A	PLUG,FELT,0.438 X 0.750	 $0.63 
49249353000A	PLUG,GENETEC DVR,12VDC,3A	 $54.90 
49200924X0AA	PLUG,NO HEADPHONE JACK	 $23.02 
11039000000A	PLUG-IN P.S.,  12VDC,  ID CONSOLE	 $57.42 
11039001000A	PLUG-IN P.S.,  9VAC,  ID PRINTER	 $41.11 
IKMAX1000000	PLUG-IN POWER CARD FOR MAXI-VI	 $52.20 
MSZ89018580A	PLUG-LOCK	 $6.35 
MSZ69921000A	PLUG-MODULAR 8PIN TCNP8	 $19.46 
30014950000	PLUNGER	 $19.01 
29006291000B	PLUNGER	 $17.76 
BRP00997000A	PLUNGER ARM ASSEMBLY	 $0.05 
BRP00996000A	PLUNGER ARM LINEAR ACTUATOR	 $0.05 
21013809000A	PLUNGER ASM.	 $17.28 
BRP00991000A	PLUNGER INTERRUPT MICRO SWITCH	 $0.05 
21015123000A	PLUNGER LATCH ASM   VAT 10	 $8.55 
11031712009A	PLUNGER LOCK  HUDSON KEYED JC0	 $29.16 
11031712034A	PLUNGER LOCK  HUDSON KEYED JC3	 $51.08 
170000040SK0	PLUNGER LOCK  SPECIAL KEYING	 $81.38 
11036813000A	PLUNGER LOCK EXTENDER SCREW	 $21.55 
11036814000A	PLUNGER LOCK SPRING	 $16.42 
10431630000	PLUNGER PIN	 $28.35 
11037963000A	PLUNGER STARTER              B	 $522.10 
21020081000A	Plunger Switch	 $51.71 
89031171000A	PLUNGER, PINCH APHERE BULK 100	 $4.05 
31019951000A	PLUNGER,BLACK	 $17.68 
19058033000A	PLUNGER,RECESSED,ROLLER,W/TERM	 $7.26 
11006608000A	PLUNGER-TOP PLATE	 $77.56 
00052416017A	PLXR-13 13" DIA OUTDOOR ACRYLI	 $107.51 
TSN81553000A	PLY/T-3M-N30	 $8.74 
TSN81552000A	PLYV-DR-TRS-DTC	 $114.71 
TSN81551000A	PLYV-MTR-TRS-DT	 $101.05 
TMMDSS00TABR	PM - MANUAL TM-MDSS22	 $0.45 
TSN89283000B	PM KIT	 $2,462.02 
11041128000A	PM KIT FOR TLC4320 HD VCR'S	 $311.87 
89031506000A	PNC 2.4.0 P8 DVD SET	 $20.77 
89031498000A	PNC 240P8 CASH DISPENSER BRECK	 $24.44 
89031289000A	PNC AGILIS 2.1 BRECKE PROCESSR	 $24.44 
89031275000A	PNC BANK WIRELESS OS2 CTP & G5	 $8.55 
89031118000A	PNC BNK 562 DUL MON AGIL 2.2	 $24.44 
89031312000A	PNC BNK NETWRK MAN BREC PROCSS	 $19.55 
89031311000A	PNC BNK NETWRK MAN DEN PROCESS	 $19.55 
89031358000A	PNC BNK NETWRK SIERRA PROCESS	 $19.55 
89031479000A	PNC DA UPDATE 308	 $9.77 
89031480000A	PNC DA UPDATE DVD 309	 $9.77 
89031407000A	PNC IX SYS PREP 2 DVD SET	 $19.55 
89031491000C	PNC MANAGED APPLICATION DVD	 $9.77 
89031492000A	PNC UPDATE CO 2.4.OP4 INSTALLS	 $8.55 
11046345000B	PNDNT HSG,DNR DOME ONLY,BLK	 $216.50 
11046345000A	PNDNT HSG,DNR DOME ONLY,IVORY	 $216.50 
19046669000A	PNDNT MT KIT,C16 CAMR ENCL	 $115.10 
19043113000A	PNDNT MT KIT,CAMR ENCL,DOME,C12 & C14	 $33.34 
11044415000A	PNDNT MT,INDR	 $68.52 
11044417000A	PNDNT MT,OUTDR	 $79.48 
19058152000A	PNDNT,WIRELESS,DUAL BUTTON	 $36.22 
TMM11735000A	PNEU-VISTA 6000 SERV&TROUB GD	 $78.30 
19048869000A	PNL ENCL,SMALL	 $38.38 
11050638000A	PNL FLS 3.5H CRS CR BLK	 $51.39 
11050639000A	PNL NC110 CNTRL MOD 24 LIGHT	 $904.37 
49218222X01A	PNL, REAR, TP, HSG	 $61.51 
49234005X01B	PNL, REAR, TP, HSG	 $136.09 
49244572XMFA	PNL, SD, CAB, TOP LH	 $279.96 
49244573XMFA	PNL, SD, RH, CAB, TOP	 $279.96 
19053230000F	PNL,ALRM,NO NTWK CAPABILITY	 $1,758.24 
49001532000A	PNL,ANNUN DSPL,12 STA	 $390.63 
19047428000A	PNL,BLNK,FIBER RCK,LTC 4637	 $40.55 
11047397000A	PNL,BLNK,FILLER,2U,3.5 IN,USPS ONLY	 $22.69 
11047396000A	PNL,BLNK,FILLER,5U,8.75 IN,USPS ONLY	 $37.11 
49206777XMFA	PNL,BOLTWORK ACCESS	 $30.58 
DMXR40PCB000	PNL,CCA ONLY	 $216.50 
DMSCS2030000	PNL,CONVENIENCE	 $376.43 
DM3506300000	PNL,ENCL,LG,1912XR&XR200,GRAY	 $111.27 
49205441000Q	PNL,FASCIA,UPR,LEFT,227.23	 $11.34 
11047399000A	PNL,FILLER,VENTED,11 RMU,USPS ONLY	 $117.59 
11047448000A	PNL,PATCH,24 PORT,FIBER,USPS ONLY	 $273.89 
31018667000A	PNL,PRSDR,ADPTR	 $107.57 
11047395000A	PNL,RCK SIDE,VENTED,PAIR,USPS ONLY	 $615.68 
49208718X01A	PNL,SD,CAB,TOP	 $116.05 
49208718XXXA	PNL,SD,CAB,TOP	 $116.05 
49204095XXXB	PNL,STEM	 $39.58 
11047459000A	PNL,TOP,E SERIES,BLK,24W,PERFORATED,USPS ONLY	 $117.59 
11047394000A	PNL,TOP,W/FAN ASSY,USPS ONLY	 $570.93 
TSN90416000A	POCKET ASSB,W/FIN	 $680.03 
11065566000A	POCKET CLEANER GUIDE D501/D551	 $83.64 
11065593000A	POCKET COVER D501/D551	 $25.91 
11065565000A	POCKET COVER PLATE D501/D551	 $46.13 
89030305000A	pocket folder	 $10.56 
NZ0000002550	POCKET FULL SW HARNESS	 $0.02 
11065585000A	POCKET LATCH SPRING D501/551	 $7.20 
NZ0000002542	POCKET STACKER ASSY	 $0.02 
39013213000A	POCKET,COIN	 $55.22 
49230053000A	POCKET,GUARD	 $9.50 
TSN92007000A	POCKET,LOWER	 $308.61 
TSN92006000A	POCKET,UPPER	 $114.71 
TSN92005000A	POCKET,UPPER-HG	 $96.41 
19065389000A	POE INJECTOR FOR IP Extender  - USPS only	 $123.33 
11047412000A	POE INJECTOR,USPS ONLY	 $133.65 
11047557000A	POE KIT	 $80.85 
TE000053VICS	POGO PINS	 $6.19 
19041956000A	POINT LINKS,RAIL MT KIT	 $54.81 
00013621000A	Point to Point, 3.5" 1 way sending Station	 $377.06 
GR808114701C	POINT-OF-SALE TERM LNX5100/511	 $47.70 
GR808114901C	POINT-OF-SALE TERM(DLX5200) MN	 $54.90 
GR809104301B	POINT-OF-SALE(PCX-5300&PCX-540	 $26.10 
11050641000A	POLARITY REV RELAY MOD UIO MOT	 $146.78 
11050640000A	POLARITY REV RELY MOD REV POL	 $101.59 
11038053000A	POLARIZING LENS	 $52.37 
89027651000A	POLAROID TYPE 665(8 PICTURES P	 $16.48 
11065005000A	POLE 10' ALUMINUM	 $575.51 
11050642000A	POLE ADAPTER FOR LWM41 LWM MT	 $103.43 
19065396000A	Pole Mount Adapter  - USPS only	 $107.49 
19064952000A	Pole Mount Adapter for D2 Dome   "USPS only"	 $124.09 
PLPA10200000	POLE MOUNT ADAPTER FOR PELCO E	 $66.15 
11050643000A	POLE MOUNT ADAPTER GRAY	 $682.39 
19064845000A	Pole Mount Adapter, Indoor/Outdoor PTZ domes	 $103.59 
BTC9211PM000	POLE MT ADAPTER BTC9210,9211,9	 $93.96 
BTC9222PM000	POLE MT ADPTR BTC9216WM,9222WM	 $88.20 
PLPA10000000	POLE MT ADPTR PELCO CM1400-EM2	 $36.00 
PLPA10100000	POLE MT ADPTR,PELCO EM1400,PM1	 $57.65 
11044927000B	POLE MT,FEED-THRU,BLK	 $276.80 
19000676000A	POLICE END CABINET  @	 $626.39 
49000265000A	POLICE END LOGIC BD. @	 $256.89 
49000265000B	POLICE LOGIC BD   @	 $225.83 
89027650000A	POLORIOD FILM TYPE #107	 $11.75 
89030298000A	POLTFUSE SMT,MINI 1A5-03S,6V	 $1.81 
11065499000A	POLYGUARD .6 MIL/CLEAR	 $102.66 
11065500000A	POLYGUARD 1.0 OVERLAMINATE	 $108.26 
11037889000A	PORT EXP KIT,MDL	 $767.34 
11037886000A	PORT EXP MDL,10	 $608.39 
11037887000A	PORT EXP MDL,11	 $602.91 
UL092830000A	PORT SHARING DEVICE,8 RS-232 SUB CHANNELS	 $3,255.71 
11050645000A	PORT TELEPHN RECEP SGL GANG RE	 $27.95 
GL1208822000	PORT,ENTERPRISE,ADDITIONAL COMMUNICATIONS PORT	 $191.84 
11051659000A	PORTABL PLUG IN TELPHON HAN BK	 $166.56 
11051658000A	PORTABL PLUG IN TELPHON HAN RD	 $171.83 
11050644000A	PORTABLE TELE REC SGL GANG OBS	 $36.75 
79BINDER00AA	PORTFOLIO PAD,DIEBOLD,8.5 X 11,BLK	 $28.35 
WN000329400A	PORTRAIT CAMERA MAKU BLACK/WHI	 $211.27 
TP799147000A	POS APPL FILE MAINT.& MODIF. M	 $7.94 
GR808115401B	POS MEM KYBD INSERT PRT'G GUID	 $5.40 
LXNETRTPOS01	POS PORT INTFC,1 PORT	 $1,044.00 
LXNETRTPOS02	POS PORT INTFC,2 PORT	 $1,305.00 
BRP00976000A	POSITIONING MOTOR	 $0.05 
30007470000	POST	 $51.96 
30014800000	POST	 $7.29 
89026851000A	POST 17	 $8.15 
11030592000A	POST ASM-CUST #11 #12 HHM	 $74.98 
30009100040	POST CST PARA 17510,18,20,25 B	 $3.69 
30009100020	POST CST PARA 17510,18,20,25 S	 $3.69 
03001754000D	POST CUST FLAT BN 17540	 $35.55 
30009010040	POST GRD FLAT 17505 BUFF BRASS	 $20.21 
30009010020	POST GRD FLAT 17505 SATIN NICK	 $20.21 
03002355000D	POST GRD FLAT 17506,11 BUFF NI	 $3.88 
03002355000C	POST GRD FLAT 17506,11 SATIN N	 $6.32 
11031827000A	POST GRD FLAT 4440,4442 SATIN	 $9.40 
30009080010	POST GRD PARA 17510,13,25,47 B	 $2.12 
30009080040	POST GRD PARA 17510,13,25,47 B	 $2.35 
30009080020	POST GRD PARA 17510,13,25,47 S	 $2.79 
MSN3175GB00A	POST GUARD BRASS FOR 3175 LOCK	 $1.21 
11030585000A	POST GUARD HHM	 $4.11 
11033362000A	POST HEAD CST FLAT B231 SATIN	 $9.45 
11033185000A	POST HEAD GRD FLAT B201 SATIN	 $2.89 
MSN74081000A	POST KEY	 $6.56 
11033237000A	POST PARA YALE 4411C E5R 19/32	 $27.86 
11033223000A	POST PARA YALE 4511-C B2R BRAS	 $27.86 
11033197000A	POST TAIL CST B201	 $9.45 
11033361000A	POST TAIL CUST B231	 $9.45 
11033364000A	POST TAIL GRD B231	 $2.89 
MSN84786000A	POST, FLAT KEY	 $425.25 
MSN73861000A	post, guard nickel for 5700	 $15.48 
MSN3175GS00A	POST, GUARD SILVER FOR 3175	 $2.84 
MSN87702000A	POST, KEY - GUARD *S&G #4443-0	 $0.00 
MSN87703000A	POST, KEY - GUARD *S&G #4443-0	 $0.00 
MSN82421000A	POST, KEY - GUARD/FLAT BRASS	 $249.48 
MSN82420000A	POST, KEY - GUARD/FLAT NICKEL	 $0.00 
MSN82433000A	POST, KEY - GUARD/FLAT NICKEL	 $3.52 
MSN82422000A	POST, KEY NICHEL	 $2.19 
MSN73966000A	POST, KEY RENTER	 $3.70 
MSN74083000A	POST, KEY-GUARD/FLAT BRASS SVC	 $16.79 
MSN89470000A	POST,KEY-GUARD FLAT/ALUMINUM S	 $2.63 
11030630000A	POST-GUARD-HHM   -RY5002-C	 $37.76 
89026302000A	POT-200 OHMS HORIZONTAL#050C	 $7.81 
11037923000A	POWER BOARD    IKEGAMI 4224	 $375.99 
11050646000A	POWER BOSTER	 $838.59 
WN5569207216	Power cable 3.1M	 $97.52 
48020054000A	POWER CABLE ASSY *03270	 $146.48 
49212817000A	POWER CABLE,FAN,24V	 $20.64 
11050647000A	POWER CONVERTER	 $500.61 
28020338000A	POWER CORD	 $17.68 
11031455000A	POWER CORD  BELDEN 17280	 $9.92 
1750052848	Power Cord 2.5m black USA	 $11.78 
11050649000A	POWER DIST PAN INCL ENCL ON AS	 $700.88 
11050648000A	POWER DISTRI MODULE NEW NIMPR	 $378.19 
89031279064A	POWER HARNESS R	 $72.78 
19039154000A	POWER ISOLATION PCB - 5080	 $142.51 
11050650000A	POWER LIMITED LEASE LINE INTRF	 $66.98 
19036148000B	POWER LOOP INT MOD 12/24V   D1	 $69.15 
19064290000A	POWER OVER ETHERNET SURGE PROTECTION	 $129.47 
89029918000A	POWER PLUG	 $5.90 
28000956000A	POWER RAIL * 3631	 $6.70 
MSN80924000A	POWER STRIP, 6 OUTLET	 $31.55 
11050651000A	POWER STRIP-ATLAS	 $239.66 
11050653000A	POWER SUP CHGR ASSY W/MON MODU	 $1,126.78 
11050655000A	POWER SUP GRAP SUP SUPP UP TO	 $491.01 
11038052000A	POWER SUPPLY	 $87.70 
11044550000A	POWER SUPPLY	 $191.84 
11050652000A	POWER SUPPLY	 $378.24 
89031271000A	POWER SUPPLY	 $312.42 
BRPT0012000A	POWER SUPPLY	 $0.05 
NO1216500100	Power Supply	 $241.16 
TS4368864870	Power Supply	 $294.96 
11037941000A	POWER SUPPLY   PELCO #PWRUS70-	 $431.63 
89029298000A	POWER SUPPLY  120VAC 60HZ  5VD	 $83.52 
MSN79635000A	POWER SUPPLY - 12V/1.5A (RTU20	 $180.43 
29000015000A	POWER SUPPLY  282124 12V	 $431.76 
11035802000A	POWER SUPPLY  2AMP  MOOSE  42-	 $221.85 
11035889000A	Power Supply  DS9,16	 $295.97 
11038469000A	Power Supply - Gyyr	 $103.37 
NO1250000500	Power Supply - Navco DVSR	 $153.47 
11038484000A	Power Supply - Pelco	 $240.95 
NZ0000003712	POWER SUPPLY - SWITCH MODE 355W	 $767.34 
11038419000A	Power Supply 12/24 6 amp	 $248.65 
19066087000A	Power Supply 12VDC @ .75 amp	 $159.21 
11062093000A	POWER SUPPLY 12VDC 16 OUTPUTS	 $376.38 
11044698000A	POWER SUPPLY 24VAC CAMERA	 $24.34 
LX4300040640	Power Supply 24vac,60va N Amer	 $339.30 
NZ0000002547	POWER SUPPLY 28V	 $0.02 
11044703000A	POWER SUPPLY 28VAC OUTDOOR	 $57.77 
11044748000A	POWER SUPPLY 30W,BRI	 $103.46 
NZ0000001186	POWER SUPPLY 5670	 $1,918.35 
NZ0000002740	POWER SUPPLY 5670	 $0.02 
11037936000A	POWER SUPPLY 9VDC      CHUGAI	 $13.43 
11041166000A	POWER SUPPLY AL 176ILTB,28VAC	 $274.05 
11062351000A	POWER SUPPLY AL600ULACM	 $695.02 
11062330000A	POWER SUPPLY AL600ULX	 $542.50 
11038743000A	POWER SUPPLY ASSY.	 $567.00 
11038733000A	POWER SUPPLY ASSY. W/SURGE	 $657.72 
11032043000A	POWER SUPPLY BD.# 4832815	 $125.95 
11051802000A	POWER SUPPLY CAMERA 10AMP 16 O	 $679.92 
11065765000A	POWER SUPPLY FOR AXIS P1311	 $76.45 
BTC880500000	POWER SUPPLY FOR BTC     BAY 1	 $1,840.05 
BTC870500000	POWER SUPPLY FOR BTC8700 115V	 $1,840.05 
11038030000A	POWER SUPPLY FOR GYYR DQ88C	 $71.75 
19062451000A	POWER SUPPLY FOR LCD MONITOR	 $82.35 
TMEFTM12TABS	POWER SUPPLY INDEX TAB	 $0.45 
11044754000A	POWER SUPPLY NCR 7452	 $332.55 
NZ0000003046	POWER SUPPLY PC	 $263.09 
11051492000A	POWER SUPPLY RPS-2440-A	 $322.86 
11036253000A	POWER SUPPLY RS-232 DATA TEXT	 $87.70 
19039192000A	POWER SUPPLY TRANS 5070/84/85/	 $328.86 
MSN66489000A	POWER SUPPLY, 6V *AULT #5VF-06	 $91.58 
CSPSSMP50000	POWER SUPPLY, ALTRONIX SMP5	 $121.08 
11044697000A	POWER SUPPLY,120VAC INPUT 24	 $39.08 
19041822000A	POWER SUPPLY,CCA	 $42.50 
11050659000A	POWER SUPPLY/CHARGER 6 AMP	 $1,205.82 
TSN63152000A	POWER SUPPLY-CF420	 $1,084.23 
TS4365987420	POWER SUPPLY-STRAPPER,5VDC & 15VDC	 $139.28 
39017495170A	POWER SWITCH	 $54.17 
89029970000A	POWER SWITCH  12" MONITOR	 $7.83 
11036459000A	POWER SWITCH BOARD	 $65.25 
11035891000A	POWER TRANSFORMER     11-8007	 $31.66 
11040014000A	POWER/DATA CNTRL PCB	 $287.76 
11043704000A	POWERVAR WALL MOUNT	 $28.35 
11051620000A	POWR ADAP,100-240VACIN,13.5VDC	 $61.47 
NZ0000003055	PPD I/F	 $328.86 
NZ0000003056	PPD I/F	 $328.86 
19039199000A	PPD PRINTHEAD MOUNT CONN CUSHI	 $1.04 
19050068000A	PPR ROLL,THRM PRNTR,STRT-UP	 $10.14 
49216119028A	PPR SHT,RCPT	 $94.50 
00050722000A	PPR,ROLL,2.750 IN WD,10.00 IN DIA,CONS PRNTR,1X5	 $157.28 
00050488000B	PPR,ROLL,2.750 IN WD,CONS PRNTR,1X8	 $133.20 
00050488000A	PPR,ROLL,2.750 IN WD,CONS PRNTR,W/SENSE MARK,1X8	 $135.00 
00050500000A	PPR,ROLL,2.980 IN WD,JNL PRNTR,1060,1X6	 $21.38 
00050929000B	PPR,ROLL,3.000 IN WD,RCPT,2 PLY	 $7.20 
00050379000T	PPR,ROLL,3.437 IN WD,03.06 IN DIA,BLU	 $17.33 
00050379000U	PPR,ROLL,3.437 IN WD,03.06 IN DIA,BLU	 $72.00 
00050379000A	PPR,ROLL,3.469 IN WD,03.06 IN DIA	 $28.71 
00050484000B	PPR,ROLL,6.125 IN WD,CONS PRNTR,1X4	 $232.02 
00050484000A	PPR,ROLL,6.125 IN WD,CONS PRNTR,W/SENSE MARK,1X4	 $234.01 
19040047000A	PPR,ROLL,RCPT PRNTR	 $1.58 
11037376000A	PPR,ROLL,VID GRPH PRNTR	 $26.46 
19033357000A	PPR,ROLL,VID GRPH PRNTR	 $45.11 
19021199000A	PPR,THRM,04.3 IN	 $90.44 
19021198000A	PPR,THRM,08.5 IN,HRES	 $181.35 
49206847000A	PPR,VID LVL ADJMT	 $0.00 
19036345000A	PPR,VID,CLR	 $102.06 
49258377000A	PPS,WASH	 $0.86 
89030158000A	pq12rf11 ic	 $49.07 
39011997006A	PR COVER F	 $331.89 
19071268000A	PR-3000 PORTABLE RECEIVER FOR 3000 SERIES SIZE 2.5 IN X 1.25 IN X .75 IN WEIGHT 2 OZ FREQUENCY  433.92  MHZ CODE COMBINATIONS 256 ZONES 4 ALERT METHODS SILENT,VIBRATE,AND AUDIBLE MEMORY	 $141.14 
19057514000A	PRCSR,CLR QUAD	 $1,231.86 
11038085000A	PRE POSITION OPTION BOARD	 $345.69 
89029890000A	PREAMP BOARD      VSS 306	 $135.80 
890294150XXA	PREAMP BOARD  REPAIR SHOP ONLY	 $0.02 
89029415000A	PREAMP BOARD FOR 1800R # 13902	 $106.49 
11040922000A	PRE-AMP W/GRAY LEAD	 $525.99 
11033270000A	PRECUT KEY PAIR 17540 ZONE 1	 $9.94 
11033270000L	PRECUT KEY PAIR 17540 ZONE 10	 $10.36 
11033270000B	PRECUT KEY PAIR 17540 ZONE 2	 $10.36 
11033270000E	PRECUT KEY PAIR 17540 ZONE 4	 $10.36 
11033270000F	PRECUT KEY PAIR 17540 ZONE 5	 $10.36 
11033270000H	PRECUT KEY PAIR 17540 ZONE 7	 $10.36 
11033270000J	PRECUT KEY PAIR 17540 ZONE 8	 $10.36 
11033270000K	PRECUT KEY PAIR 17540 ZONE 9	 $10.36 
11033271000J	PRECUT KEY PAIR 17542 ZONE 8	 $19.00 
11033347000A	PRECUT KEY PAIR 4140 KEYCHGBLE	 $21.61 
11033273000A	PRECUT KEY PAIR HHM 61OC, CC	 $39.47 
11033368000A	PRECUT KEY PAIR-OBSOLETE LOCKS	 $29.16 
TP821423001B	PREDICTIVE MAINT USER GUIDE	 $7.20 
TP821423001D	PREDICTIVE MAINTENANCE AGENT FOR OPTEVA,VERSION 3.0,INSTALLATION AND CONFIGURATION GUIDE	 $9.00 
11038423000A	Preposition Option Board	 $345.69 
NZ0000002412	PRESENTER 5670 RA	 $6,029.10 
19039186000A	PRESENTER AC HARNESS - 5084/50	 $65.77 
NZ0000001741	Presenter assy complete	 $5,481.00 
NZ0000001735	PRESENTER BASE ASSY	 $6,029.10 
NZ0000002187	PRESENTER BASE ASSY R/A 567074	 $6,029.10 
NZ0000002780	PRESENTER CURRENCY R/A 115V	 $6,029.10 
NZ0000002913	PRESENTER ENHANCED - 5675	 $6,029.10 
NZ0000001738	PRESENTER ENHANCED RA-5675	 $2,192.40 
NZ0000001663	PRESENTER F/A	 $5,481.00 
NZ0000002089	PRESENTER MODULE F/A - 5674/56	 $6,577.20 
NZ0000002092	PRESENTER R/A	 $4,823.28 
NZ0000001664	PRESENTER R/A NEW	 $4,384.80 
NZ0000002188	PRESENTER TOP ASSY	 $3,288.60 
NZ0000001737	PRESENTER TOP ASSY F/A	 $5,426.19 
NZ0000002942	PRESENTER TOP ASSY F/A  LVDT	 $2,904.93 
NZ0000002884	PRESENTER TOP ASSY LVDT	 $5,481.00 
DR078367000B	presenter trans mod, manual	 $6.63 
NZ0000002523	PRESENTER, F/A ASSY 5670	 $0.00 
49242429000C	PRESENTER, SHORT REAR LOAD	 $861.71 
49250170000A	PRESENTER,SENSOR CABLE HARNESS	 $95.59 
49254636000A	PRESENTER,SENSOR CABLE HARNESS	 $158.13 
49207982000F	PRESENTER,SENSOR CABLE HARNESS,625 MM	 $101.43 
49207982000B	PRESENTOR,SENSOR CABLE HARNESS,860 MM	 $151.46 
11033730000A	PRESET DOOR  #6187287	 $14.55 
AA000470000F	PRESIDER SERIES ALARMS INSTALL	 $257.40 
MSN93734000A	PRESSURE FLAP TAPE	 $23.21 
11050661000A	PRESSURE OPER CONTR HEAD FENWA	 $133.74 
11033783000A	PRESSURE PAD & BRACKET  PHONE	 $0.66 
NZ0000002548	PRESSURE PLATE	 $0.02 
11032065000A	PRESSURE ROLLER	 $16.14 
89029575000A	PRESSURE ROLLER    AG6730	 $21.52 
11034355000A	Pressure roller  VSS303	 $13.57 
11035717000A	PRESSURE ROLLER ARM    1800  V	 $17.26 
89031484000A	PREVENTATIVE IDENTIFICATION LA	 $4.89 
TMMDSS22000E	PREVENTIVE MAINTENANCE (PM) PR	 $156.60 
TMMDSS22I01E	PREVENTIVE MAINTENANCE (PM) PR	 $156.60 
BUFCO298000A	PREVENTIVE MAINTENANCE UPGRADE KIT	 $2.05 
ULSWTMGR0PGM	PRGM,MGR,SW 2200 SPECTRUM	 $13,976.55 
41027069000A	PRGMR, VERAPASS NEXGGEN USB KY	 $2,430.90 
ULACT2DEMO00	PRGRM,DEMO,ACT2	 $274.05 
11065348000A	PRIMARY RATE INTERFACE	 $1,738.99 
19059143000A	PRIMER,TAPE ADH	 $4.60 
00050546000A	PRINT CARTRIDGE 1012   FIFO	 $9.45 
NZ0000003133	PRINT ENGINE CONTROL BOARD	 $274.05 
19039170000A	PRINT HEAD DRIVE SHAFT - 50XX	 $43.85 
TS4368844290	PRINT HEAD TAPE ASSB	 $1,089.69 
NZ0000001594	PRINT SENSOR	 $68.99 
TS4367167615	PRINTED CIRCT BD-DRIVER BD	 $5,194.46 
TS4368854210	PRINTED CIRCUIT BD-2ND DETECTO	 $3,334.61 
TS4367169413	PRINTED CIRCUIT BD-ANALOGUE	 $2,804.79 
TS4368853960	PRINTED CIRCUIT BD-CONN BD ARC	 $846.63 
TS4368890961	PRINTED CIRCUIT BD-CPU BD	 $1,646.82 
TS4367169361	PRINTED CIRCUIT BD-DIGITAL BD	 $3,839.86 
TS4368889660	PRINTED CIRCUIT BD-SSR BD	 $464.28 
TSN94644000A	PRINTED CIRCUIT BOARD AK3 DETECTOR	 $3,777.04 
TS4368854561	PRINTED CIRCUIT BOARD ANALOG	 $1,903.55 
TS4368854565	Printed Circuit Board PWA-B-DT	 $1,903.55 
TS4367167565	PRINTED CIRT BD-DR BDPWABBDO	 $4,566.31 
11042202000A	PRINTER	 $886.23 
NZ0000001184	PRINTER 40 COLUMN	 $1,973.16 
MSN90681000A	PRINTER ASSB. - W/SERIAL INTER	 $0.00 
TSN65609000A	PRINTER ASSEMBLY,JOURNAL	 $1,238.08 
NZ0000002415	PRINTER CABLE	 $19.73 
11050662000A	PRINTER CIRCUIT BRD W/DISPLAY	 $2,301.47 
NZ0000002053	PRINTER COMM. BD KANJI 5670/58	 $0.00 
NZ1891062444	printer comm. bd kanji 5670/58	 $0.00 
ESNA02252004	PRINTER EPSON FX880	 $849.56 
11044764000A	PRINTER EPSON W/MICR& EP; BGE	 $712.04 
NZ0000002828	printer guide asm., thrml prtr	 $54.81 
11044784000A	PRINTER ITHACA 90 SERIES	 $2,703.74 
NZ0000001296	PRINTER JOURNAL THERMAL	 $2,192.40 
29003797000A	PRINTER MECH. ADCOR CDP-200@MP	 $3,036.96 
NZ0000003051	PRINTER MECHANISM	 $438.48 
NZ0000003052	PRINTER MECHANISM	 $438.48 
BRP00008000A	PRINTER PAPER	 $0.05 
BRP00134000A	PRINTER POWER SUPPLY EPSON	 $0.05 
NZ0000002027	PRINTER RECEIPT & JOURNAL	 $3,288.60 
NZ0000001969	PRINTER RECEIPT KIT	 $986.58 
NZ0000003953	PRINTER RECEIPT TEC 5305 THERM	 $461.16 
BRP00007000A	PRINTER RIBBON -EPSON/SAMSUNG	 $0.05 
BRPT0013000A	PRINTER ROLLER AND BRACKET	 $0.05 
NZ0000001159	PRINTER STATEMENT 80 COLUMN	 $2,192.40 
BRP01003000A	PRINTER THERMAL	 $0.05 
NZ0000002210	PRINTER THERMAL STATEMENT	 $1,534.68 
TSN89838000A	PRINTER, ASM-PTR-555-115-CFCITZTOS	 $1,854.25 
NZ0000002047	PRINTER, TAKE-UP SPOOL	 $27.62 
HC200607000A	PRINTER,PROX,CABLES,V7	 $341.33 
NZ0000001258	Printer-40 Col Thermal Journal	 $2,850.12 
TMMDSS00TABC	PRINTERS (204,205) - TM-MDSS03	 $0.45 
19020268000A	PRINTHEAD NEEDLE	 $9.24 
39013156004A	PRINTHEAD RELEASE KNOB	 $1.64 
11040078000A	PRINTHEAD W/ADJUSTABLE SHIM	 $1,419.66 
BRP00829000A	PRISM X CHANNEL HI PERF	 $0.05 
NZ0000002625	privacy filter	 $274.05 
NZ0000004056	PRIVATE AUDIO HARNESS-5890	 $49.41 
11050663000A	PRM 44 RELAY MODULE	 $274.32 
19036135000A	PRNT RCVR	 $1,458.14 
19047113000A	PRNTER DYE,FILM,RE-TRANSFER,1000 IMAGES	 $254.87 
11037568000A	PRNTR & MEMORY WRISTBANB	 $2,911.30 
11037568000B	PRNTR & MEMORY WRISTBAND	 $2,911.30 
19046824000A	PRNTR CLEANING KIT,PERSONA	 $109.62 
39011390003A	PRNTR DRV	 $0.05 
19047112000A	PRNTR DYE,FILM,1000 IMAGES	 $600.17 
21017398000A	PRNTR KIT,PAPER/INK	 $75.60 
19046874000A	PRNTR,B&W,DOT MATRIX,24-PIN,NARROW CARRIAGE	 $1,712.82 
19046821000A	PRNTR,BADGE,CLR,PERSONA,81733	 $260.35 
ULACGBFDN000	PRNTR,BADGE,DBL SIDED,PERSONA C15	 $9,304.00 
ULACGBFDM000	PRNTR,BADGE,DBL SIDED,PERSONA C15,W/ENCODER	 $10,674.25 
19046815000A	PRNTR,BADGE,DBL SIDED,PERSONA-C25,81839	 $8,276.31 
19046816000A	PRNTR,BADGE,DBL SIDED,PERSONA-C25,81840	 $10,276.88 
19046819000A	PRNTR,BADGE,DUAL SIDED,820,4MB,ONE HOPPER	 $22,061.03 
19046820000A	PRNTR,BADGE,DUAL SIDED,820,4MB,W/ENCODER,ONE HOPPER	 $23,294.25 
19046817000A	PRNTR,BADGE,PROF,SGL SIDED,PRO-LX,81850	 $16,991.10 
19046818000A	PRNTR,BADGE,PROF,SGL SIDED,PRO-LX,81852	 $18,183.22 
ULACGBFSN000	PRNTR,BADGE,SGL SIDED,PERSONA C15	 $6,440.18 
ULACGBFSM000	PRNTR,BADGE,SGL SIDED,PERSONA C15,W/ENCODER	 $7,659.70 
19046813000A	PRNTR,BADGE,SGL SIDED,PERSONA-C16,85662	 $5,467.30 
19046814000A	PRNTR,BADGE,SGL SIDED,PERSONA-C16,85663	 $6,988.28 
21016920000A	PRNTR,CD,PVC,CL	 $68,609.77 
ULACGBFC0100	PRNTR,CLEANING KIT	 $123.33 
ULFARGOCLEAN	PRNTR,CLEANING KIT	 $109.62 
ULCCBP100000	PRNTR,CLR,CRD,BADGE,TYPE1	 $10,778.39 
ULCCBP200000	PRNTR,CLR,CRD,BADGE,TYPE2	 $11,701.94 
ULCCBP400000	PRNTR,CLR,CRD,BADGE,TYPE4	 $8,879.22 
ULCCBP500000	PRNTR,CLR,CRD,BADGE,TYPE5	 $13,565.48 
ULCCBP600000	PRNTR,CLR,CRD,BADGE,TYPE6	 $18,498.38 
ULCCBP700000	PRNTR,CLR,CRD,BADGE,TYPE7	 $19,731.60 
ULCCBP800000	PRNTR,CLR,CRD,BADGE,TYPE7,HIGH-DEF	 $22,198.05 
ULCCBPLW0000	PRNTR,CLR,CRD,BADGING	 $8,015.97 
ULLSRHQCPRT0	PRNTR,CLR,LASER,HIGH-QUALITY,300DPI	 $10,962.00 
19046823000A	PRNTR,CLR,RBN,FARGO 84013-820	 $465.89 
31018675000A	PRNTR,CMPTR	 $0.00 
TSN82312000A	PRNTR,ITHACA MODEL 93,RS1284 IND	 $2,001.86 
19046876000A	PRNTR,LABEL,BADGE,TEMPORARY	 $822.15 
19046875000A	PRNTR,LASERJET,10PPM,600DPI	 $2,707.61 
21017260000A	PRNTR,PVC,CLR,HI SPD	 $42,230.16 
21017259000A	PRNTR,PVC,CLR,HIGH SPEED,STACKER	 $1,535.31 
ULACGBFR0200	PRNTR,RBN,FULL COLOR,W/ 2 RESIN BLK,250 PRINTS	 $380.93 
ULACGBFR0100	PRNTR,RBN,FULL COLOR,W/RESIN BLK,250 PRINTS	 $298.72 
31018831000A	PRNTR,THRM DIR,2 IN,B/W	 $2,440.09 
31018831000B	PRNTR,THRM DIR,2 IN,B/W	 $2,440.09 
19036654000A	PRNTR,THRM,CLR	 $6,021.57 
19036654000B	PRNTR,THRM,CLR	 $11,764.12 
21017288000A	PRNTR,THRM,CLR,LO SPD,LO COERCIVITY,LV	 $9,692.42 
ULPRTHEAD000	PRNTR,THRML PRNTHD,REPL	 $1,479.87 
19036777000A	PRNTR,TURBO,MICROLINE 184	 $756.38 
21016898000A	PRNTR,VID,INK/PAPER	 $180.87 
NOUPC1010000	PRNTR,VID,PAPER	 $186.35 
NOUPC2010000	PRNTR,VID,PAPER	 $309.68 
21017395000B	PRNTR,VID,THRM	 $3,000.85 
TMMDSS00TABS	PRNTRS (956/972/957)-TM-MDSS15	 $0.45 
11034890000A	PROC INF CCA   #48 33035 REV R	 $156.60 
19049999000A	PROCESSOR 100MHZ, TYPE 6886	 $123.33 
NZ0000003079	PROCESSOR 386SX SYS ISA BD	 $1,644.30 
NZ0000001999	PROCESSOR 486SX25 MHZ	 $92.08 
NZ0062003707	processor 486sx25 mhz	 $92.08 
NZ4450607474	PROCESSOR ASM - 5674	 $1,425.06 
NZ0000003062	PROCESSOR BD	 $712.53 
19036282000A	PROCESSOR CHIP -DIAL BACKUP CA	 $18.02 
11034768000A	PROCESSOR INTERCONNECT BD #483	 $63.42 
WN007000116A	PROCESSOR P4 2.0 GHZ	 $756.00 
NZ4450613610	PROCESSOR PCB, TCM - 5675	 $4,099.79 
00051150DTSI	PROCESSOR STICKER,DIEBOLD	 $1.14 
11044768000A	PROCESSOR, CELERON 433MHZ	 $406.45 
11044742000A	PROCESSOR,HEAT SINK&FAN, NCR	 $73.90 
11050664000A	PROCO KEYBRD R/R 3' DUAL CABLE	 $52.07 
TP820316001B	PROD DESC 473X COMPTBL FEATURE	 $9.90 
41015274000Y	PROD,PWR SPLY	 $5.22 
89031044000A	PRODIGY 8206 1 DVD & MANUAL	 $24.44 
89031045000A	PRODIGY 8207 1 DVD & MANUAL	 $24.44 
11050667000A	PROGRAMMABLE RELAY MODULE	 $249.66 
11038048000A	PROGRAMMED PROM FOR DRD14D22	 $14.39 
11038282000A	Programming Cable Inovonics	 $3.83 
DMLT03050000	PROGRAMMING GUIDE,XR20	 $3.21 
DMLT01960000	PROGRAMMING GUIDE,XR200	 $4.53 
DMLT03120000	PROGRAMMING GUIDE,XR5	 $2.61 
DMLT02300000	PROGRAMMING GUIDE,XR6/XR10	 $2.62 
05000532000A	Programming Interface Tool	 $115.73 
DMLT03020000	PROGRAMMING SHEET,XR20,25 MIN.	 $0.95 
DMLT01850000	PROGRAMMING SHEET,XR200,25 MIN.	 $0.95 
DMLT02860000	PROGRAMMING SHEET,XR200,LX BUS,25 MIN.	 $0.95 
DMLT03580000	PROGRAMMING SHEET,XR200/485,25 MIN.	 $0.95 
DMLT02970000	PROGRAMMING SHEET,XR5,25 MIN.	 $0.15 
DMLT02120000	PROGRAMMING SHEET,XR6/XR10,25 MIN.	 $0.17 
19025344000A	PROJECTOR 60HZ	 $2,589.75 
11038014000A	PROM         GYYR 5232	 $23.38 
89029849000A	PROM       8201720	 $71.37 
89029901000A	PROM      8201640	 $7.79 
89029902000A	PROM     8201655	 $73.22 
89029853000A	PROM    8200715  REV B	 $68.52 
11035723000A	PROM   VSS 303 / S10   # 82003	 $59.31 
11035726000A	PROM   VSS 310/S10 MP  # 82009	 $27.41 
19052369000A	PROM  KIT,NIA TCP/IP,UDP,  TOKEN-RING	 $0.00 
11036252000A	PROM  MICROPROCESSOR  VSS-305	 $68.52 
DMXR20010800	Prom # XR200108	 $8.23 
19041441000A	PROM #1, EXP DEL V2.40	 $202.23 
19042256000A	PROM #2, EXP DEL V2.50	 $202.23 
19042258000A	PROM #4, EXP DEL V2.50	 $202.23 
89030015000A	prom 8201895	 $57.56 
19042034000A	PROM EXPRESS DELIVERY	 $202.23 
89029839000A	PROM IC111    DIGISCAN   #8200	 $68.52 
19018864000A	PROM KIT DSB CARD READER	 $183.60 
19024746000B	PROM KIT ISM 3275 IBCDIC (BYSY	 $10.45 
19024555000B	PROM KIT ISM TC-500 PROTOCOL	 $2.11 
19024488000B	PROM KIT MPS PROTOCOL PROM YAC	 $11.66 
19037365000B	PROM KIT, ST DIAL BACKUP BYSYN	 $33.38 
19037963000A	PROM KIT,2/4 HI FRICT DI XPRTR/PRSNTR	 $202.23 
29005431056A	PROM KIT,ACT 1080,RLSE 9.XX	 $78.30 
29005431053A	PROM KIT,ACT 1091,RLSE 5.XX	 $78.30 
29005431054A	PROM KIT,ACT 1091,RLSE 5.XX/128	 $191.84 
19052482000A	PROM KIT,BIOS,PCI LCD CNTRLR,LVDS	 $236.25 
19052320000A	PROM KIT,CKI,11 MHZ,SPCL,NCR STYLE,NO DEC	 $236.25 
19037631000A	PROM KIT,CONS PRNTR,35 COL(956)	 $202.23 
19052158000A	PROM KIT,DIAL BACKUP MODEM FIRMWARE (ETA 1.7)	 $7.33 
19024261000A	PROM KIT,DSB,EXTL OPTN MDL	 $202.23 
19024469000A	PROM KIT,DSB,KYBD BEEPER & FACIA CNTRL	 $202.23 
19018803000A	PROM KIT,DSB,STMNT PRNTR	 $183.60 
19024979000A	PROM KIT,DSB,STMT PRNTR	 $202.23 
19052322000A	PROM KIT,ECKI,SPCL,NCR STYLE,NO DEC	 $236.25 
00101071000A	PROM KIT,EXP DLVY	 $225.00 
19052084000A	PROM KIT,IOM 3.0 B OF A SPCL	 $202.23 
19052089000A	PROM KIT,IOM FAULT DET	 $45.95 
19024746000A	PROM KIT,ISM,3275 EBCDIC	 $158.76 
19024489000A	PROM KIT,ISM,DEFAULT CNFGR	 $84.80 
19024554000A	PROM KIT,ISM,SDLC PROTOCOL	 $37.47 
19024555000A	PROM KIT,ISM,TC500 PROTOCOL	 $158.76 
00105538000F	PROM KIT,JNL PRNTR,IX,GR	 $19.13 
00105538000C	PROM KIT,JNL PRNTR,IX,TUR	 $236.25 
19052318000A	PROM KIT,KYBD,SPCL,NCR STYLE,NO DEC	 $236.25 
19052416000A	PROM KIT,MDS NATWEST DEPOSITO	 $0.00 
00100457100A	PROM KIT,MDS STP 911,LOOP	 $202.23 
00100457200A	PROM KIT,MDS,STP,LOOP 912 EMULATION	 $202.23 
19052098000A	PROM KIT,MMD IBM 473X EMLTN	 $202.23 
19017852000A	PROM KIT,MPS TLPRNTR,96 LOCAL,DMM	 $116.05 
19019100000A	PROM KIT,MPS,CRT CNTRL	 $75.26 
19018576000A	PROM KIT,MST 30,MPS 1020	 $59.38 
19024747000A	PROM KIT,MST,3275 EBCDIC	 $59.34 
19024703000A	PROM KIT,MST,3275E	 $243.00 
19037361000A	PROM KIT,MST,3275E,DBU,MSK	 $46.52 
19037203000A	PROM KIT,MST,3275E,W/MSK	 $633.15 
19018762000A	PROM KIT,MST,AOB,TRANSPONDER CNTRLR	 $183.60 
19024528000A	PROM KIT,MST,MPS 1020 PROTOCOL	 $63.41 
19024700000A	PROM KIT,MST,MPS1020	 $255.15 
19024205000A	PROM KIT,MST,SDLC	 $59.14 
19024701000A	PROM KIT,MST,SDLC/SNA	 $131.27 
19037359000A	PROM KIT,MST,SDLC/SNA,DBU,MSK	 $46.52 
19037201000A	PROM KIT,MST,SDLC/SNA,W/MSK	 $633.15 
19024699000A	PROM KIT,MST,STALN	 $306.18 
19037204000A	PROM KIT,MST,STANDALONE,W/MSK	 $255.15 
19024615000A	PROM KIT,MST,TC500	 $92.96 
19024702000A	PROM KIT,MST,TC500	 $255.15 
19037360000A	PROM KIT,MST,TC500,DBU,MSK	 $46.52 
11040121000A	PROM KIT,MST,VER.7.4,BISYNC	 $54.81 
11040119000A	PROM KIT,MST,VER.7.4,TC500	 $91.78 
19024358000A	PROM KIT,MST20E,DEFAULT,CNFGR	 $13.52 
19018785000A	PROM KIT,MST30,MPS1020,REL2	 $47.89 
19024539000A	PROM KIT,MST30E,DEFAULT,CNFGR	 $31.79 
11040108000A	PROM KIT,PRESIDER E8.0.1-2X	 $74.00 
19037638000A	PROM KIT,PRESIDER,IOM	 $160.65 
00101472000J	PROM KIT,PRNTR,JNL,IX IBM KOREA	 $38.78 
19035378000A	PROM KIT,PRSNTR CNTRL FR MW	 $202.23 
19037004000A	PROM KIT,RUI,3275E	 $183.60 
19037002000A	PROM KIT,RUI,SDLC/SNA	 $192.78 
19037003000A	PROM KIT,RUI,TC500	 $56.99 
19037366000B	PROM KIT,ST DIAL BACKUP  T C50	 $33.38 
19037365000A	PROM KIT,ST DIAL BACKUP BYSYNC	 $192.78 
19037364000A	PROM KIT,ST DIAL BACKUP SDLC	 $192.78 
19037364000B	PROM KIT,ST DIAL BACKUP SDLC	 $35.05 
19037366000A	PROM KIT,ST DIAL BACKUP TC500	 $192.78 
00100463100N	PROM KIT,STP 911,EMG TC500 DIALUP PROTOCOL	 $202.23 
19017574000A	PROM KIT,TMR/SCHEDLR MOD.	 $149.17 
19024985000A	PROM KIT,VID VND,SAL CNTRLR	 $12.60 
89030088000A	Prom Kit-VSS305 w\Field Sync	 $95.92 
19041338000A	PROM MDS MMD 1060	 $202.23 
19042133000A	PROM MMD 1 MEG 3 HI ROTATE FIX	 $202.23 
19042134000A	PROM MMD 2 MEG 3 HI ROTATE FIX	 $202.23 
19041399000A	PROM MMD 2 Meg Std	 $202.23 
19042196000A	PROM MMD EXPRESS DELIVERY	 $202.23 
19041981000A	PROM MMD MEXICO TEST NOTE SPECIAL	 $202.23 
19041983000A	PROM MMD Security Note/Coupon 1 Meg Prom	 $202.23 
DMXR200101S0	prom xr200101s	 $8.23 
19041332000A	PROM,  MDS MMD CASH SOURCE PLUS	 $202.23 
19065884000A	PROM,  MMD, 1 MEG, STD 4HI PRSNTR SOUTH AFRICA	 $202.23 
19042045000A	PROM, ACM	 $202.23 
19042094000A	PROM, ACM	 $225.00 
19042095000A	PROM, ECKI	 $202.23 
19041136000A	PROM, EP	 $202.23 
29011485000A	PROM, GIE-CB, KYOTO	 $202.23 
190419840XXE	PROM, IDM (8BC4)	 $0.05 
19041984000G	PROM, IDM III	 $202.23 
190599430XXA	PROM, MMD 2 MG	 $0.05 
19042270000A	PROM, MMD, 1 Meg, ASCOM	 $202.23 
19059950000A	PROM, MMD, 1 MEG, SCRTY/COUPON	 $202.23 
19042267000A	PROM, MMD, 1 Meg, Thailand	 $202.23 
19043647000A	PROM, MMD, 1MEG, SECURITY/COUPON	 $202.23 
19046734000A	PROM, MMD, 1MEG, THAILAND	 $202.23 
190599440XXA	PROM, MMD, 2 MEG	 $0.05 
19042272000A	PROM, MMD, 2 Meg, ASCOM, PLCC	 $202.23 
19058247000A	PROM, MMD, 2 MEG, ENCRYPT	 $202.23 
19058248000A	PROM, MMD, 2 MEG, ENCRYPT, PLCC	 $202.23 
19047763000A	PROM, MMD, 2 MEG, OEM	 $202.23 
19059951000A	PROM, MMD, 2 MEG, SCRTY/COUPON	 $202.23 
19059952000A	PROM, MMD, 2 MEG, SCRTY/COUPON, PLCC	 $202.23 
19067447000A	PROM, MMD, 2 MEG, SPECIAL, CROATIA	 $47.71 
19067448000A	PROM, MMD, 2 MEG, SPECIAL, PLCC, CROATIA	 $47.71 
19049302000A	PROM, MMD, 2 MEG, STD	 $236.25 
19065885000A	PROM, MMD, 2 MEG, STD SOUTH AFRICA	 $202.23 
19065886000A	PROM, MMD, 2 MEG, STD, PLCC SOUTH AFRICA	 $202.23 
19042268000A	PROM, MMD, 2 Meg, Thailand	 $202.23 
19046667000A	PROM, MMD, 2 MEG, THAILAND	 $202.23 
19042269000A	PROM, MMD, 2 Meg, Thailand, PLCC	 $202.23 
19046666000A	PROM, MMD, 2 MEG, THAILAND, PLCC	 $202.23 
19043649000A	PROM, MMD, 2MEG, SECURITY COUPON, PLCC	 $202.23 
19043648000A	PROM, MMD, 2MEG, SECURITY/COUPON	 $202.23 
19056637000A	PROM, MMD, ASCOM 6 HI, 24V	 $236.25 
19042303000A	PROM, MMD, ASCOM, 6 HI, 24V	 $202.23 
19067446000A	PROM, MMD, CROATIA, 1 MEG, SPECIAL	 $47.71 
19042302000A	PROM, MMD, EXPRESS DELIVERY	 $202.23 
19047773000A	PROM, MMD, EXPRESS DELIVERY	 $202.23 
19058249000A	PROM, MMD, W/ASIC ADPTR, ENC	 $202.23 
19059945000A	PROM, MMD, W/ASIC ADPTR, STD	 $202.23 
19042271000A	PROM, MMMD, 2 Meg, ASCOM	 $202.23 
19017442000A	PROM, PUB15	 $29.43 
19019120000A	PROM, PUE15	 $23.76 
19041773000A	PROM, ROLLED COIN DISPENSER,ENHANCED	 $202.23 
19019400000A	PROM, RUE15	 $17.62 
19041150000A	PROM, STD. DEPOSITOR	 $202.23 
19033382000A	PROM,A0303/1/2	 $202.23 
19042304000A	PROM,ACM	 $43.98 
19041751000A	PROM,ACM,SPCL,GR KYBD	 $22.50 
19050155000A	PROM,AXIOHM,BRBCS016,CNTRLR CCA	 $202.23 
19042249000B	PROM,BIOS,RAGE IIC,VER 61803-103	 $0.95 
19024355000A	PROM,CAC01	 $202.23 
19024541000A	PROM,CAE01	 $104.40 
19050157000A	PROM,CD RDR,MTZ,GATE DET,W/CHIP STA	 $202.23 
19042003000E	PROM,CD RDR,MTZ,UNIV,HICO	 $202.23 
19042003000S	PROM,CD RDR,MTZ,UNIV,HICO	 $202.23 
19042003000H	PROM,CD RDR,MTZ,UNIV,LOCO	 $43.98 
19041171000A	PROM,CONS PRNTR,35 COL(1245)	 $202.23 
190419160XXA	PROM,CONS PRNTR,35 COL(1245)	 $0.05 
19041173000A	PROM,CONS PRNTR,35 COL(956)	 $202.23 
19041917000A	PROM,CONS PRNTR,35 COL(956)	 $202.23 
19024515000A	PROM,DAB01	 $29.00 
190419900XXA	PROM,DEP A	 $0.05 
19042223000A	PROM,DEP A	 $202.23 
19041991000C	PROM,DEP B	 $202.23 
190419910XXB	PROM,DEP B	 $0.05 
190419910XXC	PROM,DEP B	 $0.05 
19042224000A	PROM,DEP B,SPCL	 $202.23 
19041456000A	PROM,DEPOSITOR,MACH MOD 4731/38/39-B/P	 $202.23 
19050151000A	PROM,DSB,EPSON JNL PRNTR	 $202.23 
19056780000A	PROM,FLASH,IDM5	 $15.14 
19042829000B	PROM,FPGA,IDM4	 $58.81 
19041984000F	PROM,IDM III	 $202.23 
19041984000D	PROM,IDM-III	 $202.23 
190419840XXD	PROM,IDM-III (Seville)	 $0.05 
19041984000E	PROM,IDM-III,(8BC4)	 $202.23 
19041187000A	PROM,JNL PRNTR,EPSON 518T(1246),PPR OUT/JAM DET	 $202.23 
19037967000A	PROM,KIT,C25 COML VAT FRMW CV0160	 $60.83 
19042336000A	PROM,MBC,SECUROMATIC	 $202.23 
19041181000A	PROM,MDS JNL PRNTR,EPSON 518T(957)	 $202.23 
19065410000A	PROM,MMD 1 MEG,STD 4HI PRSNTR	 $47.71 
190420430XXA	PROM,MMD W/ASIC ADPTR, (REWORK	 $0.05 
19042233000A	PROM,MMD,1 MEG,STD,4 HI PRSNTR	 $202.23 
19042367000A	PROM,MMD,2 Meg, OEM	 $202.23 
19054947000A	PROM,MMD,2 Meg, Security/Coupon	 $202.23 
190422380XXA	PROM,MMD,2 MEG,ENCRYPT,PLCC,**	 $0.05 
19042368000A	PROM,MMD,2 MEG,OEM,PLCC	 $202.23 
19065411000A	PROM,MMD,2 MEG,STD	 $47.71 
190422370XXA	PROM,MMD,2 MEG,STD,PLCC(SEV US	 $0.05 
19042338000A	PROM,MMD,ASCOM 6 HI,24V	 $202.23 
190423020XXA	PROM,MMD,ASCOM,6 HI, 24V (SEV)	 $0.05 
19041571000A	PROM,MMD,ENC  ENC PRESENTER	 $202.23 
19042136000A	PROM,MMD,ENC,PLCC	 $202.23 
19049577000A	PROM,MMD,EXPRESS DELIVERY	 $202.23 
190422330XXA	PROM,MMD,I MEG,STD,(SUPPORT)	 $0.05 
19021492000A	PROM,MST XPONDR CNTRLR	 $30.89 
19033380000A	PROM,P0103/1/2	 $202.23 
19033381000A	PROM,P0103/2/2	 $202.23 
19041455000A	PROM,PICCOLO PRINTER,MACH MOD 4731/38/39-B/P	 $202.23 
19041714000A	PROM,PPM,5811	 $202.23 
19041362000A	PROM,PPM/IDM-II	 $202.23 
19041912000C	PROM,PPM/IDM-II	 $202.23 
00101471000E	PROM,PRNTR RCPT,IX,CYRILLIC	 $38.78 
19041172000A	PROM,PRNTR,CONS,80 COL	 $202.23 
11037295000A	PROM,PRNTR,DVT	 $342.57 
19041191000A	PROM,PRNTR,JNL,I,473X EMLTN	 $202.23 
00101023002A	PROM,PRNTR,JNL,I,ARAB,AC02	 $236.25 
19041195000A	PROM,PRNTR,JNL,IX,473X EMLTN	 $202.23 
00101472000K	PROM,PRNTR,JNL,IX,CP850	 $202.23 
00101471000B	PROM,PRNTR,RCPT,40 COL,HEB	 $38.78 
00101471000C	PROM,PRNTR,RCPT,40 COL,TUR	 $38.78 
19041189000A	PROM,PRNTR,RCPT,I,473X EMLTN	 $202.23 
00101022002A	PROM,PRNTR,RCPT,I,ARAB,AC02	 $236.25 
00101471000J	PROM,PRNTR,RCPT,IX IBM KOREA	 $38.78 
19041193000A	PROM,PRNTR,RCPT,IX,473X EMLTN	 $202.23 
00101471000A	PROM,PRNTR,RCPT,IX,ARAB	 $202.23 
00101471002A	PROM,PRNTR,RCPT,IX,ARAB,AC02	 $38.78 
00101471000K	PROM,PRNTR,RCPT,IX,CP850	 $202.23 
00101471000F	PROM,PRNTR,RCPT,IX,GR	 $38.78 
00101471000D	PROM,PRNTR,RCPT,IX,HUN	 $202.23 
00101471000L	PROM,PRNTR,RCPT,IX,KAZAKH	 $38.78 
00101471000H	PROM,PRNTR,RCPT,IX,LITHUANIAN	 $202.23 
00101471000G	PROM,PRNTR,RCPT,IX,PORT	 $38.78 
00101334000A	PROM,PRNTRS (1245/1246),473X EMLTN	 $202.23 
19041277000B	PROM,PROVISOR	 $202.23 
19041277000C	PROM,PROVISOR	 $202.23 
00101471001A	PROM,PRTR,RCPT,ix,ARAB SCRIPT	 $202.23 
19024512000A	PROM,QJW01	 $202.23 
19024536000A	PROM,QJY01	 $202.23 
19024567000A	PROM,QKC01	 $202.23 
19024578000A	PROM,QKF01	 $202.23 
19024937000A	PROM,QKV01	 $202.23 
19024998000A	PROM,QLA01	 $202.23 
19037348000A	PROM,QLY01	 $202.23 
19037475000A	PROM,QMP01	 $202.23 
19037493000A	PROM,QMQ01	 $202.23 
19037495000A	PROM,QMR01	 $202.23 
19037523000A	PROM,QMS01	 $202.23 
19037862000A	PROM,QNC01	 $202.23 
19037873000A	PROM,QND01	 $202.23 
19052023000A	PROM,QNN01	 $202.23 
19052280000A	PROM,QNS01	 $202.23 
19052317000A	PROM,QNT01	 $202.23 
19052319000A	PROM,QNU01	 $202.23 
19052445000A	PROM,QNW01	 $202.23 
19035402000A	PROM,RIC/E,ZM17	 $202.23 
19041460000A	PROM,ROLLED COIN DISPENSER	 $202.23 
19042111000A	PROM,ROLLED COIN DISPR,ENH CAP	 $202.23 
19042145000A	PROM,ROLLED COIN DISPR,FOUR DISPR,ENH	 $0.00 
19041987000B	PROM,SCNR INTFC,IDM III,MCU	 $202.23 
19042011000A	PROM,STMT PRNTR,DH PRINT	 $202.23 
19018939000A	PROM,UAE01	 $202.23 
19037886000A	PROM,UAQ02	 $202.23 
19037035000A	PROM,UBN01	 $202.23 
19037846000A	PROM,UCC01	 $202.23 
19037885000A	PROM,UCF01	 $202.23 
19037900000A	PROM,UCG01	 $202.23 
19037929000A	PROM,UCI01	 $202.23 
19037931000A	PROM,UCJ01	 $202.23 
19037945000A	PROM,UCN01	 $202.23 
19052124000A	PROM,UCU01	 $202.23 
19052252000A	PROM,UCY01	 $202.23 
19052254000A	PROM,UCZ01	 $202.23 
19052282000A	PROM,UDA01	 $202.23 
19052343000A	PROM,UDB01	 $202.23 
19052495000A	PROM,UDF01	 $202.23 
19024837000A	PROM,VAH01	 $151.20 
19024184000A	PROM,VAH02	 $24.66 
19037977000A	PROM,VBR01	 $60.83 
19024900000A	PROM,XAS04	 $202.23 
19037386000A	PROM,XB004	 $202.23 
19037172000A	PROM,XBA04	 $202.23 
19037384000A	PROM,XBN04	 $202.23 
19037387000A	PROM,XBR04	 $202.23 
19037388000A	PROM,XBS04	 $202.23 
19037461000A	PROM,XCC04	 $202.23 
19037462000A	PROM,XCD04	 $202.23 
19037463000A	PROM,XCE04	 $202.23 
19037464000A	PROM,XCF04	 $202.23 
19037466000A	PROM,XCH04	 $202.23 
19037467000A	PROM,XCI04	 $202.23 
19037468000A	PROM,XCJ04	 $202.23 
19024372000A	PROM,XCL01	 $153.00 
19037473000A	PROM,XCM04	 $202.23 
19037477000A	PROM,XCN04	 $202.23 
19024892000A	PROM,XCR02	 $54.54 
19037481000A	PROM,XCS04	 $202.23 
19024908000A	PROM,XCT02	 $202.23 
19037048000A	PROM,XDB02	 $202.23 
19024669000A	PROM,XDJ01	 $183.60 
19037170000A	PROM,XDJ02	 $202.23 
19037181000A	PROM,XDK02	 $202.23 
19037183000A	PROM,XDL02	 $202.23 
19037679000A	PROM,XDP04	 $202.23 
19037681000A	PROM,XDQ04	 $202.23 
19037296000A	PROM,XDU02	 $202.23 
19037691000A	PROM,XDV04	 $202.23 
19024522000A	PROM,XDZ03	 $202.23 
19037702000A	PROM,XDZ04	 $202.23 
19037370000A	PROM,XEB02	 $202.23 
19024897000A	PROM,XEF01	 $202.23 
19037450000A	PROM,XEG02	 $202.23 
19037459000A	PROM,XEJ02	 $202.23 
19037469000A	PROM,XEK02	 $202.23 
19037474000A	PROM,XEL02	 $202.23 
19024624000A	PROM,XEL03	 $202.23 
19037484000A	PROM,XEM02	 $202.23 
19037047000A	PROM,XER01	 $202.23 
19037675000A	PROM,XER02	 $202.23 
19037696000A	PROM,XES02	 $202.23 
19037727000A	PROM,XEU02	 $202.23 
19037164000A	PROM,XEX01	 $202.23 
19037169000A	PROM,XEY01	 $202.23 
19037969000A	PROM,XFA02	 $202.23 
19037856000A	PROM,XFB04	 $202.23 
19024689000A	PROM,XFG03	 $54.54 
19037295000A	PROM,XFH01	 $202.23 
19037971000A	PROM,XFH04	 $202.23 
19037337000A	PROM,XFM01	 $202.23 
19052051000A	PROM,XFN04	 $202.23 
19052059000A	PROM,XFT04	 $202.23 
19024791000A	PROM,XFU03	 $202.23 
19052060000A	PROM,XFU04	 $202.23 
19052294000A	PROM,XFV02	 $202.23 
19052061000A	PROM,XFV04	 $202.23 
19052333000A	PROM,XFY02	 $202.23 
19052342000A	PROM,XFZ02	 $202.23 
19052065000A	PROM,XFZ04	 $202.23 
19052351000A	PROM,XGA02	 $202.23 
19052066000A	PROM,XGA04	 $202.23 
19052354000A	PROM,XGB02	 $202.23 
19037448000A	PROM,XGD01	 $202.23 
19052135000A	PROM,XGD04	 $202.23 
19037451000A	PROM,XGE01	 $202.23 
19052433000A	PROM,XGE02	 $202.23 
19052437000A	PROM,XGF02	 $202.23 
19052451000A	PROM,XGG02	 $202.23 
19037674000A	PROM,XGK01	 $202.23 
19037695000A	PROM,XGL01	 $222.96 
19024902000A	PROM,XGT03	 $202.23 
19037844000A	PROM,XGV01	 $202.23 
19037865000A	PROM,XGY01	 $202.23 
19052245000A	PROM,XGZ04	 $202.23 
19052296000A	PROM,XHB04	 $202.23 
19037930000A	PROM,XHC01	 $202.23 
19037968000A	PROM,XHH01	 $202.23 
19052332000A	PROM,XHJ04	 $202.23 
19052032000A	PROM,XHK01	 $202.23 
19052056000A	PROM,XHM01	 $202.23 
19052337000A	PROM,XHN04	 $202.23 
19052338000A	PROM,XHP04	 $202.23 
19052339000A	PROM,XHQ04	 $202.23 
19052340000A	PROM,XHR04	 $202.23 
19052123000A	PROM,XHS01	 $202.23 
19052341000A	PROM,XHS04	 $202.23 
19052353000A	PROM,XHT04	 $202.23 
19052146000A	PROM,XHV01	 $202.23 
19037054000A	PROM,XHW03	 $202.23 
19052434000A	PROM,XHX04	 $202.23 
19052435000A	PROM,XHY04	 $202.23 
19052436000A	PROM,XHZ04	 $202.23 
19052253000A	PROM,XIB01	 $202.23 
19052293000A	PROM,XIG01	 $202.23 
19052302000A	PROM,XII01	 $202.23 
19052350000A	PROM,XIJ01	 $202.23 
19052359000A	PROM,XIK01	 $202.23 
19037179000A	PROM,XJA03	 $202.23 
19037180000A	PROM,XJB03	 $202.23 
19037298000A	PROM,XKJ03	 $202.23 
19037302000A	PROM,XKL03	 $202.23 
19024828000A	PROM,YAI01	 $28.62 
19037006000A	PROM,YAJ02	 $28.62 
19037007000A	PROM,YAJ03	 $28.62 
19037078000A	PROM,YAL01	 $202.23 
19037195000A	PROM,YAM01	 $202.23 
19037595000A	PROM,YAR01	 $202.23 
19052077000A	PROM,YAY01	 $5.78 
19037575000A	PROM,YAZ03	 $274.05 
19052080000A	PROM,YBB01	 $202.23 
19052105000A	PROM,YLP01	 $202.23 
19052314000A	PROM,YLZ01	 $202.23 
19052397000A	PROM,YME01	 $202.23 
19052470000A	PROM,YMI01	 $202.23 
19052498000A	PROM,YMM01	 $202.23 
19037460000A	PROM,YPC03	 $202.23 
19037470000A	PROM,YPD03	 $202.23 
19037628000A	PROM,YPG03	 $202.23 
19037970000A	PROM,YPP03	 $202.23 
19052058000A	PROM,YPS03	 $202.23 
19052216000A	PROM,YPX03	 $202.23 
19052352000A	PROM,YPZ03	 $202.23 
19037877000A	PROM,YSB01	 $202.23 
19052449000A	PROM,YSJ01,PRESIDER V1.1.1	 $65.41 
19037911000A	PROM,YVA01	 $202.23 
19037920000A	PROM,YVC01	 $202.23 
19037922000A	PROM,YVD01	 $202.23 
19037926000A	PROM,YVE01	 $202.23 
19037996000A	PROM,YVJ01	 $202.23 
19052002000A	PROM,YVQ01	 $202.23 
19052005000A	PROM,YVT01	 $202.23 
19052006000A	PROM,YVU01	 $202.23 
19052039000A	PROM,YVZ01	 $202.23 
19052127000A	PROM,YWB01	 $202.23 
19052197000A	PROM,YWE01	 $202.23 
19052257000A	PROM,YWG01	 $202.23 
19052258000A	PROM,YWH01	 $202.23 
19052270000A	PROM,YWL01	 $202.23 
19052288000A	PROM,YWM01	 $202.23 
19052306000A	PROM,YWR01	 $202.23 
19052307000A	PROM,YWS01	 $202.23 
19052321000A	PROM,YWT01	 $202.23 
19052357000A	PROM,YWV01	 $202.23 
19052399000A	PROM.YUK01	 $0.00 
BUIB1659000F	PROPER USE OF A SECURE USB DEVICE	 $3.32 
29010869000A	PROT CAP,DIP MLD,BLU,M 019.05 X 025.40 X 001.57	 $0.95 
49250194000A	PROT CAP,VINYL,BLUE	 $1.51 
29009155000A	PROT CAP,VINYL,DIP MLD,BLK,0.172 ID X 0.500	 $0.06 
29010004000B	PROT CAP,VINYL,DIP MLD,BLK,0.812 X 0.78 X 0.062	 $1.33 
29014566000A	PROT CAP,VINYL,DIP MLD,BLU, 0.31 X 0.40 X 0.05	 $1.31 
49016718000A	PROT CAP,VINYL,DIP MLD,BLU, 65.5 X 14.5 X 1.5 MM	 $0.84 
19035410000A	PROT CAP,VINYL,DIP MLD,BLU,0.375 X 0.40 X 0.070	 $0.16 
19035193000A	PROT CAP,VINYL,DIP MLD,BLU,0.630 X 0.75 X 0.062	 $0.45 
19038462000A	PROT CAP,VINYL,DIP MLD,BLU,0.750 X 0.75 X 0.050	 $1.69 
29010004000A	PROT CAP,VINYL,DIP MLD,BLU,0.812 X 0.778 X 0.062	 $0.47 
29013019000A	PROT CAP,VINYL,DIP MLD,CLEAR,0.750 X 0.25 X 0.050	 $0.76 
19021360000A	PROT CAP,VINYL,DIP MLD,ORN,0.343 ID X 0.312	 $0.28 
18000898000A	PROT PLATE	 $3.92 
MONS56080000	PROTECTALL ECONOMY LINE     CA	 $24.44 
AA000430TABD	PROTECTING SAFES & CHESTS INDE	 $0.45 
11042216000A	PROTECTION BOX FOR MOTOR	 $136.56 
11042282000A	PROTECTION FOR DIRT	 $91.22 
4924441700DL	PROTECTIVE COVER, FRONT COVER ASSY, SECURE CARD READER	 $30.34 
NZ4450574820	PROTECTIVE EDGING	 $3.69 
MSN90916000A	PROTECTOR	 $8.46 
11030667000A	PROTECTOR PLATE - TOP - HHM	 $1.42 
11051803000A	PROTEUS RECVR GE SECURITY/FIBR	 $851.63 
BRP00234000A	PROTO 3/4 DEEP SOCKET 5024H	 $0.05 
BRP00058000A	PROTO 7/16 DEEP SOCKET 5014	 $0.05 
BRP00057000A	PROTO CHALLENGER RATCHET 1260	 $0.05 
31018186000B	PROTOCOL CONVERTER	 $1,289.34 
11040765000A	PROX CARD IS30 JOHN D.09-26318	 $10.44 
11040766000A	PROX CARD ISO JOHN D.09-263-19	 $5.90 
19036671000A	PROX CD,SECURESTAT CA-1610	 $54.35 
11050668000A	PROX CRD 26-BIT LAB W/WIEG CD	 $127.04 
11050669000A	PROX PRO LI CARD READER	 $334.37 
DMPR53550000	Prox Pro Reader	 $491.37 
19055231000A	PROX WAFER,ADH BACKING,1IN DIA,QTY 50	 $8.04 
ULPROXKEYII0	PROX,KEYFOB,HID	 $9.19 
19053040000A	PROXIMITY LR	 $348.05 
19053041000A	PROXIMITY SUPERVISED LR	 $353.53 
41015274000S	PRPHL CARR,03.50 IN	 $36.54 
00051242000A	PRR 9074 76MM X 200MM,TOF,1X6	 $23.39 
11043051000A	PRSCR,CPU,1.2GHZ	 $232.64 
19047742000A	PRSCR,CPU,2.4GHZ	 $904.37 
ULA60310000A	PRSCR,SPARE,MTD,ICID PLATE	 $2,000.57 
19047037000A	PRSCR,SPARE,RTU 175C,AC/CIM	 $1,726.52 
19047038000A	PRSCR,SPARE,RTU 175C,AC/FIM	 $1,726.52 
19047040000A	PRSCR,SPARE,RTU-180	 $1,301.74 
ULB70410000A	PRSCR,W/FIM ACS CNTRL FRMW	 $1,644.30 
41015529000A	PRSDR,RCD	 $562.88 
NZ0000003423	PRTR RCPT THERMAL W/XPORT 5877	 $3,617.46 
41017363000C	PRV HNDST,EXTERIOR	 $1,330.72 
41017358000A	PRV HNDST,INTR,WALL MT	 $3,698.55 
11065018000A	PS DUAL RANGE HARNESSED 2A	 $575.51 
11065019000A	PS DUAL RANGE HARNESSED 5A	 $712.53 
11044776000A	PS EPSON TM H6000	 $213.94 
11051806000A	PS, 24V 10 AMP, SECURITRON	 $1,324.54 
11051807000A	PS, 24V 6 AM, SECURITRON	 $1,081.07 
11044738000A	PS; BRICK 30W S10	 $130.65 
11050672000A	PS4B	 $41.11 
11050673000A	PS5A	 $282.00 
11050674000A	PS6 EST QUICKSTART POWER SUPPL	 $596.30 
11065039000A	PS6 POWER SUPPLY	 $705.68 
11050675000A	PSD 7157 ADVC PHOTELEC SMOK DE	 $103.51 
11048611000A	PSION TEKLOGIX 7525S-G1 HDSTR	 $95.92 
11048614000A	PSION TEKLOGIX BATTRY-HI CAPAC	 $397.38 
11048613000A	PSION TEKLOGIX DOCKING STATION	 $356.27 
11048612000A	PSION TEKLOGIX NYLN PUCH 7525S	 $205.54 
MSN74103000A	PST KEY-GUARD(FLAT-BRASS_	 $69.75 
11065301000A	PSU, 12VDC, 5.2AMP	 $133.43 
BRPT0006300A	PT0006-3 PCB,CNTRL PANEL(W/TUB	 $0.05 
BRPT0007300A	PT0007-3 PCB,CNTRL PANEL(W/NO	 $0.05 
BRPT0008300A	PT0008-3 PCB, DISTRIBUTION	 $0.05 
BRPT0019000A	PT0019 DIPSTICK KIT (PK OF 4)	 $0.05 
BRPT0020000A	PT0020 TIMING DISK KIT(PK OF 4	 $0.05 
BRPT0021000A	PT0021 SENSOR KIT VEND(PK OF 2	 $0.05 
BRPT0022000A	PT0022 SOLENOID,TUBE LOADING G	 $0.05 
11050677000A	PTX12	 $1,987.41 
19057350000A	PTZ,INTERIOR	 $2,788.33 
11051557000A	PTZ-CAMERA	 $2,392.46 
19058159000B	PUBLIC VIEW SYS,MON,LCD,20 IN,CAMR,WDR CLR,3.8-9.5MM,CRD RDR,WHT	 $3,562.65 
12001581000A	PULL HANDLE	 $8.74 
21020404000A	PULL HANDLE	 $39.51 
41019194000A	PULL HANDLE	 $178.99 
11031501000A	PULL HANDLE DIAL PLATE   1776	 $38.57 
17010153000B	PULL HANDLE W/-3/4" BACK PLATE	 $20.73 
41027153000A	PULL KNOB	 $13.32 
11050679000A	PULL STATION	 $58.92 
11050680000A	PULL STATION ADDRESSABLE	 $178.22 
39010899000C	PULL STRAP,FL FASCIA	 $10.43 
12003505000A	PULL THRU BUTTON	 $3.75 
89029857000A	PULL UP BAR  - PELCO PAN\TILT	 $3.20 
10829200000	PULLEY	 $49.51 
11040968000A	PULLEY	 $747.65 
11041756000A	PULLEY	 $528.26 
21019808000A	PULLEY	 $38.14 
MSZ89068510A	PULLEY	 $7.29 
NZ0000002451	PULLEY	 $0.02 
TSN92038000A	PULLEY - HOP-IDL	 $5.41 
TS4368869351	PULLEY  V DRIVE L	 $439.70 
TS4368869361	PULLEY  V DRIVE LS	 $365.96 
TS4368869560	PULLEY  V IR-TS	 $330.45 
19040630000B	PULLEY (2)	 $21.02 
NZ0000001474	PULLEY 42/18T	 $34.46 
TS4368830680	PULLEY ASSB IR 700	 $475.20 
11062241000A	PULLEY ASSEMBLY	 $588.58 
TSN91984000A	PULLEY DCM 25W	 $111.97 
TS4368869520	PULLEY DRIVE DETECTOR UNIT	 $60.77 
TS4368869510	PULLEY DRIVE FEEDER UNIT	 $60.63 
TS4368835281	PULLEY DRIVE ROLLER	 $136.56 
BRP00830000A	PULLEY GROOVED	 $0.05 
TS4364512410	PULLEY P14-3M	 $187.76 
TS4365406051	PULLEY P18-3M	 $163.86 
TSN91988000A	PULLEY S2M-35-A	 $3.25 
TSN91990000A	PULLEY S2M-35-C	 $20.65 
39017495183A	Pulley Safe Structure Old Style	 $99.50 
TS4368865650	Pulley Timing T-3GT-18	 $37.28 
89029336000A	PULLEY, 20 TOOTH	 $108.40 
NZ0000002549	PULLEY, DRIVE 60HZ	 $0.02 
MSN89207000A	PULLEY, POWER ARM	 $6.03 
29006514000B	PULLEY, SPRING	 $4.10 
4924441700DJ	PULLEY, TIMING BELT, TRANSPORT, FRONT ROLLER	 $17.81 
49253642000A	PULLEY,15T,3MMGT,2FLG	 $10.77 
49215730000A	PULLEY,32T,2MMGT,DUAL FLANGE	 $234.62 
49250162000F	PULLEY,32T,3MMGT,2FLG	 $2.28 
49253642000B	PULLEY,32T,3MMGT,2FLG	 $12.85 
49215746000A	PULLEY,33T,2MMGT	 $10.71 
NZ0000002436	PULLEY,48T-18T	 $0.02 
TSN92720000A	PULLEY,B-FEEDER	 $120.17 
TSN89123000A	PULLEY,B-U-SPG	 $71.01 
TSN91136000A	PULLEY,D-A-N33481	 $25.34 
TSN91138000A	PULLEY,D-B-N33482	 $60.73 
TSN89133000A	PULLEY,DR-2	 $139.28 
TSN89135000A	PULLEY,DR-3M-T	 $120.88 
TSN90707000A	PULLEY,FEED	 $32.42 
TSN89132000A	PULLEY,FEED-FEE-M-D8	 $84.66 
39009155000B	PULLEY,GEAR	 $43.08 
21015139000A	PULLEY,IDLER	 $29.34 
39009095000A	PULLEY,IDLER	 $95.83 
TSN89097000A	PULLEY,M	 $0.00 
TSN92738000A	PULLEY,P28-106D	 $4.64 
TSN92739000A	PULLEY,P28-106S	 $4.37 
TSN88169000A	PULLEY,TIMING	 $0.00 
TSN89137000A	PULLEY,TIMING-P38-3M-6F	 $5.18 
TSN89134000A	PULLEY,TIMING-P52MXL7.9-F	 $203.41 
41020216000A	PULLEY,TMG BELT	 $93.48 
29012150000A	PULLEY,TMG BELT,0.080P,026 GRV,PLYCBN,DFLG	 $13.64 
29006370000A	PULLEY,TMG BELT,0.200P,010 GRV,AL,DFLG	 $30.97 
49215721000A	PULLEY,TMG BELT,M 02.00P,019 GRV	 $11.78 
49215733000A	PULLEY,TMG BELT,M 02.00P,020 GRV	 $10.71 
49215728000A	PULLEY,TMG BELT,M 02.00P,024 GRV	 $11.78 
49214639000A	PULLEY,TMG BELT,M 02.00P,048 GRV	 $11.78 
29008348000C	PULLEY,TMG BELT,M 03.00P,012 GRV,AL,DFLG W/HUB	 $50.04 
39014185000A	PULLEY,TMG BELT,M 03.00P,012 GRV,LEXAN,FLG,D-HOLE	 $8.92 
49202752000A	PULLEY,TMG BELT,M 03.00P,014 GRV	 $2.70 
49201076000A	PULLEY,TMG BELT,M 03.00P,015 GRV	 $18.14 
39014184000A	PULLEY,TMG BELT,M 03.00P,015 GRV,LEXAN,FLG,D-HOLE	 $8.92 
49201100000A	PULLEY,TMG BELT,M 03.00P,020 GRV	 $25.63 
49220819000A	PULLEY,TMG BELT,M 03.00P,020 GRV	 $10.71 
49201068000A	PULLEY,TMG BELT,M 03.00P,020 GRV,EXTN	 $3.78 
29008350000B	PULLEY,TMG BELT,M 03.00P,020 GRV,PLYCBN,DFLG W/HUB	 $18.92 
49207466000A	PULLEY,TMG BELT,M 03.00P,024 GRV,PLSTC,SNAP-ON	 $90.72 
49253928000A	PULLEY,TMG BELT,M 03.00P,024 GRV,PLSTC,SNAP-ON	 $4.97 
49220697000A	PULLEY,TMG BELT,M 03.00P,032 GRV,W/FLG,ASSY	 $92.25 
49220709000A	PULLEY,TMG BELT,M 03.00P,039 GRV,W/ FLANGE	 $181.44 
49200262000C	PULLEY,TMG BELT,M 03.00P,32 GRV,PLSTC,SNAP-ON	 $8.95 
49208021030A	PULLEY,TMG,24/24-2,S1	 $93.06 
49016685000A	PULLEY,V-CENTER	 $41.03 
TSN91141000A	PULLEY,WDB-N166630	 $24.58 
TSN91142000A	PULLEY,WDC-N333580	 $15.62 
49252498000E	PULLEY.20T,3MMGT,W/SHAFT	 $12.61 
89028917000A	PULLEY/0X270046	 $54.59 
NZ0000002689	PULLEY-CROWN	 $0.02 
TSN91987000A	PULLEY-S2M-20	 $89.33 
TSN91985000A	PULLEY-S2M-23	 $106.52 
TSN91986000A	PULLEY-S2M-PM	 $0.00 
TSN91992000A	PULLEY-S3M-20	 $5.46 
TSN91983000A	PULLEY-S3M-21	 $3.83 
TSN94619000A	PULLEY-TPLY,P17	 $4.37 
39001749000A	PULSE EXTENDER BOARD#	 $50.02 
TS4368867050	Pulse Motor	 $789.27 
TS4368850140	PULSE MOTOR PM05,06	 $166.59 
TS4368852130	PULSE MOTOR PM07-12	 $71.01 
TS4365629760	PULSE MOTOR-CARRIER/WINDER DRIVE	 $248.53 
TS4365767210	PULSE MOTOR-HEATER HEAD DRIVE	 $456.08 
TS4365313420	PULSE MOTOR-INK RIBBON	 $60.08 
TS4365616480	PULSE MOTOR-PUSHER DRIVE	 $109.24 
TS4365592020	PULSE MOTOR-STRAPPING CLAMPA	 $764.69 
TS4364350720	PULSE MOTOR-TAPE FEEDING MOTOR	 $103.78 
TS4368853100	PULSE MTR CARR CLAMP PM213,214	 $305.87 
TS4368853110	PULSE MTR CARRIER & WINDER DR	 $562.60 
TS4368852160	PULSE MTR HEATER PM221	 $273.11 
TS4368852260	PULSE MTR INK-RIBBON PM220	 $16.39 
TS4368852140	PULSE MTR STRAP CLAMPER PM218	 $273.11 
TS4368852150	PULSE MTR TAPE FEEDING PM219	 $10.93 
TSN88130000A	PUMP ASSEMBLY	 $0.00 
NZ0000001426	pump assembly spring	 $2.20 
19013792000A	PUMP LEVER TTS ONLY    TAS TAB	 $140.81 
11065170000A	PUNCH BLOCK	 $405.62 
11050682000A	PUNCH DOWN BLOCK 50	 $19.49 
19049724000A	PUNCH DOWN TOOL, WITH 66 & 110 BLADE	 $149.36 
01085901000C	PUSH BUTTON	 $0.33 
11005872000A	PUSH BUTTON	 $12.24 
01085901000B	PUSH BUTTON *03305	 $9.90 
MSZ69360530A	PUSH BUTTON SWITCH	 $41.63 
MSZ6938999AB	PUSH BUTTON-RED	 $1.46 
NZ0000002677	PUSH LOCK	 $54.68 
11065277000A	PUSH PLATE 120	 $534.40 
49007901000H	PUSH PLATE FACE, R/L	 $28.77 
11051324000A	PUSH TO EXIT ALARM CONTROL	 $87.70 
19008027000A	PUSHBUTTON SWITCH	 $5.91 
28000992000A	PUSHBUTTON SWITCH	 $41.63 
11030848000A	PUSHBUTTON SWITCH           N	 $22.02 
38020697000C	PUSHBUTTON VAT-9	 $21.02 
11034476000A	PUSHBUTTON,GREEN   VAT 6	 $6.40 
89031157000A	PVC Card 20 MIL	 $3.21 
21021356000A	PVC SUPPORT STRAP KIT	 $14.55 
TS4843525153	PW SUP-+5V-5V,+12VPSJWT100525B	 $420.58 
TS4843524672	PW SUPPLY-FOR+24V-PSJWS30024	 $827.51 
BUFI0397020A	PW100 SIGNATURE PAD INSTALLATION	 $1.12 
TS4368861880	PWA Stand DTA	 $655.45 
11032046000B	PWB ASM  CPU NEW STYLE VSS301	 $179.78 
11032046000A	PWB ASM  CPU OLD STYLE VSS301	 $171.22 
89030023000A	pwb asm rear panel	 $180.87 
11032049000A	PWB ASM.  KEYBOARD & DISPLAY#	 $239.66 
11032044000A	PWB ASM. #I/O  4832940	 $169.65 
11032047000A	PWB ASM. DIGITAL  4832835	 $172.26 
TE002896B01B	PWB, ENA Wear	 $21.02 
TE002832B02B	PWB, IDMbd Wear	 $30.47 
11065451000A	PW-PS12180NB POWER SONIC 12V 1	 $95.66 
19041021000A	PWR CABLE ASM.  A72102 "DEPOT	 $111.51 
19041022000A	PWR CABLE ASM.  A72295 "DEPOT	 $89.21 
11047452000A	PWR CONVERTER,24VAC TO 12VDC,1A,USPS ONLY	 $52.07 
21018819000A	PWR CORD	 $6.55 
19056544000A	PWR CORD,APS	 $15.23 
ULPDB2480000	PWR DISTRIBUTION BOX	 $698.83 
TMMDSS00TABB	PWR DISTRIBUTION -MANUAL TM-MD	 $0.45 
19064174000A	PWR SPLY	 $575.51 
19064181000A	PWR SPLY	 $940.00 
19064184000A	PWR SPLY	 $904.37 
19064185000A	PWR SPLY	 $904.37 
19064190000A	PWR SPLY	 $575.51 
TSN66742000A	PWR SPLY	 $0.00 
TSN66744000A	PWR SPLY	 $0.00 
11037509000A	PWR SPLY & ENCL,230 VAC	 $712.53 
TSN82203000A	PWR SPLY APC UPS PRO 650VA	 $764.67 
19053281000A	PWR SPLY ASSY,1044,W/O PS MONITORING	 $1,056.51 
11044970000A	PWR SPLY CONVERTER,120VAC TO 24VAC	 $167.18 
49005553000B	PWR SPLY MT	 $80.39 
11062517000A	PWR SPLY W/FAN FOR INTLLEX COM	 $219.46 
11040009000A	PWR SPLY,10A	 $364.49 
11037551000A	PWR SPLY,110/60HZ,DOM	 $98.58 
19042535000A	PWR SPLY,115V,DC	 $637.16 
41024426000A	PWR SPLY,12.0 V,A 0.100,PLUG-IN	 $64.64 
21017403000A	PWR SPLY,12.0 VDC,A 001.0,PLUG-IN	 $76.73 
11037871000A	PWR SPLY,12.0VDC,1.7A,230VAC APS-121	 $287.76 
19046617000A	PWR SPLY,120/18V,3A	 $123.12 
19056491000A	PWR SPLY,120/240VAC TO 24VAC,1 OUTPUT	 $253.67 
39017522000B	PWR SPLY,12V DC,30 WATT	 $205.29 
41017211000A	PWR SPLY,12V DC,30 WATT	 $252.57 
11065746000A	PWR SPLY,12VD,5AMP,W/BARREL CO	 $515.53 
19055316000A	PWR SPLY,12VDC,1.25A,PLUG-IN	 $52.31 
ULCC45752A00	PWR SPLY,12VDC,1.2A	 $39.47 
ULESSPS01000	PWR SPLY,12VDC,2.5A,EASSPS01	 $131.54 
19040355000A	PWR SPLY,12VDC,3.33A,100-240VAC,EXTL	 $10.49 
NOWDADP12000	PWR SPLY,12VDC,CAMR,300MM	 $16.44 
NOALTV129DC0	PWR SPLY,12VDC,CENTRAL	 $687.02 
ULDKT507ND00	PWR SPLY,12VDC,FBR,800MA	 $18.41 
11047407000A	PWR SPLY,12VDC,USPS ONLY	 $35.33 
41015274000D	PWR SPLY,145.0W	 $260.35 
19046668000A	PWR SPLY,15VDC,400MA	 $40.55 
41014981000Y	PWR SPLY,200W,ADV M/N	 $383.67 
41015274000W	PWR SPLY,215.0 W	 $411.08 
41014981000X	PWR SPLY,230W,ALTSERVER	 $419.30 
11037468000A	PWR SPLY,24.0 VDC,230.0 AC,A 001.2	 $287.76 
11037515000A	PWR SPLY,24.0VDC	 $1,145.53 
19038301000A	PWR SPLY,24V,DC	 $107.73 
29014457000A	PWR SPLY,24VAC,40VA	 $32.89 
29014397000B	PWR SPLY,24VAC,40VA,50HZ	 $19.19 
19049709000A	PWR SPLY,24VAC,8 FUSED PORTS	 $141.85 
49263603000A	PWR SPLY,310W,FR END,BULK,115/230 VAC,12	 $280.81 
19047739000A	PWR SPLY,400W	 $513.85 
11043190000A	PWR SPLY,5V/12V,65W,PWR MAIN MUX,DIG UNITS	 $205.54 
11037495000A	PWR SPLY,5VDC,1.2A,115VAC	 $348.05 
11037496000A	PWR SPLY,5VDC,1.2A,230VAC	 $287.10 
19056527000A	PWR SPLY,6 OUTLET,RACK	 $141.26 
19040038000A	PWR SPLY,AC	 $27.75 
ULMXPSR1280K	PWR SPLY,BRICK,CRD CAGE	 $0.00 
ULCLPRW00000	PWR SPLY,CAMR,12VDC,REGULATED	 $54.81 
19046624000A	PWR SPLY,CBR,DSR,DVMR,117VAC,5.2A	 $142.51 
41020503000A	PWR SPLY,COMPL	 $839.00 
49013090000A	PWR SPLY,DC	 $509.76 
19042361000A	PWR SPLY,DC,1065A FLD CNTRLR	 $249.93 
11046650000A	PWR SPLY,DVR,8 & 16 CHANNEL	 $178.14 
11047191000A	PWR SPLY,EXTRNL,MICRODVR II	 $452.19 
ULKZ0424A000	PWR SPLY,FUSELESS,2A,4-OUPUT	 $106.88 
ULKZ0424AI00	PWR SPLY,FUSELESS,2A,4-OUTPUT	 $237.60 
ULKZ0824AI00	PWR SPLY,FUSELESS,3.2A,8-OUTPUT	 $433.27 
29008609000A	PWR SPLY,FXD,12.0V,A 001.0,24.0VAC INP	 $115.10 
39005785000A	PWR SPLY,FXD,14.2V,A 000.5	 $186.77 
19020254000A	PWR SPLY,FXD,20.0V,A 000.7,PLUG-IN	 $54.05 
11037458000A	PWR SPLY,FXD,24.0V,A 001.2	 $712.53 
11037892000A	PWR SPLY,FXD,MULTVOLT	 $986.58 
19047664000A	PWR SPLY,FXD,MULTVOLT	 $64.64 
31018624000A	PWR SPLY,FXD,MULTVOLT	 $147.85 
11037891000A	PWR SPLY,FXD,MULTVOLT,W/ENCL	 $1,433.29 
11037893000A	PWR SPLY,FXD,MULTVOLT,W/O ENCLOSURE	 $1,085.24 
11047193000A	PWR SPLY,INTERNAL,INTERNATIONAL,24VDC,50/60HZ	 $274.05 
39008159000A	PWR SPLY,ISM	 $1,016.97 
11043056000A	PWR SPLY,MINI-ATX,220W,LT	 $216.50 
19046625000A	PWR SPLY,MUX,NTSC,117VAC,1.5A	 $64.86 
11047195000A	PWR SPLY,NETDVR	 $411.08 
11047196000A	PWR SPLY,NETDVR II	 $411.08 
19068541000A	PWR SPLY,OUTDR,PTZ CAMR,16 OUTPUT,FUSED,25 AMP MAX	 $44.06 
39002182000A	PWR SPLY,PLUG-IN	 $109.62 
29014312000A	PWR SPLY,REGULATED,12V	 $27.41 
ULB30190000A	PWR SPLY,RTU,12V OR 24VDC	 $411.08 
19047044000A	PWR SPLY,SPARE,12/20VDC,195 RTU	 $411.08 
39013326000A	PWR SPLY,SWTCH,MULTVOLT,W 040.0	 $156.60 
49223783000A	PWR SPLY,SWTCR,07.5V,A 003.5,PLUG IN	 $39.28 
49242637000A	PWR SPLY,SWTCR,24.0V,A 001.0,DESKTOP	 $118.11 
39017642000A	PWR SPLY,SWTCR,24.0V,A 001.0,PLUG-IN	 $90.62 
39014408000A	PWR SPLY,SWTCR,24.0V,A 006.5	 $170.51 
39014408000B	PWR SPLY,SWTCR,24.0V,A 006.5	 $170.61 
39017539000B	PWR SPLY,SWTCR,MULTVOLT,W 002.0	 $66.32 
49212574000A	PWR SPLY,SWTCR,MULTVOLT,W 250.0,PFC,1U	 $524.36 
49214903000A	PWR SPLY,SWTCR,MULTVOLT,W 400.0,ATX	 $162.78 
19049164000A	PWR SPLY,THERMAL CAMR ENCL	 $589.21 
19042418000A	PWR SPLY,TOA	 $567.29 
TSN93708000A	PWR SPLY,UL	 $2,088.60 
39016862000A	PWR SPLY,UNINTRPT,1000VA,TOWER,W/RACK MT	 $1,068.80 
39016858000B	PWR SPLY,UNINTRPT,800VA,UPS TTOR MODEL	 $301.43 
11047410000A	PWR SPLY,USPS ONLY	 $393.84 
41016533000B	PWR SPLY,VAT-30 EASY-AIRE 10	 $1,237.18 
1750357939	PWR SPLY,VAT-30 EASY-AIRE 10 SP	 $1,157.63 
19047429000A	PWR SPLY,VMD01-M60	 $67.57 
11043207000A	PWR SPLY,W/CA,DVR	 $68.52 
11037869000A	PWR SPLY,W/ENCL,12.0VDC,1.7A,230VAC ASE-121	 $712.53 
39014293000A	PWR SPLY,W/ENCL,XFMR,BTRY	 $93.56 
21019739000A	PWR SPLY,WALL PLUG,12V DC, 1 AMP	 $120.30 
19036538000A	PWR SPLY/CHGR BD	 $121.50 
11047436000A	PWR STRIP,STANDBY,8 OUTLET,USPS ONLY	 $105.51 
11047393000A	PWR STRIP,VERT,16 POS/20A,USPS ONLY	 $338.94 
11050656000A	PWR SUP MOD W 36 WIR HAR MOUNT	 $585.21 
11050658000A	PWR SUP REL SENS 12VDC MOM DPD	 $20.42 
19036192000A	PWR SUPPLY & RELAY KIT	 $388.04 
11034618000A	PWR SUPPLY MOD   AD 1603	 $1,104.03 
39013156014A	PWR SUPPLY,120VAC,60HZ	 $143.28 
39013156015A	PWR SUPPLY,220VAC,50HZ	 $229.25 
11050657000A	PWR SUPY MOD W8 WIR HARN MNT E	 $489.18 
11043057000A	PWR SW,REAR PNL MNT,LT	 $49.82 
19065185000A	PWR(WJDC 6) & VIDEO (BNC) HARNESS	 $61.80 
39011997062A	PWS POWER SUPPLY 5002	 $1,770.43 
11065995000A	PXN PLUS 5000 BACKPLANE	 $273.82 
11050684000A	PZE-4B 4 ZONE MODULE	 $330.92 
11050685000A	QS 2 VR	 $185.18 
11050686000A	QS 2 VR R VANDAL CVR	 $164.00 
11050687000A	QS4 CPU 2	 $1,331.88 
11050688000A	QSC LIGHTWIGHT 2 CHAN STR PWR	 $1,918.35 
19056500000A	QUAD RCK MT KIT,SGL	 $72.47 
11035866000A	QUAD REMOTE BOX W\ CABLE	 $342.57 
ULKO4120Q000	QUAD SRVLNC SYS W/12 IN MON,0.33 IN,CAMR	 $779.89 
19056478000A	QUAD,CLR,4-CHAN,512 X 512,120VAC,NTSC	 $716.09 
19056499000A	QUAD,CLR,4-CHAN,512 X 512,120VAC,NTSC	 $1,303.11 
39014221000B	QUAD,SGL PAGE,B&W	 $918.07 
39014221000A	QUAD,SGL PAGE,CLR	 $1,315.44 
19049628000A	QUAD,SWTCHR,VID,CLR,LOOPING	 $325.44 
19036688000B	QUAD,TWO PAGE,50HZ,B & W	 $1,064.07 
11038687000A	QUADLEM PCB only	 $115.10 
00050814000D	QUARTER WRAPPERS	 $4.75 
05000536000A	Quick Bridge Loop Receiver	 $197.32 
89030949000A	QUICK REF GUIDE - DVR LOANER	 $8.55 
MH204117000A	QUICK REFERENCE LOCK OPER.	 $21.55 
11050122000A	QUICK START INT PANEL,SGL LOOP	 $1,412.73 
11050121000A	QUICK START REPLACE PANEL	 $1,198.04 
11050689000A	QUICSTR SCAN & PROG PAMPHLET	 $395.18 
39011997033A	R BRAKE SPRING ASS'Y	 $23.72 
39011997032A	R WINDING SPRING ASS'Y	 $23.72 
01049984R000	R/H HINGE DOOR PC.	 $5.17 
29010834001A	R/H LOCK DEB-01/MK-23 2 KEYS E	 $8.47 
29010834002A	R/H LOCK DEB-02/MK-23	 $8.47 
29010834003A	R/H LOCK DEB-03/MK-23	 $8.47 
29010834004A	R/H LOCK DEB-04/MK-23	 $8.47 
29010834005A	R/H LOCK DEB-05/MK-23	 $8.47 
29010834006A	R/H LOCK DEB-06/MK-23	 $8.47 
29010834007A	R/H LOCK DEB-07/MK-23	 $8.47 
29010834008A	R/H LOCK DEB-08/MK-23	 $8.47 
29010834009A	R/H LOCK DEB-09/MK-23	 $8.47 
29010834010A	R/H LOCK DEB-10/MK-23	 $8.47 
29010834011A	R/H LOCK DEB-11/MK-23	 $8.47 
29010834012A	R/H LOCK DEB-12/MK-23	 $8.47 
29010834013A	R/H LOCK DEB-13/MK-23	 $8.47 
29010834014A	R/H LOCK DEB-14/MK-23	 $8.47 
29010834015A	R/H LOCK DEB-15/MK-23	 $8.47 
29010834016A	R/H LOCK DEB-16/MK-23	 $8.47 
29010834017A	R/H LOCK DEB-17.MK-23	 $8.47 
29010834018A	R/H LOCK DEB-18/MK-23	 $8.47 
29010834019A	R/H LOCK DEB-19/MK-23	 $8.47 
29010834020A	R/H LOCK DEB-20/MK-23	 $8.47 
29010834021A	R/H LOCK DEB-21/MK-23	 $8.47 
29010834022A	R/H LOCK DEB-22/MK-23	 $8.47 
29010834023A	R/H LOCK DEB-23/MK-23	 $8.47 
29010834024A	R/H LOCK DEB-24/MK-23	 $8.47 
29010834025A	R/H LOCK DEB-25/MK-23	 $8.47 
29010834026A	R/H LOCK DEB-26/MK-23	 $8.47 
29010834027A	R/H LOCK DEB-27/MK-23	 $8.47 
29010834028A	R/H LOCK DEB-28/MK-23	 $8.47 
29010834029A	R/H LOCK DEB-29/MK-23	 $8.47 
29010834030A	R/H LOCK DEB-30/MK-23	 $8.47 
29010834031A	R/H LOCK DEB-31/MK-23	 $8.47 
29010834032A	R/H LOCK DEB-32/MK-23	 $8.47 
03001715R000	R/H WINDING PINIONS	 $18.10 
TMEFTT02TABS	R/L REMOVAL&REPLACE INDEX TAB	 $0.45 
31000219000A	R/S JAMB HINGE ASM	 $107.73 
29011535X05A	R/W AMP BD. ASM (SUPPORT)	 $443.77 
29011535X04A	R/W AMP BDE ASM.(SUPPORT)	 $443.77 
29011535X05B	R/W AMP BRD ASM	 $443.77 
L20200210000	R\H Front or L\H Bottom Cover	 $93.73 
89030300000A	R2 RESISTOR, 2W  2.2k OHM  J	 $1.78 
19061825000A	R20-7412V2-ROM D7412GV2 ROM KIT PART NUMBERS FOR VERSION 7.06	 $0.04 
19061826000A	R20-9412V2-ROM D9412GV2 ROM KIT PART NUMBERS FOR VERSION 7.06	 $0.04 
11050690000A	RA912 REMOT ALARM INDICATOR W	 $87.36 
11050691000A	RA913 REM PWR NALARM IND WTST	 $126.97 
11050692000A	RA914 REM ALM TEST IND 2 WIR U	 $70.05 
11050693000A	RACCR RED REMOTE AUD	 $168.93 
IKRK1300K000	RACK FOR 13" COLOR MONITOR	 $221.85 
11050694000A	RACK HARDWAR FOR SGL ULX RECV	 $47.08 
IKRK90000000	RACK KIT FOR 2 - 9" COLOR MONI	 $240.12 
19065394000A	Rack Kit for Cisco 8 port Switch  - USPS only	 $153.06 
IKRK70100000	RACK KIT TO MT RCU-701	 $164.43 
BTC8101MK000	RACK KIT,  2 HALF RACK W\BLANK	 $191.84 
BTC3960MK000	RACK KIT, FOR BTC3960A,3990 VC	 $230.58 
BTC8103MK000	RACK KIT, FOR BTC8112B,8288B,8	 $35.10 
BTC1909MK000	RACK KIT, UP TO 2 BTC1909  8.7	 $140.94 
ULEM4000RM00	RACK KIT,RCDR	 $123.33 
19036693000A	RACK MNT KIT,DIG VID MTN,DET	 $47.25 
19036692000A	RACK MNT KIT,MUX	 $92.61 
11050695000A	RACK MOUNT KIT	 $62.42 
19046655000A	Rack mount kit	 $219.11 
IKRMK175B100	RACK MOUNT KIT FOR 1 - 17" MON	 $250.56 
11044707000A	RACK MOUNT KIT FOR VCR480	 $117.57 
19064291000A	RACK MOUNT POWER OVER ETHERNET SURGE PROTECTION	 $1,430.96 
PLRMA9300000	RACK MOUNT, 10.5" HI, FOR PM93	 $75.32 
19053124000A	RACK MOUNTED XIRCOM TRLAN ADPTR	 $780.88 
BTC8557MK000	RACK MT KIT BTC8550A, BTC8551A	 $146.16 
IKRMK9302000	RACK MT KIT FOR 2 - 9" MONITOR	 $169.65 
11046513000A	RACK MT KIT,8.4 IN,LCD MON	 $169.91 
11047147000A	RACK MT KIT,DR4N SERIES	 $68.52 
11046509000A	RACK MT KIT,LCD MON,15 IN	 $32.89 
ULB50231050A	RACK MT REMOTE PPU INTFC KIT	 $6,166.13 
ULB50231060A	RACK MT REMOTE PPU INTFC KIT	 $9,454.73 
PLRM60100000	RACK MT W/LOCK,RCDR	 $171.89 
11038935000A	RACK MT,14 IN,CLR	 $134.19 
PLRMA14F0000	RACK MT,BLK/PMC14F MON	 $216.50 
19056564000A	RACK MT,F/WV-CM1020	 $525.80 
ULB50231040A	RACK MT,REMOTE PPU INTFC KIT	 $3,666.79 
ULB95129030A	RACK MT,SYNC,TW PR,MULTI-DROP	 $1,027.69 
39008197000A	RACK MTD CHAS,MODEM,19 IN WD,W/DR	 $2,207.48 
49024988000A	RACK MTG KIT,DUAL,19IN	 $75.60 
29008744000A	RACK MTG KIT,SMS,CRT	 $306.20 
19036349000B	RACK MTG KIT,SWTCR	 $22.68 
NZ4450616412	RACK PAPER GUIDE	 $8.82 
19020253000A	RACK POWER SUPPLY	 $54.05 
21015530000B	RACK RTNR	 $57.08 
11050696000A	RACK SHELF FOR KEYBOARD MOUSE	 $167.97 
11050697000A	RACK SHELF FOR NETWORK SWITCH	 $53.99 
10583570000	RACK STUD	 $4.99 
19048777000A	RACK,ATM TOPPER,INTL	 $104.96 
19056526000A	RACK,COMPLETE,35 IN	 $1,396.65 
MSZ79152700A	RACK,GEAR,24PITCH,14.5 PA	 $31.48 
19054994000A	RACK,MINI-MODEM	 $1,591.69 
MSM0041800DA	RACKING PIN	 $1.62 
19056556000A	RACKSHELF,14.75 IN D,3SP	 $88.48 
AA0004250000	RADIO FREQUENCY ACTUATOR	 $79.20 
89030539000A	RADIONICS 3 CD SET	 $34.21 
11038428000A	Radionics 7000/9000 Lit Pack	 $32.66 
29014548000A	RAID CNTRLR,ACCUTRACK	 $855.04 
21018971000A	RAID UNIT KIT,(DPT),FIELD INSTL	 $72.62 
11042197000A	RAIL SET COMPLETE 826	 $443.88 
11043434000A	RAIL SYSTEM COMPLETE FOR PENGU	 $980.56 
49207959000B	Rail, non-sensor, 625mm transport	 $7.88 
49267151000A	RAIL, PRESENTER, SHORT REAR LOAD	 $15.37 
49207958000B	Rail, sensor, 625mm transport	 $7.88 
49022605000B	RAIL, XPORT. LFT	 $31.98 
19047761000A	RAIL,COMPUTER BAY,CAL PC	 $2.70 
49239835000B	RAIL,DOOR SMALL NOTE	 $25.68 
41015274001D	RAIL,DRV MTG	 $15.66 
49020117000A	RAIL,DVRT,MOD	 $30.78 
39012577000A	RAIL,EXIT,THRM PRNTR	 $9.37 
41015274001B	RAIL,MDL SPRT	 $20.88 
21019893000B	RAIL,MON	 $19.99 
49202793000A	RAIL,OUTER,620MM XPRT	 $1.84 
49202772000B	RAIL,OUTER,720MM TRANSPORT	 $3.79 
49225232000B	RAIL,OUTER,860MM TRANSPORT	 $9.56 
49200019000A	RAIL,PLATEN	 $4.15 
49202797000A	RAIL,PRSNTR,CTR	 $4.73 
39011265000A	RAIL,RTNR,RH	 $3.42 
39011978000A	RAIL,SDM	 $12.31 
49250169000A	RAIL,SENSOR, 625MM TRANSPORT	 $24.30 
49202796000A	RAIL,SENSOR,620MM TRANSPORT	 $4.90 
49202771000C	RAIL,SENSOR,720MM XPRT	 $6.19 
TSN91994000A	RAIL,SLIDE 330-245-156	 $35.37 
49246993000A	RAIL,SPREADER	 $2.98 
49200675000A	RAIL,STACKER W/SENSOR	 $1.13 
39009338000B	RAIL,TOP,SNSR	 $2.85 
39013114000A	RAIL,TRANSPORT	 $5.71 
39013115000A	RAIL,TRANSPORT	 $10.71 
49200629000A	RAIL,TRAY	 $2.84 
49200670000A	RAIL,TRAY	 $2.13 
49024317000A	RAIL,UPR,13.65 MM	 $22.66 
49024315000A	RAIL,UPR,29.65 MM	 $20.28 
49024319000A	RAIL,UPR,4.65 MM	 $6.78 
49024320000A	RAIL,UPR,CAP	 $8.91 
49200626000A	RAIL,VERT	 $1.76 
WN007000148A	Rails Cassette	 $22.95 
11044587000A	RAINSHIELD MIC KIT	 $219.90 
49017563X05A	RAINSHIELD, BOTTOM	 $45.62 
49200752X01B	RAINSHIELD, BOTTOM	 $123.12 
31016267000A	RAKE ASSEMBLY	 $223.00 
11041209000A	RAM IV USB SECURITY DONGLE	 $113.40 
11037506000A	RAM UPDRADE,512 TO 1024	 $717.75 
11037508000A	RAM UPGRADE,1024 TO 2048	 $1,370.25 
11037504000A	RAM UPGRADE,256 TO 1024	 $978.75 
11037505000A	RAM UPGRADE,256 TO 2048	 $2,283.75 
11037503000A	RAM UPGRADE,256 TO 512	 $391.50 
11037507000A	RAM UPGRADE,512 TOL 2048	 $2,022.75 
19042534000A	RAM,256MB	 $287.76 
11037555000A	RAM,I.C.,128KB	 $127.64 
49024915000A	RAMP,ENV	 $242.29 
49274177000A	RAMP,GUIDE	 $1.26 
10583780000	RATCHET 60 DEGREE	 $25.86 
BRP00092000A	RAWL FAST SET CARTRIDGE	 $0.05 
BRP00093000A	RAWL FLOW FAST MIXING NOZZLE	 $0.05 
11065253000A	RBC44 - BATTERY	 $1,350.24 
19036314000A	RBN CA,RMT RLY CAB	 $27.03 
00050482000A	RBN CRTG,CONS PRNTR	 $19.94 
00050487000A	RBN CRTG,DEP	 $13.16 
00050483000A	RBN CRTG,JNL PRNTR	 $25.69 
00050456000A	RBN CRTG,PRNTR	 $20.70 
00050456000B	RBN CRTG,PRNTR	 $11.25 
00050496000B	RBN CRTG,PRNTR,BLK	 $21.56 
00050496000A	RBN CRTG,PRNTR,PRP	 $7.97 
ULFARGORBN00	RBN,4CLR,CLEAR OVERLAY	 $274.05 
ULFARGO0RBN0	RBN,4-CLR,CLEAR OVERLAY	 $274.05 
ULFARGORBNII	RBN,5CLR	 $274.05 
ULFARGORBND0	RBN,5CLR,CLEAR OVERLAY	 $315.16 
ULRBNCLN0000	RBN,CLEANER,PNL,DATACARD PRNTR	 $13.71 
ULFARGO0RBN5	RBN,CLR	 $575.51 
ULFARGO0RBN6	RBN,CLR	 $548.10 
ULFARGO0RBN2	RBN,CLR,BARCODE,CLEAR OVERLAY	 $274.05 
ULFARGO0RBN3	RBN,CLR,DUAL SIDED	 $301.46 
ULFARGO0RBN4	RBN,CLR,DUAL SIDED	 $274.05 
ULACGBFR010A	RBN,COLOR,PERSONA AND PRO-L	 $260.35 
ULRBN4C00000	RBN,DIRECT PRNT,BARCODE,DATACARD	 $137.03 
19057410000A	RBN,DYE,4 COLOR,SUBLIMATION	 $218.56 
ULRD04D25RIB	RBN,FAN OUT LEAD,RD-04/D25	 $74.00 
ULRD08D25RIB	RBN,FAN OUT LEAD,RD-08/D25	 $87.70 
19057409000A	RBN,FULL CLR,W/RESIN,BLK & CLEAR OVERLAY PNL	 $300.04 
ULACF860310A	RBN,FULL COLOR,DTC500 SERIES,1-RESIN	 $383.67 
ULACF860320A	RBN,FULL COLOR,DTC500 SERIES,2-RESIN	 $383.67 
ULACGBFR020A	RBN,FULL COLOR,PERSONA AND PRO-L	 $309.68 
ULRBNOVR0000	RBN,OVERLAY PNL,DATACARD PRNTR	 $109.62 
ULFARGOOVRP0	RBN,POLYGUARD,CLEAR,1MIL	 $150.73 
ULFARGO0RBN7	RBN,POLYGUARD,CLEAR,6MIL	 $150.73 
ULRBN3C00000	RBN,PRNTR,DATA CARD,3CLR	 $109.62 
00050930000A	RBN,PRNTR,RED/BLK	 $42.53 
00050930000B	RBN,PRNTR,RED/BLK	 $11.46 
ULFARGO0RBN1	RBN,STD,CLR	 $274.05 
ULFARGOOVRTC	RBN,THRML XFER,2 MICRON THICK	 $109.62 
ULFARGOOVRTS	RBN,THRML XFER,2 MICRON THICK,HOLOGRAPHIC	 $246.65 
41022344006A	RC40 MASTER CONNECTING LINK	 $8.62 
41022344005A	RC40 RIVETED ROLLER CHAIN	 $51.71 
TP820205001B	RCDM F/L INSTL INSTR	 $11.70 
TP820213001B	RCDM OPERATING GUIDE  ROLLCOIN	 $11.70 
LXRT32016CVS	RCDR KIT,DIG,CVS,RETAIL,4-CAMR,360GB HD	 $8,338.95 
21016196000A	RCDR KIT,VID CSET,4 HD,TDS	 $3,045.74 
21016117000A	RCDR KIT,VID CSET,ATM,SGL,TTDS	 $3,167.64 
29013985000A	RCDR KIT,VID,CSET,2124	 $1,068.80 
19042611000A	RCDR,24HR,REAL-TIME,HALF CHASSIS	 $607.48 
19047678000A	RCDR,DIG,16 CAMR,4FPS	 $6,851.25 
LXMCRRTSR16B	RCDR,DIG,MICRO,RETAIL,BASE UNIT	 $1,044.00 
LXMCRRTMOT00	RCDR,DIG,MOTION ARCHIVING OPTION,FCTY	 $261.00 
39014053000A	RCDR,LOCK BOX	 $190.89 
ULKHVCRLB100	RCDR,LOCK BOX	 $326.89 
NOPMP2700FUL	RCDR,MAINT KIT,FULL SERVICE	 $219.24 
NOPMP2700STD	RCDR,MAINT KIT,NORMAL SERVICE	 $63.04 
19047744000A	RCDR,SFTW UPGR,V6.XX/V7.XX TO V8	 $0.02 
19036637000A	RCDR,VID CSET,024 HR	 $1,474.20 
21018400000A	RCDR,VID CSET,096 HR	 $92.61 
21018401000A	RCDR,VID CSET,306/400	 $92.61 
39014218000A	RCDR,VID,2124	 $986.58 
ULKR40404HN0	RCDR,VID,24HR,REAL TIME,EXTENSIVE SEARCH	 $1,055.10 
CHCTR480N000	RCDR,VID,480 HOUR TIME LAPSE,W/RS-232	 $1,890.95 
41016011000A	RCDR,VID,CSET,306/C	 $1,329.15 
19057389000A	RCDR,VID,DIG,16-CHAN,NETWORK	 $7,947.45 
19057388000A	RCDR,VID,DIG,8-CHAN	 $6,029.10 
19057344000A	RCDR,VID,DIG,8-CHAN,120GB,NTSC,DELUXE PKG,W/NETWORK CLIENT	 $0.00 
19048133000A	RCDR,VID,DIG,W/DOCKING STATION,4X10	 $6,015.40 
19055250000A	RCDR,VID,STD,16-30FPS CHAN	 $40,394.97 
19055246000A	RCDR,VID,STD,32 VID CCA	 $23,979.38 
19055243000A	RCDR,VID,STD,SGL 8-CHAN,VID CCA	 $10,824.98 
19055245000A	RCDR,VID,STD,THREE 8-CHAN,VID CCA	 $19,594.58 
19055244000A	RCDR,VID,STD,TWO 8-CHAN,VID CCA	 $15,209.78 
19047436000A	RCK KIT,BLNK,1.75IN,UP TO 2 HALF RCK	 $191.84 
19047391000A	RCK KIT,TWO HALF RACK,W/BLNK,1.75IN	 $191.84 
19058656000A	RCK MT KIT,17 IN LCD FLAT PNL	 $189.10 
19056502000A	RCK MT KIT,19IN,BNC CCA	 $362.38 
19049635000A	RCK MT KIT,DIG VID RCDR	 $161.15 
19047458000A	RCK MT KIT,KBD	 $150.73 
CHZMRK000000	RCK MT KIT,MON,15IN,LCD	 $137.03 
19057328000A	RCK MT KIT,MON,17 IN	 $438.48 
19044715000A	RCK MT KIT,MONITOR ONLY	 $271.31 
19057515000A	RCK MT KIT,MV96P	 $102.77 
19046885000A	RCK MT KIT,SWITCH/4-PS/2	 $150.73 
19055290000A	RCK MT OPTION,TLS SERIES	 $1,233.23 
19055271000A	RCK MT,19 IN UNIT,FOUR 13 DRY CONTACT ALRM INPUT MDL	 $739.94 
19055268000A	RCK MT,19 IN UNIT,ONE 13 DRY CONTACT ALRM INPUT MDL	 $465.89 
19055270000A	RCK MT,19 IN UNIT,THREE 13 DRY CONTACT ALRM INPUT MDL	 $602.91 
19055269000A	RCK MT,19 IN UNIT,TWO 13 DRY CONTACT ALRM INPUT MDL	 $534.40 
19055060000A	RCK MT,19IN,BREAK OUT	 $685.13 
19055266000A	RCK MT,19IN,BREAKOUT,16-CHAN CASE	 $685.13 
LXNETFN2URK0	RCK MT,CHASSIS,2U UNIT,FINANCIAL	 $117.45 
11047400000A	RCK MT,KYBD SHELF,USPS ONLY	 $481.42 
19047434000A	RCK MT,MTG BRKT,UP TO 8 VMD10-M20	 $438.48 
19046615000A	RCK MT,SMPLX,UNIV	 $89.89 
19055291000A	RCK PLATFORM,TLS SERIES	 $616.62 
19057434000A	RCK UNIT,19 IN,FIBER,115VAC INPUT	 $1,205.82 
NOTSS6TR0000	RCK,15 TAPE,SLIDING,ADDITIONAL	 $202.80 
19047438000A	RCK,VERTICAL,19IN WIDTH,28IN	 $876.96 
11050701000A	RCM-1 AUDIO RISER CO	 $1,045.56 
11065029000A	RCPT TEL	 $85.75 
19039106000A	RCPT XPRT MTR PULLEY,5088	 $19.73 
11047435000A	RCPT,120V,20A,5-20 R AC,USPS ONLY	 $270.63 
19036127000A	RCVR SPARES PACKAGE	 $3,641.09 
19054980000B	RCVR,4-CHAN,SGL FIBER	 $1,849.84 
41015534000B	RCVR,DIG,CCTV	 $3,781.89 
19049457000A	RCVR,FIBER OPTIC,4-CHAN,VID,1310NM	 $2,850.12 
19049460000A	RCVR,FIBER OPTIC,VID,RCK MT	 $776.25 
21018959000A	RCVR,INTEG RF	 $192.93 
19048162000A	RCVR,MPEG,4-SGL CHAN VID	 $1,630.60 
19049220000A	RCVR,VID,SGL CHAN,MPEG4 ENCODER	 $1,151.01 
19049152000A	RCVR,VID,SGL CHANNEL	 $1,175.68 
ULTLCRR311J0	RCVR,VID,TRCVR,DATA,1M/M FBR,1310/860NM	 $1,493.58 
ULTLCRR11300	RCVR,VID,TRIPLE,3M/M FBR,860/860/860NM	 $1,329.15 
31019099000A	RCVR,VLF	 $1,142.79 
89030168000A	rd12fb diode	 $42.82 
89030167000A	RD15JSAB DIODE	 $2.85 
89030171000A	rd2.1jsab diode	 $2.85 
89030166000A	rd22jasb diode	 $2.85 
89030170000A	rd3.9esab diode	 $2.85 
89030169000A	rd30jsab diode	 $2.85 
89030174000A	rd33jsab	 $2.85 
89030164000A	rd5, 1jsab diode	 $2.85 
89030172000A	rd7.5jsab diode	 $2.85 
89030173000A	rd8.2jsab diode	 $2.85 
89030163000A	rd91jsab diode	 $2.85 
LXRVC1025081	RDCR,VID,DIG,WALL MT,8GIG	 $5,206.95 
39009655006A	R-DETECTOR ASSY	 $34.34 
11050703000A	RDL LINE LEVEL PRAMPLIFIER	 $326.12 
19053064000A	RDR ASSY,SWIPE,TRK 2,W/BTRY	 $2,219.81 
31018501000A	RDR CNTRL MDL,WTHPRF	 $2,362.05 
ULACGKTEEM00	RDR KIT,ELITE,MAG-STRIPE,16 RDR,100 CARDS	 $17,763.92 
ULACGKTAEM00	RDR KIT,ELITE,MAG-STRIPE,2 RDR,100 CARDS	 $6,001.70 
ULACGKTBEM00	RDR KIT,ELITE,MAG-STRIPE,4 RDR,100 CARDS	 $7,974.86 
ULACGKTCEM00	RDR KIT,ELITE,MAG-STRIPE,6 RDR,100 CARDS	 $9,879.51 
ULACGKTDEM00	RDR KIT,ELITE,MAG-STRIPE,8 RDR,100 CARDS	 $11,548.47 
ULACGKTEEP00	RDR KIT,ELITE,PROX,16 RDR,100 CARDS	 $15,601.67 
ULACGKTAEP00	RDR KIT,ELITE,PROX,2 RDR,100 CARDS	 $6,152.43 
ULACGKTBEP00	RDR KIT,ELITE,PROX,4 RDR,100 CARDS	 $7,796.73 
ULACGKTCEP00	RDR KIT,ELITE,PROX,6 RDR,100 CARDS	 $9,369.77 
ULACGKTDEP00	RDR KIT,ELITE,PROX,8 RDR,100 CARDS	 $10,707.14 
ULACGKTESM00	RDR KIT,MAG-STRIPE,16 RDR,100 CARDS	 $14,505.47 
ULACGKTASM00	RDR KIT,MAG-STRIPE,2-RDR,100 CARDS	 $3,014.55 
ULACGKTBSM00	RDR KIT,MAG-STRIPE,4 RDR,100 CARDS	 $4,894.53 
ULACGKTCSM00	RDR KIT,MAG-STRIPE,6 RDR,100 CARDS	 $6,621.05 
ULACGKTDSM00	RDR KIT,MAG-STRIPE,8 RDR,100 CARDS	 $8,290.02 
ULACGKTEPM00	RDR KIT,PLUS,MAG-STRIPE,16 RDR,100 CARDS	 $14,938.47 
ULACGKTAPM00	RDR KIT,PLUS,MAG-STRIPE,2 RDR,100 CARDS	 $3,507.84 
ULACGKTBPM00	RDR KIT,PLUS,MAG-STRIPE,4 RDR,100 CARDS	 $5,187.77 
ULACGKTCPM00	RDR KIT,PLUS,MAG-STRIPE,6 RDR,100 CARDS	 $7,054.05 
ULACGKTDPM00	RDR KIT,PLUS,MAG-STRIPE,8 RDR,100 CARDS	 $8,723.02 
ULACGKTEPP00	RDR KIT,PLUS,PROX,16 RDR,100 CARDS	 $12,414.47 
ULACGKTAPP00	RDR KIT,PLUS,PROX,2 RDR,100 CARDS	 $3,321.49 
ULACGKTBPP00	RDR KIT,PLUS,PROX,4 RDR,100 CARDS	 $4,793.14 
ULACGKTCPP00	RDR KIT,PLUS,PROX,6 RDR,100 CARDS	 $6,182.57 
ULACGKTDPP00	RDR KIT,PLUS,PROX,8 RDR,100 CARDS	 $7,522.68 
ULACGKTESP00	RDR KIT,STD,PROX,16 RDRS,100 CARDS	 $11,984.21 
ULACGKTASP00	RDR KIT,STD,PROX,2 RDR,100 CARDS	 $2,937.82 
ULACGKTBSP00	RDR KIT,STD,PROX,4 RDR,100 CARDS	 $4,384.80 
ULACGKTCSP00	RDR KIT,STD,PROX,6 RDR,100 CARDS	 $5,752.31 
ULACGKTDSP00	RDR KIT,STD,PROX,8 RDRS,100 CARDS	 $7,092.41 
ULACT2KM0000	RDR&KYPD,ACT,2-WIRE,NON-DEDICATED,CPU	 $1,589.49 
ULACT2KW0000	RDR&KYPD,ACT,2-WIRE,NON-DEDICATED,CPU	 $2,192.40 
ULACT2002KM0	RDR&KYPD,ACT,2-WIRE,NON-DEDICATED,CPU,LOW PROFILE	 $1,589.49 
ULACT2KBC000	RDR&KYPD,BARCODE,ACT,2-WIRE,NON-DEDICATED,CPU	 $1,781.33 
19041898000A	RDR,ACS,FINGERPRINT	 $1,945.76 
19047102000A	RDR,ACT,BARIUM FERRITE	 $3,370.82 
19047103000A	RDR,ACT,W/KYPD,BARIUM FERRITE	 $3,946.32 
19047104000A	RDR,ACT,W/KYPD,FXD & MAG STRIPE	 $3,809.30 
19047101000A	RDR,ACT-2004-K	 $2,946.04 
19047099000A	RDR,ACT-4BC	 $2,302.02 
19047105000A	RDR,ACT-4FBC	 $4,453.32 
19047094000A	RDR,ACT-4K	 $2,740.50 
19047100000A	RDR,ACT-4KBC	 $4,672.56 
19047097000A	RDR,ACT-4KM	 $3,165.28 
19047098000A	RDR,ACT-4KW	 $5,028.82 
19047095000A	RDR,ACT-4M	 $2,946.04 
19047096000A	RDR,ACT-4W	 $4,823.28 
19047107000A	RDR,ACT-KM,BASIC	 $1,863.54 
19047106000A	RDR,ACT-M,BASIC	 $1,795.03 
DMADMRE0000A	RDR,ADMIN	 $484.79 
ULMBP1000000	RDR,BACK PLATE,MR-10	 $27.41 
ULACT4KBC000	RDR,BARCODE&KYPD,ACT	 $1,781.33 
ULACT4BC0000	RDR,BARCODE,ACT	 $1,425.06 
ULACT2BC0000	RDR,BARCODE,ACT,2-WIRE,NON-DEDICATED,CPU	 $1,425.06 
ULACT4BF0000	RDR,BARIUM FERRITE	 $1,589.49 
ULACT4FBC000	RDR,BARIUM FERRITE & KYPD FXD	 $1,562.09 
ULKPGACRK100	RDR,CRD,MAG STRIPE,W/KEYPAD,INDOOR/OUTDOOR	 $656.90 
19057428000A	RDR,CRD,MINI-PROX,PIGTAIL,WEIGAND OUT,BLK	 $287.76 
19057361000A	RDR,DRIVERS LIC	 $1,438.77 
19042278000A	RDR,FLASH CRD,MULTI-MEDIA	 $57.84 
19042385000A	RDR,HAND GEOMETRY	 $5,079.67 
ULASPIR60E00	RDR,ID,VEH,ELECTRONICS	 $3,891.51 
ULACT4KBF000	RDR,KYPD,BARIUM FERRITE	 $1,890.95 
19042172000B	RDR,LINEAR,MAG-STRIPE,GRAPHITE	 $285.01 
19042172000A	RDR,LINEAR,MAG-STRIPE,ONYX	 $285.01 
19042172000C	RDR,LINEAR,MAG-STRIPE,SNOW	 $285.01 
19042172000D	RDR,LINEAR,MAG-STRIPE,TAUPE	 $285.01 
19036714000A	RDR,MAG STRIPE INSR CD	 $362.93 
ULMSR1000000	RDR,MAG SWIPE,BLK	 $328.86 
ULMR10000000	RDR,MAG SWIPE,VERTICAL	 $424.78 
ULMR20000000	RDR,MAG SWIPE,VERTICAL,W/KYPD	 $616.62 
ULACT4FM0000	RDR,MAGSTRIPE & KYPD FXD	 $1,589.49 
ULACTKM00000	RDR,MAGSTRIPE & KYPD FXD,BASIC	 $1,096.20 
ULACT4KM0000	RDR,MAGSTRIPE&KYPD,ACT	 $1,589.49 
ULACT4M00000	RDR,MAGSTRIPE,ACT	 $1,342.85 
ULACT2M00000	RDR,MAGSTRIPE,ACT,2-WIRE,NON-DEDICATED,CPU	 $1,342.85 
ULACTM000000	RDR,MAGSTRIPE,BASIC	 $822.15 
19048328000A	RDR,MR10	 $421.77 
ULACT2004KM0	RDR,MT,LOW PROFILE,KYPD & MAGSTRIPE	 $1,589.49 
ULACT2004KP0	RDR,MT,LOW PROFILE,KYPD & PROX	 $1,863.54 
ULACT2000M00	RDR,MT,LOW PROFILE,MAG STRIPE	 $548.10 
ULACT2PKG100	RDR,PKG,ACT2,DEDICATED	 $1,644.30 
ULACT2PKG200	RDR,PKG,ACT2,DIAL/DEDICATED,COMBO	 $2,740.50 
19043344000A	RDR,PROX,4.0-5.0 IN RANGE	 $315.16 
ULARK5010000	RDR,PROX,505 W/KYPD	 $986.58 
ULASR5030000	RDR,PROX,DOOR FRAME	 $452.19 
ULASR6030000	RDR,PROX,DOOR FRAME	 $411.08 
ULMRASR50000	RDR,PROX,ECONOMY	 $405.32 
ULPROXMAXI00	RDR,PROX,LONG RANGE,12X12	 $1,027.69 
19043605000A	RDR,PROX,MULL MT,MM 6800	 $267.57 
ULPROXMINI00	RDR,PROX,MULLION,SGL UNIT	 $369.97 
ULPROXMIN0HA	RDR,PROX,MULLION,SGL UNIT,HAZ LOC	 $808.45 
ULMUPROXRDRB	RDR,PROX,MULTI,BACK,CONN	 $515.21 
ULMUPROXRDRS	RDR,PROX,MULTI,SIDE,CONN	 $515.21 
19055216000A	RDR,PROX,NON-DESTRUCTIBLE	 $753.64 
ULPROXTHIN00	RDR,PROX,PLATE,THIN LINE	 $383.67 
19041838000B	RDR,PROX,SENTINEL,MM-6800,BEIGE	 $260.35 
19041838000A	RDR,PROX,SENTINEL,MM-6800,GRAY	 $256.76 
19041841000B	RDR,PROX,SENTINEL,MR-1824,BEIGE	 $644.02 
19041841000A	RDR,PROX,SENTINEL,MR-1824,GRAY	 $635.14 
19041842000B	RDR,PROX,SENTINEL,MR-1824,MTL COMPENSATION,BEIGE	 $781.05 
19041842000A	RDR,PROX,SENTINEL,MR-1824,MTL COMPENSATION,GRAY	 $781.05 
19041839000B	RDR,PROX,SENTINEL,SP-6820,BEIGE	 $260.35 
19041837000B	RDR,PROX,SENTINEL,SR-24000,BEIGE	 $191.84 
19041840000B	RDR,PROX,SENTINEL,W/KYPD,BEIGE	 $517.96 
19041840000A	RDR,PROX,SENTINEL,W/KYPD,GRAY	 $517.96 
ULPROXPOINT0	RDR,PROX,SGL UNIT,3X2	 $342.57 
ULASR6100000	RDR,PROX,STD	 $465.89 
ULASR6200000	RDR,PROX,STD	 $1,356.55 
ULASR1100000	RDR,PROX,STD,BEIGE	 $548.10 
ULASR110BK00	RDR,PROX,STD,BLK	 $548.10 
ULPROXPRO370	RDR,PROX,STD,SGL UNIT,5X5	 $411.08 
ULPROXPRO300	RDR,PROX,STD,SGL UNIT,5X5,30 BIT	 $411.08 
ULPROXPROKP0	RDR,PROX,STD,W/KYPD	 $726.24 
ULASR5000000	RDR,PROX,VALUE	 $369.97 
ULPROXPLUS00	RDR,PROX,W/HSG,LOW PROFILE	 $507.00 
ULMRASK50100	RDR,PROX,W/INTG KEYPAD	 $482.19 
ULASR6050000	RDR,PROX,WALL SW	 $411.08 
ULASR5050000	RDR,PROX,WALL SW,SGL UNIT	 $493.29 
19059256000A	RDR,THINLINE,SW PLATE	 $314.48 
ULACT4FW0000	RDR,WIEGAND & KYPD FXD	 $1,562.09 
ULACTKW00000	RDR,WIEGAND & KYPD FXD,BASIC	 $1,315.44 
ULACT4KW0000	RDR,WIEGAND&KYPD,ACT	 $2,192.40 
ULACT4W00000	RDR,WIEGAND,ACT	 $1,425.06 
ULACT2W00000	RDR,WIEGAND,ACT,2-WIRE,NON-DEDICATED,CPU	 $1,425.06 
ULACTW000000	RDR,WIEGAND,BASIC	 $1,041.39 
ULWIR1000000	RDR,WIEGAND,INSERTION,BLK	 $452.19 
ULWKR1000000	RDR,WIEGAND,KEY,BLK	 $397.38 
ULWLAB000000	RDR,WIEGAND,LABEL	 $5.48 
ULWSR1000000	RDR,WIEGAND,SWIPE,BEIGE	 $383.67 
ULWSR2000000	RDR,WIEGAND,SWIPE,BLK	 $383.67 
ULWRP1000000	RDR,WIEGAND,SWIPE,EPIC,BLK	 $931.77 
ULWTR1000000	RDR,WIEGAND,TURNSTILE,BLK	 $602.91 
ULWTRC000000	RDR,WIEGAND,TURNSTILE,CHROME	 $657.72 
ULWRE1000000	RDR,WIEGAND,W/PINPAD 310	 $411.08 
11037478000A	RDR/KEYPAD,MTG PL	 $12.33 
00050481000B	REACT RIBBON CARTRIDGE   FIFO	 $13.80 
NZ0000003462	READ HEAD	 $48.23 
11036558000A	READ HEAD, MATRIX	 $568.98 
NZ0000001907	READ HEAD, TRACK 2	 $87.70 
NZ0000001905	READ HEAD, TRACK 3	 $350.78 
49251310000A	READ WIRE,PAPER CUTTER,ASPEN PRNT ENGINE	 $20.48 
19036574000A	READER DORADO 544	 $278.16 
11051558000A	READER INTERFACE	 $771.53 
11037451000B	Reader Interface Mod 430-300	 $2,071.82 
11050704000A	READER INTERFACE MODULE	 $517.96 
11050705000A	READER MODULE ONLY	 $430.26 
11051567000A	READER PANEL	 $3,506.99 
11066320000A	Reader Smoke Detector Sensitivity	 $422.70 
NZ0000002045	READER SWIPE CARD	 $548.10 
MSN90801000A	READER, CARD - SWIPE	 $147.75 
19036778000B	READER, INTELLIGENT SLAVE,	 $959.18 
MSN70739000A	READER, MAG SWIPE, MERCURY 26B	 $324.69 
MSN92234000A	READER, PROX *INDALA #PR-3 27/	 $15.05 
MSN79256000A	READER, WIEGAND INSERT, R/G LE	 $397.38 
MSN64897000A	READER,WIEGAND SWIPE,R/G LED,	 $328.86 
TP820286001A	ready vault trim cladding	 $9.00 
NZ0000002658	REAL MAGIC PRO MPEG	 $219.24 
49213786000A	REAR BIN GUIDE PLATEN	 $9.32 
11046655000A	REAR BOARD,DVR,16 CHANNEL	 $158.95 
11046656000A	REAR BOARD,DVR,8 CHANNEL	 $137.03 
48021288000A	REAR COVER *3756	 $97.13 
11041576000A	REAR DOOR TRIM	 $69.72 
NZ0000002540	REAR GUIDE ASSEMBLY	 $0.02 
NZ0000002539	REAR GUIDE ASSY	 $0.02 
11018789000A	REAR LINK SCREW	 $73.87 
38020923000A	REAR SHELF-CUST HSG	 $2.63 
49201572000B	REAR SRVC DSPL,104IN,UPGR KIT	 $48.20 
38001220000A	REAR TRACK *3686	 $6.19 
TMEFTM17TABS	REAR-LOAD CABLING INDEX TAB	 $0.45 
TP799605TABS	REAR-LOAD TERMINAL INDEX TAB	 $0.45 
19041528000A	REARVISION,CAMR,ADDITIONAL	 $849.77 
TSN94668000A	REBUILD KIT 7560 ALIGNING UNIT	 $475.07 
TSN94667000A	REBUILD KIT 7560 FEEDER UNIT	 $3,883.11 
TSN94663000A	REBUILD KIT TOSHIBA DETECTOR 6	 $681.42 
TSN94662000A	REBUILD KIT TOSHIBA FEEDER 601	 $1,678.39 
38000136000B	REC MODULE	 $302.03 
NZ0000002932	REC PRTR, RS232 W/TRANS 5670 O	 $1,589.49 
NZ0000003007	REC/JRNL PRTR COMB - TEC SDC	 $4,384.80 
11037957000A	RECALL SWITCH	 $239.36 
NZ4450603339	RECEIPT & DEPOSIT INSERT	 $230.20 
19039193000A	RECEIPT EXIT CHUTE, STMNT PRTR	 $32.89 
NZ0000003126	RECEIPT PRINTER BLOCK	 $602.91 
NZ0000003109	RECEIPT PRINTER THERMAL	 $657.72 
NZ0000001751	RECEIPT PRINTER TRANSPORT	 $0.00 
NZ4450621110	receipt printer transport	 $0.00 
NZ0000002172	RECEIPT PRINTER TRANSPORT MOTO	 $82.22 
NZ0000002022	RECEIPT PRINTER WITH TRANSPORT	 $1,753.92 
19039203000A	RECEIPT PRTR LOGIC CABLE - 508	 $31.32 
NZ0000001967	RECEIPT TRANSPORT	 $372.71 
NZ0000003125	RECEIPT TRANSPORT	 $493.29 
NZ0000003059	RECEIPT TRANSPORT ASSY NO BD	 $767.34 
00051051000A	RECEIPTS,CSP 200,1x2	 $27.00 
11034625000A	RECEIVER   AD 1686-B	 $1,558.17 
11038093000A	RECEIVER \ DRIVER  24V	 $896.36 
11034864000A	RECEIVER 1 CHANNEL (NO HSG) AD	 $2,286.75 
11036884000A	RECEIVER BOARD ASM    PELCO	 $70.87 
MSZ76247050A	receiver bottom	 $58.64 
28020090000A	RECEIVER DOOR ASSY *03202	 $374.57 
49004707000A	RECEIVER MOD-ASSY, MG II	 $1,043.78 
49004708000A	RECEIVER MODULE ASSY	 $320.64 
41015589000D	RECEIVER OVHD	 $629.96 
41015589000G	RECEIVER OVHD	 $378.94 
11040175000A	RECEIVER,16-CHANNEL RF,USER MNL	 $2.39 
11040177000A	RECEIVER,4-CHANNEL RF,USER MNL	 $2.39 
11040176000A	RECEIVER,64-CHANNEL RF,USER MNL	 $2.39 
11040060000A	RECEIVER,925MHZ	 $6,166.13 
11051809000A	RECEIVER,TELEPHONE FBR MOD,IFS	 $2,466.45 
BLTC85666000	RECEIVER/DRIVER, 120V	 $1,575.79 
89026156000A	RECEPTACLE	 $3.69 
11018226000A	RECEPTACLE HOUSING	 $0.16 
BRP00509000A	RECEPTACLE TESTER A/C	 $0.05 
TSN64213000A	RECEPTACLE,20A/125V TWIST-LOCK	 $38.15 
49222501000C	RECEPTICLE,GUIDE PIN	 $7.34 
11051196000A	RECES STEL DOR TERM CONT 34 DI	 $16.61 
11050709000A	RECES STEL DR CON W WIR LDS 34	 $14.61 
11050708000A	RECES STEL DR CON W WR LAD 1 D	 $15.37 
11050711000A	RECES STEL DR CON W/LDS 1" DIA	 $19.98 
11050707000A	RECES STEL DR CONT W WR LEAD 1	 $15.18 
MSN69712000A	RECESS DR CONT *SENTROL 1078W-	 $32.45 
11050706000A	RECESSED DOOR CONTACT WHITE	 $5.35 
TP820866001B	RECOGNITION PROG REF GUIDE	 $9.00 
TP820866001A	RECOGNITION SUBSYST PROG REF	 $9.90 
TP821144001D	RECOGNITION SUBSYSTEM PROGRAMMERS REFERENCE MANUAL	 $48.60 
11050712000A	RECONDITIONING KIT FOR BDC	 $278.52 
11050713000A	RECONDITIONING KIT FOR SPHERES	 $261.33 
MONS10176000	RECORD SAFE (ROLL-FORM)     CA	 $171.05 
MONS39560000	RECORD SAFES                CA	 $122.18 
19039143000A	RECPT XPORT PAPER GUIDE - 5088	 $10.96 
82006170000A	RECT, MDA 201/2	 $1.90 
19003016000A	RECT,BRDG,0100V,01.00A,DIO	 $2.70 
19003032000A	RECT,BRDG,0140V,06.00A,DIO	 $2.93 
19003097000A	RECT,BRDG,0400V,04.00A,DIO	 $10.44 
19003095000A	RECT,BRDG,0400V,25.00A,DIO	 $13.87 
19003048000A	RECT,BRDG,0800V,01.50A,DIO	 $3.68 
89026567000A	RECT. METAL BRACKET -2203	 $7.75 
89028640000A	RECTIFIER	 $4.46 
38010694000A	RECTIFIER - BRIDGE	 $14.82 
10868960000	RECTIFIER  MALLORY # FW600	 $5.02 
11031409000A	RECTIFIER/BLEEDER ASM.	 $72.90 
11035815000G	RECYCLABLE LABEL	 $0.33 
19000462000A	RED BOOT	 $1.35 
11050715000A	RED GEN STRB EXP ALERT AMB LEN	 $85.45 
21018362000A	RED LAMP, TRAFFIC CONTROL LIGH	 $21.55 
MSZ91413H63A	RED PB SWITCH	 $64.21 
MSN94284000A	RED PUSH BUTTON SWITCH	 $18.12 
11051656000A	RED ROTATING BEACON STROBE	 $537.14 
11036890000A	RED SEND BUTTON             N	 $224.78 
MSN91608000A	RED STROBE LIGHT	 $53.43 
05000431000A	REDI-FORM HOLDER	 $87.70 
MSN93948000A	REDUCER,3I.D. TO2-3/8O.D.16 GU	 $16.59 
11040203000A	REDUNDANT POWER SUPPLY HP SERVER,5100D	 $1,860.80 
11017952000P	REED FILTER    A01992P	 $43.07 
11017952000Q	REED FILTER   A01992Q	 $43.07 
19014489000A	REED SWITCH COVER DLR	 $8.58 
89029157000A	REEL BELT   TLC 1500  F 152663	 $7.68 
11034357000A	REEL BELT   VSS303	 $7.01 
11031680000A	REEL MOTOR VSS-300	 $102.49 
89030260000A	REEL SENSOR GYYR # F5333953	 $3.95 
49208021118A	REEL, ESCROW, COLLECTOR	 $86.00 
TMNC0130000A	reference guide ncr 5600 serie	 $24.30 
29016052000A	REFL,REJ NOTES	 $5.21 
TS4368847242	REFLECTION SPOT SEN-PHDFLREF	 $1,504.81 
49024480000B	REFLECTOR,LENS,RIGHT	 $27.41 
11050716000A	REFLECTVE BEAM DETECTOR 15-160	 $1,511.14 
39004537000A	Regular magnetic	 $19.85 
89029417000A	REGULATOR BOARD #1 FOR 1800	 $76.21 
89030636000A	REGULATOR, VOLTAGE #US7805	 $0.97 
27001734000C	REINF ANGLE	 $4.72 
27001083L00A	REINFORCED ANGLE	 $77.56 
10826680000	RELAY	 $17.02 
29000289000A	RELAY	 $31.39 
NZ0000002778	RELAY	 $74.98 
TS4843201084	Relay	 $136.56 
TSN66745000A	RELAY	 $0.00 
TSN66746000A	RELAY	 $0.00 
TSN66747000A	RELAY	 $0.00 
TSN66748000A	RELAY	 $0.00 
18000373000A	RELAY   12 V 300 OHM DPDT	 $56.82 
19011016000A	RELAY   12 VDC 1600 OHM 2 AMP	 $58.87 
10841260000	RELAY   12VDC	 $59.38 
10593420000	RELAY   S.W.     116-02	 $16.38 
10576070000	RELAY  12 VDC CONT 115 V 10 AM	 $53.30 
28001054000A	RELAY - PWR - 24VDC	 $286.40 
MSN92839000A	RELAY *ALARM SAFE #00705	 $26.38 
01064428000A	RELAY @ #                 *	 $59.92 
11036259000A	RELAY 24 VOLTS               E	 $53.96 
38001212000A	RELAY 24VDC-DPDT	 $14.69 
TS4843201047	RELAY 3A/2POLE-KZHH52PDC24	 $13.65 
4102432400AC	RELAY BASE,4PDT 35MM 24VDC	 $62.87 
11042259000A	RELAY BOARD V 2.0	 $152.94 
69001604000A	RELAY CONTROL BD.@ MATRIX(MS12	 $443.96 
MSZ69281840A	RELAY DP 8.5MA	 $25.28 
89031064000A	Relay G5V1-12	 $5.89 
11040012000A	RELAY MDL,16 RLY	 $1,151.01 
11050718000A	RELAY MOD WITH 4 FORM C RELAYS	 $266.92 
89030594000A	RELAY OPTO/MOS TELECOM SWITCH	 $5.24 
11036458000A	RELAY OUTPUT BOARD	 $250.56 
11040013000A	RELAY OUTPUT PCB,1 RLY	 $87.70 
89030657000A	RELAY PC MNT DPDT SMD L-LEAD 1	 $8.93 
10852460000	RELAY PM-1007-D12	 $55.00 
NZ0000002717	RELAY REMOTE	 $167.18 
89031063000A	Relay SMD 1GHZ-12VDC	 $9.48 
28000930000A	RELAY SOCKET	 $47.22 
19000467000A	RELAY SPDT 55V	 $102.77 
28010520000A	RELAY SPPT. 24VDC	 $63.49 
TS4368847561	Relay wiring	 $8.19 
TS4843200998	RELAY(10A/2POLE)S/B UNIT+1	 $54.62 
TS4843200992	RELAY(3A/4POLE)KZHH54PDC24	 $16.39 
MSN70115000A	RELAY, 12VAC, 4PDT-(Z1741871)	 $100.99 
MSN67229000A	RELAY, 24VAC/3PDT  (Z1742161)	 $69.89 
MSN69034000A	RELAY, 24V-BLOWER (Z1749777)	 $40.28 
MSN67481000A	RELAY, 6VDC/500 OHM *ALLIED #T	 $52.46 
MSN68781000A	RELAY, DPDT/24DC (Z1742460)	 $17.76 
MSN67660000A	RELAY, DPDT/24VDC *P&B #PRD601	 $33.78 
89030987000A	Relay, Low Signal PCB 2.54mm	 $10.53 
TE000149VICS	Relay, Minature OMRON(for TE02389)	 $41.21 
89031060000A	Relay, Omron G6K-2F-Y-DC12	 $8.51 
89030941000A	RELAY, PCB	 $3.39 
MSN66644000A	RELAY, SEALED FORM C *AROMAT	 $18.20 
11037917000A	RELAY, SPDT-24 VDC          N	 $102.17 
MSN94035000A	RELAY, STEP-UP - *ADVANCED SIG	 $31.99 
MSN94324000A	RELAY, TWO ZONE FOR REMOTE 1/0	 $35.48 
MSN68323000A	RELAY,12VDC *STRUTHERS DUNN#MR	 $47.24 
MSN72918000A	RELAY,12VDC 4PDT	 $45.58 
21014442000A	RELAY,24VAC - 4PDT	 $30.34 
MSN70118000A	RELAY,24VAC DPDT *LINE #MKP2A*	 $101.12 
19057363000A	RELAY,24VDC	 $24.19 
MSN69771000A	RELAY,24VDC6PDT     (Z1742719)	 $68.97 
MSN68532000A	RELAY,4.5V *AM.ZETTLER #AZ420-	 $33.41 
MSN72250000A	RELAY,750 OHM *SIGMA#5R-91516*	 $0.00 
TSN65431000A	RELAY,ASSB,SOLID STATE	 $35.96 
41024324000X	RELAY,DPDT 24VDC	 $40.11 
19057364000A	RELAY,DPDT,24VDC	 $16.76 
19055540000A	RELAY,SINGLE POLE,24VDC	 $34.04 
89031409000A	RELAY,SPDT 1A 12V OHM COIL	 $3.22 
GL1001050000	RELAY,UNIVERSAL	 $34.51 
MSZ69292910A	RELAY-DS2E-5	 $10.43 
MSZ69284750A	RELAY-OCTAL 24VDC	 $82.43 
MSZ69291950A	RELAY-REED,N.C.	 $22.98 
MSZ69291870A	RELAY-REED,N.O.	 $8.62 
11040011000A	RELAYS MDL,8 RLY	 $548.10 
30023340000	RELEASE PAWL	 $28.92 
30023350000	RELEASE PAWL SPACER	 $28.92 
41018907000A	RELEASE TOOL,DRAWER HEAD	 $592.73 
MSN91964000A	RELEASE, 24V ELECTRIC DOOR  *F	 $15.05 
11033645000A	RELOCK ASM FOR 210-1001 FUTURA	 $12.31 
21016180000B	RELOCK BALL,UTIL DEAL DWR	 $2.45 
01083191000A	RELOCK BOLT	 $2.85 
21017308000A	RELOCK CABLE,TOP/BOT	 $10.26 
21004920000A	RELOCK COVER	 $4.70 
39007851000A	RELOCK COVER - FOR USE   W/ 00-017429-000A LOCK	 $21.82 
21012682000B	RELOCK COVER EXIT	 $10.35 
L10200050000	RELOCK COVER L/H	 $161.60 
29004824000A	RELOCK PIN	 $6.34 
41027289000A	RELOCK PIN	 $4.89 
21017307000A	RELOCK PLUNGER	 $29.75 
41027144000A	RELOCK TRIGGER	 $13.32 
41027264000A	RELOCK TRIGGER	 $9.77 
29007903000A	RELOCK,TAB	 $3.86 
41021737000A	RELOCK,THERMO	 $20.64 
21017177000A	RELOCKER DOG,STRG RM VD	 $16.42 
21017178000A	RELOCKER HOOK,STRG RM VD	 $8.21 
11031500000A	RELOCKING DEVICE	 $4.87 
11050727000A	REMOT ANNUN TRM PLT 3 GANG WHT	 $25.49 
11050746000A	REMOT TST STAT EC50R/100R REFL	 $343.56 
19053094000A	REMOTE 16 I/O ASSY	 $489.46 
19053095000A	REMOTE 16 I/O PC BD ADD-ON	 $306.86 
19056513000A	REMOTE ACS DEVICE,1 PORT,KVM IP	 $2,199.83 
11050721000A	REMOTE ANNUCIATOR INTERFACE	 $356.27 
11048473000A	REMOTE ANNUMCIATOR - 5230	 $330.20 
11050725000A	REMOTE ANNUN 80 CHAR LCD COMM	 $534.40 
11050723000A	REMOTE ANNUN BLACK	 $247.46 
11050726000A	REMOTE ANNUN FOR A LSS 4/12 FA	 $32.89 
11050724000A	REMOTE ANNUNCIATOR	 $27.41 
11050729000A	REMOTE CLOSET ENCL RD-21 SPACE	 $1,349.72 
11050728000A	REMOTE CLOSET ENCLOSURE RED	 $1,215.80 
19000092000A	REMOTE CONTROL SW.	 $16.88 
11050750000A	REMOTE CONVNTNL ZONE MODB6 VER	 $92.77 
11050734000A	REMOTE DUTY STATION	 $988.72 
11050735000A	REMOTE ENABLE DISABLE KEYSWITC	 $598.80 
49000206000F	REMOTE FUNC BD SHIP W/ 31-1438	 $241.82 
TM000172001D	Remote Key Transport Reference	 $15.87 
TM000172001C	Remote Key Transport Reference Manual	 $118.80 
19063810000A	Remote Keyboard accessory kit (Compatible w/ KBC 1/2)	 $54.05 
11050751000A	REMOTE LAMP FOR MULTI DET 4	 $102.64 
11051271000A	REMOTE LCD COMMAND MOD ANNUNCI	 $2,182.92 
11050736000A	REMOTE LCD COMMAND MODULE DOOR	 $156.21 
11051551000A	REMOTE LED DISPLAY	 $39.52 
11050740000A	REMOTE LED/TEST STATION PROV	 $42.37 
11050741000A	REMOTE MIC FOR USE W/3 ANN SER	 $673.84 
11050743000A	REMOTE RELAY MODULE	 $144.05 
11050744000A	REMOTE STATION	 $205.38 
BUIB0832000A	REMOTE STATUS INDICATOR SURGE	 $0.12 
11050745000A	REMOTE SYSTEM INDICATOR	 $98.80 
11050747000A	REMOTE TEST STAT WITH KEY SWIT	 $151.75 
11051660000A	REMOTE TLEPHONE WARDEN STATION	 $302.22 
AA001822000A	REMOTE UNIT INTERFACE INSTALLA	 $14.40 
11050748000A	REMOTE ZON INDIAL LED PER ZONE	 $120.97 
TMRMLINK000A	REMOTELINK INSTALLATION AND MA	 $22.50 
TP820271001A	REMOTELINK PLANNING GUIDE	 $20.70 
30006570000	REMOVABLE DIAL ASM	 $24.55 
5102098000BA	REMOVABLE LOCK	 $43.43 
51020980501A	REMOVABLE LOCK	 $43.43 
51020980502A	REMOVABLE LOCK	 $50.27 
51020980503A	REMOVABLE LOCK	 $43.43 
51020980504A	REMOVABLE LOCK	 $43.43 
51020980505A	REMOVABLE LOCK	 $43.43 
51020980506A	REMOVABLE LOCK	 $43.43 
51020980509A	REMOVABLE LOCK	 $43.43 
51020980511A	REMOVABLE LOCK	 $50.27 
51020980514A	REMOVABLE LOCK	 $43.43 
51020980516A	REMOVABLE LOCK	 $43.43 
51020980517A	REMOVABLE LOCK	 $43.43 
51020980518A	REMOVABLE LOCK	 $43.43 
51020980520A	REMOVABLE LOCK	 $43.43 
51020980521A	REMOVABLE LOCK	 $43.43 
51020980522A	REMOVABLE LOCK	 $43.43 
51020980523A	REMOVABLE LOCK	 $43.43 
51020980525A	REMOVABLE LOCK	 $43.43 
51020980526A	REMOVABLE LOCK	 $43.43 
51020980527A	REMOVABLE LOCK	 $43.43 
51020980528A	REMOVABLE LOCK	 $50.27 
51020980529A	REMOVABLE LOCK	 $43.43 
51020980530A	REMOVABLE LOCK	 $43.43 
51020980531A	REMOVABLE LOCK	 $43.43 
51020980532A	REMOVABLE LOCK	 $43.43 
51020980534A	REMOVABLE LOCK	 $43.43 
51020980535A	REMOVABLE LOCK	 $43.43 
51020980536A	REMOVABLE LOCK	 $43.43 
51020980537A	REMOVABLE LOCK	 $43.43 
51020980538A	REMOVABLE LOCK	 $43.43 
51020980539A	REMOVABLE LOCK	 $43.43 
51020980540A	REMOVABLE LOCK	 $43.43 
51020980541A	REMOVABLE LOCK	 $43.43 
51020980542A	REMOVABLE LOCK	 $43.43 
51020980543A	REMOVABLE LOCK	 $43.43 
51020980544A	REMOVABLE LOCK	 $43.43 
51020980545A	REMOVABLE LOCK	 $43.43 
51020980546A	REMOVABLE LOCK	 $43.43 
51020980548A	REMOVABLE LOCK	 $43.43 
51020980549A	REMOVABLE LOCK	 $43.43 
51020980550A	REMOVABLE LOCK	 $43.43 
51020980551A	REMOVABLE LOCK	 $43.43 
51020980552A	REMOVABLE LOCK	 $43.43 
51020980553A	REMOVABLE LOCK	 $43.43 
51020980554A	REMOVABLE LOCK	 $43.43 
51020980555A	REMOVABLE LOCK	 $43.43 
51020980556A	REMOVABLE LOCK	 $43.43 
51020980557A	REMOVABLE LOCK	 $43.43 
11051251000A	REMT ANNUN LCD W/CONT 4 BOX MT	 $1,207.52 
11050739000A	REMT LD ALM INDI 1 GANG PLS P	 $26.29 
11050738000A	REMT LD ALRM IND 1-GANG SS PLT	 $23.80 
11050742000A	REMT MICO FOR USE IN CAB SER C	 $812.94 
11035815000A	REPAIR & RETURN LABEL ORANGE	 $0.33 
TM000360001A	REPAIR MANUAL,OPTEVA ENHANCED NOTE ACCEPTOR FREE-FALL CASSETTE ON-SITE	 $117.00 
TMEFTM15I01B	REPAIR MNL,STMT PRNTR	 $144.90 
TMEFTM18I01A	REPAIR MNL,VOICE	 $97.20 
11035815000B	REPAIRABLE RETURN LABEL BLUE	 $0.36 
MSN66026000A	REPL BY N65671	 $0.00 
MSN65375000A	REPL BY N69622	 $0.00 
MSN85630000A	REPL BY N69882 (1) AND N69877	 $0.00 
USPSLOCKGRAF	REPLACE ARROW/PARCEL WITH UNIT	 $72.00 
MSN93367000A	REPLACE BY (1) N79307 (4) N793	 $0.00 
MSN93389000A	REPLACE BY (1) N79307 AND (4)	 $0.00 
MSN64536000A	REPLACE BY N93631	 $0.00 
USPSCAMSRING	REPLACE CAM OR SPRING(PER UNIT	 $18.90 
USPSLOCKMCRD	REPLACE/ARROW/PARCEL WITH MCGA	 $48.60 
89026738000A	REPLACED BY 89-26732-A	 $0.05 
MSN67582000A	REPLACED BY N64167	 $0.00 
MSN64509000A	REPLACED BY N93449 & N63308	 $0.00 
11043528000A	REPLACED DRAWER RED TUB	 $1,398.47 
19042620000B	Replacement 2.7 K ohm 16 pin SIP - Single Inline Package - resistor for 16 input Mez card, 19-053248-000A	 $0.59 
19042620000A	Replacement 5.6 K ohm 16 pin SIP - Single Inline Package - resistor for 16 input Mez card, 19-053248-000A	 $3.37 
19042621000A	Replacement 5.6 K ohm 9 pin SIP - Single Inline Package - resistor for 1058 panel, 19-053230-000A	 $0.32 
19049724000B	REPLACEMENT 66 & 110 FOR PUNCH DOWN TOOL	 $69.61 
MSN82042000A	REPLACEMENT BLADES LEFEBURE 77	 $28.39 
11050753000A	REPLACEMENT DISPLAY	 $416.56 
11036954000A	REPLACEMENT DOME - SMOKE    PE	 $303.37 
19060751000A	REPLACEMENT DOME FOR ICD-608 DOME CAMERA	 $37.84 
4102098400AA	REPLACEMENT GLASS,DUW,LVL 1	 $883.39 
41020986000J	REPLACEMENT GLASS,DUW,LVL 1 INSL	 $2,887.16 
41021971000E	REPLACEMENT GLAZING,LVL 1,1.250-44.375-32.375	 $2,154.60 
41021971000H	REPLACEMENT GLAZING,LVL 1,1.250-45.125-33.125	 $2,154.60 
89030898000A	REPLACEMENT LAMP FOR SVM II	 $19.19 
BUFC9844000A	REPLACEMENT OF ACCUTRACK ELITE 200 RELEASE 1.41.02	 $2.13 
BUFC9844000B	REPLACEMENT OF ACCUTRACK ELITE 200 RELEASE 1.41.02	 $2.15 
TE000140VICS	REPLACEMENT SOCKET, EURO (INTERNATIONAL POWER STRIP)	 $48.24 
11042004000A	REPLACEMENT TD BD KIT	 $871.43 
11066470000A	Replacement Teller Door Assb.	 $682.09 
19019413000A	RES KIT	 $11.34 
39009303111A	RES,0.16 W ,10 OHM	 $0.17 
39009303028A	RES,0.16 W,10K OHM	 $0.17 
39009303140A	RES,0.16 W,4.7K OHM	 $0.17 
39009303026A	RES,0.25 W,4.7 OHM	 $1.44 
89029111000A	RES,16.5K OHM,1/4W10% TOL.	 $0.34 
19055195000A	RES,1K OHM,QTY 16	 $27.03 
39009303018A	RES,5 W,10 OHM	 $7.50 
19004151000A	RES,FXD,CBN CMPSN,O 091.00,02.00W,05.0%	 $0.24 
2901318000AA	RES,FXD,MTL FLM,K 001.00,00.06W,01.0%,0603	 $0.00 
29015983000F	RES,FXD,MTL FLM,K 001.00,00.10W,01.0%,06	 $2.82 
19004057000A	RES,FXD,MTL FLM,K 001.00,00.50W,01.0%	 $0.41 
19004228004A	RES,FXD,MTL FLM,K 001.00,01.00W,01.0%,2512	 $0.25 
19004200050A	RES,FXD,MTL FLM,K 001.10,00.13W,01.0%,1206	 $0.02 
29013179000J	RES,FXD,MTL FLM,K 001.50,00.06W,05.0%,0603	 $0.00 
19004110069A	RES,FXD,MTL FLM,K 002.00,00.25W,05.0%	 $0.06 
2901598300DW	RES,FXD,MTL FLM,K 002.05,00.10W,01.0%,0603	 $0.45 
2901318000BA	RES,FXD,MTL FLM,K 002.10,00.06W,01.0%,0603	 $0.01 
19004112080A	RES,FXD,MTL FLM,K 002.20,00.50W,05.0%	 $0.25 
19004110072A	RES,FXD,MTL FLM,K 002.70,00.25W,05.0%	 $0.17 
29013273000C	RES,FXD,MTL FLM,K 003.00,00.10W,01.0%,0603	 $0.02 
19004110073A	RES,FXD,MTL FLM,K 003.00,00.25W,05.0%	 $2.01 
2901317900AF	RES,FXD,MTL FLM,K 003.30,00.06W,05.0%,0603	 $0.00 
19004110074A	RES,FXD,MTL FLM,K 003.30,00.25W,05.0%	 $0.17 
2901598300AK	RES,FXD,MTL FLM,K 003.40,00.10W,01.0%,0603	 $0.87 
19004057067A	RES,FXD,MTL FLM,K 004.99,00.50W,01.0%	 $0.61 
19004057068A	RES,FXD,MTL FLM,K 005.11,00.50W,01.0%	 $0.37 
19004110081A	RES,FXD,MTL FLM,K 006.20,00.25W,05.0%	 $0.46 
2901598300DX	RES,FXD,MTL FLM,K 008.45,00.10W,01.0%,0603	 $0.45 
2901318000BR	RES,FXD,MTL FLM,K 008.87,00.06W,01.0%,0603	 $0.01 
49232049000F	RES,FXD,MTL FLM,K 010.00,00.06W,01.0%,0402	 $0.01 
29015983000C	RES,FXD,MTL FLM,K 010.00,00.10W,01.0%,0603	 $0.20 
29015986000E	RES,FXD,MTL FLM,K 010.00,00.10W,05.0%,0805	 $1.06 
19004058000A	RES,FXD,MTL FLM,K 010.00,00.50W,01.0%	 $0.44 
2901318000BS	RES,FXD,MTL FLM,K 011.00,00.06W,01.0%,0603	 $0.01 
29013179000S	RES,FXD,MTL FLM,K 015.00,00.06W,05.0%,0603	 $0.00 
19004206025A	RES,FXD,MTL FLM,K 015.00,00.25W,05.0%,1210	 $0.14 
29013180000J	RES,FXD,MTL FLM,K 020.00,00.06W,01.0%,0603	 $0.00 
2901317900AD	RES,FXD,MTL FLM,K 020.00,00.06W,05.0%,0603	 $0.05 
19004216016A	RES,FXD,MTL FLM,K 031.60,00.10W,01.0%,0805	 $0.45 
19004110098A	RES,FXD,MTL FLM,K 033.00,00.25W,05.0%	 $0.45 
19004110002B	RES,FXD,MTL FLM,K 047.00,00.25W,05.0%	 $0.45 
19004129037H	RES,FXD,MTL FLM,K 050.50,00.25W,00.5%	 $0.08 
19004110003B	RES,FXD,MTL FLM,K 051.00,00.25W,05.0%	 $0.76 
19004058068A	RES,FXD,MTL FLM,K 051.10,00.50W,01.0%	 $0.31 
19004220001P	RES,FXD,MTL FLM,K 056.00,00.10W,05.0%,0805	 $2.35 
2901598300DY	RES,FXD,MTL FLM,K 061.90,00.10W,01.0%,0603	 $0.01 
2901318000BN	RES,FXD,MTL FLM,K 080.60,00.06W,01.0%,0603	 $0.01 
29015983000D	RES,FXD,MTL FLM,K 100.00,00.10W,01.0%,0603	 $1.14 
19004205041A	RES,FXD,MTL FLM,K 100.00,00.13W,05.0%,1206	 $1.68 
19004062000A	RES,FXD,MTL FLM,K 100.00,00.25W,01.0%	 $0.65 
2901318000BP	RES,FXD,MTL FLM,K 121.00,00.06W,01.0%,0603	 $0.01 
19004062010A	RES,FXD,MTL FLM,K 127.00,00.25W,01.0%	 $0.26 
19004062011A	RES,FXD,MTL FLM,K 130.00,00.25W,01.0%	 $0.39 
19004110020B	RES,FXD,MTL FLM,K 270.00,00.25W,05.0%	 $0.32 
19004216055A	RES,FXD,MTL FLM,K 845.00,00.10W,01.0%,0805	 $0.42 
29013179000T	RES,FXD,MTL FLM,M 001.00,00.06W,05.0%,0603	 $0.00 
19004227003A	RES,FXD,MTL FLM,O 0.0200,01.00W,01.0%,2512	 $3.70 
29015985000A	RES,FXD,MTL FLM,O 0.0200,01.00W,01.0%,2512	 $1.67 
19004227002A	RES,FXD,MTL FLM,O 0.1000,01.00W,01.0%,2512	 $4.31 
29015985000B	RES,FXD,MTL FLM,O 0.1000,01.00W,01.0%,2512	 $1.69 
19004221000A	RES,FXD,MTL FLM,O 001.00,00.13W,01.0%,1206	 $2.98 
19004126000A	RES,FXD,MTL FLM,O 001.00,00.25W,01.0%	 $1.82 
19004122000A	RES,FXD,MTL FLM,O 002.74,00.25W,01.0%	 $0.05 
19004126046A	RES,FXD,MTL FLM,O 003.01,00.25W,01.0%	 $0.09 
29013236000A	RES,FXD,MTL FLM,O 010.00,00.06W,05.0%,0603	 $1.26 
29015987000A	RES,FXD,MTL FLM,O 010.00,00.25W,05.0%,1206	 $0.99 
29013236000G	RES,FXD,MTL FLM,O 022.00,00.06W,05.0%,0603	 $1.67 
19004110024A	RES,FXD,MTL FLM,O 027.00,00.25W,05.0%	 $0.17 
19004206005A	RES,FXD,MTL FLM,O 027.00,00.25W,05.0%,SMD	 $0.45 
29016064000Y	RES,FXD,MTL FLM,O 030.10,00.13W,01.0%,1206	 $0.34 
29013179000G	RES,FXD,MTL FLM,O 033.00,00.06W,05.0%,0603	 $0.00 
19004220001X	RES,FXD,MTL FLM,O 033.00,00.10W,05.0%,0805	 $2.18 
19004110026A	RES,FXD,MTL FLM,O 033.00,00.25W,05.0%	 $0.17 
19004206003A	RES,FXD,MTL FLM,O 033.00,00.25W,05.0%,SMD	 $0.45 
19004228009A	RES,FXD,MTL FLM,O 033.20,01.00W,01.0%,2512	 $21.95 
2901598400BM	RES,FXD,MTL FLM,O 040.20,00.10W,01.0%,0805	 $0.45 
19004055087A	RES,FXD,MTL FLM,O 082.50,00.50W,01.0%	 $0.47 
19004200103A	RES,FXD,MTL FLM,O 093.10,00.13W,01.0%,1206	 $0.45 
29015983000R	RES,FXD,MTL FLM,O 100.00,00.10W,01.0%,0603	 $2.82 
29015982000R	RES,FXD,MTL FLM,O 100.00,00.10W,05.0%,0603	 $0.22 
19004220000L	RES,FXD,MTL FLM,O 100.00,00.10W,05.0%,0805	 $0.45 
29015986000A	RES,FXD,MTL FLM,O 100.00,00.10W,05.0%,0805	 $0.45 
19004112048A	RES,FXD,MTL FLM,O 100.00,00.50W,05.0%	 $3.25 
19004206018A	RES,FXD,MTL FLM,O 120.00,00.25W,05.0%,1210	 $0.13 
19004110042A	RES,FXD,MTL FLM,O 150.00,00.25W,05.0%	 $1.34 
19004206004A	RES,FXD,MTL FLM,O 180.00,00.25W,05.0%,SMD	 $0.45 
2901317900AB	RES,FXD,MTL FLM,O 200.00,00.06W,05.0%,0603	 $0.68 
29015982000D	RES,FXD,MTL FLM,O 200.00,00.10W,05.0%,0603	 $0.45 
19004110046A	RES,FXD,MTL FLM,O 220.00,00.25W,05.0%	 $0.19 
19004206000A	RES,FXD,MTL FLM,O 220.00,00.25W,05.0%,SMD	 $0.45 
29013236000N	RES,FXD,MTL FLM,O 330.00,00.06W,05.0%,0603	 $2.49 
19004110050A	RES,FXD,MTL FLM,O 330.00,00.25W,05.0%	 $0.17 
19004110055A	RES,FXD,MTL FLM,O 510.00,00.25W,05.0%	 $0.08 
29015983000A	RES,FXD,MTL FLM,O 511.00,00.10W,01.0%,0603	 $0.01 
2901318000AY	RES,FXD,MTL FLM,O 604.00,00.06W,01.0%,0603	 $0.01 
19004113062A	RES,FXD,MTL OXD,K 001.00,01.00W,05.0%	 $0.31 
19004113026A	RES,FXD,MTL OXD,O 033.00,01.00W,05.0%	 $0.25 
19004119012A	RES,FXD,WW,O 001.00,005.00W,10.0%	 $1.28 
19004065012A	RES,FXD,WW,O 003.00,005.00W,05.0%	 $7.76 
39002183020A	RES,MDL,CERMET,DIP,K 001.00,01.50W,02.0%	 $2.05 
29000946010A	RES,MDL,CERMET,DIP,K 001.00,02.00W,02.0%	 $1.93 
39002183045A	RES,MDL,CERMET,DIP,K 100.00,01.50W,02.0%	 $2.23 
19004068023A	RES,MDL,CERMET,SIP,K 001.50,00.80W,02.0%	 $2.38 
19004097026A	RES,MDL,CERMET,SIP,K 002.00,02.10W,02.0%	 $1.38 
19004066012A	RES,MDL,CERMET,SIP,K 002.20,01.00W,02.0%	 $2.35 
19004096028A	RES,MDL,CERMET,SIP,K 002.70,02.70W,02.0%	 $0.39 
19004068034A	RES,MDL,CERMET,SIP,K 010.00,00.80W,02.0%	 $1.31 
19004066016A	RES,MDL,CERMET,SIP,K 010.00,01.00W,02.0%	 $6.36 
19004097037A	RES,MDL,CERMET,SIP,K 010.00,02.10W,02.0%	 $1.76 
19004096040A	RES,MDL,CERMET,SIP,K 018.00,02.70W,02.0%	 $2.13 
19004068038A	RES,MDL,CERMET,SIP,K 022.00,00.80W,02.0%	 $0.96 
19004068040A	RES,MDL,CERMET,SIP,K 033.00,00.80W,02.0%	 $2.35 
19004068043A	RES,MDL,CERMET,SIP,K 056.00,00.80W,02.0%	 $0.45 
19004068046A	RES,MDL,CERMET,SIP,K 100.00,00.80W,02.0%	 $0.59 
19004096049A	RES,MDL,CERMET,SIP,K 100.00,02.70W,02.0%	 $1.07 
19004066024A	RES,MDL,CERMET,SIP,K 220.00,01.00W,02.0%	 $5.62 
19004106000A	RES,MDL,CERMET,SIP,MULT,01.30W	 $52.80 
19004068019A	RES,MDL,CERMET,SIP,O 680.00,00.80W,02.0%	 $0.59 
29013288000A	RES,MDL,MTL FLM,1206,K 001.00,00.06W,05.0%	 $0.13 
29013288000S	RES,MDL,MTL FLM,1206,K 003.30,00.06W,05.0%	 $0.08 
29013288000W	RES,MDL,MTL FLM,1206,K 018.00,00.06W,05.0%	 $0.11 
29013288000X	RES,MDL,MTL FLM,1206,K 068.00,00.06W.05.0%	 $0.13 
29013288000P	RES,MDL,MTL FLM,1206,M 001.00,00.06W,05.0%	 $0.33 
29013288000E	RES,MDL,MTL FLM,1206,O 033.00,00.06W,05.0%	 $0.10 
19004222000D	RES,MDL,MTL FLM,SMT,O 330.00,00.16W,05.0%	 $1.37 
19048811000A	RES,NTWK,3.3K OHM,2%,ISOLATED,+/-100PPM,2.25W,16 PIN,PCB	 $1.30 
89030789000A	RES,SMT,ISO,10,0603,2,1,5%	 $6.25 
89030812000A	RES,SMT,ISO,10K,0603,2,15%	 $12.76 
89030790000A	RES,SMT,ISO,1K,0603,2,1,1%	 $4.82 
89030811000A	RES,SMT,ISO,2L,0603,2,1,1%-	 $16.15 
89030793000A	RES,SMT,ISO,47,0603,2,1,5%	 $5.18 
89030815000A	RES,SMT,ISO,8K2,0603,2,1,5%	 $4.99 
39002877000A	RES,VAR,CBN,K 001.00,00.50W,20.0%,AUD,SD,01T	 $25.49 
39002765000A	RES,VAR,CBN,K 005.00,00.50W,20.0%,AUD	 $16.11 
19004117007A	RES,VAR,CERMET,K 001.00,00.50W,10.0%,LIN,SD,01T	 $4.52 
19004063007A	RES,VAR,CERMET,K 001.00,01.00W,10.0%,LIN,SD,20T	 $7.39 
19004140000A	RES,VAR,CERMET,K 002.00,00.50W,20.0%,LIN,TP,01T	 $9.01 
19004217000A	RES,VAR,CERMET,K 010.00,00.25W,20.0%,LIN,TP,01T	 $2.16 
19004077008A	RES,VAR,CERMET,K 020.00,00.50W,20.0%,LIN,SD,01T	 $2.30 
19004241000B	RES,VAR,CERMET,K 050.00,00.25W,10.0%,LIN,SD,12T	 $14.01 
19004077009A	RES,VAR,CERMET,K 050.00,00.50W,20.0%,LIN,SD,01T	 $2.42 
19004217000B	RES,VAR,CERMET,O 500.00,00.25W,20.0%,LIN,TP,01T	 $1.53 
89026062000A	RES-360-2W	 $1.04 
11062428000A	RESET BOX, #6066	 $127.58 
11043843000A	RE-SET KEY US-HUBRT	 $0.76 
11050754000A	RESET SWITCH FROM SA 3I ONLY	 $124.70 
11050755000A	RESIDENT STATION PUSH BUTTON	 $43.85 
TP820191001A	RESIDER LS PLANNING GUIDE	 $13.50 
89030689000A	RESISTER PACK RP68	 $0.98 
38010607000C	RESISTOR	 $20.28 
89029525000A	RESISTOR  560 OHM  SURFACE MOU	 $0.76 
89029504000A	RESISTOR  68 OHM  SURFACE MT	 $1.04 
89030251000A	RESISTOR .12 OHM 2W	 $0.51 
89026299000A	RESISTOR 0.15 LOW 3%	 $16.99 
19004023078A	RESISTOR 1%,64.9K,1/4W,	 $0.45 
89028682000A	RESISTOR 1.5 KOHM 2 WATT FLAME	 $2.12 
38010607000A	RESISTOR 15 OHM 50W 1% SPEC.	 $22.07 
89029397000A	RESISTOR 1K OHM 1/8W 5%  (SM)	 $0.15 
19004058031A	RESISTOR 21K OHM 1/2W 1% METL	 $0.26 
MSN67813000A	RESISTOR 25 OHM/25W	 $19.60 
19004058050A	RESISTOR 33.2K OHM 1/2W 1% MET	 $0.82 
89029393000A	RESISTOR 330 OHM 1/8W 5%  (SM)	 $0.14 
89030692000A	RESISTOR FLAMEPROOF 200K OHM	 $4.37 
89028791000A	RESISTOR GYYR#F0170431TL	 $2.20 
89028710000A	RESISTOR NET SIL 7X10K OW2 2%	 $9.00 
89030641000A	RESISTOR PACK #02F2094	 $1.10 
MSN70524000A	RESISTOR, 165 OHM 1/4 WATT 1%	 $0.34 
MSN67922000A	RESISTOR, 3.16K OHM 1/4 W - TY	 $0.35 
MSN70525000A	RESISTOR, 383 OHM 1/4 WATT 1%	 $0.29 
89027804000A	RESISTOR, CF 1K, 1W, 5%	 $1.02 
89028679000A	RESISTOR,250 OHM 5 WATT SANDBL	 $2.12 
89030234000A	RESISTOR-RD12S62OK0HMJ	 $2.49 
TS4843078066	RESISTOR-RW-C100H3RHJSSB	 $49.16 
11038707000A	Resistors 470ohm .25W EOL (10)	 $5.48 
11050756000A	RESISTORS PACK OF 16	 $27.41 
19068394000A	RESOLUTION 2.8-12MM WIDE DYNAMIC RANGE UTILIZING DUAL SPEED CCD TECHNOLOGY INSURE EXTREME BLACK LIGHT MANAGEMENT WEATHERPROOF IP66 RATING PRIVACY IMAGE MASKING WITH FREE POSITION: 4 ZONES DUAL VOLTAGE DC12V OR AC24V	 $522.00 
11017952000A	RESONANT REED FILTER	 $219.24 
11017952000B	RESONANT REED FILTER	 $191.84 
11017952000C	RESONANT REED FILTER	 $145.25 
11017952000G	RESONANT REED FILTER	 $186.35 
11017952000J	RESONANT REED FILTER	 $72.62 
11017952000K	RESONANT REED FILTER	 $194.58 
11017952000L	RESONANT REED FILTER	 $202.80 
11017952000M	RESONANT REED FILTER	 $43.93 
11017952000N	RESONANT REED FILTER	 $145.25 
49236940000A	RESTRAINT KIT,560	 $13.86 
49261334000A	RESTRAINT KIT,OPTEVA 720 FASCIA	 $30.35 
19000900000B	RESUME & TRIGGER SWITCH   SPST	 $7.39 
19000904000C	RET RING  EXT 1/4 ID	 $1.75 
89030537000B	RET RING,STTL,#KRE01203900	 $11.85 
21014879000A	RET. RING	 $0.14 
00051505000B	Retail 80mm Recpt w/o TOF	 $44.43 
00051505000A	Retail 80mm Recpt w/TOF	 $54.01 
GR809100301A	RETAIL DATA TERMINAL(RDT-4400)	 $12.60 
15005530000A	Retail Pallet,  40in X 48in McDonalds	 $38.35 
BRP00831000A	RETAINER	 $0.05 
28010513000A	RETAINER - SPRING * 3650	 $21.83 
11032347000A	RETAINER BRACKET	 $15.08 
11018704000A	RETAINER SIDE PLATE	 $19.85 
MSN94180000A	RETAINER SPRING CLIP	 $2.03 
MSN68533000A	RETAINER, 2 PIN RELAY *ALLIED	 $0.00 
31019843000A	RETAINER, BAG VAT 30/8	 $50.14 
28020930000A	RETAINER, BEARING *3677	 $35.77 
49022607000A	RETAINER, CCA, MAG SENSOR	 $21.05 
19039148000A	RETAINER, PPD FLEX CABLE - 50X	 $3.29 
MSN70139000A	RETAINER, RELAY *P/B #20C259*	 $1.13 
29008178000A	RETAINER,CAM	 $3.83 
31019427000A	RETAINER,CARR STOP	 $7.30 
39006580000B	RETAINER,DEP FUNNEL COVER	 $3.79 
21015691000A	RETAINER,EJCTR PLATE	 $10.67 
49011925000A	RETAINER,GATE,RCPT PRNTR	 $12.58 
21018275000B	RETAINER,GLASS,VERT DOOR,NVC-13,LVL 2	 $38.78 
21018275000A	RETAINER,GLASS,VERT DOOR,NYC-12,LVL 2	 $38.78 
29007527000A	RETAINER,HINGE	 $0.06 
21017280000A	RETAINER,LK CYL	 $4.31 
11032599000A	RETAINER,PIN	 $12.84 
TSN91151000A	RETAINER,RING-PLATE	 $87.39 
39010688000D	RETAINER,SHAFT	 $6.39 
29005649000A	RETAINER,SOL.BNG-*03289  LT BUORD WITH 29-5650,51,	 $0.27 
49011689000B	RETAINER,SPCR,PASSBOOK,VEST SIDEKICK	 $2.49 
21015138000A	RETAINER,SPR	 $4.10 
49228486000A	RETAINER,SPRING	 $4.05 
49208503000B	RETAINER,STAMPER SHAFT	 $17.15 
MSZ76229450A	RETAINER-DRIVE BELT	 $5.18 
29000715000A	RETAINING BRACKET	 $106.49 
11030738000A	RETAINING CLIP	 $1.03 
11032220000A	RETAINING CLIP	 $1.68 
41017766000A	RETAINING KIT ASSEMBLY	 $117.05 
41017740000A	RETAINING LEDGE ASS'Y	 $54.48 
29006128000A	RETAINING PLATE	 $2.45 
10809220000	RETAINING RING	 $0.39 
10823490000	RETAINING RING	 $8.62 
11033942000A	RETAINING RING	 $0.18 
18001428000A	RETAINING RING	 $0.16 
89028468000A	RETAINING RING	 $0.59 
89028468000B	RETAINING RING	 $0.59 
MSN71742000A	RETAINING RING	 $0.12 
MSZ17142160A	RETAINING RING 15/64	 $1.62 
29008404045A	RETAINING RING TYPE-E (3)	 $1.54 
29008404027A	RETAINING RING TYPE-E (4),1X25	 $0.11 
39009655066A	RETAINING RING TYPE-E (5X0.6)	 $1.45 
MSZ79250060A	RETAINING RING-3/8	 $0.46 
49211276030A	RETAINING RINGS E TYPE	 $0.09 
21013924000A	RETAINING,CLIP	 $1.04 
TSN88244000A	RETARDER,DOUBLES	 $0.00 
11050757000A	RETR DET HD TO REP ORIG ANAL H	 $4,251.20 
49225528000B	RETRACT CEILING,EFFC	 $42.37 
49226556000A	RETRACT GUIDE,EFFC	 $12.60 
19041049000A	RETRACT SENSO ASM; MO33245-19	 $136.57 
29012608000A	RETRACTOR,CA	 $0.00 
49008291000A	RETRACTOR,CA	 $14.63 
49010302000A	RETRACTOR,PRNTR SD,RL	 $19.45 
TP799941000A	RETRO MNL,NCR ATM MODE 5085 CCTV CAMR	 $2.84 
TP799939000A	RETRO MNL,NCR ATM MODE 5685 CCTV CAMR	 $2.70 
TP799940000A	RETRO MNL,NCR ATM MODE 5688 CCTV CAMR	 $2.70 
21017470000A	RETRO-FIT KIT,BEST LK CORE & KEY	 $209.03 
21017469000A	RETRO-FIT KIT,BEST LK DIEBOLD/WALGREEN	 $189.60 
21017546000A	RETROFIT KIT,GAS SHOCK BRKT	 $0.45 
00051046000A	RETROFIT THERMAL RECEIPTS	 $398.84 
11042283000A	RETURN CHUTE 809	 $2.24 
11042227000A	RETURN CHUTE 826	 $240.66 
18001079000A	RETURN PLUNGER	 $2.56 
11043876000A	REV K PROCESSOR 521 VER 2.1	 $4,957.07 
89026742000A	REV. LEVEL LABELS	 $0.45 
11040758000A	Reversing Roller	 $108.45 
11065924000A	REWORK DRAWER KIT 1 B MSF	 $70.34 
11050758000A	REX BUT2 ILLUM REQ TO EXT BUT	 $78.58 
11051812000A	REX MOTION DET	 $132.91 
11050720000A	REY SPD 24VAC/DC 10A SPDT RD L	 $22.31 
89030252000A	RF25SR33J FUSING RESISTOR .33O	 $3.39 
19074407000A	RG59 Plenum compression connector for cable type M/P-1 & N/P cables use with compression tool cplcct-slm	 $8.93 
19074406000A	RG59 PVC compression connector for cable type M1 & N cables use with compression tool cplcct-slm	 $8.93 
11050759000A	RG59U 20SOL BC 95% CL2 BLK O/D	 $305.22 
11050760000A	RG6 18SOL BC 95% CL2 BLK 1RI	 $435.74 
11035815000F	RGA/RAN LABEL -      -	 $0.34 
30017710000	RH BOLT ORDER WITH 1	 $46.72 
31000232000F	RH DOOR HINGE PC	 $1.28 
30017480000	RH LOCK BOLT	 $7.83 
30017470000	RH LOCK CASE	 $2.54 
03001747000B	RH LOCK CASE	 $20.64 
49000847000A	RIBBON ASSY-	 $65.77 
39002112000A	RIBBON ASSY- VAULT ALARM	 $26.24 
19000568000A	RIBBON CABLE	 $4.75 
WN007000149A	Ribbon Cable Cassette	 $22.95 
19039120000A	RIBBON CABLE CNTL TO HP DRV	 $17.54 
WN007000088A	RIBBON CABLE COVER	 $30.11 
WN007000093A	RIBBON CABLE FLATWHITE ALONE	 $24.33 
BRP00833000A	RIBBON CABLE STACKER BOARD	 $0.05 
19039182000A	RIBBON CABLE,I/O PCB TO SPVR P	 $54.81 
CO5090300000	RIBBON CART,IBM ENVEL.,4731,BLACK,1X4	 $79.38 
11033820000G	RIBBON CART. FOR IDEA PRINTERS	 $44.17 
00050470000B	RIBBON CARTRIDGE, BLACK,1042	 $8.82 
39011997011A	RIBBON CASE ASS'Y	 $157.22 
89029214000A	RIBBON CASSETTE DRIVE-50XX	 $75.17 
11037236000A	RIBBON DRIVE	 $62.01 
NZ0000002250	RIBBON DRIVE	 $12.06 
NZ0000002251	RIBBON DRIVE GEAR	 $2.06 
89028970000A	RIBBON FEED DRIVE BELT	 $29.74 
39009655049A	RIBBON FEEDING PAWL	 $18.23 
29008404075A	RIBBON FEEDING PAWL SPRING	 $3.95 
39009655050A	RIBBON FEEDING PAWL SPRING	 $33.89 
29008404076A	RIBBON FEEDING RATCHET GEAR	 $9.78 
29008404077A	RIBBON FEEDING RATCHET GEAR COVER	 $3.70 
39011997035A	RIBBON FEEDING ROLLER	 $56.59 
89029496000A	RIBBON FOR 521 PRINTER	 $22.58 
00050429000A	RIBBON FOR ANNUNCIATOR	 $10.40 
11038308000A	Ribbon for Fargo 81932 Printer	 $308.11 
19042344122A	RIBBON GEAR	 $49.07 
29008455030A	RIBBON GUIDE	 $13.73 
000504830XXA	RIBBON JOURNAL PRINTER	 $4.31 
11037239000A	RIBBON SENSOR BD ASM  FARGO #8	 $23.75 
NZ0000002004	RIBBON SHIELD MYLAR ONLY - 56X	 $2.84 
19042344005A	RIBBON TABLE	 $67.04 
00050380000A	RIBBON, MAGNETIC TRANSFER	 $62.37 
TSN91957000A	RIBBON,CARTRIDGE STYLE-BLACK	 $23.22 
TSN51001000A	RIBBON,INK-BLK/M502	 $4.01 
TSN61958000A	RIBBON,PRNTR	 $22.12 
BRP00126000A	RIGHT CASSETTE GUIDE B	 $0.05 
11042230000A	RIGHT DOOR HOUSING 809	 $479.11 
21019735000A	RIGHT DOOR LATCH	 $150.32 
21020047000A	RIGHT DOOR LATCH	 $298.78 
11040955000A	RIGHT HAND 4 INCH SET	 $465.11 
41017318000A	RIGHT INNER DRAWER SIDE	 $228.66 
BRP00293000A	RIGHT LOCK BOLT	 $0.05 
19042344075A	RIGHT MS GUIDE	 $172.79 
4924441700AS	RIGHT, IDLER, FLANGED ROLLER, TRANSPORT	 $82.76 
19057563000A	RIM PANIC DEVICE,STD	 $923.55 
11037895000A	RIM-4 MODULE W/MOD EGRESS	 $1,153.62 
41027291000A	RIN ROLL 1/8 DIA X  3/4	 $4.89 
MSN71588000A	RING	 $0.58 
MSZ79217260A	RING	 $0.58 
41021513000A	RING 10 INCH TRIM	 $74.44 
31020225000A	RING ACCEL, HEAVY DUTY BELTED, VAT 30/8 INCH	 $74.23 
31020228000A	RING ACCEL, HEAVY DUTY FABRIC 10.0 INCH	 $120.71 
31020227000A	RING ACCEL,HEAVY DUTY BELTED 10 INCH	 $73.64 