31020224000A	RING ACCEL,HEAVY DUTY BELTED, C-25	 $21.90 
31020226000A	RING ACCEL,HEAVY DUTY FABRIC 8.0 INCH	 $109.10 
31019754000A	RING ACCELERATOR 8IN	 $51.81 
41016279000A	RING RTNR SPIRAL	 $79.62 
11050762000A	RING SUPPLY MODULE	 $641.85 
MSN61707000A	RING, 1/2 IN. RETAINING *TRUAR	 $0.58 
49267158000B	RING, CAM, RL	 $14.36 
MSN81107000A	RING, CARRIER - THREADED BLACK	 $0.00 
MS0901830ABA	RING, RETAINING	 $0.15 
MSN73164000A	RING, RETAINING	 $0.19 
MSN71784000A	RING, RETAINING * ROTOCLIP# BE	 $0.46 
21016927000A	RING,ACC FABRIC	 $31.00 
41016947000A	RING,ACCEL 10 IN TEST CARRIER	 $31.57 
41016681000A	RING,ACCEL,BELTED 10 IN	 $44.11 
17002186000A	RING,BRG	 $10.47 
17002186000C	RING,BRG	 $7.27 
17002186000F	RING,BRG	 $3.57 
MSN79135000A	RING,KEY-SPLIT #A506282 (BAG O	 $0.07 
41024590000A	RING,MUFFLER	 $26.13 
49208021196A	RING,RETAIN,ALIGN UNIT	 $0.58 
18010591000A	RING,RTNG,0.420	 $9.70 
19000904000B	RING,RTNG,EXTL,0.188	 $1.13 
110051370000	RING,RTNG,EXTL,0.250	 $0.65 
19012732000A	RING,RTNG,EXTL,0.250	 $0.11 
19013368000A	RING,RTNG,EXTL,0.375	 $0.59 
19038151000A	RING,RTNG,EXTL,0.375	 $0.14 
29007543000A	RING,RTNG,EXTL,0.500	 $1.37 
29013272000A	RING,RTNG,EXTL,0.500	 $0.71 
19013188000A	RING,RTNG,EXTL,0.563	 $0.64 
19010802032A	RING,RTNG,EXTL,1.000	 $0.20 
19019342000A	RING,RTNG,EXTL,1.500	 $3.69 
39011390020A	RING,RTNG,RBN DRV	 $0.05 
10810340000	RING,RTNG,SPIRAL,0.467	 $11.46 
29007650000A	RING,RTNG,SPIRAL,1.687,INTL	 $2.03 
29017003000A	RING,RTNG,SPIRAL,6.761,EXTL	 $74.21 
4924441700CF	RING,RTNG,TYPE CE, CE4	 $0.53 
19015934000A	RING,RTNG,TYPE E,0.094,1X250	 $0.05 
19012500000A	RING,RTNG,TYPE E,0.185	 $0.05 
19033358000A	RING,RTNG,TYPE E,0.188	 $0.45 
29006806000A	RING,RTNG,TYPE E,0.188	 $0.07 
19017376000A	RING,RTNG,TYPE E,0.207	 $0.05 
19019373000A	RING,RTNG,TYPE E,0.243	 $0.23 
19011543000A	RING,RTNG,TYPE E,0.250	 $0.16 
19019412000A	RING,RTNG,TYPE E,0.312	 $0.18 
17001822000A	RING,RTNG,TYPE E,0.375	 $0.24 
19012499000A	RING,RTNG,TYPE E,0.375	 $0.08 
18020257000A	RING,RTNG,TYPE E,0.392	 $0.21 
29007622000A	RING,RTNG,TYPE E,0.500	 $1.76 
29017231000A	RING,RTNG,TYPE E,0.500	 $0.57 
11041413000A	RING,RTNG,TYPE E,0.500,BOWED	 $0.58 
19062910000A	RING,RTNG,TYPE E,0.500,BOWED	 $425.25 
17002276000A	RING,RTNG,TYPE E,0.750	 $0.29 
49244417000I	RING,RTNG,TYPE E,M 02.0	 $0.46 
29016286000A	RING,RTNG,TYPE E,M 02.30	 $0.06 
4924441700AN	RING,RTNG,TYPE E,M 03.0	 $0.46 
49223840000A	RING,RTNG,TYPE E,M 03.00,PRNTR,THRM RCPT,80MM	 $0.19 
29016276000A	RING,RTNG,TYPE E,M 03.20	 $0.06 
4924441700AX	RING,RTNG,TYPE E,M 04.0	 $0.46 
29016276000B	RING,RTNG,TYPE E,M 04.00	 $0.03 
49223832000A	RING,RTNG,TYPE E,M 04.00,PRNTR,THRM RCPT,80MM	 $0.19 
29016284000A	RING,RTNG,TYPE E,M 05.0	 $0.28 
49274175000A	RING,RTNG,TYPE E,M 05.0,BRONZE	 $30.87 
19038113000A	RING,RTNG,TYPE E,M 06.00	 $0.06 
29016276000C	RING,RTNG,TYPE E,M 07.00	 $0.06 
19021400000A	RING,SLG,0.489	 $0.26 
MSN79922000A	RING,SPLIT *SOUTHCO 82-32-101-	 $0.08 
19062433000A	RING,SPLT,0.833	 $0.15 
49233199006A	RING,WZ-SNAP-E	 $7.03 
49233199007A	RING,WZ-SNAP-E	 $7.03 
MSZ17414840A	RING-BLACK 45MS-3-0	 $7.97 
MSZ79041410A	RING-COLOR, TELLER GREEN	 $2.30 
MSZ79189140A	RING-RETAINING	 $0.19 
MSZ89001500A	RING-RETAINING	 $0.58 
MSZ89005560A	RING-RETAINING	 $1.38 
MSZ89057520A	RING-RETAINING	 $0.23 
MSZ79117980A	RING-RETAINING ROTOR CLIP	 $0.16 
28010523000A	RING-RETAINING-EXTERNAL	 $0.43 
28010524000A	RING-RETAINING-EXTERNAL	 $2.85 
28010522000A	RING-RETAINING-INTERNAL	 $4.68 
28010522000B	RING-RETAINING-INTERNAL	 $50.57 
MSZ17415050A	RING-WHITE 45MS-4-0	 $11.66 
NZ0000003110	RISER BOARD (NLX)	 $175.39 
NZ0000001816	RISER CARD	 $104.14 
NZ0000003454	RISER CARD 445-0650190	 $232.95 
NZ0000002225	RISER CARD-5870	 $580.99 
11050763000A	RISER MONT MOD USE FOR MON PWR	 $258.73 
21017312000A	RISER SCREW,HNG	 $2.05 
30000090000	RIVET	 $2.56 
NZ0000002982	rivet,plastic push - 8mm x 3mm	 $1.10 
49208021068A	RIVET,SNAP,D6.4MM,SR1811	 $4.82 
11051257000A	RJ31X JACK AND 2FT LONG 8 COND	 $10.60 
19064848000A	RJ45 15FT BLU CAT 5E 350 MHZ SNAGLESS CA	 $10.98 
11066465000A	RJ45 Pigtail	 $175.93 
11038696000A	Rkd Rubber Keypad	 $13.71 
49205437000A	RL IX,DOOR,LABEL	 $14.82 
11065959000A	RLCM/B-S	 $82.13 
TSN81566000A	RLR-DRV-F-DTCT	 $111.97 
31017411000A	RLSE BAR	 $9.85 
19000709000A	RLY HDW,HLDN SPR	 $1.54 
19015088000A	RLY HDW,HLDN SPR	 $1.30 
19048718000A	RLY MDL,AUX	 $42.35 
11037464000A	RLY OUTPUT MDL	 $378.19 
ULSPS2HS0000	RLY,FRAME,PACKET SW,ACS UNIT,2PORT	 $2,014.27 
ULSPS3HS0000	RLY,FRAME,PACKET SW,ACS UNIT,3PORT	 $2,302.02 
ULSPS1200000	RLY,FRAME,PACKET SW,MULTI,12PORT	 $9,208.08 
ULSPS6000000	RLY,FRAME,PACKET SW,MULTI,6PORT	 $5,618.03 
19000300000A	RLY,GP,1 FORM A,PC,DC,005.0V	 $6.25 
39014037000A	RLY,GP,1 FORM A,PC,DC,005.0V	 $4.98 
39004674000A	RLY,GP,1 FORM C,PC,DC,012.0V	 $34.97 
18020493000A	RLY,GP,2 FORM C,PC,DC,012.0V	 $70.30 
39004675000A	RLY,GP,2 FORM C,PC,DC,012.0V	 $6.79 
39009492000B	RLY,GP,2 FORM C,SKT,DC,012.0V	 $54.81 
39014105000A	RLY,GP,2 FORM C,SKT/SLDR,AC,120.0V	 $33.85 
29008944000A	RLY,GP,2 FORM C,SKT/SLDR,DC,05 KOHM	 $93.73 
19011504000A	RLY,GP,2 FORM C,SLDR,DC,12.0V	 $54.08 
39013793000B	RLY,GP,2 FORM C,SMD,DC,024.0V,HSENS	 $14.25 
19000988000A	RLY,GP,3 FORM A,PC,DC,012.0V	 $30.97 
19007016000A	RLY,GP,4 FORM C,SKT/SLDR,DC,01 KOHM	 $64.87 
19007019000A	RLY,LCH,2 FORM C,PC,DC,005.0V	 $8.37 
39011414000A	RLY,LCH,2 FORM C,PC,DC,005.0V	 $8.23 
39013867000A	RLY,LCH,2 FORM C,SMD,DC,024.0V	 $11.83 
UL850R000000	RLY,MA-850R	 $6.99 
29007824000A	RLY,REED,1 FORM A,PC,DC,012.0V	 $12.39 
19000648000A	RLY,REED,2 FORM C,PC,DC,024.0V	 $76.69 
29016803000A	RLY,SS,AC,240V,25.00A,SCR,DC,030.0V	 $91.50 
29012261000A	RLY,SS,AC,240V,25.00A,SCR,DC,032.0V	 $79.33 
39011881000A	RLY,SS,AC,280.0V,10.00A,SCR,DC,032.0V	 $176.18 
11048918000A	RM FLUSHED CYLINDER RING	 $6.88 
11048916000A	RM RAISED CYLINDER RING	 $6.88 
11051543000A	RM,RAISED CYLINDER RING,CP1800	 $6.88 
19057357000A	RM-4 W/ENCL	 $694.17 
19036218000A	RMT ACCT MGR	 $2,258.17 
19036218000B	RMT ACCT MGR	 $2,107.45 
TM000172001B	RMT KEY XPRT REF MNL	 $138.60 
19066023000A	RMT PL MTD ON WHT SGL GANG WALLPLATE	 $43.89 
00105248000A	RMTE OFFICE V10 LIC ATM HOST UPGR	 $51.71 
00105247000A	RMTE OFFICE V10 LIC UPGR SRVR GUEST	 $237.01 
00105250000A	RMTE OFFICE V10,MEDIA ONLY	 $18.47 
19063866000A	RMTE TEST ASSY	 $63.72 
21018407000A	RMVBL HD CRTG	 $191.84 
21018407000B	RMVBL HD CRTG	 $0.00 
11047190000A	RMVBLE DRIVE ASSY	 $205.54 
11050800000A	RN BSE 10IN 6#BS 34-62IN EBY F	 $80.14 
29013713000A	RND NOSE PLGR,02.00 LB,31-18	 $23.39 
29013223000A	RND NOSE PLGR,04.50 LB,31-18,NYLOCK	 $26.24 
11005931000A	ROBOTRON CAB.115-34 COMPLETE @	 $795.27 
28010490000A	ROCKER ARM MAGNETIC	 $31.05 
11031580000A	ROCKER SWITCH	 $12.39 
18010454000A	ROCKER SWITCH	 $38.11 
11029980000A	ROCKER SWITCH  MICRO 2TP4-5	 $116.50 
MS91418H550A	ROCKER SWITCH  MIN  MOMENTARY	 $44.59 
11044724000A	ROD CONNECTING F55 TRIM T/B	 $11.02 
11043885000A	ROD END SPHRCAL RH THRD 400DD	 $133.65 
MSN68314000A	ROD, ACTUATOR	 $6.16 
29005393000B	ROD,GATE PVT,DEP	 $5.81 
49022853000B	ROD,LATCH,LWR	 $33.45 
39011528000A	ROD,MMD LCH	 $7.69 
49263168000A	ROD,SUPPORT	 $0.68 
11043857000A	ROLA ASSEMBLY	 $141.28 
19017920000A	ROLL PIN	 $2.41 
89028475000A	ROLL PIN	 $3.57 
MS5305350ABA	ROLL PIN	 $1.62 
NZ0000001279	ROLL PIN - 56XX	 $1.10 
NZ0970019574	ROLL PIN - 56XX	 $1.10 
FJUSA0211748	ROLL PIN FOR LANDMARK SAFE	 $4.13 
41024324000Z	ROLL PIN,1/8 IN X 1 IN,TP10-6	 $1.13 
41024324000Y	ROLL PIN,1/8 IN X 1/2 IN,TP10-7	 $2.03 
29008991000B	ROLLED,CONED	 $8.80 
39017495174A	ROLLER	 $78.10 
NZ0000002433	ROLLER	 $0.02 
NZ0000002530	ROLLER	 $0.02 
TSN88167000A	ROLLER	 $0.00 
TSN88822000A	ROLLER	 $94.33 
TSN88823000A	ROLLER	 $17.70 
TSN88824000A	ROLLER	 $10.03 
TSN88825000A	ROLLER	 $1.10 
TSN88826000A	ROLLER	 $2.68 
TSN88827000A	ROLLER	 $21.85 
TSN88828000A	ROLLER	 $27.32 
TSN88830000A	ROLLER	 $47.17 
TSN94540000A	ROLLER	 $11.36 
IB0475182800	ROLLER     096G 4730	 $11.23 
28020854000A	ROLLER  * 3665           STABILIZING	 $60.69 
TS4365177060	Roller - Tape Feed	 $64.31 
19014046000A	ROLLER (LVDT) 1323	 $7.33 
18000789000A	ROLLER *3947	 $4.08 
TSN92000000A	ROLLER 08-19-5-20	 $0.00 
TSN88180000A	ROLLER ASSB	 $0.00 
TSN88181000A	ROLLER ASSB	 $0.00 
TSN88182000A	ROLLER ASSB	 $0.00 
TSN88183000A	ROLLER ASSB	 $0.00 
TSN88184000A	ROLLER ASSB	 $0.00 
TSN88185000A	ROLLER ASSB	 $0.00 
TSN88186000A	ROLLER ASSB	 $0.00 
TSN88188000A	ROLLER ASSB	 $0.00 
TSN88189000A	ROLLER ASSB	 $0.00 
TSN88190000A	ROLLER ASSB	 $0.00 
TSN88193000A	ROLLER ASSB	 $0.00 
TSN88194000A	ROLLER ASSB	 $0.00 
TSN88195000A	ROLLER ASSB	 $0.00 
TSN89121000A	ROLLER ASSB,DR-30	 $529.82 
TSN90458000A	ROLLER ASSB,DR-30-X	 $300.42 
TSN89114000A	ROLLER ASSB,GO-ROL-5	 $748.31 
TSN89122000A	ROLLER ASSB,GO-ROL-E	 $502.52 
TSN90459000A	ROLLER ASSB,IR=28.2-AH	 $91.96 
TSN89115000A	ROLLER ASSB,IR20.2-AT	 $163.86 
TSN89113000A	ROLLER ASSB,IR-20.2-BL	 $218.48 
TSN89117000A	ROLLER ASSB,IR-20.2-FF	 $229.41 
TSN89116000A	ROLLER ASSB,IR-20.2-FL	 $229.41 
TSN89100000A	ROLLER ASSB,IR-28.2-AF	 $158.40 
TSN89099000A	ROLLER ASSB,IR-28.2-BB	 $229.41 
TSN90461000A	ROLLER ASSB,TWIST-RLR2	 $131.09 
TSN88131000A	ROLLER ASSEMBLY	 $0.00 
TSN88133000A	ROLLER ASSEMBLY	 $0.00 
TSN88810000A	ROLLER ASSEMBLY	 $91.39 
TSN88811000A	ROLLER ASSEMBLY	 $0.26 
TSN88812000A	ROLLER ASSEMBLY	 $0.00 
TSN88813000A	ROLLER ASSEMBLY	 $91.39 
TSN88814000A	ROLLER ASSEMBLY	 $91.39 
TSN88815000A	ROLLER ASSEMBLY	 $106.14 
TSN88817000A	ROLLER ASSEMBLY	 $112.03 
TSN88865000A	ROLLER ASSEMBLY	 $197.51 
TSN89112000A	ROLLER ASSEMBLY	 $172.05 
TSN94651000A	ROLLER ASSEMBLY, IR-F-DT-U2	 $497.05 
TSN89103000A	ROLLER ASSEMBLY,DR20-4	 $265.32 
TSN88816000A	ROLLER ASSEMBLY,DRIVE	 $91.22 
TSN91126000A	ROLLER ASSEMBLY,I-F-N16289	 $0.00 
TSN89098000A	ROLLER ASSEMBLY,IR-28.2 AA	 $213.02 
TSN89102000A	ROLLER ASSEMBLY,IR28-4	 $129.14 
TSN94652000A	ROLLER ASSEMBLY,IR-F-DT-LW	 $368.69 
TSN90123000A	ROLLER ASSEMBLY,REJ-WING-CF	 $297.68 
TSN89104000A	ROLLER ASSEMBLY,RLR-IR1	 $0.00 
TSN90516000A	ROLLER ASSEMBLY,SDR-RB3-20-24-CA	 $0.00 
TS4368884170	ROLLER ASSY	 $491.59 
TS4368831222	ROLLER ASSY-AASMFEEDRLR	 $131.64 
TS4368884080	ROLLER ASSY-ASM-IDL1	 $518.90 
TS4368831392	ROLLER ASSY-ASM-IDL2L	 $445.16 
TS4368831432	ROLLER ASSY-ASM-IDL2-R	 $445.16 
TS4368831201	ROLLER ASSY-ASM-PICKUP	 $2,295.99 
TS4368831364	ROLLER ASSY-ASM-REV-DRIVE	 $5,766.42 
TS4368831491	ROLLER ASSY-ASM-RLR-IDL#1	 $369.25 
TS4368831384	ROLLER ASSY-ASMRLRREV-L	 $969.53 
TS4368831424	ROLLER ASSY-ASM-RLR-REV-R	 $969.53 
TS4368837391	ROLLER ASSY-ASMSARPINCH	 $1,540.31 
11038799000A	ROLLER AUXILARY	 $15.55 
11041524000A	ROLLER BALL SWITCH FOR ATM TOP	 $5.75 
39011997022A	ROLLER BEARING 6	 $1.68 
BC3008010000	ROLLER BEARING FOR 5HP LAMSON	 $68.99 
11038795000A	ROLLER DEPRESSION	 $21.55 
11038800000A	ROLLER DEPRESSION	 $6.21 
TS4368877300	ROLLER DRIVE UNIT	 $51.89 
NZ0000001937	Roller Feed Assy	 $39.47 
TS4368866950	Roller Feed Unit Reversing	 $163.86 
NZ0000002720	ROLLER GUIDE ASSY	 $0.02 
TS4366262580	ROLLER HEATER HEAD	 $7.64 
TS4368847400	ROLLER MAGNETIC CHECKER	 $390.54 
11038784000A	ROLLER MIDDLE	 $149.36 
89030969000A	ROLLER PICK UP	 $21.55 
WN007000152A	Roller Poly Red	 $22.95 
TS4368877250	Roller Swing Arm Alignment	 $41.52 
11031293000A	ROLLER TABLE ASSEMBLY P 11	 $2.31 
11038782000A	ROLLER TRANSFER	 $21.55 
11038786000A	ROLLER TRANSFER SET	 $21.55 
19042344210A	ROLLER WAVE SPRING	 $53.59 
TS4368847381	ROLLER(RUBBER) THICK CHECKER	 $561.92 
TS4368847342	ROLLER(RUBBER) TRANSPORT	 $112.38 
TS4368847362	ROLLER(RUBBER) TRANSPORT	 $98.60 
TS4368874330	ROLLER(RUBBER) TRANSPORT	 $333.19 
TS4368872960	ROLLER(RUBBER)MAGNETIC CHECKER	 $804.78 
TS4368834613	ROLLER(W/BEAR)TRANSPORT STRAP	 $5.46 
TS4368834683	ROLLER(W/BEAR-TRANSPORT STRAP	 $8.19 
TS4368834713	ROLLER(W/BEAR-TRANSPORT STRAP	 $5.46 
MSN87859000A	ROLLER, 3/4 DIA. TRACK   (Z175	 $0.23 
49247032000A	ROLLER, DROP IN	 $7.69 
TSN91980000A	ROLLER, DRV-DET-F	 $524.36 
49202764000B	ROLLER, EXIT PINCH	 $1.00 
11038768000A	ROLLER, MIDDLE	 $149.36 
29008831000A	ROLLER, OPENER/COVER	 $10.56 
TSN91981000A	ROLLER, PINCH-DET-F	 $180.25 
NZ0000002427	ROLLER, SMALL TENSION	 $0.02 
49245417000A	ROLLER, VERT TURN	 $7.69 
TSN91970000A	ROLLER,15S30	 $524.36 
TSN91972000A	ROLLER,15W20	 $499.39 
49217454000A	ROLLER,ALIGN ASSY	 $24.46 
TSN90412000A	ROLLER,ASSB,DR-30-K	 $393.27 
49024216000B	ROLLER,ASSY,3 LP,3 FLT,70 OD	 $97.65 
TSN89129000A	ROLLER,BASE-T-BASE-RLR-CF	 $0.00 
49213671000A	ROLLER,BELT TENSIONER	 $7.26 
49228544000A	ROLLER,BOTTOM,CI	 $45.79 
49233199039A	ROLLER,BRUSH,UCS-P-ROLLER	 $158.95 
TSN91973000A	ROLLER,C-333470	 $13.65 
29008780000A	ROLLER,CAM	 $2.97 
11037243000A	ROLLER,CD FD,INPUT	 $45.89 
11037242000A	ROLLER,CD FEED,MID	 $45.89 
11037241000A	ROLLER,CD FEED,OUTPUT	 $58.64 
11037244000A	ROLLER,CLEANING	 $129.53 
49251091000D	ROLLER,CROWN	 $10.77 
49253614000A	ROLLER,CROWN,TURN	 $8.95 
TSN90016000A	ROLLER,DR-CS	 $341.38 
TSN88819000A	ROLLER,DRIVE	 $29.47 
TSN88820000A	ROLLER,DRIVE	 $29.47 
TSN88821000A	ROLLER,DRIVE	 $168.04 
TSN89279000A	ROLLER,DRIVE	 $0.00 
TSN89101000A	ROLLER,DR-J-334922-1	 $92.65 
TSN91982000A	ROLLER,DRV-DET-R	 $92.85 
19021650000C	ROLLER,EXIT PINCH	 $1.89 
TSN88807000A	ROLLER,FEED	 $73.71 
TSN89105000A	ROLLER,FEED	 $226.40 
TSN91974000A	ROLLER,FEED 51	 $120.17 
TSN89120000A	ROLLER,FEED-D30	 $199.37 
TSN91976000A	ROLLER,FIN-D51	 $30.04 
TSN88809000A	ROLLER,GATE	 $139.28 
TSN91995000A	ROLLER,GATE	 $0.00 
21015529000A	ROLLER,GEAR RACK GUIDE	 $7.23 
29008382000A	ROLLER,GRV DVRT	 $2.47 
49214650000A	ROLLER,IDLE,BELT	 $12.99 
49220844000A	ROLLER,IDLER,BIN	 $31.55 
19013774000A	ROLLER,LOCATION	 $14.09 
TSN88231000A	ROLLER,PICK-UP	 $0.00 
49251033000A	ROLLER,PINCH	 $10.77 
TSN88134000A	ROLLER,PINCH	 $0.00 
TSN88135000A	ROLLER,PINCH	 $0.00 
11037240000A	ROLLER,PLATEN	 $136.68 
49200248000A	ROLLER,PLATEN,CROWN	 $1.38 
39008410000A	ROLLER,PPR	 $7.68 
29009532000B	ROLLER,PUSH PLATE	 $0.51 
TSN90445000A	ROLLER,R100-33	 $43.70 
TSN90095000A	ROLLER,RECV-BELT/CS	 $51.89 
TSN89106000A	ROLLER,REJECT-RLR-RJ-PO	 $480.66 
TSN91968000A	ROLLER,RLR4015	 $63.58 
TSN92736000A	ROLLER,RLR-DRIVE-BRG	 $68.27 
TSN92734000A	ROLLER,RLR-DRIVE-BU	 $71.01 
TSN92735000A	ROLLER,RLR-DRIVE-BU-S	 $73.74 
TSN92737000A	ROLLER,RLR-DRIVE-MH	 $73.49 
TSN92730000A	ROLLER,RLR-IDLE	 $65.55 
TSN88191000A	ROLLER,RUBBER	 $0.00 
TSN88192000A	ROLLER,RUBBER	 $0.00 
TSN88196000A	ROLLER,RUBBER	 $251.25 
TSN88234000A	ROLLER,RUBBER	 $0.00 
TSN88235000A	ROLLER,RUBBER	 $0.00 
49228542000A	ROLLER,TOP,CI	 $49.01 
TSN91122000A	ROLLER,TR2-N16311	 $0.00 
TSN88808000A	ROLLER,TRANSPORT	 $38.57 
49208021048A	ROLLER,TRANSPORT, 2 D20,Z24	 $314.51 
21017846000A	ROLLER/BEARING	 $136.14 
89029641000A	ROLLER;RUBBER SM CARD RDR 19-5	 $75.92 
MSZ76475790A	roller-door	 $9.85 
TS4368832032	ROLLER-FEEDING UNIT-RLRFEED	 $262.18 
TS4368832071	ROLLER-FEEDING UNIT-RLRPICKUP	 $293.27 
TSN92001000A	ROLLER-GATE-AB	 $19.12 
TSN91999000A	ROLLER-STKR 08-28	 $38.23 
TS4368834732	ROLLER-TRAN UNIT-RLRRJTRNS	 $8.19 
TS4368816611	ROLLER-TRANS SEC SWING ARM	 $101.05 
TS4368863291	ROLLER-TRANSPORT SEC SWING ARM	 $95.59 
TS4368863441	ROLLER-TRANSPORT SEC SWING ARM	 $76.47 
TS4368835414	ROLLER-W BEAR-TRANS SEC	 $8.19 
TS4368835403	ROLLER-W BEAR-TRANS SWING ARM	 $8.19 
TS4368874871	ROLLER-W/BEAR-TRANSPORT STRAP	 $111.97 
NZ0000002472	ROLLING, TIMING	 $0.02 
MSN94536000A	ROLL-TENSION FLAT	 $9.42 
MSN94538000A	ROLL-TENSION SMALL FLAT-277-00	 $12.22 
21018853000A	ROPE CAULK	 $0.58 
29006196000A	ROTARY BOLT	 $60.77 
39011997008A	ROTARY CATCHER	 $4.23 
FJUSA0210089	ROTARY SOLENOID	 $0.05 
29000071000A	ROTARY SWITCH	 $65.25 
11051655000A	ROTATING BEACON	 $353.53 
11050801000A	ROUND FLUSH 15 30 75 95 CD RED	 $118.23 
21020680000A	ROUND KEYPAD & LABEL	 $183.91 
41020351000A	ROUND KEYPAD & LABEL	 $263.78 
ULROUTER5600	ROUTER,INTEGRATED & 56K CSU	 $4,097.05 
ULROUTERT100	ROUTER,INTEGRATED & T1 CSU	 $6,152.43 
ULROTRT1DES0	ROUTER,INTEGRATED,T1,DES ENCRYPTION	 $2,452.75 
DMTOKENCOMXR	ROUTER,TOKEN RING,SGL PORT,ENCL MT	 $2,191.03 
DMTOKENCOM00	ROUTER,TOKEN RING,SGL PORT,W/XFMR	 $2,579.20 
19046889000A	ROUTER,WAN,10/1	 $1,712.82 
11050670000A	ROXPRO CARD READR W/KEYPAD OPT	 $594.69 
11065270000A	RP/BA/ARM MOTOR FOR TURN STILS	 $1,904.65 
11065269000A	RP/K6 KEY SWITCH FOR TURN STIL	 $138.67 
89030582000A	RPAK,SMT,ISO, 10R, 0402,8,4,5%	 $1.07 
89030785000A	RPAK,SMT,ISO,2.7K,0402PAK,8,4,	 $20.25 
11065989000A	RPLCMNT LOWER SMOKE DOME FD5	 $56.88 
11050802000A	RPP2 54CP CYMPHANY C	 $562.08 
TP821278001A	RPQ 2007-078-20,5 DENOMINATIONS ON OPTEVA,DOCUMENTATION SUPPLEMENT	 $14.40 
11050803000A	RR-3S REMOTE RELAY	 $74.44 
11051813000A	RRE1, 1 READER INTERFACE, NO E	 $684.86 
WN007000207A	RS Headphone w Switch V	 $225.04 
31000219000G	RS JAMB HINGE ASM	 $1.45 
31000219000K	RS JAMB HINGE ASM	 $10.53 
31000219000V	RS JAMB HINGE ASM	 $1.64 
31016443000B	RS JAMB HINGE ASSM	 $3.11 
11050805000A	RS232 INTERFACE CARD	 $137.03 
MSZ17730130A	RS232 PORT TURNAROUND	 $34.25 
19033950000A	RS-232 SERIAL INTFACE FOR TI 8	 $178.14 
11036526000A	RS-232 SURGE SUPPRESSOR	 $204.12 
19053163000A	RS232 TO CURRENT LOOP ADPTR	 $87.32 
19065400000A	RS232 to RS485 Converter  - USPS only	 $176.09 
BRP00851000A	RS3900 PIN REMOVE TOOL 5MX37	 $0.05 
11050806000A	RS422 DATA SIG DIST PRO 16 SEP	 $562.19 
19064284000A	RS-422 TO OVER THE COAX PTZ CONVERTER TO ADAPT,ENCODER PTZ CONTROL	 $1,077.71 
19064957000A	RS-422 to RS485 converter  "USPS only"	 $150.73 
19053068000A	RSD 2050 OPR MNL	 $1,165.07 
MSN79244000A	RSD-2000, COMPLETE UNIT W/Firm	 $703.40 
AA000035000A	R-SERIES PRODUCT GUIDE	 $37.80 
11050807000A	RSS 2415C FW	 $68.52 
31000232000A	RT. HAND DOOR PC.	 $0.21 
19058677000A	RTE ADJUSTABLE RELAY TIME (0.5-64 SECONDS)WHITE	 $124.80 
BA6910000000	RTE SENSOR,IVORY,12/24VDC,FORM	 $78.30 
31019963000A	RTNR, PAPER	 $4.91 
49200492000A	RTNR,BEARING	 $7.39 
39011097000A	RTNR,BEZEL KYBD	 $6.44 
29010740000B	RTNR,HELIX,INJ	 $3.92 
29010740000A	RTNR,HELIX,ORAL	 $3.92 
39008323000A	RTNR,LENS	 $7.98 
31020276000A	RTNR,MIC HSG	 $24.64 
49011689000C	RTNR,SPCR,PASSBOOK	 $3.69 
21019859000A	RTS FASCIA LABEL - VAT 30  4 PANEL PLATINUM	 $33.17 
21021693000A	RTS FASCIA LABEL - VAT 30  4 PANEL,GRANITE GRAY	 $74.48 
00050477000A	RTS JOURNAL RIBBON   6/CTN  FI	 $13.50 
TP820097001B	RTS MARQUEE FACADE INSTALLATION GUIDE	 $8.10 
TP820029001B	RTS PLANNING GUIDE	 $15.30 
TP820290001B	RTS SILHOUETTE FACADE INSTALLATION GUIDE	 $7.20 
19053150000A	RTU 1065A DIAL UP ALRM W/24HR BBU (RSD 2000 KYPD)	 $149.69 
19053146000A	RTU 1065A DIAL UP ALRM W/80HR BBU (1061 KYPD)	 $1,701.45 
19053083000A	RTU 2050 ASSEMBLY W/24HR BTRY BACK-UP	 $1,309.77 
19053088000A	RTU 2050 ASSY W/80 HR BTRY BACK-UP	 $1,392.10 
19053110000A	RTU 2050 BRANCH/STORE KIT-24	 $2,164.54 
19053109000A	RTU 2050 BRANCH/STORE KIT-80	 $2,355.09 
19053111000A	RTU 2050 ETHLAN ADPTR	 $721.00 
19053158000A	RTU 2050 EXTERNAL DONGLE	 $67.36 
19053125000A	RTU 2050 TRLAN ADPTR	 $1,272.35 
19053172000A	RTU 8PTS OUTPUT (MIMIC)	 $521.42 
19046995000A	RTU-100,CIM,ACS CNTRL	 $4,042.24 
19047000000A	RTU-100,CIM,ACS CNTRL	 $4,590.34 
19046992000A	RTU-100,FIM,ACS CNTRL	 $3,765.45 
19046997000A	RTU-100,FIM,ACS CNTRL	 $4,110.75 
19046990000A	RTU-100,RS232,AC/CIM	 $4,453.32 
19046993000A	RTU-190,FIM,ACS CNTRL	 $3,905.22 
19046998000A	RTU-190,FIM,ACS CNTRL	 $4,247.78 
19047005000A	RTU-195,EXTERIOR,FIM,ACS CNTRL	 $9,454.73 
19047004000A	RTU-195,EXTERIOR,NON-ACS CNTRL	 $8,701.09 
19047003000A	RTU-195,FIM,ACS CNTRL	 $6,029.10 
19047002000A	RTU-195,NON-ACS CNTRL	 $5,960.59 
19046996000A	RTU-200,CIM,ACS CNTRL	 $5,316.57 
19047001000A	RTU-200,CIM,ACS CNTRL	 $5,549.52 
19046994000A	RTU-200,FIM,ACS CNTRL	 $4,795.88 
19046999000A	RTU-200,FIM,ACS CNTRL	 $4,795.88 
19046991000A	RTU-200,RS232,AC/CIM	 $5,412.49 
ULRTU600000A	RTU-60	 $2,041.68 
20259510000	RUBBER BUMPER	 $0.68 
OX0110600000	RUBBER BUMPER	 $0.08 
21018342000A	RUBBER BUMPER,DR CLOSER	 $77.56 
11038841000A	RUBBER KICK	 $41.80 
TS4368848410	RUBBER LINED BEARING-TRAN PINC	 $24.98 
11065597000A	RUBBER MAGNET D501/551	 $19.31 
89029172000A	RUBBER ROLLER/RCPT XPORT   177	 $10.96 
11036963000A	RUBBER SEAL              B4147	 $32.14 
41022239130S	RUBBER SEAL FOR LEGAL DWR HEAD	 $87.70 
41022239130T	RUBBER SEAL FOR LTR DWR HEAD	 $87.70 
21018476000A	RUBBER SLEEVE	 $8.52 
11036590000A	RUBBER STRIP FOR KEYBOARD (39-	 $10.87 
L10001880000	RUBBER TRIM - HINGED COVER	 $4.10 
TS4364909230	rubber-molded ball bearing	 $22.53 
TS4368837200	RUBBER-MOLDED BALL BEARING	 $77.05 
MSN51060000A	RULE, 6 METRIC *TECHNI-TOOL #4	 $6.16 
TP799608024B	RUSSIAN JNL PRTR/CMSR OP GUIDE	 $12.60 
TP799610024A	RUSSIAN-MULTI-MEDIA DISP. &CAS	 $6.30 
11050808000A	RUTHRFRD FAIL UNLK ELEC DR STR	 $160.98 
29016317000A	RVT,BLIND,DOME,0.125-0.275	 $0.05 
21015615000A	RVT,BLIND,DRV,UNIV,0.188-0.281	 $0.41 
29016388000A	RVT,BLIND,FLH CSK,0.125-0.250,120 DEG	 $0.10 
TSN822250000	RW-100TS Serial Adtr RS232-485	 $532.56 
11050810000A	RX TX MOD FOR USE W/MULTI LOP	 $2,252.31 
11050809000A	RX TX MODULE	 $843.53 
11042172000A	S 0.0	 $467.32 
11042173000A	S 2.2	 $467.32 
10869260000	S CLIP	 $0.12 
11050815000A	S HP  W MCS SPEAKER STRO	 $120.85 
11050811000A	S HP 4W SPKR WALL MT	 $33.39 
11050812000A	S HP C SPEAKER CEILING	 $33.52 
11050813000A	S HP MCS C CEILING S	 $85.21 
11050814000A	S HP MCS SPEAKER W S	 $115.10 
MH202025000A	S KEY ASM	 $51.35 
11050816000A	S LP70 C SPKR CEILING	 $30.15 
11066148000A	S&G - Filler Block	 $76.74 
AA000148000C	S&G COMPTRONIC ELECT LOCKS SVC,INSTL & PARTS MNL	 $257.40 
11042876000A	S&G E LOCK 6126-142	 $883.39 
11031829000A	S&G LOCK CAM 4440.4442,4443,42	 $4.91 
11036082R0WA	S.D. DOOR 2 X 5	 $86.18 
11036081L0WA	S.D. DOOR 2X5	 $86.18 
11036081R00W	S.D. DOOR 2X5	 $86.18 
11036086R0WA	S.D. DOOR 3 X 10	 $150.82 
11036084R0WA	S.D. DOOR 3 X 5	 $107.73 
41010090000D	S.D. DOOR,POLISHED STEEL	 $344.74 
11036088R0WA	S.D. DOOR5X5	 $129.28 
00017506L00W	S.D. LOCK FOR WILLIAMSON SAFE	 $39.69 
00017506R00W	S.D.LOCK FOR WILLIAMSON SAFE O	 $39.69 
18020913000A	S.H.SHOULDER SCREW	 $1.18 
41027161000A	S.S. HEAD HARDWARE (1/4-20)	 $48.87 
NZ0000004364	S2 DUAL CASS ID PCB ASSEMBLY	 $70.12 
NZ0000004329	S2 Pick Module Assb.	 $2,173.69 
NZ0000004327	S2 RA Long Nose Tracks and Present Flag	 $307.19 
11050818000A	S2415	 $66.43 
11050819000A	S2475	 $71.25 
10641580000	SADDLE-DO NOT ORD EC22640	 $1.56 
89030713000A	SAFE & CHEST OPENINGS CD	 $9.77 
49004549000B	SAFE ALRM	 $779.45 
BUFI0071000A	SAFE DEADBOLT ENHANCEMENT	 $1.42 
89030715000A	SAFE DEP LOCK TRAINING MAN CD	 $9.77 
MONS10320000	SAFE DIAL LOCKING DEVICE    CA	 $24.44 
BUFI0924000A	SAFE DOOR ASSEMBLY INSTR	 $0.78 
WN1750076096	Safe Door Handle, PC5000, PC2150xe, PC2350, PC6100	 $20.90 
BRP00064000A	SAFE FUSE 2 AMP 3 A.G.	 $0.05 
NZ0000003008	SAFE HEATER - 5888	 $328.86 
39017495074A	Safe Input Cable,CM20	 $127.64 
21019925000A	Safe lock option, ESL-20 Lock kit	 $449.96 
11048629000A	SAFE SAVER PINS 1/4", SSP2250	 $34.04 
11048631000A	SAFE SAVER PINS, 5/16" SSP2312	 $36.41 
TP820466001A	SAFEgard elec lock operating	 $15.30 
11050820000A	SAFETY DISC	 $17.50 
11050821000A	SAFETY DISC 1 1 2 VALVE	 $2.75 
11050822000A	SAFETY DISC 3 VALVE	 $6.99 
19014267000A	SAFETY GUARD	 $46.52 
11051242000A	SAFPTH MULT FAC COMM SYS C9929	 $4,692.74 
89030434000A	SALES TRAINING CD	 $9.77 
BRP00780000A	SAMSUNG PRINTER	 $0.05 
ME5551005353	SAND PAPER 220 GRIT WET/DRY	 $4.68 
11062257000A	SANDING GUIDE WHEEL TOOL	 $2,068.42 
TP820699001A	Sanyo DSR-C100 Instruct Manual	 $0.00 
TMSANYO1000A	Sanyo DSR-C100 Serv. Man,Block	 $33.34 
19072753000A	SARIX IM NETWORK FIXED INDOOR MINI DOME CAMERA	 $822.68 
19062161000A	SATIN STAINLESS STEEL PLATE W/ONE DPDT SHUNT SWITCH	 $31.21 
11031278000A	S---BOARD	 $155.85 
05000468000A	SC 600 SERVICE TESTER      'TO	 $852.62 
82006252000A	SC,#6-13X.50 PPH POLYFAST12-006084-000A	 $0.58 
82006255000A	SC,#8-18X.75 PPH DUO-PLAS	 $0.45 
89030230000A	sc1185acsw htp, p3, 500/700	 $21.14 
49017531000A	SCANNER BOARD PLATE	 $17.70 
49217328000A	SCANNER CABLE MTG BRKT	 $11.64 
11044767000A	SCANNER COMPACT NCR 7872	 $1,468.27 
11044779000A	SCANNER HAND SYMBOL USB	 $250.05 
11044778000A	SCANNER METROLOGIC3780,DK GRAY	 $507.24 
ULRAPIDSSD00	SCANNER,DECODER,INSERTION,BAR CODE	 $4,192.97 
11044775000A	SCANNER; HAND SYMBOL USB	 $230.99 
FB006273000A	SCANSOFT MLTTS Premium Voice Engines	 $87.97 
11065237000A	SCHLAGE DB CYL,FREEDOM	 $96.73 
11050985000A	SCHLAGE, BLK, A, AL, C, D, ND	 $162.32 
TP820945001A	SCM AMI REFERENCE MANUAL	 $13.50 
11066000000A	SCNR IMAGING 2D	 $798.34 
TMM11995000A	SCO XVISION ECLIPSE INSTAL&CON	 $3.60 
MSZ79435460A	SCOOP-COIN, CS-90P	 $11.53 
49249382000A	SCR , SEMS , W SMP,  3 X  35 MC3	 $3.83 
19019097000A	SCR DRVR,SCRTY	 $56.97 
49244577XMFA	SCR KIT, MACH PNH M5X.8, FLH M5X.8	 $11.39 
49242703XMFA	SCR KIT,PNH MACH,M5X10,PHIL/SQ,NYLOCK	 $2.41 
19014079000A	SCR POZ PN HD M3X12LG  1323	 $0.14 
89030385000A	scr, 4-40 x 1/4 phil flt ms 10	 $0.18 
4924441700BM	SCR, BIND HEAD, 3 x 4	 $0.46 
4924441700AG	SCR, BIND HEAD, M2 x 3	 $0.46 
4924441700BW	SCR, BIND HEAD, M2 x 4	 $0.46 
49244417000Q	SCR, BIND HEAD, M2.5 x 4	 $0.46 
49244417000U	SCR, BIND HEAD, M3 x 5	 $0.46 
29016312000C	SCR, MACH, PNH, M02.0-0.40-08.0, PHIL	 $0.16 
49244417000C	SCR, PNH, M3 x 8	 $0.46 
4924441700AE	SCR, PNH, SEMS, M2 x 3	 $0.46 
4924441700BN	SCR, PNH, SEMS, M2 x 5	 $0.46 
49244417000R	SCR, PNH, SEMS, M2.5 x 4	 $0.61 
4924441700BL	SCR, PNH, SEMS, M3 x 4	 $0.53 
49244417000T	SCR, PNH, SEMS, M3 x 5	 $0.46 
4924441700BC	SCR, PNH, SEMS, M3 x 5	 $0.46 
49244417000Z	SCR, PNH, SEMS, M3 x 6	 $0.46 
4924441700BE	SCR, PNH, SEMS, M3 x 6	 $0.46 
19017231000A	SCR, PNHD, PSDV, M4 X 12MS	 $0.17 
19017230000A	SCR, PNHD, PSDV, M4X6MS, ZPL P	 $0.66 
49256486000A	SCR, SLFTPG, PNH, #0-42	 $2.75 
11065803000A	SCR, UCFH, 8-32X3/8" PHIL	 $0.09 
19056549000A	SCR,10-32 W/CAPT WASHER,500PC	 $142.11 
29006541000E	SCR,ADJ,10-32-0.88,SKT,NYLOCK	 $2.78 
4924441700DN	SCR,BIND HEAD,M2.5x5	 $0.46 
29004391015A	SCR,CAP,BTNHD,06-32-0.25,SKT	 $0.14 
29004391015F	SCR,CAP,BTNHD,06-32-0.31,SKT	 $3.75 
29010713000A	SCR,CAP,BTNHD,06-32-0.37,SKT,NYLOCK	 $14.29 
29016296000A	SCR,CAP,BTNHD,06-32-0.50,SKT	 $0.22 
29004391015E	SCR,CAP,BTNHD,06-32-0.62,SKT	 $0.18 
29004392015A	SCR,CAP,BTNHD,08-32-0.25,SKT	 $0.14 
29004392015B	SCR,CAP,BTNHD,08-32-0.37,SKT	 $0.19 
29004392015C	SCR,CAP,BTNHD,08-32-0.50,SKT	 $0.12 
29016815000A	SCR,CAP,BTNHD,08-32-0.50,SKT,LKG INSR	 $1.44 
29004392015E	SCR,CAP,BTNHD,08-32-0.62,SKT	 $0.12 
29004392015F	SCR,CAP,BTNHD,08-32-0.75,SKT	 $0.12 
29004393015B	SCR,CAP,BTNHD,10-32-0.37,SKT	 $0.13 
29004393015C	SCR,CAP,BTNHD,10-32-0.50,SKT	 $0.13 
29016851000A	SCR,CAP,BTNHD,10-32-0.50,SKT	 $0.18 
18020645016A	SCR,CAP,BTNHD,10-32-0.62,SKT,NYLOCK	 $1.51 
49226677000A	SCR,CAP,BTNHD,25-20-0.50,SKT	 $0.19 
29004394015E	SCR,CAP,BTNHD,25-20-0.62,SKT	 $0.12 
49225649000C	SCR,CAP,BTNHD,25-20-1.00,SKT	 $8.10 
49233000000A	SCR,CAP,BTNHD,25-20-1.00,SKT	 $7.76 
29004800015E	SCR,CAP,BTNHD,31-18-0.62,SKT	 $0.29 
49236320000D	SCR,CAP,BTNHD,37-16-0.75,SKT	 $0.95 
17002487016A	SCR,CAP,BTNHD,37-16-1.25,SKT	 $0.39 
49236320000B	SCR,CAP,BTNHD,37-16-1.37,SKT	 $9.85 
49236320000C	SCR,CAP,BTNHD,37-16-1.50,SKT	 $2.93 
29016681000A	SCR,CAP,BTNHD,M04.0-0.70-006.0,SKT,FLG,NYLOCK	 $2.15 
29015899000A	SCR,CAP,BTNHD,M05.0-0.80-010.0,SKT,NYLOCK	 $0.82 
19042023000A	SCR,CAP,FLH,08-32-0.38,SKT,NYL INSR	 $16.79 
19038415000A	SCR,CAP,FLH,25-20-0.50,SKT	 $0.58 
29017053000A	SCR,CAP,FLH,25-20-2.25,SKT	 $3.88 
49228479000B	SCR,CAP,FLH,75-10-1.50,SKT	 $3.75 
49228478000A	SCR,CAP,HEX HD,01-08-3.00	 $5.82 
18020883000A	SCR,CAP,HEX HD,25-20-0.43,SHLDR	 $6.17 
10251540000	SCR,CAP,HEX HD,25-20-1.00,FULL THD	 $0.14 
29016817000A	SCR,CAP,HEX HD,25-20-1.00,FULL THD	 $0.31 
29016509000A	SCR,CAP,HEX HD,25-20-2.00,FULL THD	 $0.21 
19021581006A	SCR,CAP,HEX HD,31-18-1.50,FULL THD	 $0.41 
19042000000A	SCR,CAP,HEX HD,37-16-1.50	 $0.30 
49247873000B	SCR,CAP,HEX HD,37-16-3.75	 $1.57 
29016386000A	SCR,CAP,HEX HD,M08.0-1.25-014.0,FULL THD	 $0.24 
29016442000A	SCR,CAP,HEX HD,M12.0-1.75-020.0,FULL THD	 $0.61 
29016309000A	SCR,CAP,HEX HD,M12.0-1.75-020.0,FULL THD,NYLOCK	 $1.50 
49227900000A	SCR,CAP,SCH,08-32-0.25	 $0.41 
21017641000A	SCR,CAP,SCH,10-32-0.75,SPCL	 $0.19 
29013382000A	SCR,CAP,SCH,31-18-1.75	 $0.50 
19038416000A	SCR,CAP,SCH,31-18-3.00	 $0.82 
49227204000A	SCR,CAP,SCH,37-16-0.75	 $1.46 
10804850000	SCR,CAP,SCH,37-24-6.00	 $11.30 
19011765000A	SCR,CAP,SCH,38-24-2.75,SPCL	 $22.02 
19038366000B	SCR,CAP,SCH,50-13-0.75	 $1.00 
49227871000A	SCR,CAP,SCH,50-13-0.75	 $0.37 
49224687000B	SCR,CAP,SCH,50-13-1.00	 $0.40 
10295040000	SCR,CAP,SCH,50-13-1.25	 $1.89 
19033434000A	SCR,CAP,SCH,M04.0-0.70-010.0	 $0.16 
29016265000A	SCR,CAP,SCH,M05.0-0.80-010.0	 $0.28 
29010549000A	SCR,COV MTG	 $0.68 
21015253000A	SCR,DRV,RDH,02-0.25,TYPE U	 $0.10 
49233199011A	SCR,M03-08.5	 $15.29 
TSN90481000A	SCR,M4-0.7X8MM PHPN-BLACK	 $0.52 
10254390150	SCR,MACH,BDGH,10-32-0.37	 $0.06 
29014450000B	SCR,MACH,CHS HD,M03.5-0.60-005.0,SLTD	 $0.07 
29014450000A	SCR,MACH,CHS HD,M03.5-0.60-006.0,SLTD,1X100	 $0.07 
10257610060	SCR,MACH,FILH,04-40-1.00	 $0.22 
29016224000A	SCR,MACH,FILH,25-20-0.37,PHIL,SPCL	 $4.54 
29016743000A	SCR,MACH,FLH,04-40-0.25,PHIL	 $0.05 
10256960150	SCR,MACH,FLH,04-40-0.31	 $0.06 
29013405000A	SCR,MACH,FLH,04-40-0.38,PHIL,NYLOCK	 $0.22 
19010548000A	SCR,MACH,FLH,04-40-0.50,REC,PHIL	 $0.03 
29013716000A	SCR,MACH,FLH,06-32-0.31,PHIL,NYLOCK	 $0.68 
10250710150	SCR,MACH,FLH,06-32-0.37	 $0.05 
29016232000A	SCR,MACH,FLH,06-32-0.50	 $0.05 
19033321000A	SCR,MACH,FLH,06-32-1.00,PHIL	 $0.45 
10250790150	SCR,MACH,FLH,08-32-0.50,PHIL	 $0.05 
19019351006A	SCR,MACH,FLH,10-24-0.50,PHIL	 $0.21 
19021084006A	SCR,MACH,FLH,10-24-0.75,PHIL	 $0.21 
29016822000A	SCR,MACH,FLH,10-32-0.62,PHIL	 $0.06 
29016823000A	SCR,MACH,FLH,10-32-0.75,PHIL,NYLOCK	 $0.41 
29016281000A	SCR,MACH,FLH,M03.0-0.50-006.0,PHIL	 $0.14 
49229529000A	SCR,MACH,FLH,M03.0-0.50-006.0,PHIL,NYLOCK	 $0.99 
29014280000A	SCR,MACH,FLH,M03.0-0.50-008.0,PHIL,NYLOCK	 $0.46 
19042339000A	SCR,MACH,FLH,M04.0-0.70-005.0,SLTD	 $0.14 
29016370000A	SCR,MACH,FLH,M04.0-0.70-010.0,PHIL	 $0.06 
29016370000B	SCR,MACH,FLH,M04.0-0.70-016.0,PHIL	 $0.09 
29016264000A	SCR,MACH,FLH,M05.0-0.80-010.0,PHIL	 $0.09 
29013240000A	SCR,MACH,FLH,M05.0-0.80-016.0,PHIL,NYLOCK	 $0.70 
29016310000A	SCR,MACH,FLH,M08.0-1.25-020.0,SKT,NYLOCK	 $0.99 
29016298000A	SCR,MACH,FLTRH,06-32-0.25,04 HD	 $0.08 
29016298000B	SCR,MACH,FLTRH,06-32-0.50,04 HD	 $13.44 
29016845000A	SCR,MACH,HEX HD,08-32-0.63,SLTD,NYLOCK	 $1.15 
19013340000A	SCR,MACH,OVH,04-40-0.50	 $0.12 
19019098000A	SCR,MACH,OVH,06-32-0.37,TMPR PRF	 $0.68 
29016292000A	SCR,MACH,PAN WSHR HD,M02.5-0.45-006.0,REC,PHIL	 $0.07 
49236355000B	SCR,MACH,PAN WSHR HD,M03.0-0.50-010.0,REC,PHIL	 $0.50 
19041179000A	SCR,MACH,PNH,04-40-0.25,PHIL	 $0.15 
29016345000A	SCR,MACH,PNH,04-40-0.25,PHIL	 $0.06 
29016233000A	SCR,MACH,PNH,04-40-0.37,PHIL	 $0.04 
29016571000A	SCR,MACH,PNH,04-40-0.50,PHIL	 $0.08 
29016234000A	SCR,MACH,PNH,04-40-0.62,PHIL	 $0.05 
19038551000A	SCR,MACH,PNH,04-40-0.75,TMPR PRF SPNR	 $1.05 
29016510000A	SCR,MACH,PNH,04-40-0.75.PHIL,NYLOCK	 $3.50 
19021011015C	SCR,MACH,PNH,05-40-0.25,REC,PHIL	 $0.29 
29013958000A	SCR,MACH,PNH,05-40-0.38,PHIL,NYLOCK	 $0.59 
10252920150	SCR,MACH,PNH,06-32-0.18,PHIL	 $0.45 
29016945000A	SCR,MACH,PNH,06-32-0.18,PHIL,NYLOCK	 $4.47 
29016225000A	SCR,MACH,PNH,06-32-0.25,PHIL	 $0.03 
19038408000A	SCR,MACH,PNH,06-32-0.25,PHIL,NYLOCK	 $0.58 
19019187015A	SCR,MACH,PNH,06-32-0.31,W/WIRE CLMP	 $0.54 
29016230000A	SCR,MACH,PNH,06-32-0.32,PHIL	 $0.03 
10250060150	SCR,MACH,PNH,06-32-0.37,PHIL	 $0.45 
29016226000A	SCR,MACH,PNH,06-32-0.37,PHIL	 $0.20 
29013910000B	SCR,MACH,PNH,06-32-0.38,PHIL,NYLOCK	 $0.37 
29016305000A	SCR,MACH,PNH,06-32-0.38,PHIL,NYLOCK	 $0.24 
29016315000A	SCR,MACH,PNH,06-32-0.50,PHIL	 $0.06 
29016305000C	SCR,MACH,PNH,06-32-0.50,PHIL,NYLOCK	 $1.21 
19015698000A	SCR,MACH,PNH,06-32-0.50,SLTD	 $0.13 
29016227000A	SCR,MACH,PNH,06-32-0.62,PHIL	 $0.04 
29017094000C	SCR,MACH,PNH,06-32-1.12,PHIL	 $0.17 
10008190150	SCR,MACH,PNH,08-32-0.25,PHIL	 $0.03 
21014417000A	SCR,MACH,PNH,08-32-0.31,LKG	 $0.37 
10023650150	SCR,MACH,PNH,08-32-0.31,PHIL,NYLOCK	 $0.45 
29016825000A	SCR,MACH,PNH,08-32-0.31,PHIL,NYLOCK	 $0.34 
10024040150	SCR,MACH,PNH,08-32-0.37,PHIL	 $0.06 
29015633000A	SCR,MACH,PNH,08-32-0.37,PHIL,NYLOCK	 $0.21 
29016877000A	SCR,MACH,PNH,08-32-0.62,PHIL	 $0.06 
19035369000A	SCR,MACH,PNH,08-32-1.25,PHIL,NYLOCK	 $1.63 
21014413000A	SCR,MACH,PNH,08-32-1.25,SLTD	 $1.12 
29016228000A	SCR,MACH,PNH,10-32-0.25,PHIL	 $0.10 
29016231000A	SCR,MACH,PNH,10-32-0.37,PHIL	 $0.05 
19041337000A	SCR,MACH,PNH,10-32-0.50,PHIL	 $0.11 
29016674000A	SCR,MACH,PNH,10-32-0.50,PHIL	 $11.02 
49230973000A	SCR,MACH,PNH,10-32-0.50,PHIL,NYLOCK	 $0.17 
10250310150	SCR,MACH,PNH,10-32-0.62,PHIL	 $0.09 
10250320150	SCR,MACH,PNH,10-32-0.75,PHIL	 $0.12 
29016827000A	SCR,MACH,PNH,10-32-1.00,NYL INSR	 $0.58 
10253590150	SCR,MACH,PNH,10-32-1.00,PHIL	 $0.06 
19041336000A	SCR,MACH,PNH,10-32-1.13,PHIL	 $0.24 
10259200150	SCR,MACH,PNH,10-32-1.25,PHIL	 $0.17 
19025119015B	SCR,MACH,PNH,10-32-1.50,REC,PHIL	 $0.17 
10250480150	SCR,MACH,PNH,25-20-0.37,PHIL	 $0.13 
19017814000A	SCR,MACH,PNH,25-20-0.50	 $1.15 
29013764000A	SCR,MACH,PNH,25-20-0.75,PH/AC	 $0.43 
29016229000A	SCR,MACH,PNH,25-20-0.75,PHIL	 $0.14 
49213374000B	SCR,MACH,PNH,M02.0-0.40-004.0,PHIL	 $0.05 
49213374000A	SCR,MACH,PNH,M02.0-0.40-006.0,PHIL	 $0.11 
49247158000B	SCR,MACH,PNH,M02.0-0.40-08.0,PHIL,NYLOCK	 $1.00 
29016311000A	SCR,MACH,PNH,M02.5-0.45-005.0,PHIL,NYLOCK	 $0.21 
29016302000A	SCR,MACH,PNH,M02.5-0.45-006.0,PHIL	 $3.40 
29009563000F	SCR,MACH,PNH,M02.5-0.45-008.0,PHIL	 $0.04 
29009563000A	SCR,MACH,PNH,M02.5-0.45-012.0,PHIL	 $0.45 
29016270000B	SCR,MACH,PNH,M03.0-0.50-004.0,PHIL	 $0.07 
29016753000A	SCR,MACH,PNH,M03.0-0.50-004.0,PHIL,NY...	 $0.78 
29016399000C	SCR,MACH,PNH,M03.0-0.50-005.0,PHIL,NYLOCK	 $0.31 
29016246000B	SCR,MACH,PNH,M03.0-0.50-006.0,PHIL	 $0.04 
29016399000B	SCR,MACH,PNH,M03.0-0.50-006.0,PHIL,NYLOCK	 $4.76 
29016242000A	SCR,MACH,PNH,M03.0-0.50-008.0,PHIL	 $0.05 
29016399000A	SCR,MACH,PNH,M03.0-0.50-008.0,PHIL,NYLOCK	 $0.14 
29016270000A	SCR,MACH,PNH,M03.0-0.50-010.0,PHIL	 $0.07 
29014012000A	SCR,MACH,PNH,M03.0-0.50-010.0,PHIL,NYLOCK	 $0.66 
19035121000D	SCR,MACH,PNH,M03.0-0.50-014.0,PHIL	 $0.06 
29016270000C	SCR,MACH,PNH,M03.0-0.50-014.0,PHIL	 $0.14 
29016246000A	SCR,MACH,PNH,M03.0-0.50-016.0,PHIL	 $0.11 
19035121000F	SCR,MACH,PNH,M03.0-0.50-020.0,PHIL	 $0.33 
29016270000E	SCR,MACH,PNH,M03.0-0.50-020.0,PHIL	 $0.16 
29016270000D	SCR,MACH,PNH,M03.0-0.50-025.0,PHIL	 $0.17 
29016270000F	SCR,MACH,PNH,M03.0-0.50-030.0,PHIL	 $0.11 
29009168000B	SCR,MACH,PNH,M04.0-0.70-006.0,PHIL	 $0.14 
29016253000A	SCR,MACH,PNH,M04.0-0.70-006.0,PHIL	 $0.05 
29016337000B	SCR,MACH,PNH,M04.0-0.70-006.0,PHIL,NYLOCK	 $0.25 
19033427000P	SCR,MACH,PNH,M04.0-0.70-008.0,PHIL	 $0.17 
29016337000C	SCR,MACH,PNH,M04.0-0.70-008.0,PHIL,NYLOCK	 $0.13 
29009168000A	SCR,MACH,PNH,M04.0-0.70-010.0,PHIL	 $0.12 
29016253000H	SCR,MACH,PNH,M04.0-0.70-010.0,PHIL	 $0.15 
29016337000A	SCR,MACH,PNH,M04.0-0.70-010.0,PHIL,NYLOCK	 $0.10 
19033427000H	SCR,MACH,PNH,M04.0-0.70-012.0,PHIL	 $0.11 
29016253000B	SCR,MACH,PNH,M04.0-0.70-020.0,PHIL	 $0.05 
29016253000D	SCR,MACH,PNH,M04.0-0.70-030.0,PHIL	 $0.07 
19033427000G	SCR,MACH,PNH,M04.0-0.70-035.0,PHIL	 $0.20 
19033428000H	SCR,MACH,PNH,M05.0-0.80-006.0,PHIL	 $0.09 
19033428000A	SCR,MACH,PNH,M05.0-0.80-010.0,PHIL	 $0.08 
29016338000A	SCR,MACH,PNH,M05.0-0.80-010.0,PHIL/SQ,NYLOCK	 $0.13 
19033428000J	SCR,MACH,PNH,M05.0-0.80-012.0,PHIL	 $0.08 
19041436000A	SCR,MACH,PNH,M05.0-0.80-012.0,PHIL	 $0.13 
29016259000A	SCR,MACH,PNH,M05.0-0.80-025.0,PHIL	 $0.14 
19033429000C	SCR,MACH,PNH,M06.0-1.00-025.0,PHIL	 $0.13 
19033429000F	SCR,MACH,PNH,M06.0-1.00-045.0,PHIL	 $0.22 
19033413000A	SCR,MACH,RDH,01-72-0.18,PHIL	 $0.30 
29013913000A	SCR,MACH,SEMS HEX INDT/CNCL,06-32-0.38,PH/NY	 $0.27 
29016389000A	SCR,MACH,SEMS HEX INDT/CNCL,06-32-0.38,PHIL	 $0.14 
29008369015B	SCR,MACH,SEMS HEX INDT/CNCL,06-32-0.50,PHIL	 $0.36 
29008369015C	SCR,MACH,SEMS HEX INDT/CNCL,06-32-0.75,PHIL	 $0.22 
29008369015D	SCR,MACH,SEMS HEX INDT/CNCL,06-32-1.00,PHIL	 $0.50 
29016568000A	SCR,MACH,SEMS HEX INDT/CNCL,08-32-0.38,P	 $0.52 
29008370015A	SCR,MACH,SEMS HEX INDT/CNCL,08-32-0.38,PHIL,NYLOCK	 $0.37 
29016568000B	SCR,MACH,SEMS HEX INDT/CNCL,08-32-0.50,PHIL,NYLOCK	 $0.52 
29008370015C	SCR,MACH,SEMS HEX INDT/CNCL,08-32-0.75,PHIL,NYLOCK	 $2.35 
29016568000C	SCR,MACH,SEMS HEX INDT/CNCL,08-32-1.00,PHIL,NYLOCK	 $1.00 
29016538000A	SCR,MACH,SEMS HEX INDT/CNCL,10-32-0.38,PHIL	 $0.19 
19038933000A	SCR,MACH,SEMS HEX INDT/CNCL,10-32-0.38,PHIL,NYLOCK	 $0.41 
29016538000B	SCR,MACH,SEMS HEX INDT/CNCL,10-32-0.50,PHIL	 $0.24 
29016538000C	SCR,MACH,SEMS HEX INDT/CNCL,10-32-0.75,PHIL	 $0.58 
29008372015A	SCR,MACH,SEMS HEX INDT/CNCL,25-20-0.50,PHIL	 $0.47 
29008372015B	SCR,MACH,SEMS HEX INDT/CNCL,25-20-0.75,PHIL	 $1.03 
29016393000A	SCR,MACH,SEMS HEX INDT/CNCL,M04.0-0.70-008.0,PHIL	 $0.15 
29016394000A	SCR,MACH,SEMS HEX INDT/CNCL,M04.0-0.70-008.0,PHIL	 $1.13 
29010503000A	SCR,MACH,SEMS HEX INDT/CNCL,M04.0-0.70-012.0,PHIL	 $0.13 
29016393000B	SCR,MACH,SEMS HEX INDT/CNCL,M04.0-0.70-012.0,PHIL	 $0.30 
29010503000C	SCR,MACH,SEMS HEX INDT/CNCL,M04.0-0.70-016.0,PHIL	 $0.26 
29016394000B	SCR,MACH,SEMS HEX INDT/CNCL,M04.0-0.70-016.0,PHIL	 $0.42 
29009160000F	SCR,MACH,SEMS HEX INDT/CNCL,M05.0-0.80-006.0,PHIL	 $1.10 
29016336000E	SCR,MACH,SEMS HEX INDT/CNCL,M05.0-0.80-008.0,PHIL	 $0.17 
29009160000K	SCR,MACH,SEMS HEX INDT/CNCL,M05.0-0.80-010.0,PHIL	 $0.55 
29016336000A	SCR,MACH,SEMS HEX INDT/CNCL,M05.0-0.80-010.0,PHIL	 $1.13 
29016336000G	SCR,MACH,SEMS HEX INDT/CNCL,M05.0-0.80-012.0,PHIL	 $0.19 
29016336000B	SCR,MACH,SEMS HEX INDT/CNCL,M05.0-0.80-016.0,PHIL	 $0.21 
29016336000C	SCR,MACH,SEMS HEX INDT/CNCL,M05.0-0.80-020.0,PHIL	 $0.55 
29016336000D	SCR,MACH,SEMS HEX INDT/CNCL,M05.0-0.80-025.0,PHIL	 $0.42 
29009161000C	SCR,MACH,SEMS HEX INDT/CNCL,M06.0-1.00-008.0,PHIL	 $0.59 
29016391000A	SCR,MACH,SEMS HEX INDT/CNCL,M06.0-1.00-012.0,PHIL	 $0.24 
29016391000B	SCR,MACH,SEMS HEX INDT/CNCL,M06.0-1.00-016.0,PHIL	 $0.68 
49236007000A	SCR,MACH,SEMS PNH/FL & SPLT LK,M02.5-0.45-012.0,PHIL	 $1.84 
29016285000A	SCR,MACH,SEMS PNH/SPLT LK,M03.0-0.50-006.0,PHIL	 $0.10 
19038447000B	SCR,MACH,SEMS PNH/SPLT LK,M03.0-0.50-008.0,PHIL	 $0.13 
29016398000A	SCR,MACH,SEMS PNH/SQ DOME,M03.0-0.50-006.0,PHIL	 $0.16 
29016398000B	SCR,MACH,SEMS PNH/SQ DOME,M03.0-0.50-008.0,PHIL	 $0.12 
29016499000B	SCR,MACH,SPCL HD,25-20-1.22,NYLOCK,FULL THD,PHIL	 $2.29 
29006220000A	SCR,MACH,THUMB,08-32-0.38,KNRL	 $0.95 
29016275000A	SCR,MACH,THUMB,25-20-0.38,KNRL	 $2.11 
29016542000A	SCR,MACH,THUMB,37-16-1.00,WING	 $2.57 
29016316000A	SCR,MACH,TRH,06-32-0.18,PHIL	 $0.20 
19020897016A	SCR,MACH,TRH,10-24-0.37,PHIL	 $0.21 
49227203000A	SCR,MACH,TRH,10-24-0.37,PHIL	 $0.97 
19020898016A	SCR,MACH,TRH,10-32-0.25,PHIL	 $0.41 
29016390000A	SCR,MLTPUR,HEX INDT WSHR HD,M04.0-0.70-010.3,PHIL	 $0.31 
29016403000A	SCR,MLTPUR,HEX INDT WSHR HD,M05.0-0.80-008.3,PHIL	 $0.14 
39009853000A	SCR,MONEY LOW ACTR	 $2.24 
TSN51139000A	SCR,PAN 40X22	 $0.52 
19055210000A	SCR,SECURITY,KEY,QTY 5	 $37.84 
19055209000A	SCR,SECURITY,QTY 10	 $16.22 
89028914000A	SCR,SELF TAP PAN HD.M4X16   00	 $0.14 
19035409000A	SCR,SET,SCH,06-32-0.50,CUP PT	 $0.15 
10283680000	SCR,SET,SCH,08-32-0.18,1/2DP	 $0.59 
29015846000A	SCR,SET,SCH,08-32-0.18,CUP PT,NYLOCK	 $1.64 
29016321000A	SCR,SET,SCH,10-32-0.13,CUP PT	 $0.18 
29016742000A	SCR,SET,SCH,10-32-0.31,CUP PT	 $0.11 
10268540000	SCR,SET,SCH,10-32-0.37,CUP PT	 $0.21 
10268630000	SCR,SET,SCH,25-20-0.37,CUP PT	 $1.92 
19021289000A	SCR,SET,SCH,37-16-1.00,CUP PT	 $0.50 
29016314000A	SCR,SET,SCH,M03.0-0.50-004.0,CUP PT	 $0.08 
19035289000A	SCR,SET,SCH,M03.0-0.50-006.0,CUP PT	 $0.27 
29016267000A	SCR,SET,SCH,M04.0-0.70-006.0,CUP PT	 $0.08 
19033484000A	SCR,SET,SLTD,06-32-0.38,FP	 $9.36 
19010801010A	SCR,SHLDR,0.19-0.38,08-32-0.19,SLTD	 $3.88 
19033322000A	SCR,SHLDR,0.19-1.00,08-32-0.17,SKT	 $2.67 
29013912000A	SCR,SHLDR,0.19-1.00,08-32-0.17,SKT,NYLOCK	 $3.14 
19010801017A	SCR,SHLDR,0.25-0.13,10-32-0.25,SLTD	 $9.50 
19033499000A	SCR,SHLDR,0.25-0.19,10-32-0.25,SKT,NYLOC	 $3.71 
19010801023A	SCR,SHLDR,0.25-0.63,10-32-0.25,SLTD	 $7.49 
19038150000A	SCR,SHLDR,0.25-0.75,10-32-0.25,SKT	 $8.88 
19010801004A	SCR,SHLDR,0.31-0.31,04-40-0.16,SLTD	 $1.42 
11032785000A	SCR,SHLDR,0.31-0.75,25-20-0.44,SKT	 $1.64 
49247875000A	SCR,SHLDR,0.31-1.00,25-20-0.44,SKT	 $1.92 
21015140000C	SCR,SHLDR,0.37-0.50,31-18-0.50,SKT	 $4.10 
21015140000A	SCR,SHLDR,0.37-0.75,31-18-0.50,SKT	 $2.58 
21015140000B	SCR,SHLDR,0.37-1.00,31-18-0.50,SKT	 $2.67 
29007623000A	SCR,SHLDR,0.37-1.75,31-18-0.50,SKT	 $2.93 
29007879000A	SCR,SHLDR,0.44-0.53,31-18-0.60,HEX	 $14.04 
19021582015A	SCR,SHLDR,0.50-0.38,37-16-0.63,SKT	 $4.91 
49227223000A	SCR,SHLDR,0.63-0.38,50-13-0.75,SKT	 $0.97 
49227224000A	SCR,SHLDR,0.75-0.75,63-11-0.88,SKT	 $1.70 
19041569000A	SCR,SHLDR,M 04.00-05.00,M03.0-0.50-004.5,SLTD	 $2.29 
19041732000A	SCR,SHLDR,M 04.99-06.01,M04.0-0.70-005.0,SLTD	 $11.85 
19038175000A	SCR,SHLDR,M 05.00-04.00,M04.0-0.70-005.0,SLTD	 $11.00 
19019171000A	SCR,SHLDR,M 05.80-11.81,M04.0-0.70-008.8,SLTD,SPCL	 $1.56 
29009997000A	SCR,SHLDR,M 06.35-12.09,M05.0-0.80-010.9,KNRL	 $40.41 
49255874000A	SCR,SHLDR,M04.0-01.00,M03.0-0.50-002.50	 $0.26 
4924441700CR	SCR,SLFTPG, PNH, M2 x 4	 $0.46 
49244417000L	SCR,SLFTPG,BIND HEAD, M3 x 8	 $0.46 
29013040000A	SCR,SLFTPG,BTNHD,10-0.50,TMPR PRF/SKT	 $1.18 
29016754000A	SCR,SLFTPG,FILH,06-32-0.25,SWG TYPE	 $0.23 
12004390016A	SCR,SLFTPG,FILH,10-32-0.50,SWG TYPE,PHIL	 $0.10 
12004413016A	SCR,SLFTPG,FILH,10-32-0.75,SWG TYPE	 $0.06 
12004391016A	SCR,SLFTPG,FILH,10-32-1.25,SWG TYPE	 $0.06 
19017068015A	SCR,SLFTPG,FLH,04-0.25,PLASTITE,PHIL	 $0.96 
19011769000A	SCR,SLFTPG,FLH,06-19-0.37,PLASTITE	 $0.11 
29016800000A	SCR,SLFTPG,FLH,06-19-0.37,PLASTITE	 $6.30 
11032838016A	SCR,SLFTPG,FLH,06-32-0.38,TYPE F,PHIL	 $0.07 
12003543015A	SCR,SLFTPG,FLH,07-0.50,TYPE A	 $0.75 
29016400000A	SCR,SLFTPG,FLH,M03.0-0.50-006.0,PHIL,NYTRQ	 $0.43 
49252841000B	SCR,SLFTPG,FLH,M03.0-010.0,PT,PHIL	 $0.45 
29017131000A	SCR,SLFTPG,FLH,M03.5-010.0,PT,PHIL	 $0.16 
29016325000A	SCR,SLFTPG,FLH,M04.0-0.70-008.0,PHIL,NYTRQ	 $1.56 
19042222000A	SCR,SLFTPG,FLH,M04.0-010.0,PT,PHIL	 $0.25 
18020264000B	SCR,SLFTPG,HEX HD,08-16-0.37,PLASTITE	 $0.18 
19015116000E	SCR,SLFTPG,HEX HD,10-12-0.50,TAPIT	 $0.11 
18020264000A	SCR,SLFTPG,HEX HD,10-14-0.62,PLASTITE	 $0.20 
19038402000A	SCR,SLFTPG,HEX HD,10-16-0.50,#3 DR PT	 $0.11 
29013921000A	SCR,SLFTPG,HEX INDT WSHR HD,M05.0-014.0,PT,PHIL	 $0.21 
29016397000A	SCR,SLFTPG,HEX INDT WSHR HD,M05.0-014.0,PT,PHIL	 $0.33 
19038991000A	SCR,SLFTPG,HEX WSHR HD,08-18-0.62,TYPE BT,SLTD	 $0.19 
29016308000A	SCR,SLFTPG,HEX WSHR HD,M 04.80-013.0	 $0.11 
11033974015A	SCR,SLFTPG,OVH,06-0.38,TYPE A	 $0.68 
29016279000A	SCR,SLFTPG,OVH,M03.0-008.0,PT,PHIL	 $0.09 
29013245000B	SCR,SLFTPG,OVH,M04.0-012.0,PT,PHIL	 $0.09 
19019177000A	SCR,SLFTPG,PNH,02-0.18,PLASTITE,PHIL	 $0.35 
29016251000A	SCR,SLFTPG,PNH,02-28-0.25,PLASTITE	 $0.26 
19011933000A	SCR,SLFTPG,PNH,04-0.50,PLASTITE,PHIL	 $0.09 
19017073015A	SCR,SLFTPG,PNH,06-0.25,PLASTITE,PHIL	 $0.11 
29016379000A	SCR,SLFTPG,PNH,06-0.37,TYPE B,PHIL	 $0.05 
19017259015B	SCR,SLFTPG,PNH,06-0.50,PLASTITE,PHIL	 $0.42 
29016235000A	SCR,SLFTPG,PNH,06-0.56,TYPE B,PHIL	 $0.09 
29016769000A	SCR,SLFTPG,PNH,08-0.37,PLASTITE,PHIL	 $0.22 
29016918000A	SCR,SLFTPG,PNH,08-0.50,TYPE B,PHIL	 $0.06 
29016958000A	SCR,SLFTPG,PNH,08-0.75,TYPE AB,PHIL	 $0.05 
29016875000A	SCR,SLFTPG,PNH,10-0.31,TYPE B,PHIL	 $0.13 
19011908000A	SCR,SLFTPG,PNH,10-0.37,PLASTITE,PHIL	 $0.19 
10267890150	SCR,SLFTPG,PNH,10-0.50,TYPE B,PHIL	 $0.11 
29016512000A	SCR,SLFTPG,PNH,10-32-0.500,TYPE F,PHIL	 $0.14 
29016368000C	SCR,SLFTPG,PNH,M03.0-0.50-006.0,PHIL,NYTRQ	 $0.21 
29016368000A	SCR,SLFTPG,PNH,M03.0-0.50-008.0,PHIL,NYTRQ	 $0.21 
29016401000A	SCR,SLFTPG,PNH,M03.0-008.0,PTF,PHIL	 $0.43 
29016323000A	SCR,SLFTPG,PNH,M04.0-0.70-008.0,PHIL,NYTRQ	 $0.18 
49225394000A	SCR,SLFTPG,PNH,M04.0-0.70-009.5,PHIL,NYTRQ	 $0.59 
29016324000A	SCR,SLFTPG,PNH,M04.0-008.0,PTF,PHIL	 $0.15 
29016324000B	SCR,SLFTPG,PNH,M04.0-010.0,PTF,PHIL	 $0.18 
29016503000A	SCR,SLFTPG,PNH,M04.0-012.0,PT,PHIL	 $1.40 
29016339000A	SCR,SLFTPG,PNH,M05.0-0.80-10.0,PHIL,NYTRQ	 $0.14 
29016340000B	SCR,SLFTPG,PNH,M05.0-010.0,PTF,PHIL	 $0.51 
29016340000A	SCR,SLFTPG,PNH,M05.0-014.0,PTF,PHIL	 $0.19 
29016340000C	SCR,SLFTPG,PNH,M05.0-018.0,PT,PHIL	 $0.23 
10267900150	SCR,SLFTPG,RDH,08-0.37,TYPE B	 $0.07 
49255643000A	SCR,SLFTPG,WSHR HD,M03.0-09.75,	 $0.31 
11019180000A	SCR,SPCL PVT,31-18-0.31	 $16.50 
19055425000A	SCR,TAMPERPROOF,C16 DOMES	 $98.06 
31018466000A	SCR,TMPR,HEX	 $1.31 
49233790000A	SCR,WOOD,HEX,25-1.00	 $43.47 
19060249000A	SCRAMBLE NETWORK INTERFACE BOARD 2	 $1,096.20 
49220864000A	SCRAPER	 $41.09 
TSN88247000A	SCRAPER	 $0.00 
BRP00462000A	SCRAPER BILL	 $0.05 
TS4368847421	SCRAPER CLIP-SCP-DR-TM	 $21.85 
19013766000A	SCRAPER,DATUM	 $24.22 
49016693000A	SCRAPER,SECONDARY	 $10.35 
MSZ90457740A	SCR-CP,BSK,1/4-20 X 3/8	 $0.12 
MSZ90530450A	SCR-CP,SK,1/4-20 X 3/4,ZN	 $0.31 
18000504000A	SCREEN	 $24.17 
21015134000A	SCREEN	 $8.25 
28000477000A	SCREEN	 $4.77 
28020840000A	SCREEN & SHIELD WELD ASSY	 $17.21 
00051572000A	SCREEN CLEANER PACKETS - 10 SETS	 $10.58 
BRPT0005000A	SCREEN PROTECTOR KIT(PK OF 5)	 $0.05 
11035730000A	Screen Splitter	 $571.70 
PLVSS200DT00	SCREEN SPLITTER/INSERTER	 $618.53 
MSN76219000A	SCREEN, FRONT GRILLE	 $3.52 
TSN88198000A	SCREEN,PANEL	 $6.01 
TSN88199000A	SCREEN,PANEL	 $10.93 
39011390016A	SCREEN,PROT	 $0.05 
21021365000A	SCREEN,VALVE COVER	 $21.47 
49001910000A	SCREEN-ANTI-FOAM	 $50.36 
11009170000A	SCREW	 $6.64 
19042344134A	SCREW	 $51.03 
BRP00204000A	SCREW	 $0.05 
TSN88915000A	SCREW	 $16.23 
89029569000A	SCREW - CASSETTE DECK   #F8699	 $1.78 
11034880000A	SCREW  VSS-301VSS-302 NO.77819	 $0.52 
BRP00846000A	SCREW #4 PAN	 $0.05 
BRP00849000A	SCREW #6 X 1/4 PAN PLASTITE	 $0.05 
11034879000A	SCREW /VSS301/VSS302/NO.778113	 $0.32 
BRP00205000A	SCREW 1/4 20X1 LG GRD 5 HEX CP	 $0.05 
BRP00046000A	SCREW 1/4-20X3/8 PAN HEAD PHIL	 $0.05 
BRP00299000A	SCREW 1/4X28X5/8 LG HEX CAP	 $0.05 
BRP00109000A	SCREW 10-32X1 1/4L.G.P.H.	 $0.05 
BRP00049000A	SCREW 10-32X1/4 SOCKET HEAD CA	 $0.05 
BRP00047000A	SCREW 10-32X3/8 PAN HEAD PHILL	 $0.05 
BRP00847000A	SCREW 2-28 X 1/4	 $0.05 
BRP00033000A	SCREW 3/16X1/4 LG PHILLIPS HD	 $0.05 
TS7640301441	SCREW 30 x 14	 $0.78 
BRP00848000A	SCREW 4/20 X 6.35	 $0.05 
BRP00844000A	SCREW 4/40 X 3/8 PAN PHIL	 $0.05 
89028597000A	SCREW 4-40 SEMS	 $0.34 
BRP00170000A	SCREW 4-40X1/4 18-8 FLT HD	 $0.05 
BRP00171000A	SCREW 4-40X1/4 18-8 PHP	 $0.05 
BRP00142000A	SCREW 5/16-24X5/8 HEX CAP	 $0.05 
BRP00588000A	SCREW 6/23X1/2 GRAD 8 ALLEN HD	 $0.05 
BRP00843000A	SCREW 6/32 X 3/16 PAN PHIL M/S	 $0.05 
BRP00842000A	SCREW 6-32 X 3/8 FL PHIL M/S	 $0.05 
BRP00151000A	SCREW 8/32X1/2 LG PHIL	 $0.05 
41027283000A	SCREW 8-32 X 3/8 HD TYPE F	 $4.89 
BRP00154000A	SCREW 8-32X1 LG PHILLIPS	 $0.05 
BRP00141000A	SCREW 8-32X3/4LG. 82 DEG.FT.HD	 $0.05 
BRP00048000A	SCREW 8-32X3/8 PAN HEAD PHILLI	 $0.05 
29004393050E	SCREW BHCS #10-32X5/8  IB#384	 $0.25 
BRP00565000A	SCREW BHCS 10-32X3/8	 $0.05 
BRP00568000A	SCREW BHCS 8-32X3/8	 $0.05 
19014127000A	SCREW CHEESE HD M2X12.0  1323	 $0.59 
BRP00572000A	SCREW FH PH NO 4 375	 $0.05 
TS4842010379	SCREW FLAT 30 x 08 MSZN4AI	 $0.78 
TS4842010377	SCREW FLAT 30x05 MSZN4A	 $0.78 
19014379000A	SCREW M6X16	 $0.32 
19014032000A	SCREW PNHD PSDV M4 X 30	 $0.17 
19014071000A	SCREW POZI PAN HD M2X8 LG   13	 $0.33 
19014073000A	SCREW POZI PAN HD M3X8 LG  132	 $0.14 
19014075000A	SCREW POZI PAN HD M4X35 LG 132	 $0.59 
19014072000A	SCREW POZI-PAN HD M3 X 5MM LON	 $0.15 
19014205000A	SCREW SET (GRUB) M3X4.0  1323	 $0.59 
19014141000A	SCREW SET GRUB M3X5  1323	 $1.05 
41027286000A	SCREW SHLDR 10-24X5/8 SOCHD	 $4.89 
BRP00901000A	SCREW SMALL FOR CASSETTES	 $0.05 
11038908000A	SCREW SPCL	 $10.96 
19017206000A	SCREW STOP TYPE 11 CASS     OX	 $28.24 
TS4842010246	SCREW ZPAN 30x08 MSZN4A	 $0.78 
TS4842010256	SCREW ZPAN 40 x 06 MSZN4A	 $0.78 
TS4842080197	SCREW ZPAN30*60MSZN3A	 $0.78 
TS4842080209	SCREW ZPAN40*08MSZN3A	 $0.78 
MSN51111000A	SCREW, #10-32 X 1 AVSAFE HEAD	 $0.58 
MSN51328000A	SCREW, #10-32 X 1 LG -FLT HD S	 $0.39 
MSN71270000A	SCREW, #10-32 X 1/4 SOC. SET	 $0.13 
MSN90288000A	SCREW, #10-32 X 3/8 AVSAFE HD	 $0.42 
MSN90493000A	SCREW, #10-32 X 3/8 PAN HD. -	 $0.00 
MSN61706000A	SCREW, #10-32 X 5/16 BUTTON HD	 $0.27 
MSN51112000A	SCREW, #10-32 X 5/8 AVSAFE HEA	 $0.50 
MSN51165000A	SCREW, #6 X 1 1/4 RD. HD.-ONE	 $0.12 
MSN51166000A	SCREW, #8 X 3/4 RD. HD. - ONE	 $0.54 
MSN61598000A	SCREW, 1/4 DIA. X 1/8 SHOULDER	 $13.83 
MSN71625000A	SCREW, 1/4-20 X 1 PAN HD	 $0.16 
MSN76043000A	SCREW, 1/4-20 X 1/2 SPEC. FIL.	 $0.41 
MSN71831000A	SCREW, 1/4-20 X 1/4 MOSLER HD	 $0.45 
MSN76042000A	SCREW, 1/4-20 X 1/4 SPCL. FILL	 $8.70 
MSN61585000A	SCREW, 1/4-20 X 3/4 OVAL HD.	 $0.35 
MSN61057000A	SCREW, 1/4-20 X 3/4 SOC. SET	 $0.31 
MSN71066000A	SCREW, 1/4-20 X 5/8 SHCAP (Z17	 $0.12 
89028573000A	SCREW, 10-32	 $0.42 
MSN61476000A	SCREW, 10-32 X 1 SOC SET - CUP	 $0.46 
MSN61584000A	SCREW, 10-32 X 1/2 TRUSS HD.	 $0.00 
11048100000A	SCREW, 10-32 X 3-1/2" SHCS COM	 $15.18 
MSN71710000A	SCREW, 10-32 X 5/8 SOC HD CAP	 $0.15 
MSN71065000A	SCREW, 14 X 1 PAN HD - SELF TA	 $0.16 
MSN61818000A	SCREW, 3/8-16 X 1 SOC. FLT. HD	 $0.46 
89028520000A	SCREW, 4 X 3/8 SELF-TAP	 $0.42 
89028604000A	SCREW, 4-40  -M069481-04 KLRY	 $1.07 
89028621000A	SCREW, 4-40, DRI-LOC 200	 $4.91 
MSN51327000A	SCREW, 5/16-18 X 1 1/4 LG.-SCK	 $0.46 
MSN61510000A	SCREW, 5/16-24 X 3 5/32 HEX HD	 $9.70 
89028496000A	SCREW, 6-32	 $0.34 
MSN61760000A	SCREW, 6-32 X 1 3/8 SPCL. SHOU	 $2.06 
MSN61214000A	SCREW, 6-32 X 1/2 SLOT. PAN HD	 $0.00 
MSN61537000A	SCREW, 6-32 X 1/2 TRUSS HD. MA	 $0.12 
MSN71801000A	SCREW, 6-32 X 1/4 OVAL HD. - B	 $0.16 
MSN61495000A	SCREW, 6-32 X 1/4 TRUSS HD.	 $0.28 
89028505000A	SCREW, 6-32 X 3/8	 $0.25 
89028579000A	SCREW, 6-32, SEMS	 $0.77 
89028618000A	SCREW, 8-32	 $0.42 
MSN71018000A	SCREW, 8-32 X 1/2 PAN HD.	 $0.08 
MSN71599000A	SCREW, 8-32 X 1/4 PHIL FL HD	 $0.08 
MSN74265000A	SCREW, BEARING PLATE*MCMASTER	 $1.05 
19014128000A	SCREW, CHEESE HD M2X16.0	 $0.59 
19014126000A	SCREW, CHEESE HD M2X8.0  1323	 $0.59 
MSN74266000A	SCREW, HINGE MOUNT *MCMASTER #	 $0.69 
MSN76324000A	SCREW, LOCKING PIN	 $15.49 
MSN94000000A	SCREW, ONE WAY SECURITY-#6 X 1	 $0.50 
MSN93999000A	SCREW, ONE WAY SECURITY-6/32 X	 $0.42 
19014136000A	SCREW, PAN HD POZIDR M3X16.0	 $0.59 
4102070400AC	SCREW,1/4-20 X 1,SOC HD	 $4.31 
MSN61055000A	SCREW,10-32 X 1/2 FLAT HD -SS	 $0.12 
TSN51285000A	SCREW,2.5X5MM PHFLT	 $0.52 
TSN90471000A	SCREW,3MM-0.5X20MM PHPN	 $1.10 
TSN51322000A	SCREW,3MMX10MM A PAN	 $0.52 
89029009000A	SCREW,3X6MM PH.	 $0.32 
TSN51264000A	SCREW,4- 0.7X4 SPECIAL	 $95.15 
89031158000A	SCREW,4-20X13L,FH,POZI BUK 100	 $3.21 
MSN61323000A	SCREW,7/16-14 X 3/4 SOC HD CAP	 $0.00 
TSN89996000A	SCREW,BID20 - 60MSZN3L	 $0.52 
19017247000A	SCREW,GRUB CUP PT M3X3 STL   1	 $0.50 
41020704000L	SCREW,HEX HD,1/2-13 X 1-1/2 GR5	 $4.31 
41020704000F	SCREW,HEX HD,5/16-18 X 5/8	 $4.31 
TSN51171000A	SCREW,M3- 0.5X14MM PHFL	 $0.52 
TSN51172000A	SCREW,M3- 0.5X6MM Z PAN	 $0.52 
TSN90480000A	SCREW,M3-0.5X6MM PHPN-BLACK	 $0.13 
TSN51143000A	SCREW,M4-0.7X12MM,PHFH-DIN	 $0.13 
TSN51155000A	SCREW,PAN 30X12 MSZN 3AI	 $0.52 
19040640000B	SCREW,PAN HEAD,SEMS DEPOT PART	 $1.18 
TSN51262000A	SCREW,SET 40/4	 $0.52 
4102070400AQ	SCREW,SET,3/8-24 X 3/4 NYLOK SOC	 $4.31 
19017407000C	SCREW,SHLDR S.H.	 $23.36 
41020704000V	SCREW,SHOULDER,10-24 X 5/8,SOC HD	 $4.31 
41020704000Z	SCREW,SHOULDER,5-16 X 3/8,SOC HD	 $4.31 
19041050000A	SCREW;MOUNTING MO64651-02	 $3.52 
19082379000A	Screwdriver JIS D555-100	 $67.47 
MSN61737000A	SCREWDRIVER, 1/4 X 4 *SEARS #9	 $14.69 
MSN61736000A	SCREWDRIVER,3/16 X 4 *SEARS #	 $12.58 
50002820000	SCREWDRIVR	 $48.18 
50002830000	SCREWDRIVR	 $34.79 
MSZ89121510A	SCREW-NO.10 FP WITH 1/4-2	 $0.58 
89031403000A	SCREW-PAN HEAD 2.5 X 6	 $1.84 
89030507000B	SCREW-PAN HEAD BIND 2 X 5	 $11.39 
19040636000A	SCREW-PAN HEAD BIND DEPOT PART	 $13.37 
19040636000B	SCREW-PAN HEAD BIND DEPOT PART	 $13.37 
19040639000B	Screw-Pan Head Sems For 103	 $13.10 
11038705000A	Screws for Adplex 2000 mtg(100	 $32.89 
11038703000A	Screws for Keypad Housing (25)	 $8.23 
11038704000A	Screws for Keypad PCB Mtg (100	 $32.89 
11038702000A	Screws for Large LEM Box (25)	 $8.23 
11066443000A	Screws Splice Plate Bag	 $143.92 
11044731000A	SCREWS W/WASHERS 2 EA	 $9.05 
MSN94321000A	SCREWS, #4 X 3/8 SELF TAPPING	 $0.39 
MSZ17192010A	SCREW-SET 4-48NF X 3/8	 $0.35 
89029014000A	SCREW-TAPPING***OBSOLETE	 $0.00 
MSZ90485370A	SCR-HEX,8-32 X 3/8,ZINC	 $0.12 
MSZ90501860A	SCR-HWH,TC,10-24 X 1/2	 $0.15 
MSN51065000A	SCRIBER	 $13.19 
TP821455001A	SCRN TESTER USER GUIDE	 $5.40 
MSZ90621280A	SCR-SHLDR, 1/4 X 1/4, #10	 $1.77 
MSZ90280180A	SCR-SHLDR,1/4 X 3/8,10-24	 $4.74 
MSZ90282290A	SCR-SHLDR,3/8 X 5/8,5/16-	 $2.43 
MSZ90433570A	SCR-THUMB,10-32 X 13/32 L	 $8.26 
49234836000B	SCRTY CA,MTZ CD RDR BEZEL	 $7.26 
49005766000D	SCRTY DOOR & DVDR	 $236.75 
TM000300001C	SCRTY MDL UNIT PRGMR REF MNL	 $153.00 
00101029000G	SCRTY PL,RL,PRSNTR,BLK/WHT	 $153.99 
BRP00152000A	SCRW 5/16-18X2-1/4 SOCKT HD CP	 $0.05 
BRP00567000A	SCRW FLAT HD PHL TAP #4-40X3/8	 $0.05 
89031173000A	SCRW,4-20X12.7L,PH,POZI BUL100	 $3.21 
11044957000A	SCSI OPTION KIT	 $822.15 
21019173000A	SCUFF PLATE	 $8.36 
BRP00153000A	SCW 8-32X1/4 LG PAN HEAD PHILL	 $0.05 
41017309000F	SD Box Accessory 7 x 10 Bond Box	 $29.30 
31016266000A	SD Box Accessory Number Frame Assemblies	 $6.35 
30015130000	SD Box Accessory Split Key Rings for customer keys	 $0.15 
11033326000A	SD KEY CUT PER SAMPLE	 $36.71 
11033331L00A	SD LID L/H/SPEC PER SAMPLE	 $8.51 
11033331R00A	SD LID R/H/SPEC PER SAMPLE	 $8.51 
00017510L00W	SD LOCK **WILLIAMSON ONLY**	 $56.70 
00017510R00W	SD LOCK **WILLIAMSON ONLY**	 $56.70 
MSZ17241740A	SD LOCK D/N MOSLER	 $120.17 
MSZ17241820A	SD LOCK D/N MOSLER	 $103.42 
11031817R00A	SD LOCK DN F/F BG    S&G 4440	 $147.94 
00017540R00W	SD LOCK DN F/F BG KC	 $58.21 
00017506LSG0	SD LOCK DN F/F SG    MOSLER GK	 $96.69 
00017505L00A	SD LOCK DN F/F SG    ZONE 1	 $75.65 
00017505R00A	SD LOCK DN F/F SG    ZONE 1	 $75.65 
11032031RSGC	SD LOCK DN P/F SG    YALE B231	 $53.59 
31015368RSGC	SD LOCK DN P/P SG    HHM 12CC	 $188.36 
310153400SGC	SD LOCK DN P/P SG    HHM 614	 $234.16 
00017505L00W	SD LOCK FOR WILLIAMSON SAFE ON	 $6.28 
00017505R00W	SD LOCK FOR WILLIAMSON SAFE ON	 $37.99 
00017529L00W	SD LOCK FOR WILLIAMSON SAFE ON	 $50.07 
00017529R00W	SD LOCK FOR WILLIAMSON SAFE ON	 $49.73 
00017532RSG0	SD LOCK SN F/F SG	 $142.01 
00017533LSG0	SD LOCK SN F/F SG    MATCHES Y	 $239.90 
00017602RSG0	SD LOCK SN P/P SG    YORK	 $160.04 
NZ0000003148	SDC I/F CABLE FOR RECPT PRTR	 $19.73 
11050827000A	SDC MUSHROOM PUSH BUTTON	 $158.05 
NZ0000003048	SDC RECEIPT PRINTER	 $2,370.06 
19053413000A	SDLC TO ASYNC	 $5,152.14 
NZ0000004037	SDM ARM-ERBM CLOSE	 $22.57 
NZ0000004063	SDM CABLE ASSY USB 2.0 CABLE	 $43.03 
NZ0000004061	SDM CABLE-12FT(4M)RJ11 TO RJ11	 $72.47 
NZ0000004066	SDM GASKET-CASH EXIT 6634/6638	 $1.65 
NZ0000004074	SDM GASKET-INSERT 6634/6638	 $8.80 
NZ0000004073	SDM HARNESS DC DISTR. T/P 3M	 $1,134.00 
NZ0000004078	SDM HLA MODULE TRAY	 $967.40 
NZ0000004076	SDM HRNSS-HIGH TO LOW PWR FUSE	 $219.60 
NZ0000004070	SDM INFEED MOULDING 6634/6638	 $11.04 
NZ0000004090	SDM RJ11 STRAIGHT THRU COUPLER	 $57.38 
49210292000A	SDPLT, LEFT	 $152.51 
FJUSA0209970	SDRAM 128MB W/ECC 168 PIN DIMM	 $193.15 
11065008000A	SDU8-35X, NTSC, OD KIT	 $5,193.44 
41027127000A	SD-Verification Reader	 $9,990.00 
21014880000A	SEAL	 $10.55 
MSN78560000A	SEAL	 $6.19 
MSN78561000A	SEAL	 $1.62 
MSN92394000A	SEAL	 $2.75 
MSZ76524150A	SEAL	 $60.30 
NZ0000001389	SEAL - 56XX	 $2.20 
NZ4450575155	SEAL - 56XX	 $2.20 
TS4366143570	SEAL - REF1	 $1.87 
MS811090000A	SEAL  STOP	 $4.64 
TS4366143580	SEAL - TRSP	 $1.87 
TS4366143590	SEAL (REF 2)	 $2.19 
41017493000A	SEAL 10 INCH DIA COUPLING FLARED TUBE	 $26.51 
21015881000B	SEAL DOOR TOP & BOT VAT 21	 $2.35 
41026344000A	SEAL KIT	 $3.52 
41023197000A	SEAL MOUNT	 $65.44 
11036000000A	SEAL RTNR	 $16.88 
31020259000A	SEAL STRIP	 $143.69 
MS820310000A	SEAL VALVE	 $16.22 
MSN90365000A	SEAL, 1 1/2W X 16 5/16 LG	 $15.68 
MSN86305000A	SEAL, 3/4 X 1 X 5 1/2 SPONGE	 $1.88 
MSN92393000A	SEAL, 7/8 X 15 7/16 LG-NEOPREN	 $2.43 
MSN69948000A	SEAL, ACTIVATOR - RT D/S	 $3.76 
MSN70964000A	SEAL, BLOWER VALVE - ABRT D/S	 $5.17 
MSZ17361400A	SEAL, CUST DR REAR,1/16	 $8.25 
NZ0000002428	SEAL, DUST	 $0.02 
MSZ17361590A	SEAL, FRT CUST DR 1/8	 $8.25 
MSN69344000A	SEAL, NEOPRENE - 1/16 X 3/8 X	 $0.88 
89031177000A	SEAL, NIP ROLLER	 $4.05 
31020032000A	SEAL,AIR VALVE	 $13.03 
41026772000A	SEAL,ANALOG CAMR LENS	 $1.21 
41026773000A	SEAL,BCS BEZEL	 $1.64 
29007965000A	SEAL,BOT	 $0.50 
41026741000A	SEAL,CENTER TASK LIGHT	 $0.43 
41023413000A	SEAL,COLLAR	 $85.21 
41026783000A	SEAL,CORNER TRIM	 $0.73 
41026723000B	SEAL,DISPLAY,TOP	 $1.81 
31020814000A	SEAL,DOOR BOTTOM	 $3.19 
31020758000A	SEAL,DOOR TOP	 $10.42 
41026696000A	SEAL,FASCIA,KIT	 $17.24 
41018964000A	SEAL,FOAM	 $1.67 
TSN65553000A	SEAL,HANSHA	 $1.91 
41026780000A	SEAL,HD PHN CUP	 $0.73 
41026767000A	SEAL,LENS	 $0.73 
TSN89151000A	SEAL,P48A-O RING	 $2.73 
41026766000A	SEAL,SPKR	 $0.73 
MSN74872000A	SEAL,TERMINAL-LH -CUS UNIT	 $42.48 
MSN74871000A	SEAL,TERMINAL-RH -CUS UNIT	 $42.48 
TSN65552000A	SEAL,TOKA	 $1.91 
29007964000A	SEAL,TOP	 $3.08 
41026716000B	SEAL,TRIM,LH	 $0.73 
41026717000B	SEAL,TRIM,RH	 $0.73 
MSN69108000A	SEAL,TRML SUPPORT TOP-LONG*NEX	 $3.56 
MSN61252000A	SEALANT, SILICON  (HM) 4.7 FL.	 $12.83 
MSZ79332330A	SEAL-D SECTION	 $2.03 
NZ0000002629	SEALED BEARING/FLANGED BEARING	 $15.35 
MSZ17494350A	SEAL-R.H.          N78563	 $4.13 
00051991TDUS	SEC CURR BAG TD BANK US 50/CTN	 $7.25 
49251377000A	SECONDARY KEY LOCK ADAPTER	 $2.72 
00051991000C	SECUR CURNCY BAG -  1=BOX OF 200	 $37.71 
21015577000A	SECURE BOTTON	 $0.96 
TM000110001A	SECURE COMM ONSITE REPAIR MAN	 $6.30 
11065022000A	SECURE NETWORK INTERFACE BOARD	 $2,192.40 
11050829000A	SECURITRON DOUBLE DOOR MAGLOCK	 $1,386.84 
11050830000A	SECURITRON EXIT MOTION	 $295.97 
11050832000A	SECURITRON MOTORIZED ELEC STRK	 $485.05 
11050833000A	SECURITRON POWER SUPPLY 24V 1A	 $281.16 
11050834000A	SECURITRON RLY BRD 4 DPDT 2A	 $169.91 
11051817000A	SECURITRON UNLTCH MOTRSD ELC S	 $410.94 
11041079000A	SECURITRON Z BRACKET M32 BLK	 $135.66 
11041078000A	SECURITRON Z BRACKET M32 CLEAR	 $135.66 
11041081000A	SECURITRON Z BRACKET M62 BLK	 $135.66 
11041080000A	SECURITRON Z BRACKET M62 CLEAR	 $135.66 
11041083000A	SECURITRON Z BRACKET M82 BLK	 $142.37 
11041082000A	SECURITRON Z BRACKET M82 CLEAR	 $142.37 
00051305000A	SECURITY KEYPAD COVER	 $38.94 
11041095000A	SECURITY KEYS FOR 3108	 $21.92 
11037529000A	SECURITY SCREW	 $24.67 
TP799907001C	SECURITY SERVICES PROGRAMMER'S	 $29.70 
11050835000A	SECURITY SPKR STA SW FLUSH MT	 $205.29 
AA000455I01G	SECURITY TERMINAL SERVICE, INS	 $32.40 
TP820715001C	security vestibule (c and d ve	 $27.00 
TP799967001B	SECURITY VESTIBULE INSTALLATIO	 $28.80 
TP820004001C	SECURITY VESTIBULE OP GUIDE	 $5.40 
AA000144000A	SECURITY VESTIBULE SERVICE PLA	 $6.30 
89030550000A	Security vestibule shelf	 $215.46 
TP821223001A	Security vestibule, e and f ve	 $5.40 
19042528000A	SECURITY WRENCH,3MX3M,HEX,TAMPER PROOF	 $5.41 
11034761000A	SECURITY'BX'LOCK COVER	 $21.90 
11034763000A	SECURITY'BX'LOCK PLASTIC CUSHI	 $0.61 
11034762000A	SECURITY'BX'LOCK PLASTIC WASHE	 $4.71 
89030950000A	SECUROMATC HPPER AHD TRG CDSET	 $17.10 
TM000427001B	Securomatic After-Hour Depository Models 167-60, -65 Service Manual	 $135.00 
30009010010	SEE ADDITIONAL INFO	 $1.00 
MSN93801000A	SEE N94030(X-07) & N94046(S&G	 $0.00 
MSN76440000A	SEE NS-11353	 $0.00 
MSN76441000A	SEE NS-11353	 $36.77 
MSN76446000A	SEE NS-11353	 $0.00 
MSN85773000A	SEE NS-11353	 $548.45 
38000572000P	SEE PLT 16	 $43.73 
AA0004510000	SEISMIC DETECTOR	 $83.70 
NZ0000002917	SEISMIC DETECTOR	 $493.29 
SEGM550UL000	Seismic Detector	 $363.11 
NZ0000003519	SEISMIC DETECTOR MODEL GM530	 $274.05 
39017495093A	Seismic Sensor Cable	 $10.60 
11050836000A	SELECTOR SWITCH	 $212.20 
11065272000A	S-E-LE-OS-0004 GREEN LED	 $62.64 
11065273000A	S-ELE-OS-0006 RED LED	 $237.88 
11066313000A	Self Performance Assessment Card	 $1.33 
TMTPCD01000X	SELF SER SYS SERVICE DOCUMENT	 $4.89 
TMTPCD01000Y	SELF SER SYS SERVICE DOCUMENT	 $4.89 
TMTPCD0114Q1	SELF SER SYS SERVICE DOCUMENT	 $4.31 
TMTPCD0200EE	SELF SER SYS SERVICE DOCUMENT	 $4.89 
TMTPCD0300EE	SELF SER SYS SERVICE DOCUMENT	 $4.89 
BUFI0869000A	SELF SERVICE TRUSTED COMPUTING	 $4.40 
19014086000A	SELF TAP SCREW 6X1/4 LG	 $0.57 
TMTPDVD114Q1	SELF-SER PHY&ELEC SEC DOC TRDB	 $4.31 
TMTPCD03000X	SELF-SER PHYSICAL ELE,CUST DOC	 $4.89 
TMTPCD03000Y	SELF-SER PHYSICAL ELE,CUST DOC	 $4.89 
TP799800000A	SELLING I SERIES UPGRADES	 $14.40 
11050839000A	SEMI FLUSH ANNUC WALL BOX	 $72.90 
11050837000A	SEMI FLUSH TRIM BLACK	 $137.17 
11051644000A	SEMI FLUSH TRIM KIT	 $101.82 
11050838000A	SEMI FLUSH TRIM KIT GRAY	 $74.00 
11038505000A	SEND BUTTON CU	 $404.58 
11066402000A	Send Button Kit Green Sealed	 $223.26 
28000959000A	SEND CABLE	 $24.99 
11037962000A	SEND SWITCH                            	 $283.88 
11036718000A	SEND SWITCH                 N	 $207.04 
11042104000A	SEND SWITCH,NEWER STYLE HA45CU	 $683.72 
19042344125A	SENSOR	 $63.34 
39011390005A	SENSOR	 $0.05 
39017495185A	Sensor	 $117.13 
TSN65136000A	SENSOR	 $0.00 
TSN65137000A	SENSOR	 $0.00 
TSN65138000A	SENSOR	 $0.00 
TSN65139000A	SENSOR	 $0.00 
TSN65140000A	SENSOR	 $0.00 
TSN65141000A	SENSOR	 $0.00 
TSN65142000A	SENSOR	 $0.00 
TSN65143000A	SENSOR	 $0.00 
NZ0000001130	SENSOR (NEW) 56XX	 $1.94 
TSN90454000A	SENSOR ASSB,LED	 $125.63 
TSN90418000A	SENSOR ASSB,ROL-OP	 $330.16 
TSN90455000A	SENSOR ASSB,SC-COUNT	 $207.56 
TSN90419000A	SENSOR ASSB,SC-UNIT-RJ	 $292.22 
TSN90453000A	SENSOR ASSB,SC-UNIT-ST	 $226.67 
TSN65599000A	SENSOR ASSB,TLP800,P	 $27.32 
19042344175A	SENSOR ASSEMBLY	 $134.68 
NZ0000001596	SENSOR ASSEMBLY LED	 $36.13 
NZ0000001595	SENSOR ASSY	 $60.29 
11065033000A	SENSOR BASE	 $22.38 
11050840000A	SENSOR BASE-ANALOG	 $18.81 
NZ0000002049	SENSOR BLACK DOT	 $109.62 
NZ1891062218	sensor black dot	 $109.62 
NZ0000002505	SENSOR BOARD	 $0.02 
11065572000A	SENSOR BRACKET D551	 $23.02 
FJUSA0206235	SENSOR C50L60300056	 $0.05 
NZ0000001640	SENSOR CARD CAPTURE BIN - 56XX	 $46.04 
TS4842413233	SENSOR CLP-YMC-05-0	 $0.70 
49246023000A	SENSOR CUSHION	 $0.22 
11067424000A	SENSOR DETECTOR TESTER	 $310.59 
NZ0000002008	SENSOR HEAT	 $48.23 
NZ0000002777	SENSOR JOURNAL PAPER LOW 56XX	 $0.02 
BRPT0004000A	SENSOR KIT,VAULT DORS(PK OF 2)	 $0.05 
NZ0000001223	SENSOR NOTE THICKNESS	 $260.35 
NZ0000002722	SENSOR OPTO SWITCH IR	 $0.02 
NZ0000001292	SENSOR PAPER LOW	 $48.23 
NZ1891062217	sensor paper low	 $48.23 
NZ0000001945	SENSOR PAPER LOW/EXHAUST JOURN	 $43.85 
NZ0000001946	SENSOR PAPER LOW/EXHAUST JOURN	 $43.85 
NZ9980869181	sensor paper low/exhaust journ	 $43.85 
NZ9980869183	sensor paper low/exhaust journ	 $43.85 
NZ0000001927	SENSOR PHOTO FOR CRT &SUNLIGHT	 $109.62 
41016957000A	SENSOR RING,AHD,CHST IR	 $1,292.76 
49246022000A	SENSOR SHEET	 $1.53 
TSN66701000A	SENSOR T/DETECT	 $0.00 
11062104000A	SENSOR TEMPERATURE	 $58.91 
NZ0000001488	SENSOR TIMING - 56XX	 $26.31 
NZ0000002725	SENSOR TIMING DISC	 $0.02 
NZ0000001560	SENSOR TIMING DISK	 $16.99 
NZ0090005139	sensor vibration (basic alarm)	 $72.35 
11062105000A	SENSOR WATER	 $49.19 
11066326000A	Sensor Wireless Battery Monitor	 $375.11 
TS4368847333	Sensor Wiring	 $32.77 
NZ0000002484	SENSOR, 2 DPM	 $0.02 
SE5702M00000	SENSOR, 90 DEGRE BRACKET FOR S	 $3.78 
NZ0000002506	SENSOR, AUX TRANSPORT	 $0.02 
NZ0000002469	SENSOR, AUX TRANSPORT #2	 $0.02 
SE6080N00000	SENSOR, BACKBOX FOR WIRELESS	 $11.54 
49244417000B	SENSOR, BEZEL DOCKING	 $165.65 
SE6084N00000	SENSOR, CEILING/WALL EXTENSION	 $17.96 
SEDR24900000	SENSOR, CORNER MTNG BOX FOR SE	 $23.18 
SE6073N00000	SENSOR, CURTAIN LENS, 5 PACK	 $16.07 
SE6072N00000	SENSOR, EXTRA WIDE LENS, 5 PAC	 $17.49 
SE5703M00000	SENSOR, FRAME-MOUNT BRACKET FO	 $3.78 
SE104135REC0	SENSOR, HEAT RECESSED	 $16.07 
NZ0000002536	SENSOR, HOLDER	 $0.02 
MSN67853000A	SENSOR, MAGNETIC - W/CONNECTOR	 $0.00 
NZ0000002258	SENSOR, MONITOR	 $109.62 
49267163000A	SENSOR, OPT, DUAL VANE, IR	 $63.00 
49267156000A	SENSOR, OPT, VANE, IR	 $25.20 
NZ0000001947	SENSOR, PAPER LOW	 $32.89 
SE6074N00000	SENSOR, PET ALLEY LENS, 5 PACK	 $16.07 
SE6077N00000	SENSOR, PET ALLEY,FLAT PATTERN	 $16.07 
SERTC1000000	SENSOR, PIR REQUEST TO EXIT WH	 $136.57 
SEDR57000000	SENSOR, PIR TRIM RING FOR DR55	 $34.02 
NZ0000002464	SENSOR, PRE LVDT ASSY	 $0.02 
SE1041300000	SENSOR, RATE OF RISE HEAT	 $21.92 
SE6082N00000	SENSOR, RECESSED MOUNTING KIT	 $17.96 
MSN64714000A	SENSOR, S.T.S.P. MAGNETIC    *	 $5.82 
NZ0000002468	SENSOR, SHUTTER TRANSPORT	 $0.02 
SE6076N00000	SENSOR, SINGLE BEAM PET ALLEY,	 $16.07 
SE5829000000	SENSOR, SINGLE GANG BOX FOR RE	 $6.88 
SE6081N00000	SENSOR, SINGLE-GANG PLATE FOR	 $5.67 
SE521CRXT000	SENSOR, SMOKE 2 WIRE PE, 12-24	 $78.08 
SE6157CTN000	SENSOR, SPDT & ALARM MEMORY	 $133.25 
NZ0000002473	SENSOR, STACK ASSY	 $0.02 
SEDR57300000	SENSOR, SUSPENDED CEILING MOUN	 $16.07 
SE6083N00000	SENSOR, SWIVEL BRACKET FOR 618	 $39.69 
NZ0000002478	SENSOR, TIMING B	 $0.02 
SE5811EZ0000	SENSOR, TRIM PLATE FOR EZ INST	 $2.30 
SE5828000000	SENSOR, TRIM PLATE FOR RECESSE	 $3.38 
SE6085000000	SENSOR, WIRE CAGE FOR SHARPSHO	 $24.57 
SE5702N00000	SENSOR,90 DEGREE BRACKET FOR S	 $3.78 
TSN65591000A	SENSOR,ASSB,PROX SZ-PS-3150	 $13.65 
SEBN09700000	SENSOR,BATTERY, 9.6V, 250 AH F	 $84.11 
SE5701N00000	SENSOR,CEILING PLATE FOR SHATT	 $11.34 
TSN80556000A	SENSOR,CS601C,I/R RCVR	 $13.65 
SE6075N00000	SENSOR,EVALUATION LENS PACK, 5	 $16.07 
SE5915000000	SENSOR,EXTRA TAPE FOR 5115/20,	 $13.98 
SE5703N00000	SENSOR,FRAME-MOUNT BRACKET FOR	 $3.78 
TSN65593000A	SENSOR,H1519B	 $57.35 
11037230000A	SENSOR,HEADLIFT	 $22.75 
TSN65131000A	SENSOR,HEATER-WFUSE	 $0.00 
TSN65558000A	SENSOR,IMAGE-CIPS200A01	 $0.00 
SE6071N00000	SENSOR,LONG RANGE LENS, 5 PACK	 $16.07 
TSN65133000A	SENSOR,MAGNETIC	 $0.00 
TSN92778000A	SENSOR,MAGNETIC	 $204.83 
TSN89152000A	SENSOR,MAGNETIC-TG-0149	 $2.73 
TSN65434000A	SENSOR,OPTICAL	 $73.71 
TSN65444000A	SENSOR,REFLECTIVE	 $100.22 
SE6060000000	SENSOR,SIGHTING MIRROR W/CARRY	 $13.23 
49226681000A	SENSOR,SLEEVE	 $17.19 
SE6070N00000	SENSOR,STANDARD LENS, 5 PACK	 $16.07 
TSN65132000A	SENSOR,THERMO	 $0.00 
49227328000A	SENSOR,THROUGH BEAM	 $646.38 
TSN65595000A	SENSOR,TYO3	 $30.04 
41021528000E	SENSOR,VEH DET,100 FT,PROGRAM	 $1,906.31 
41024227000A	SENSOR,VEH DET,100 FT,PROGRAM	 $1,498.89 
41024227000B	SENSOR,VEH DET,200 FT,PROGRAM	 $1,881.72 
NZ0000002665	SENSOR-BKT ASSY (LH)	 $28.50 
NZ0000004118	SENSOR-CONVEYOR SAFE 5285	 $137.63 
NZ0000002758	SENSOR-DOUBLE PICK	 $0.02 
NZ0000002659	SENSOR-MOTOR TIMING DISC/BRKT	 $0.02 
NZ0000002680	SENSOR-NTS	 $0.02 
AA000058000A	SENTRIE LC METAL/WEAPON DETECT	 $17.10 
MSZ60904300A	SENTROL 3045 PANIC BUTTON	 $33.41 
SE1830B00000	SENTROL MAGNET BROWN	 $3.78 
SE1835B00000	SENTROL MAGNET BROWN	 $4.19 
SE1830N00000	SENTROL MAGNET WHITE	 $3.38 
SE1125T00000	SENTROL RECESS DOOR CONTACT	 $6.27 
11038890000A	SEPARATION ROLLER ASSY	 $21.55 
10583070000	SEPARATOR GUIDE SUPP ASM	 $62.37 
11065524000A	SEQUENTIAL SWITCH WITH ALARM	 $548.45 
TSN82225000A	SERIAL ADAPTER,RS232/RS483 QUA	 $491.14 
IB004H975800	serial cable db9/db25	 $343.04 
11041485000A	SERIAL CABLE FOR ACCUTRACK	 $2.75 
NZ0000004311	Serial Cable for Card Reader	 $240.41 
TP820355001A	serial com.compatibility issue	 $5.40 
LX4300042351	Serial Inter Cable - NET\Micro	 $117.45 
11050842000A	SERIAL MPX CONT W/COVER BROWN	 $34.25 
11050843000A	SERIAL MPX CONTACT W/COV GRAY	 $34.25 
11050844000A	SERV DIS KEYSWT FOR RELSNG MOD	 $130.86 
00013870000B	SERVER B,5100D	 $4,387.82 
19049931000A	SERVER SFTW LIC,SYS,2 SEAT,CLIENT,CURE 800,MODEL 1	 $2,397.94 
19041613000A	SERVER,V1.0,ADDITIONAL FEED	 $2,126.90 
19041611000A	SERVER,VIANET 3000,V1.0,16 FEEDS,1 CLIENT	 $41,875.39 
19041608000A	SERVER,VIANET 3000,V1.0,4 FEEDS,1 CLIENT	 $22,637.08 
19041609000A	SERVER,VIANET 3000,V1.0,8 FEEDS,1CLIENT	 $31,187.44 
4924441700AL	SERVICE ACCESS, SPUR GEAR, TRANSPORT	 $7.49 
TM000201001I	SERVICE DGNSTC+ INSTL GUIDE	 $90.90 
TM000192001K	SERVICE DIAGNOSTICS + USER'S GUIDE	 $364.50 
41015055L00A	SERVICE DOOR 20532LC	 $124.67 
41015055R00A	SERVICE DOOR FOR 20532RC	 $124.67 
BRM00010000A	SERVICE ENVELOPES	 $0.05 
BTC8779SE000	SERVICE EXTENDER CARD BURLE BT	 $391.50 
BTC8579SE000	SERVICE EXTENDER CARD FOR BTC8	 $274.05 
MSZ7935044AD	SERVICE KEY -KEY ALIKE	 $16.90 
11032117000A	SERVICE KIT	 $95.39 
11040359000B	SERVICE KIT,BLOWER,VAT 21	 $389.61 
19050123000A	SERVICE KIT,NEW LABEL & CONN RTNG,RCD	 $39.61 
RI4081SM0000	SERVICE MANUAL - RICOH 4081	 $244.35 
TM000215001A	SERVICE MENU ADMIN'S GUIDE	 $121.50 
49016325000A	SERVICE PART, RECEIPT CHUTE ASSY, CSP200 & 400	 $29.16 
19019354000A	SET SCREW   ROTARY W/L	 $0.21 
BRP00155000A	SET SCREW 3/8-24X5/8 LG ALLEN	 $0.05 
BRP00156000A	SET SCREW 5/16-18X1 LG ALLEN	 $0.05 
49275971000A	SET,LBL,FCO	 $1.89 
49275971000E	SET,LBL,FCO	 $1.89 
49275971000B	SET,LBL,QR	 $1.89 
89030112000A	Set\Function Button   VSS 305	 $40.43 
TP799882000A	SETUP GUIDE,DIEBOLD 5100 D PC PLATFORM SYS	 $7.20 
11038995000A	SETUP TRANSMITTER,  ALARM BAND SYSTEM	 $178.14 
11065254000A	SF-STI6535-W MINI WEATHR STOPP	 $101.15 
MSZ47482510A	SFT-BEARING,CRADLE,C10636	 $12.33 
TMMEDSFT000A	SFTW AND CMPTR CONFIG GUIDE,MEDSELECT	 $3.62 
ULM10018000A	SFTW AND HDW,ACT-2	 $54.81 
64100041000A	SFTW CD (2), Agilis 3 91x SP3 for Opteva Media Kit	 $43.98 
64100033000B	SFTW CD, (2), Agilis EmPower Advanced Maintenance Videos v2.5	 $38.80 
64100056000A	SFTW CD, (2), MS WIN XP SUPPLEMENTAL CODE MEDIA KIT, V1.28.0	 $38.80 
64100072000A	SFTW CD, (2), MS WIN XP Supplemental Code Media Kit, v1.29.0	 $0.00 
64100034000B	SFTW CD, Agilis EmPower Basic Maintenance v2.5	 $19.40 
64100038000A	SFTW CD, Agilis EmPower Developer Gold v3.4 CS1	 $21.99 
64100040000A	SFTW CD, Agilis EmPower Developer Platinum v3.4 CS1	 $21.99 
64100055000B	SFTW CD, Campaign Office Server v5.0.0	 $19.40 
64100074000C	SFTW CD, Diebold Service Application (DSA) v1.0.2	 $19.40 
64100035000A	SFTW CD, EDCView for Win7(32 and 64 bit), XP PC,v1.3.0	 $19.40 
64100071000A	SFTW CD, ImageWay ATM Manager 2.0	 $19.40 
64100073000A	SFTW CD, Involve Self-Service Runtime, v3.9.4	 $19.40 
64100076000A	SFTW CD, Involve Self-Service Runtime, v4.0.0	 $19.40 
64100058000A	SFTW CD, OPTEVIEW TERMINAL AGENT, V4.1.0, MEDIA	 $19.40 
64100065000A	SFTW CD, OSD+ v3.3.14	 $19.40 
64100065000B	SFTW CD, OSD+ v3.3.17	 $19.40 
64100023000A	SFTW CD, SELF-SERVICE TRUSTED COMPUTING MEDIA KIT V1.0.0	 $19.55 
64100063000A	SFTW CD, Symantec Endpoint Protection 12 Media Kit v1.0.0	 $19.40 
64100048000A	SFTW CD, TPM Field Enablement v4.2.0	 $21.99 
64100031000A	SFTW CD, ValiTech-Secure Service Authentication, v3.2.0	 $21.99 
64100036000A	SFTW CD,(2), MS WIN XP Supplemental Code Media Kit, v1.26.0	 $43.98 
29015965000A	SFTW CD,ACCUTRACK,SYGATE	 $4.99 
29015965000B	SFTW CD,ACCUTRACK,SYGATE V4.1	 $21.99 
19055106000A	SFTW CD,ACS RDR UPGR,32ES	 $2,740.50 
19055108000A	SFTW CD,ACS RDR UPGR,PRO SYS	 $4,371.10 
00105887000G	SFTW CD,CAMPAIGN OFFICE AGENT,MGD SVRS,V3.2.0	 $18.47 
00105888000A	SFTW CD,CAMPAIGN OFFICE SERVER,MEDIA PKG	 $36.00 
00105925000E	SFTW CD,CAMPAIGN OFFICE SERVER,V3.2.1	 $18.47 
64100059000A	SFTW CD,CAMPAIGN OFFICE V5.0.0 HF14027	 $19.40 
19055136000A	SFTW CD,CITRIX METAFRAME,V1.8	 $5,467.30 
64100050000A	SFTW CD,CONCIERGE VIDEO	 $32.77 
19056410000A	SFTW CD,CONFIG TOOL,RELEASE 4.6	 $1,085.24 
49234826000A	SFTW CD,CROATIA UPGR	 $21.99 
19049085000A	SFTW CD,DIG VID CONFIG TOOL,SPANISH,V4.1	 $1,192.12 
19055459000A	SFTW CD,DVR CONFIG TOOL,R4.5	 $1,192.12 
19055461000A	SFTW CD,DVR VIEWER,R4.5	 $671.43 
19055111000A	SFTW CD,FORM DESIGNER,ONGUARD	 $4,097.05 
19055123000A	SFTW CD,GUARD TOUR OPTION	 $1,356.55 
19055105000A	SFTW CD,HOST & REMOTE,SGL,PCANYWHERE	 $548.10 
19055104000A	SFTW CD,HOST,SGL,PCANYWHERE	 $342.57 
19055121000A	SFTW CD,LANGUAGE PACK MDL	 $0.04 
19055122000A	SFTW CD,MUSTERING OPTION	 $2,726.80 
19055276000A	SFTW CD,NTWK RCDR	 $411.08 
19055277000A	SFTW CD,NTWK RCDR W/EXTND STORAGE	 $14,250.60 
19046802000A	SFTW CD,PC ANYWHERE,HOST ONLY	 $685.13 
19048939000A	SFTW CD,REMOTE PRGM,RAM IV LITE	 $737.70 
19044816000A	SFTW CD,SGL USER,DATABASE MGR	 $5,478.26 
19044818000A	SFTW CD,SGL USER,MONITOR/DISPATCH	 $4,105.27 
19055075000A	SFTW CD,TOOL KIT,CUSTOM INTEGRATION	 $6,851.25 
19055101000A	SFTW CD,UPGR,CLIENT,32ES,SGL	 $808.45 
19055103000A	SFTW CD,UPGR,CLIENT,NT,SGL	 $1,781.33 
19055078000A	SFTW CD,UPGR,ONGUARD 32ES TO 32ESI	 $2,466.45 
19055090000A	SFTW CD,UPGR,ONGUARD 32ES TO 32ESI	 $822.15 
19055076000A	SFTW CD,UPGR,ONGUARD 32ES TO 64NT	 $5,097.33 
19055088000A	SFTW CD,UPGR,ONGUARD 32ES TO 64NT	 $3,781.89 
19055086000A	SFTW CD,UPGR,ONGUARD 32ESI TO 64NTI	 $12,496.68 
19055098000A	SFTW CD,UPGR,ONGUARD 32ESI TO PROI	 $9,865.80 
19055079000A	SFTW CD,UPGR,ONGUARD 64NT TO 64NTI	 $9,865.80 
19055091000A	SFTW CD,UPGR,ONGUARD 64NT TO 64NTI	 $6,906.06 
19055077000A	SFTW CD,UPGR,ONGUARD 64NT TO ONGUARD PRO	 $21,359.46 
19055089000A	SFTW CD,UPGR,ONGUARD 64NT TO PRO	 $2,137.59 
19055087000A	SFTW CD,UPGR,ONGUARD 64NTI TO PROI	 $28,265.52 
19055099000A	SFTW CD,UPGR,ONGUARD 64NTI TO PROI	 $1,973.16 
19055083000A	SFTW CD,UPGR,ONGUARD IDES TO 32ESI	 $986.58 
19055095000A	SFTW CD,UPGR,ONGUARD IDES TO 32ESI	 $328.86 
19055081000A	SFTW CD,UPGR,ONGUARD IDES TO IDNT	 $4,604.04 
19055093000A	SFTW CD,UPGR,ONGUARD IDES TO IDNT	 $5,574.18 
19055084000A	SFTW CD,UPGR,ONGUARD IDNT TO 64NTI	 $8,879.22 
19055096000A	SFTW CD,UPGR,ONGUARD IDNT TO 64NTI	 $4,620.48 
19055082000A	SFTW CD,UPGR,ONGUARD IDNT TO IDPRO	 $20,372.88 
19055094000A	SFTW CD,UPGR,ONGUARD IDNT TO IDPRO	 $4,620.48 
19055085000A	SFTW CD,UPGR,ONGUARD IDPRO TO PROI	 $16,771.86 
19055097000A	SFTW CD,UPGR,ONGUARD IDPRO TO PROI	 $1,973.16 
19055080000A	SFTW CD,UPGR,ONGUARD PRO TO PROI	 $16,771.86 
19055092000A	SFTW CD,UPGR,ONGUARD PRO TO PROI	 $6,741.63 
19055102000A	SFTW CD,UPGR,SRVR,NT,SGL	 $2,452.75 
19055272000A	SFTW CD,UPGR,WIN2K PRO TO WIN2K SERVER	 $2,877.53 
64100052000A	SFTW CDS, (2), MS WIN XP Supplemental Code Media Kit, v1.27.0	 $43.98 
19049343000A	SFTW CNFGR,SERVER	 $3,231.90 
64100047000B	SFTW DL DVD (2), Co-Op Shared Branch v2.0 for Windows 7 Media	 $38.80 
64100053000B	SFTW DL DVD(2), Agilis 3 91x SP3 CS0 W7 Rev2 for DNA PS v1.2	 $38.80 
19048232000A	SFTW DSKTE,TITO FILE XFR,V1.0.0	 $12.29 
64100079000A	SFTW DVD, Agilis 3 NDx SP6	 $19.40 
64100070000A	SFTW DVD, Agilis XFS for Opteva, v3.11.1 (w/Canyon, EPP7)	 $19.40 
64100066000A	SFTW DVD, Agilis XFS for Opteva, v4.0.3	 $19.40 
64100004001A	SFTW DVD, Agilis XFS for Opteva, v4.1.1	 $19.40 
64100004001B	SFTW DVD, Agilis XFS for Opteva, v4.1.2	 $19.40 
64100075000D	SFTW DVD, Diebold XFS v6.0.3	 $19.40 
64100057000A	SFTW DVD, MS WIN XP Pro for Embedded Systems (1-2 CPU) ESD SP3, v4.4.0	 $19.40 
64100015000B	SFTW DVD, Windows 7 for Embedded Systems Language Pack v1.1.0 for China (PRC) Only	 $24.44 
64100014000B	SFTW DVD, Windows 7 for Embedded Systems Language Pack v1.1.0 for Global Distribution	 $24.44 
49213126000B	SFTW DVD,FCTY RECOVERY MEDIA,SGL PACK	 $4.89 
ULC22230000A	SFTW INTFC PRGM,CCTV,SAFEWARE NT OPTION	 $685.13 
19055126000A	SFTW INTFC,AUTOMATIC E-MAIL	 $1,356.55 
19055125000A	SFTW INTFC,AUTOMATIC PAGING	 $2,726.80 
19055127000A	SFTW INTFC,COMM OPTION	 $3,288.60 
ULC22225500A	SFTW INTFC,HAND GEOM,SAFEWARE NT OPTION	 $5,481.00 
19042362000A	SFTW KIT,1053 EP,FCO 294	 $7.54 
39014101001A	SFTW KIT,PATCHES/UPGR,ACCUTRACK,V1.41.03	 $156.41 
39014101000T	SFTW KIT,PATCHES/UPGR,ACCUTRACK,V1.41.03,LOCAL	 $163.75 
39014101000Y	SFTW KIT,PATCHES/UPGR,ACCUTRACK,V1.51.03	 $11.75 
39014101000F	SFTW KIT,PATCHES/UPGRADES,ACCUTRACK,V1.00.00	 $1.51 
39014101000G	SFTW KIT,PATCHES/UPGRADES,ACCUTRACK,V1.00.00	 $1.51 
39014101000H	SFTW KIT,PATCHES/UPGRADES,ACCUTRACK,V1.00.00	 $1.51 
39014101000L	SFTW KIT,PATCHES/UPGRADES,ACCUTRACK,V1.00.00	 $1.44 
39014101000M	SFTW KIT,PATCHES/UPGRADES,ACCUTRACK,V1.00.00	 $1.44 
39017103000B	SFTW KIT,UPGR,ACCUTRACK,V2.02.01	 $35.24 
39017103000C	SFTW KIT,UPGR,ACCUTRACK,V3.01.02	 $55.40 
21019329000D	SFTW LIC, INSTL & RECOVERY PRGM	 $21.71 
24100008003A	SFTW LIC, LANGUAGE New MLTTS FOR AT&T Wizzard	 $97.74 
24100008002A	SFTW LIC, LANGUAGE Upgrade MLTTS FOR AT&T Wizzard	 $61.09 
24100180000A	SFTW LIC, OpteView Agent Temporary	 $9.77 
24100020000A	SFTW LIC, Remote Office ATM (Host) License	 $171.05 
24100025000A	SFTW LIC, Remote Office ATM (Host) License Upgrade 11.x to 12.x	 $58.64 
24100126000C	SFTW LIC, RSS, PEGASUS	 $87.97 
24100032000A	SFTW LIC, VERAPASS MFP SFTW LIC LK	 $3,330.00 
24100033000A	SFTW LIC, VERAPASS USB PRGMR SFTW LIC RMT & DONGLE	 $3,330.00 
ULC22270070A	SFTW LIC,5 WKSTATION,SAFENET	 $9,043.65 
ULC22310280A	SFTW LIC,5 WKSTATION,SAFENET	 $2,055.38 
ULC2231028XA	SFTW LIC,5 WKSTATION,SAFENET	 $2,055.38 
19055240000A	SFTW LIC,8 NON-STD CHAN DEVICE	 $2,740.50 
19049621000A	SFTW LIC,BIOMETRIC HAND RDR,25 USER	 $1,968.92 
19065969000A	SFTW LIC,BUILDING AUTOMATION	 $399.17 
19055030000A	SFTW LIC,CD,CLIENT,MOBILE ACS	 $9,317.70 
19055025000A	SFTW LIC,CD,CLIENT,ONGUARD 32ESI	 $1,096.20 
19055005000A	SFTW LIC,CD,CLIENT,ONGUARD 64NT	 $3,562.65 
19055029000A	SFTW LIC,CD,CLIENT,ONGUARD 64NTI	 $9,317.70 
19055013000A	SFTW LIC,CD,CLIENT,ONGUARD IDES	 $822.15 
19055017000A	SFTW LIC,CD,CLIENT,ONGUARD IDNT	 $5,467.30 
19055009000A	SFTW LIC,CD,CLIENT,ONGUARD PRO NTWK	 $5,343.98 
19055008000A	SFTW LIC,CD,DEDICATED SRVR,ONGUARD PRO NTWK	 $23,280.55 
19055024000A	SFTW LIC,CD,ONGUARD 32ESI,SRVR	 $3,288.60 
19055016000A	SFTW LIC,CD,ONGUARD IDNT SRVR	 $6,303.15 
19055020000A	SFTW LIC,CD,ONGUARD IDPRO NTWK,DEDICATED SRVR	 $23,280.55 
19055021000A	SFTW LIC,CD,ONGUARD IDPRO,CLIENT	 $9,317.70 
19055034000A	SFTW LIC,CD,ONGUARD PROI CLIENT	 $10,962.00 
19055033000A	SFTW LIC,CD,ONGUARD PROI NTWK,DEDICATED SRVR	 $37,257.10 
19055235000A	SFTW LIC,CD,ONGUARD VID DATABASE SERVER	 $2,740.50 
19055004000A	SFTW LIC,CD,SERVER SYS,ONGUARD 64NT	 $5,481.00 
19055314000A	SFTW LIC,CD,SERVER,ONGUARD 32ES	 $1,066.06 
19055028000A	SFTW LIC,CD,SRVR,ONGUARD 64NTI	 $13,702.50 
19065965000A	SFTW LIC,CNTRLR,HIGH LEVEL	 $523.91 
ULC22310290A	SFTW LIC,DUAL FILE SRVR,NT,SAFEWARE	 $49,329.00 
ULC2231029XA	SFTW LIC,DUAL FILE SRVR,NT,SAFEWARE	 $47,547.68 
19064103000A	SFTW LIC,ENTERPRISE MGMT,DIRECTOR V4.X	 $2,328.74 
21019329000C	SFTW LIC,INSTL & RECOVERY PRGM,V8.0	 $21.71 
19048929000A	SFTW LIC,INTFC	 $342.57 
ULC2231027XA	SFTW LIC,MULTI USER,SAFENET LEGACY	 $12,606.30 
ULC22310270A	SFTW LIC,MULTI-USER,SAFENET LEGACY	 $13,428.45 
19055238000A	SFTW LIC,ONGUARD VID CLIENT,10 PACK	 $17,265.15 
19055239000A	SFTW LIC,ONGUARD VID CLIENT,25 PACK	 $38,367.00 
19055237000A	SFTW LIC,ONGUARD VID CLIENT,5 PACK	 $9,180.68 
19055236000A	SFTW LIC,ONGUARD VID CLIENT,SGL	 $1,904.65 
29013735000A	SFTW LIC,OPR SYS,DR-DOS,v7.03	 $37.84 
19065968000A	SFTW LIC,PEER TO PEER	 $261.95 
19065966000A	SFTW LIC,RMTE MAINTENANCE	 $162.16 
19042405000A	SFTW LIC,SCO UNIX,V5.0.6.5	 $2,861.08 
19055279000A	SFTW LIC,SERVER,ARCHIVE	 $21,910.30 
19053300000A	SFTW LIC,SGL USER,INSTL,REMOTE TERM UNITS	 $598.75 
ULC22310260A	SFTW LIC,SGL USER,SAFENET LEGACY	 $12,743.33 
ULC2231026XA	SFTW LIC,SGL USER,SAFENET LEGACY	 $11,921.18 
19053299000A	SFTW LIC,SGL USER,SET-UP,REMOTE TERM UNITS	 $299.38 
11045302000A	SFTW LIC,SRVR,PROF EDITION,V6.X	 $3,339.99 
24100031000A	SFTW LIC,Verapass SD Software License	 $3,330.00 
19048101000A	SFTW LIC,VIEWER,RCDR,VID,DIG	 $671.43 
19055064000A	SFTW LIC,WKSTATION,10 PACK	 $12,332.25 
19055067000A	SFTW LIC,WKSTATION,100 PACK	 $68,512.50 
19055065000A	SFTW LIC,WKSTATION,25 PACK	 $27,405.00 
19055066000A	SFTW LIC,WKSTATION,50 PACK	 $47,958.75 
19055071000A	SFTW LIC,WKSTATION,EDIT CLIENT,10 PACK	 $20,553.75 
19055074000A	SFTW LIC,WKSTATION,EDIT CLIENT,100 PACK	 $150,727.50 
19055072000A	SFTW LIC,WKSTATION,EDIT CLIENT,25 PACK	 $47,958.75 
19055070000A	SFTW LIC,WKSTATION,EDIT CLIENT,5 PACK	 $10,276.88 
19055073000A	SFTW LIC,WKSTATION,EDIT CLIENT,50 PACK	 $89,066.25 
19055068000A	SFTW LIC,WKSTATION,EDIT CLIENT,SGL PACK	 $685.13 
19055069000A	SFTW LIC,WKSTATION,EDIT CLIENT,SGL PACK	 $2,740.50 
19055061000A	SFTW LIC,WKSTATION,SGL PACK	 $411.08 
19055062000A	SFTW LIC,WKSTATION,SGL PACK	 $2,055.38 
TP799810000B	SFTW MNL,BOLDIMAGE EXP	 $1.40 
19055137000A	SFTW OPTION,DATABASE SEGMENTATION	 $8,207.80 
ULPCANYHOSTA	SFTW OPTION,NT,PC ANYWHERE V10.0,SAFEWARE	 $685.13 
19055138000A	SFTW OPTION,REDUNDANT SRVR	 $27,391.30 
ULC22231000A	SFTW PRGM,DISASTER RECOV,SAFEWARE NT OPTION	 $3,425.63 
ULC22240000A	SFTW PRGM,DISASTER RECOV,WKSTATION,SAFEWARE NT	 $2,055.38 
ULC22233000A	SFTW PRGM,MULT CRD FORMAT,SAFEWARE NT OPTION	 $2,055.38 
ULC22323000A	SFTW PRGM,OPR AUDIT,NT,SAFEWARE	 $2,740.50 
19046440000A	SFTW SUPPORT AGREEMENT,GMS CAMPUS	 $0.00 
19046441000A	SFTW SUPPORT AGREEMENT,GMS ENTERPRISE	 $0.00 
19046443000A	SFTW SUPPORT AGREEMENT,GMS HOT-STANDBY	 $0.00 
19046444000A	SFTW SUPPORT AGREEMENT,GMS REMOTE DISASTER BACKUP	 $0.00 
19046439000A	SFTW SUPPORT AGREEMENT,GMS SOLO	 $0.00 
19055131000A	SFTW SUPPORT OPTION,SNMP MGR	 $3,548.95 
19055133000A	SFTW SUPPORT OPTION,SNMP MGR,W/5 APP	 $13,633.99 
19055132000A	SFTW SUPPORT OPTION,SNMP MGR,W/MESSAGE QUEUE	 $3,548.95 
19047675000A	SFTW SUPPORT,32 PTZ CAMR	 $10,962.00 
19055299000A	SFTW SUPPORT,32ES,32ESI,IDES SYS	 $411.08 
19055300000A	SFTW SUPPORT,64NT,64NTI,IDNT SYS	 $3,288.60 
19055302000A	SFTW SUPPORT,8-CHAN,DIG RCDR	 $274.05 
19055298000A	SFTW SUPPORT,ADD-ON,64 RDR SYS	 $1,096.20 
19055303000A	SFTW SUPPORT,GO-VO,GO-ES,GO-ESI SYS	 $685.13 
19055306000A	SFTW SUPPORT,LEGACY,64NT,64NTI,IDNT SYS	 $6,577.20 
19055308000A	SFTW SUPPORT,LEGACY,8-CHAN,DIG RCDR	 $548.10 
19055304000A	SFTW SUPPORT,LEGACY,ADDITIONAL 64 RDR SYS	 $2,192.40 
19055309000A	SFTW SUPPORT,LEGACY,GO-VO,GO-ES,GO-ESI SYS	 $1,370.25 
19055307000A	SFTW SUPPORT,LEGACY,PRO,IDPRO,PROI SYS	 $15,894.90 
19055134000A	SFTW SUPPORT,NT BASED SRVR	 $3,288.60 
19055135000A	SFTW SUPPORT,PRO BASED SRVR	 $13,688.80 
19055301000A	SFTW SUPPORT,PRO,IDPRO,PROI SYS	 $7,947.45 
19047745000A	SFTW UPGR,APP MGMT,V8.0	 $0.02 
19055100000A	SFTW UPGR,CD,32ES SRVR SGL	 $1,082.50 
19042525000A	SFTW UPGR,GMS V2.X	 $623.70 
ULPB2000A00A	SFTW UPGR,PB2000/A-NLC	 $137.03 
00100374000D	SFTW,473X CMPTBL FEAT,SVGA	 $4.01 
00100374000E	SFTW,473X CMPTBL,RLSE    3.0.TURBO 3X	 $37.47 
NO1714178T00	SFTW,ACCURATE DATA SYSTEM,CUST,I/F	 $137.03 
39014399000C	SFTW,ACCUTRACK STANDALONE MISC,V1.41.02	 $0.00 
29016620000A	SFTW,ACCUTRACK,LIEBERT,INSTALL	 $79.34 
19041951000A	SFTW,ACS	 $2,005.29 
GL1208821000	SFTW,ADDITIONAL ENTERPRISE CLIENT	 $123.33 
NO1714155T00	SFTW,AMERADA HESS,CUST I/F	 $137.03 
11043079000A	SFTW,APP MGMT UPGR,KROGER	 $19.19 
ULASSET0MGMT	SFTW,ASSET MGMT W/PROP PASS	 $27,405.00 
ULBDGPGMOS20	SFTW,BADGING,VID IMAG&OS2 PRGM	 $13,702.50 
ULBDGPGMNT00	SFTW,BADGING,VID IMAGE,W/NT PR	 $13,702.50 
TSBANSOF000A	SFTW,BANKING	 $213.02 
19043583000A	SFTW,BASE CNTRL & GRAPHICS	 $6,851.25 
19057743000A	SFTW,BASE SERVER,IDENTICENTER	 $2,740.50 
49208021032A	SFTW,BELT TUNER	 $122.99 
19041614000A	SFTW,BROADCASTER,VIANET 3100,V1.0	 $21,365.21 
19055012000A	SFTW,CD,SRVR,ONGUARD IDES	 $2,466.45 
NCWINPAK1160	SFTW,CD,WINPAK,V1.16	 $808.45 
GL1208613000	SFTW,CNTRL STATION,ISM MGMT,1000 ACCOUNTS	 $697.02 
29012070000H	SFTW,COMM MGR/2 V1.1 D3	 $661.50 
NO1714043000	SFTW,COMM,SCHLAGE/WESTINGHOUSE,ACU,INTFC	 $137.03 
19055149000A	SFTW,CUSTOM,BADGE	 $1,370.25 
ULKPGREV510D	SFTW,DEMO,WIN 95/98/NT,POINTGUARD	 $0.02 
NO1714083T00	SFTW,DRESSER WAYNE PLUS,CUST I/F	 $132.12 
DMEXECUTIVEA	SFTW,END USER MGR	 $774.77 
41022724000A	SFTW,EVA,1.03.01	 $21.99 
TSGAMSOF000A	SFTW,GAMING	 $213.02 
NO1714161T00	SFTW,GILBARCO PC,G-SITE,CUST I/F	 $137.03 
NO1714060T00	SFTW,GILBARCO TCR-15,G-SITE,CUST I/F	 $137.03 
NO1714082T00	SFTW,GILBARCO TCR-15,G-SITE,CUST I/F	 $137.03 
ULRDMGPSWSTE	SFTW,GRPH PLTFRM,RD-MGP/SW-SITE	 $5,371.38 
NO1714184T00	SFTW,HESS/MSI,CUST,I/F	 $137.03 
19043582000B	SFTW,INTEGRATED VID BADGING W/CCA	 $4,042.24 
NO1714047T00	SFTW,KOPPENS,CUST I/F	 $137.03 
ULACTWARE000	SFTW,LIC,10 ACCOUNTS	 $1,096.20 
ULRDMGPSWUSF	SFTW,LIC,GRAPHICS PLTFRM,GUI	 $0.00 
19041582000A	SFTW,LIC,RCVR,HOST	 $13,154.40 
19041583000A	SFTW,LIC,RCVR,HOST,SPCL	 $1,356.55 
ULSAFEUPMU00	SFTW,LIC,UPGRADE,MULTI-USER,SA	 $12,195.23 
NO6050S00000	SFTW,LIC,UPGRADE,RCDR,DIG VID,UNLIMITED	 $1,074.28 
ULSAFEUPDFS0	SFTW,LIC,UPGRADE,SERVER,DUAL,SAFEWARE	 $46,999.58 
ULSAFEUPSU00	SFTW,LIC,UPGRADE,SGL USER,SAFE	 $11,510.10 
ULSAFEUPWS00	SFTW,LIC,UPGRADE,WORKSTATION,NT	 $1,918.35 
ULKPGREV5100	SFTW,LIC,WIN 95/98/NT,POINTGUARD	 $489.18 
19041615000A	SFTW,LOGGER,VIANET 3200,V1.0	 $12,814.85 
19041616000A	SFTW,LOGGER/BROADCASTER,VIANET 3300,V1.0	 $25,640.39 
NO1714189T00	SFTW,MAPCO EXPRESS,CUST,I/F	 $137.03 
NO1714184M00	SFTW,MULTI-REG,HESS/MSI,CUST,I/F	 $822.15 
NO1714161M00	SFTW,MULTI-REG,PC,G-SITE,CUST,I/F	 $822.15 
NO1714198M00	SFTW,MULTI-REG,RADIENT,CUST,I/F	 $822.15 
NO1714177M00	SFTW,MULTI-REG,WAYNE NUCLEAS,CUST,I/F	 $822.15 
NO1714188T00	SFTW,NCR 2170,CUST,I/F	 $137.03 
NO1714151T00	SFTW,NCR 7054,CUST I/F	 $137.03 
NO1714187T00	SFTW,PALM OASIS,CUST,I/F	 $137.03 
NO1714194T00	SFTW,PALM OASIS,CUST,I/F	 $137.03 
NO1714179T00	SFTW,PANASONIC A610,CUST,I/F	 $137.03 
NO1714164T00	SFTW,PANASONIC ZM30,CUST I/F	 $137.03 
ULACGCD60D00	SFTW,POINTGUARD DEMO CD,V6.0	 $0.02 
ULKPGSKDEMO0	SFTW,POINTGUARD DEMO PKG,W/MNLS	 $0.00 
ULACGCD60E00	SFTW,POINTGUARD ELITE CD,V6.0	 $4,097.05 
ULKPGSKELIT0	SFTW,POINTGUARD ELITE PKG,W/MNLS	 $4,097.05 
ULACGCD60P00	SFTW,POINTGUARD PLUS CD,V6.0	 $959.18 
ULKPGSKPLUS0	SFTW,POINTGUARD PLUS PKG,W/MNLS	 $959.18 
ULACGCD60S00	SFTW,POINTGUARD STD CD,V6.0	 $479.59 
ULKPGSKSTND0	SFTW,POINTGUARD STD PKG,W/MNLS	 $479.59 
ULKPGSKUGSE0	SFTW,POINTGUARD UPGRADE,PLUS TO ELITE,W/MNLS	 $3,411.93 
ULKPGSKUPSE0	SFTW,POINTGUARD UPGRADE,STD TO ELITE,W/MNLS	 $3,891.51 
ULKPGSKUGSP0	SFTW,POINTGUARD UPGRADE,STD TO PLUS,W/MNLS	 $753.64 
NO1714010P00	SFTW,POS I,CUSTOM I/F	 $137.03 
NO1714029T00	SFTW,POS II,CUSTOM I/F	 $137.03 
19041900000A	SFTW,PRGM,ACS,KEYKIT	 $1,205.82 
ULPHOTO0AUTO	SFTW,PRGM,AUTO PHOTO,WKSTATION,DEDICATED	 $2,740.50 
ULBARCPGM000	SFTW,PRGM,BAR CODE,DIRECT PRNT	 $4,384.80 
ULELEVATNT00	SFTW,PRGM,ELEV CNTRL	 $2,740.50 
ULCRDKGTNT00	SFTW,PRGM,GUARD TOUR,NT	 $6,577.20 
ULCCTVMAXNT0	SFTW,PRGM,MAXPRO SWTCR INTFC,NT	 $6,851.25 
ULASSETNT000	SFTW,PRGM,PROP PASS ASSET	 $13,702.50 
ULTEMPBDGNT0	SFTW,PRGM,TEMP BADGE,NT	 $6,029.10 
NO1714192T00	SFTW,RETAIL,WAYNE NUCLEUS INTFC,NT CAMR PORT	 $92.61 
21017392000A	SFTW,RMT VID MGMT STA	 $3,141.18 
NO1714112T00	SFTW,SEES CANDIES,CUST I/F	 $137.03 
19047604000A	SFTW,SERVER,LINC-SQL	 $4,795.88 
DMEXEACCSCS1	SFTW,SGL LINE RCVR	 $1,294.59 
GL1208610000	SFTW,SGL STATION,ISM DIRECTOR,MGMT	 $959.18 
NO1714089T00	SFTW,SHARP ER 3241,CUST I/F	 $137.03 
NO1714183T00	SFTW,SHARP ER2386,CUST,I/F	 $137.03 
NO1714118T00	SFTW,SHARP ER3220,CUST I/F	 $137.03 
NO1714092T00	SFTW,SHEET Z,CUST I/F	 $137.03 
NO1714116T00	SFTW,STAR KOPPENS,CUST I/F	 $137.03 
NO1714180T00	SFTW,STAR VERIFONE RUBY,CUST,I/F	 $137.03 
NO1714087T00	SFTW,SUNTRONIC,CUST I/F	 $137.03 
21019103000A	SFTW,TAPE B/U RECOVERY,BA/2,V4.0	 $0.00 
NOQSSW000000	SFTW,TELESITE QUICKSILVER RCVR	 $1,024.95 
NO1714176T00	SFTW,TOM THUMB RUBY,CUST,I/F	 $137.03 
19042360000A	SFTW,UPGR,ELEVATOR/LIFT CNTRL	 $1,309.77 
GL1208805000	SFTW,UPGRADE,SGL STATION,ISM PRIME TO ENTERPRISE	 $479.59 
NO1714173T00	SFTW,VERIFONE RUBY PRNTR,CUST I/F	 $137.03 
NO1714149T00	SFTW,VERIFONE RUBY,CONN I/F	 $137.03 
19041617000A	SFTW,VIEWER,VIANET 3100,V1.0	 $1,058.10 
NO1714177T00	SFTW,WAYNE NUCLEUS,CUST,I/F	 $137.03 
NO1714142T00	SFTW,WILSON GASBOY,CUST I/F	 $137.03 
11050866000A	SGL LOOP FRMWAR UPGR KIT PST N	 $183.62 
11050868000A	SGL MAG MOOR LOCK 1200LBS	 $355.26 
11065480000A	SH1B05 6 PRONG RELAY BASE	 $12.82 
11037375000A	SHADE PULL	 $4.31 
32002518000K	SHADE WITH LETTERING	 $439.20 
32002518000E	SHADE, FRONT 48 1/2 "CLOSED" W	 $323.19 
11015534000B	SHADE, FRONT 57 1/8 D	 $631.61 
18010102000A	SHAFT	 $4.23 
19014266000A	SHAFT	 $33.44 
38020678000A	SHAFT	 $2.03 
89030767000A	SHAFT	 $14.75 
FJ0007764183	SHAFT	 $50.57 
TS4362577181	Shaft	 $8.19 
TS4365744270	SHAFT	 $45.88 
TS4365744290	SHAFT	 $44.79 
TS4365744301	SHAFT	 $53.80 
TS4368832272	Shaft	 $177.52 
TSN88201000A	SHAFT	 $0.00 
TSN88202000A	SHAFT	 $0.00 
TSN88203000A	SHAFT	 $144.44 
TSN88206000A	SHAFT	 $0.00 
TSN88208000A	SHAFT	 $0.00 
TSN88209000A	SHAFT	 $0.00 
IB0452097800	SHAFT      0988 3614	 $0.66 
L10002000000	SHAFT   SWITCH BLOCK     VAULT	 $10.26 
38010625000A	SHAFT - BEARING	 $430.33 
38010630000A	SHAFT - MOTOR	 $120.26 
TS4366252692	Shaft - Ply - FIN DR2	 $41.79 
19014047000A	SHAFT #29 (LVDT) 1323	 $45.73 
TS4368872340	SHAFT ALIGNMENT DR 20	 $182.98 
19000961000A	SHAFT ASM   CL35	 $19.90 
19039195000A	SHAFT ASM, DISPENSER - 5088	 $39.47 
TS4368871391	SHAFT ASSB DRIVE	 $390.54 
TSN90456000A	SHAFT ASSB,PLA-A	 $128.36 
TSN90413000A	SHAFT ASSB,PLY-B	 $161.14 
TS4368841440	SHAFT CARRIER	 $78.25 
TS4368843731	SHAFT CHUTE PUSH	 $255.99 
BRP00192000A	SHAFT CONNECTING LINK	 $0.05 
TS4368884313	SHAFT DOOR BRACKET	 $68.27 
TS4368835522	SHAFT DR - KNOB	 $204.83 
TS4368832301	Shaft Drive	 $43.15 
TS4368872062	Shaft Drive Aligning	 $365.96 
TS4368845880	SHAFT DRIVE KNOB ST	 $273.11 
TS4368871340	SHAFT DRIVE OUT.	 $109.24 
21019749000A	SHAFT EMERGENCY HDL	 $365.47 
WN007000210A	Shaft Exrtracot CMD-V4 B kpl	 $67.81 
TS4368835121	SHAFT GATE LEFT	 $131.09 
TS4368835151	SHAFT GATE RIGHT	 $68.93 
NZ0000002474	SHAFT GEAR/FOAM ROLL	 $0.02 
TS4366262620	SHAFT HEATER DRIVE	 $133.82 
NZ0000001465	Shaft Hex 4 Roll	 $21.92 
TS4368833692	Shaft Idle Roller	 $223.95 
TS4368863420	SHAFT IDLE ROLLER	 $109.24 
TSN94678000A	SHAFT IDLE ROLLER 1 & 2	 $66.37 
TS4368836121	SHAFT LOWER TRANSPORT FIN	 $68.68 
19020665000A	SHAFT OILER KIT	 $33.44 
TS4368833061	SHAFT PICK UP ROLLER	 $21.98 
TS4368876970	SHAFT PINCH 1B	 $36.60 
TS4368813900	SHAFT PULEY GEAR 1	 $55.58 
TS4368872053	SHAFT PULLEY ALI-LO	 $401.46 
TS4368813910	SHAFT PULLEY GEAR 2	 $45.33 
TS4368834810	SHAFT PULLEY IR LOWER	 $45.60 
TS4368814230	SHAFT PULLEY TEN SAR	 $53.26 
TS4368834721	SHAFT REJECT	 $154.04 
MSZ79302940A	SHAFT RETAINING RING	 $2.43 
TS4368834600	Shaft Roller	 $92.85 
TS4368834701	SHAFT ROLLER 20.2	 $76.47 
49016216000A	SHAFT ROLLER DOUBLE	 $23.02 
TS4368835831	SHAFT ROLLER GATE LW	 $177.52 
TS4368835781	SHAFT ROLLER HAN CNT	 $136.56 
TS4368834650	SHAFT ROLLER J	 $54.62 
TS4368832611	Shaft Roller Pull	 $256.72 
29006052000A	SHAFT SPCR,0.125,0.250 ID,0.375 OD	 $3.29 
BRP00840000A	SHAFT SWITCH PIN	 $0.05 
TS4366262560	SHAFT TAPE PRESS	 $25.26 
TS4368844441	SHAFT TAPE WINDER	 $128.36 
TS4366262751	Shaft T-Feed-1	 $30.04 
TS4366262730	Shaft T-Feed-2	 $24.58 
TS4366262740	Shaft T-Feed-3-4	 $24.58 
TS4366262760	Shaft T-Feed-5	 $27.32 
89031279084A	SHAFT TIMING PULLEY 2	 $8.11 
TS4368881440	SHAFT TWIST ROLLER	 $62.81 
21015772000A	SHAFT W/SCRTY	 $29.43 
WN007000153A	Shaft with Red Rollers	 $140.62 
NZ0000002687	SHAFT-(F-12)3/8 DIA	 $0.02 
11038259000A	shaft, 0395109	 $21.55 
49213738000A	SHAFT, BIN DRIVE	 $98.87 
NZ0000002445	SHAFT, DRIVE PULLEY ASSY.	 $0.02 
NZ0000002447	SHAFT, IDLER ASSY.	 $0.02 
NZ0000002460	SHAFT, NOTE GUIDE	 $0.02 
NZ0000003003	SHAFT, PAD ROLLER	 $7.13 
29009597000D	SHAFT, PADDLE WHEEL	 $6.95 
49018774000A	SHAFT, PAPER CHUTE	 $11.23 
NZ0000002480	SHAFT, PICOT ASSY	 $0.02 
NZ0000002434	SHAFT, PINCH ROLL	 $0.02 
TS4366252683	SHAFT, PULLEY FIN DRIVE 1	 $41.79 
49250157000A	SHAFT, PUSH PLATE	 $5.58 
49021723000A	SHAFT, RAIL	 $8.48 
49018706000A	SHAFT, ROLLER, PULLEY	 $107.59 
49018661000A	SHAFT, SPACER	 $49.51 
49247101000A	SHAFT, SPACER	 $3.53 
49247102000A	SHAFT, SPACER	 $4.16 
49016219000A	SHAFT, SPACER OUTER	 $120.35 
49204051000B	SHAFT, STRIPPER WHEEL	 $24.33 
49254637000A	SHAFT, TRANSPORT DRV ASSY	 $39.58 
49253631000B	SHAFT, TRANSPORT, DRV	 $34.53 
19039156000A	SHAFT,(4TH POS.) RCPT XPORT -	 $20.28 
TSN91139000A	SHAFT,1-A-N33478	 $64.86 
TSN92138000A	SHAFT,ACRIL-COVER	 $8.19 
49207006000A	SHAFT,ALIGN WHEELS	 $15.22 
49242460000F	SHAFT,ASSY,TPR,OVERMOLDED	 $22.09 
TSN92719000A	SHAFT,B-FEEDER	 $139.28 
31019430000A	SHAFT,CARR	 $112.56 
49220723000A	SHAFT,CROSS,ALIGN	 $44.04 
TSN90125000A	SHAFT,CS-BL8X663	 $152.94 
TSN90124000A	SHAFT,CS-LBS 8X642	 $173.93 
TSN91129000A	SHAFT,D-A-N33496	 $29.19 
TSN91127000A	SHAFT,D-B-N33497	 $24.17 
39006881000B	SHAFT,DOOR	 $142.37 
4102070400AK	SHAFT,DOOR SWITCH	 $17.24 
49243436000F	SHAFT,DRIVE	 $16.88 
49222659000B	SHAFT,DRIVE,CAM	 $29.74 
49245376000A	SHAFT,DRIVE,ENTRY	 $31.50 
49245378000A	SHAFT,DRIVE,ENTRY	 $38.21 
49219877000A	SHAFT,DRIVE,TRNSPRT,VER	 $53.44 
TSN90406000A	SHAFT,DRV-U	 $47.17 
39011390024A	SHAFT,ECC	 $0.05 
49208021204A	SHAFT,ECCENTRIC,ALIGNMENT,STEEL	 $113.95 
39013099000A	SHAFT,ENTRY,THRM PRNTR	 $24.17 
49223978000B	SHAFT,ESCROW,ENTRY	 $47.07 
49217456000A	SHAFT,FRONT ALIGN	 $59.40 
39012395000A	SHAFT,GATE	 $13.56 
29007659000B	SHAFT,GATE PVT	 $8.62 
27001732000B	SHAFT,HDL	 $70.93 
11037221000A	SHAFT,HEADLIFT	 $32.75 
49219719000C	SHAFT,IDLER,TURN	 $73.50 
49200431000A	SHAFT,IDLER,XPRT	 $19.27 
MSN91128000A	SHAFT,I-D-N33686*TOSHIBA#43635	 $30.58 
TSN91132000A	SHAFT,I-E-N33697	 $50.11 
TSN91133000A	SHAFT,I-F-N33698	 $60.73 
TSN90443000A	SHAFT,IR-20-4-L	 $0.00 
TSN90444000A	SHAFT,IR-20-4-U	 $0.00 
TSN90400000A	SHAFT,IR-B-334791	 $25.68 
TSN90402000A	SHAFT,IR-D8-AA	 $40.97 
TSN90403000A	SHAFT,IR-D8-BB	 $38.23 
TSN90401000A	SHAFT,IR-G	 $35.51 
TSN90428000A	SHAFT,IR-GO-B	 $49.16 
49017233000A	SHAFT,JACK,TRANSPORT	 $18.02 
49214597000A	SHAFT,LATCH	 $15.07 
TSN79461000A	SHAFT,LOCK	 $27.32 
TSN90645000A	SHAFT,LOCK-T DET	 $16.79 
TSN61005000A	SHAFT,PINCH-DET-F-CF-420	 $35.51 
49220753000A	SHAFT,PIVOT,SOLENOID	 $14.22 
49018236000A	SHAFT,PIVOT,TAMPER	 $62.00 
49200244000B	SHAFT,PLATEN,SHORT	 $7.18 
39010266000B	SHAFT,PULLEY END	 $38.23 
49214839000B	SHAFT,PUSH PLATE	 $18.81 
TSN90706000A	SHAFT,PUSHER-BRG	 $32.42 
39011394000A	SHAFT,REDUCTION PULLEY	 $37.47 
49213638000A	SHAFT,REJECT,LOWER	 $83.56 
TSN91152000A	SHAFT,RING-JNL	 $19.12 
49200458000B	SHAFT,ROLLERS EXIT	 $26.45 
49220748000A	SHAFT,SCRAPER,ESCROW	 $14.30 
49220866000A	SHAFT,SPACER,CI	 $12.39 
49250147000A	SHAFT,STACKER TRAY	 $61.01 
49206647000A	SHAFT,STUB,FRONT	 $11.39 
49213649000B	SHAFT,STUB,IDLER	 $12.03 
TSN90701000A	SHAFT,SUBFEED-RLR/U	 $90.13 
29005724000A	SHAFT,SW ACTR	 $14.25 
29005724000C	SHAFT,SW ACTR	 $2.73 
29005794000A	SHAFT,SW ACTR	 $1.67 
49217461000B	SHAFT,TAKEAWAY	 $165.48 
TSN90436000A	SHAFT,T-DR	 $67.82 
49222518000A	SHAFT,THREADED,SWAGE	 $11.39 
19014237000A	SHAFT,TWIN	 $477.60 
49219782000A	SHAFT,VALIDATOR,MOUNT	 $24.24 
21019554000C	SHAFT,VALVE	 $63.00 
39010801000B	SHAFT,XPRT	 $18.91 
39007786000B	SHAFT,XPRT IDLER	 $32.56 
49202790000A	SHAFT,XPRT IDLER ASSY	 $334.36 
29005726000B	SHAFT,XPRT,DEP	 $10.03 
492027890XXB	SHAFT,XPRT,DRV,NON GROOVED,REFURB	 $11.09 
NZ0000002694	SHAFT-28 TOOTH GEAR ASSY	 $0.02 
NZ0000002703	SHAFT-ASSY	 $0.02 
TSN91993000A	SHAFT-BU-SLIDE-1	 $725.20 
NZ0000002716	SHAFT-CAM ASSY	 $0.02 
MSZ63046620A	SHAFT-DRIVE,MOLD  10-1019	 $3.12 
TSN91304000A	SHAFT-FIN	 $16.39 
NZ0000002702	SHAFT-FRONT ASSY	 $0.02 
MSZ76021860A	SHAFT-PIVOT SOLENOID	 $7.48 
NZ0000002706	SHAFT-TENSION ASSY	 $26.31 
FBSPHX178N0A	Shared Branch 3.0 for VISTA	 $4.89 
SE5602W00000	SHATTERPOINT ACOUSTIC/SHOCK SE	 $46.48 
SE5622W00000	SHATTERPOINT W/REED SWITCH & M	 $53.47 
10269680000	SHCS 1/4-20X3/4	 $0.21 
BRP00574000A	SHCS 6/32 - .250 LG	 $0.05 
89030513000B	SHEET FOR IC CONTACT POS ADJ	 $44.42 
29008455093A	SHEET OF CUT OFF LIGHT,LEFT	 $7.33 
49247055000A	SHEET-TFE	 $0.80 
MSZ76609410A	SHEET-VALVE,CHECK	 $19.36 
IB075X504500	SHEILD     096G 4732	 $0.45 
21017313000A	SHELF	 $93.98 
21017313000B	SHELF	 $93.98 
39025124000A	SHELF	 $40.97 
11050846000A	SHELF 15 DEEP ATLAS RACK	 $79.89 
11038466000A	shelf clip	 $5.48 
11065804000A	SHELF CLIP	 $0.35 
41027266000A	SHELF CLIP 18 GA FORMED	 $4.89 
17000825000A	SHELF COLUMN	 $2.53 
17000825000F	SHELF COLUMN	 $6.18 
00020522000A	SHELF FOR 20519	 $30.04 
11035019000A	SHELF SPRT	 $0.59 
21018899000B	SHELF SUPPORT PEN	 $2.11 
MSN90208000A	SHELF, 22 1/4 X 16 5/8 DRAWER	 $15.05 
MSN85530000A	SHELF, 22 1/4W KNEE SPACE (661	 $6.19 
MSN85534000A	SHELF, 26 7/8 W KNEE SPACE (66	 $113.05 
49204827X0AA	SHELF, BARCODE, OPTEVA 510 F/L	 $7.95 
49204827XXXA	SHELF, BARCODE, OPTEVA 510 F/L	 $7.95 
41022239110H	SHELF,ADJ	 $215.46 
41022239120I	SHELF,ADJ,36 IN W SAFE (2647)	 $249.93 
41022239120V	SHELF,ADJ,40-3/8 IN W SAFE (2651)	 $426.61 
49213194XXXA	SHELF,BAR CODE,328	 $10.63 
11047401000A	SHELF,HVY DUTY,USPS ONLY	 $195.81 
21018057000A	SHELF,UPPER	 $26.54 
11051820000A	SHERIDEN 18/4 DIRECT BURIAL 10	 $0.76 
NZ0000003474	SHFT ROLLR BLT STYL TRANS(2)56	 $39.47 
10823140000	SHIELD	 $4.84 
19015251000A	SHIELD	 $11.08 
29005729000B	SHIELD	 $10.56 
MS820770000A	SHIELD	 $10.77 
11031624000A	SHIELD   TIME & DATE 63590	 $5.02 
31019405000A	SHIELD ,CAMERA	 $55.96 
19083168000A	Shield Camera	 $32.89 
28020923000A	SHIELD HEAT TUBE	 $3.57 
11031625000A	SHIELD HOLDER  64032	 $9.35 
21017343000A	SHIELD MON	 $86.94 
MSN61115000A	SHIELD, 3/8-16 EXPANSION *STAR	 $0.77 
21020002000A	SHIELD, CAMERA	 $8.15 
41026626000A	SHIELD,ANALOG CAMERA	 $1.73 
39009355000A	SHIELD,CA	 $36.13 
39015201000A	SHIELD,CONN	 $0.08 
41026627000A	SHIELD,DISPLAY,CAMERA	 $1.73 
49017464000A	SHIELD,EXIT SNSR	 $20.48 
21018247000A	SHIELD,FRONT CAMERA	 $365.16 
41015274000R	SHIELD,I/D	 $20.88 
29003332000A	SHIELD,LENS	 $16.47 
21018248000A	SHIELD,REAR CAMERA	 $20.21 
49242535000A	SHIELD,SPEAKER	 $12.14 
31017869000A	SHIELD,SUN	 $6.29 
11037897000A	SHIELD,SUN,CCSH-10ST	 $47.90 
10533410000	SHIM	 $1.85 
10533420000	SHIM	 $2.68 
10533430000	SHIM	 $3.53 
10533450000	SHIM	 $10.43 
11030905000A	SHIM	 $2.12 
17001935000A	SHIM	 $0.18 
19019304000A	SHIM	 $5.00 
19019305000A	SHIM	 $4.02 
21015155000A	SHIM	 $2.46 
28020206000A	SHIM	 $0.39 
MSH00274000A	SHIM	 $1.94 
MSN91235000A	SHIM	 $1.42 
TSN88905000A	SHIM	 $0.41 
TSN88906000A	SHIM	 $0.41 
TSN88907000A	SHIM	 $0.52 
19013756000A	SHIM                   TAS TAB	 $2.79 
BC3001010000	shim .75 od-.529 id -.032 thk	 $1.42 
BRP00034000A	SHIM 1/1IDX3/4 ODX.025 THICK	 $0.05 
MSN80806000A	SHIM, 1/16 X 2 1/2 SQ. LEVELIN	 $0.27 
MSN83595000A	SHIM, 20 GA X 1 X 5 STEEL	 $1.30 
29007868000B	SHIM,BOT MT	 $8.80 
49215822000A	SHIM,PIVOT,DEADBOLT	 $4.82 
39009333000B	SHIM,SLIDE	 $14.22 
49215825000A	SHIM,SUPPORT,REAR	 $40.50 
21017174000A	SHIM-BOLTWORK,STRG RM VD	 $8.21 
19053170000A	SHIPPING ASSY,VAULT AUDIO SENSOR	 $341.78 
89030306000A	shipping carton	 $10.56 
29010772000A	SHLD,MEDICATION,SM,DWR MDL	 $1.49 
18020101000A	SHOCK ABSORBER	 $5.54 
31019065000A	SHOCK ABSORBER	 $63.23 
BRP00160000A	SHOCK TUB 5/8 ID 1-1/4 ODX1 LG	 $0.05 
BRP00193000A	SHOCK TUBE WASHER	 $0.05 
11044563000A	SHORT CABLE KIT	 $365.45 
11042252000A	SHORT EARTH CONNECTION	 $38.23 
11040989000A	SHOULDER BOLTS	 $21.13 
17002053000A	SHOULDER PIN	 $3.69 
30000910000	SHOULDER PIN RIVET	 $0.94 
MSK94358000A	SHOULDER SCREW-SEC FILES	 $0.61 
11035011016A	SHOULDER STUD	 $3.83 
41018395000D	SHROUD ASSEMBLY	 $1,446.31 
MSN90045000A	SHROUD, SUN - SS4014 ENCLOSURE	 $82.43 
49006078000B	SHROUD,CAMR	 $511.07 
L10002380000	SHSS 8-32 X 1 W\NYLOCK	 $0.61 
MHKU0067000A	SHUNT LOCK,GEN II	 $585.00 
19039185000A	SHUTE PIN GROMMET, CRD RDR - 5	 $1.10 
NZ0000003436	SHUTTER ASM	 $1,085.24 
NZ0000004320	Shutter Assembly	 $317.21 
NZ0000003083	SHUTTER ASSY	 $986.58 
NZ0000003114	SHUTTER ASSY CASH	 $405.59 
49207103000B	SHUTTER CAM	 $15.25 
NZ0000003082	SHUTTER CONTROL BD	 $208.28 
NZ0000002510	SHUTTER DEPOSIT ASSY	 $0.02 
NZ0000001676	SHUTTER DEPOSITORY	 $739.94 
NZ0000002992	SHUTTER DEPOSITORY 5888X	 $712.53 
NZ0000002509	SHUTTER DISPENSER ASSY	 $0.00 
NZ0000002610	SHUTTER DOOR LH	 $3.65 
WN007000258A	Shutter IDCU RL assy w dist inducter	 $112.45 
TS4368834082	SHUTTER K-L-L	 $617.22 
TS4368834353	SHUTTER K-L-R	 $617.22 
TS4368834041	SHUTTER K-U-L	 $737.39 
TS4368834371	SHUTTER K-U-R	 $617.22 
NZ0000001660	Shutter LED - 5675	 $43.89 
NZ0000003870	SHUTTER MOTOR	 $49.19 
NZ0000004181	Shutter Rain Guide	 $30.05 
NZ0000001590	SHUTTER ROLLER - 56XX	 $10.41 
NZ0000002605	SHUTTER SENSOR - 5670	 $66.19 
NZ0000001661	Shutter Sensor - 5675	 $44.06 
49202030000A	SHUTTER, TP	 $3.06 
49216119008A	SHUTTER,CASH DISPR,MNL	 $302.40 
TSN90128000A	SHUTTER,K-CS-L-L	 $950.41 
TSN90126000A	SHUTTER,K-CS-L-R	 $876.66 
TSN90127000A	SHUTTER,K-CS-U-L	 $830.24 
TSN89981000A	SHUTTER,K-U/R/SC	 $950.41 
29000343000A	SHUTTER,SRVLNC CAMR	 $32.39 
49213725000D	SHUTTLE,MICR	 $8.26 
11018954000A	SIDE FABRICA	 $7.79 
89028587000A	SIDE FRAME, LEFT	 $111.51 
89028599000A	SIDE FRAME, RIGHT	 $97.87 
49006601000A	SIDE PANEL ASSY	 $56.18 
49006601000B	SIDE PANEL ASSY	 $73.44 
19014040000A	SIDE PLATE ASM. (DRIVE SIDE) 1	 $128.29 
49018332000A	SIDE PLATE,R/H,BINS	 $89.37 
49232146000A	SIDE PLATE,RT,VALIDATOR,TYPE B	 $49.82 
49220714000D	SIDE PLATE,TAKEAWAY,LT	 $20.72 
49219781000B	SIDE PLATE,VALIDATOR,RT	 $564.39 
MSZ17046910A	SIDE TERMINAL GASKET	 $6.35 
49214779000D	SIDE WALL,CST 1	 $68.06 
49214859000B	SIDE WALL,CST 2	 $27.75 
11049509000A	SIDEBAR SPRINGS-DS	 $0.09 
27001497000A	SIDEBOLT	 $4.37 
27001498000A	SIDEBOLT	 $4.80 
49228560000A	SIDEPLATE,LEFT,UDD	 $225.55 
49228559000A	SIDEPLATE,RIGHT,UDD	 $340.37 
00106932000D	SIELOX (HID)PROX KEY TAG 1346	 $5.72 
00106930000A	SIELOX MIRAGE PROX CARD	 $4.05 
89031387000A	SIERRA 2.4, P4 CASH DISPENSER	 $19.55 
11050848000A	SIG AUD MOD W/4 CLAS B/2 CLS A	 $228.39 
11050864000A	SIG INPT RSR MOD W/SYNCH OUTPT	 $184.91 
11050847000A	SIGA-SD REPLACEMENT BOARD	 $149.93 
19000089000A	SIGHTING MIRROR	 $8.65 
11050851000A	SIGN MOD MOUT PLT 1 FOTPRT SPC	 $34.21 
11050852000A	SIGN PIR MOTION DETE SWIV MNT	 $205.54 
MSN84756000A	SIGN, MAGNETIC OPEN/CLOSED	 $7.10 
MSN83765000A	SIGN, TWO KEY OPERATION	 $0.00 
00101173000E	SIGNAGE PNL OPTN,100-125V,60HZ	 $985.95 
TMMDSS00TABA	SIGNAL CABLING FOR MANUAL TM-M	 $0.45 
BLTC85680000	SIGNAL DIST UNIT,32 OUTPT	 $685.13 
11050849000A	SIGNATUR CAPTUR PAD FOR CA3000	 $2,397.94 
49224004000A	SIGNATURE PAD,LCD	 $507.00 
41023004000D	SILENCER,BR DOOR	 $0.21 
11050853000A	SILENT KNIGHT 10 ZONE FIRE COM	 $1,560.50 
11050854000A	SILENT KNIGHT DUCT HOUSING	 $27.39 
11050855000A	SILENT KNIGHT PULL STATION	 $195.24 
11050857000A	SILENT KNIGHT TELPHN LIN MONIT	 $100.24 
NZ0000002763	SIMM 16MB (4MX32 70S)	 $0.02 
NZ0063502985	SIMM 4MB	 $164.43 
NZ0000002767	SIMM 53241047 4X32M 72 PIN EDO	 $65.77 
11050858000A	SIMPLEX SMOKE DETECTOR	 $383.67 
11044719000A	SIMPLEX UNIT 8155PB	 $767.89 
11051229000A	SINGLE BUTTON WIRELESS KEY FOB	 $161.69 
19063813000A	Single Channel encoder/decoder, 30 PPS, audio, PTZ	 $1,781.33 
11050859000A	SINGLE CHANNEL RS 232 TO RS485	 $218.69 
11050860000A	SINGLE DOOR MAGLOCK	 $545.36 
19074399000A	single gang blank cover plate (white)	 $1.81 
11051228000A	SINGLE GANG CVR PLTE FOR DS160	 $4.02 
11050862000A	SINGLE GANG SS DPDT IND SWIT 2	 $26.91 
LX4300042651	Single Hard Drive Cable	 $57.42 
11050863000A	SINGLE INPUT MONITOR MODULE	 $99.58 
11050865000A	SINGLE INPUT W RELAY MODULE	 $125.94 
00017611L000	SINGLE NOSE PARA KEY LOCK	 $72.47 
00017611R000	SINGLE NOSE PARA KEY LOCK	 $72.47 
NZ0000002173	SINGLE PICK ASSY	 $1,315.44 
11051643000A	SINGLE POLE PULL STATION	 $44.04 
11050869000A	SINGLE ROW RAIL KIT FOR MBR 2	 $168.81 
NZ4450603196	single rs 232	 $0.00 
11065853000C	SINGLE-GANG PLATE W/3/4" D-HOL	 $5.88 
11051212000A	SIREN 2CH 122DB DRVER 3 SOUNDS	 $73.39 
31017988000A	SIREN SPEAKER	 $38.78 
11043719000A	SIREN, 12V, 30WATT	 $21.92 
19041905000A	SIREN,ABM SCREAMER II	 $175.15 
TP820309001A	SITE PREPARATION,1077IX	 $17.10 
89030162000A	sivb60 diode	 $42.82 
11065504000A	SIX PANEL COLOR RIBBON FOR COL	 $167.45 
11050870000A	SIX POS ANNUNC CAB DOR BMS ID	 $277.81 
11050871000A	SIX POS BAS ANN INCL DOR CPU	 $798.51 
BUC10950100A	SIX-SIDED MONEY SAFE INST & SE	 $0.51 
11050872000A	SIXTEN INPT UNT 1 ANN MOD SLT	 $539.33 
BRP00816000A	SK BEZEL LED ASSEMBLY	 $0.05 
BRP00824000A	SK LE/RS LED BOARD	 $0.05 
BRP00818000A	SK LE3000 CONTROL BOARD	 $0.05 
BRP00828000A	SK LE3000 OPTICS BOARD	 $0.05 
BRP00837000A	SK LE3000 POWER SUPPLY BOARD	 $0.05 
BRP00827000A	SK SERIES 3900 TRANS MTR/GRB	 $0.05 
11050873000A	SK2880	 $279.68 
TSN93775000A	SKIRT,CFO	 $0.00 
89030712000A	SKT IC THM PPGA370 STR 0.1.CPU	 $17.49 
19019441000A	SKT,CMPNT,PC,001 CKT,CLE	 $0.45 
19012806000A	SKT,DIO,LT EMTG,PC	 $1.04 
29008153002A	SKT,IC,CHIP CARR,PC,052 CKT	 $22.46 
19006095000A	SKT,IC,DIP,PC,008 CKT	 $6.27 
19006095002A	SKT,IC,DIP,PC,016 CKT	 $7.37 
19006095010A	SKT,IC,DIP,PC,020 CKT	 $5.82 
19006095006A	SKT,IC,DIP,PC,028 CKT	 $7.39 
89001433000C	SKT,IC,DIP,WWRP,016 CKT	 $4.73 
29008777000A	SKT,LMP,FLUOR,MED BI-PIN	 $3.71 
29010538000A	SKT,LMP,FLUOR,MED BI-PIN	 $2.38 
29014406000A	SKT,LMP,FLUOR,MINTR BI-PIN,SNAP-IN	 $1.48 
29008945000A	SKT,RLY,PNL,008 CKT,SLDR	 $6.68 
29008774000A	SKT,STRTR,FLUOR LMP	 $4.49 
49017075000A	SL & BRKT,LH,24 IN,CAB	 $8.74 
49017075000B	SL & BRKT,RH,24 IN,CAB	 $8.74 
11066481000A	SL E&M BEAM PBX Interface Box	 $10,398.74 
11050874000A	SLC LOOP ISOLATN MDLE	 $106.06 
17002187000A	SLEEVE	 $1.44 
27001830000A	SLEEVE	 $23.65 
31018080000A	SLEEVE	 $17.33 
38001273000A	SLEEVE	 $2.75 
MS821230000A	SLEEVE  ADJUSTABLE-4IN DIA	 $18.36 
MSN85211000A	SLEEVE, 25/64 LG. LATCH PLATE	 $0.54 
MSN88472000A	SLEEVE, 4 X 5 LG. SOLID	 $8.57 
MSN88476000A	SLEEVE, 4X7 X 6 LG. SOLID	 $22.12 
31018225000A	SLEEVE,FAN-HEATER	 $5.74 
21016841000A	SLEEVE,PVC,02.00 X 01.50	 $4.02 
21018845000A	SLEEVE,PVC,03.97	 $45.33 
49214676000C	SLEEVE,SENSOR	 $3.98 
19012520000J	SLEEVE,STL,00.63 X 00.88	 $7.83 
21020762000B	SLEEVE-4.642 ID GRAY RIGID PVC	 $15.35 
21016049000A	SLIDE	 $491.43 
49017931000A	SLIDE ASM,LEFT,UPR,CSP	 $92.85 
49017932000A	SLIDE ASM,RIGHT,UPR,CSP	 $117.05 
TS4368880480	SLIDE ASSM UPPER COVER	 $928.56 
10619810000	SLIDE ASSY	 $1.86 
39010699000A	SLIDE CAM	 $160.67 
BRA00018000A	SLIDE DRAWER	 $0.05 
BRA00008000A	SLIDE DRAWER ASSY FOR ENV DI	 $0.05 
41018518000A	SLIDE EXTN, 2 SECT, 16.24	 $103.86 
41018518000B	SLIDE EXTN, 2 SECT, 16.24	 $246.29 
41018519000A	SLIDE EXTN, 2 SECT, 16.24	 $102.13 
41018519000B	SLIDE EXTN, 2 SECT, 16.24	 $165.14 
49018870000A	SLIDE MTG TRAY	 $132.91 
49204626000A	SLIDE MTG TRAY,PSBK,FL/RL	 $222.99 
NZ0000002891	slide rail assy, tec 80  lh	 $54.81 
TS4365102600	SLIDE RAIL,FRONT	 $17.49 
TSN92748000A	SLIDE RAIL,STY-AS20-10080C	 $27.32 
TS4368843400	SLIDE RAIL-INCL ASM-ALIGN-L	 $237.60 
MSNAHDSLISTK	SLIDE STOCK FOR AHD	 $0.05 
NZ0000001149	SLIDE, 40 COL. W/GREEN LATCH	 $142.51 
49218237000A	SLIDE, EXTN, 3 SECT, 27.00, LEFT,W/ DETENT-OUT	 $93.96 
41018695000B	SLIDE, EXTN, 3 SECTION, 16 IN	 $70.69 
MSN57515SLID	SLIDE, LOCK	 $29.89 
11065805000A	SLIDE, UDM, 16", 3 SEC	 $5.89 
NZ0000002899	SLIDE,25IN,4 SECT,EXT 35IN	 $81.67 
31016427000A	SLIDE,BLKG	 $9.86 
49007842000A	SLIDE,DISPR	 $22.92 
31018590000A	SLIDE,EXTN,2 SECT,08.92	 $868.99 
41018766000B	SLIDE,EXTN,2 SECT,08.92	 $43.05 
49024379000A	SLIDE,EXTN,3 SECT, 28.00	 $213.38 
41015343000A	SLIDE,EXTN,3 SECT,03.00	 $18.69 
49010775000B	SLIDE,EXTN,3 SECT,12.00	 $4.87 
41015249000A	SLIDE,EXTN,3 SECT,12.56	 $17.43 
49010883000B	SLIDE,EXTN,3 SECT,13.00,RH	 $81.67 
49012705000A	SLIDE,EXTN,3 SECT,16.00	 $5.60 
49009273000B	SLIDE,EXTN,3 SECT,18.00,RH	 $56.34 
49009870000A	SLIDE,EXTN,3 SECT,23.13	 $270.77 
49211510000A	SLIDE,EXTN,3 SECT,26.00,LEFT	 $103.18 
49011621000A	SLIDE,EXTN,3 SECT,27.60	 $123.82 
49009642000B	SLIDE,EXTN,3 SECT,29.50,DWR DISC	 $238.14 
49009643000B	SLIDE,EXTN,3 SECT,30.50,W/DETENT	 $102.66 
49264269000A	SLIDE,EXTN,3 SECT,FASCIA,LH,9200 FL	 $122.18 
49264270000A	SLIDE,EXTN,3 SECT,FASCIA,RH,9200 FL	 $122.18 
41018695000A	SLIDE,EXTN,3 SECTION,16 IN	 $50.23 
39012834000A	SLIDE,LOCK	 $33.85 
39009690000A	SLIDE,SHUTTLE,MAG HD	 $24.30 
MSN70557000A	SLIDE/DAMPENER ASS'Y - AUTOBAN	 $178.00 
11048336000A	SLIDE-IN LAN MODULE	 $173.69 
NZ0000002683	SLIDE-LH ASSY	 $0.02 
11049508000A	SLIDER SPRING-DS	 $0.10 
31019937000A	SLIDE-TWO WAY TRAVEL	 $74.99 
21018092000A	SLIDING COV HDL	 $1.87 
41013688088A	SLIDING DOOR	 $70.96 
41013691088A	SLIDING DOOR	 $70.96 
41014416077A	SLIDING DOOR	 $126.00 
41014417077A	SLIDING DOOR	 $134.19 
41014417088A	SLIDING DOOR	 $134.19 
41014418000A	SLIDING DOOR	 $67.39 
21016857000A	SLIDING DOOR KIT	 $19.49 
32000267000A	SLIDING DOOR PULL	 $4.73 
41019193000A	SLIDING DOOR ROLLER	 $283.40 
41014424000D	SLIDING DOOR,SRVC,LKD	 $188.44 
41013678000A	SLIDING SHELF ASM PLATINUM/MET	 $46.13 
11048627000A	SLIKSLED	 $150.82 
11062413000A	SLIMLINE DOOR/WINDOW XMTR	 $36.82 
11065853000B	SLIMLINE REMOTE PLATE W/3/4" D	 $5.05 
21012212000B	SLOT GUARD	 $7.09 
89031577000A	Slotted Optical Switch	 $9.77 
11050875000A	SLP25 MCS	 $99.35 
11050876000A	SM-12/24-R SYNC MOD FOR 1 CL B	 $152.46 
89030181000A	sm16jz47a triac	 $60.22 
89029217000A	SMALL CHECK PAWL    # 63301	 $2.10 
11043415000A	SMALL FAN ACACUTRACK ELITE	 $20.56 
WN005008000A	SMALL GEAR - PRESENTER	 $21.13 
NZ0000002781	SMALL NOTE GUIDE	 $10.96 
39013276001A	SMALL PARTS KIT,THRM PRNTR	 $188.77 
89029962000A	SMALL REAR COVER - VSS306/400	 $7.79 
11041567000A	SMALL ROCKER SWITCH	 $37.17 
11042646000A	SMALL TT GEAR BELT PULLEY	 $410.77 
TP799511001B	SMART CARD API MANUAL	 $5.40 
TMMDSS33TABS	SMART CARD INDEX TABS (TM-MDSS	 $0.45 
TMSMTCRD000C	SMART CARD READER ON-SITE	 $130.50 
TMSMTCRDI01C	Smart Card Reader On-Site Service Manual	 $130.50 
11050877000A	SMART POWER SUPLY & BUS EXT	 $178.14 
19053056000A	SMARTCON (AECS)	 $460.40 
11050878000A	SMARTID CARD READER	 $94.36 
11050879000A	SMARTID S10 READ ONLY MIFARE	 $407.79 
11048122000A	SMARTLINC LOCK PROGAMMING CABL	 $29.34 
19053055000A	SMARTMON (AECS)	 $454.92 
19053035000A	SMARTMON CONTACT MONITORING MODULE	 $441.09 
19053025000A	SMARTMUX II MULTIPLEXER MODULE(RS 232)	 $448.92 
19053062000A	SMARTMUX III,BASIC (AECS)	 $413.82 
19053060000A	SMARTMUX III,HGU (AECS)	 $413.82 
19053063000A	SMARTMUX III,LOAD CELL (AECS)	 $413.82 
19053061000A	SMARTMUX III,PCP (AECS)	 $413.82 
11062314000A	SMARTPONT PROGRAM/AUDT SOFTWAR	 $430.92 
19053031000A	SMARTREAD II CARD READER I/F W/POWERMON	 $1,200.60 
19053047000A	SMARTREAD II ENCLOSURE ASSEMBLY	 $197.32 
19053048000A	SMARTREAD II MODEM ADAPTER	 $304.20 
TM000483001A	SMF Battery On-site Repair Manuall	 $95.40 
11050887000A	SMOK PWR CONV MOD MNT 2 GANG E	 $260.35 
11050881000A	SMOKE DETECTOR	 $54.81 
39001575000A	SMOKE DETECTOR	 $775.42 
11050883000A	SMOKE DETECTOR 4 WIR PHOTOELEC	 $120.34 
11051535000A	SMOKE DETECTOR 4098-9601	 $123.33 
11051531000A	SMOKE DETECTOR 4098-9714	 $232.64 
11050884000A	SMOKE DETECTOR BASE	 $10.56 
11050885000A	SMOKE DETECTOR BASE FOR DI-3 S	 $10.56 
11050882000A	SMOKE DETECTOR IONIZATION TY	 $41.93 
11050886000A	SMOKE DETECTOR TESTER	 $19.99 
89030523000A	SMOKED LOWER DOME KD5 ASSY	 $46.04 
TP799283000A	SMS 1000 EVENTS PROC. USER'S G	 $13.50 
NZ0000002417	snap rivits, plastic white	 $1.08 
11050888000A	SNAP SER Z HN SQ WAL 24VDC 15	 $80.57 
11050889000A	SNAP SER Z STRB CEIL 24VDC 15	 $80.57 
11050890000A	SNAP SER Z STRB CEIL 24VDC 15	 $63.14 
11050891000A	SNAP SER Z STRB WAL 24VDC 15 3	 $63.14 
11050892000A	SNAP SER Z STRB WAL 24VDC 15 3	 $63.14 
11051230000A	SNAP SERIES ZHN,SQ,CEIL,24VDC	 $83.39 
12005200000A	SNAP-IN BLANK	 $0.73 
41017351000A	SNAP-ON MOUNTING BRACKET	 $7.41 
19065156000A	SnapPak Outdoor Solution Includes: HCD544 True Day/Night Color Camera, 540 TVL, HHC12WM2 12" Enclosure, Sunshield,  Heater/Blower 24VAC	 $1,172.00 
19065157000A	SnapPak Outdoor Solution Includes: HCD544L True Day/Night Color Camera, 540 TVL HHC12WM2 12" Enclosure, Sunshield,Heater/Blower 24VAC	 $1,304.87 
11050893000A	SNG GNG (1) XLR F	 $14.09 
49267161000A	SNSR HRNS, PRESENTER, SFL	 $13.10 
49223824000A	SNSR KIT,XPRT,PRNTR,THRM RCPT,80MM	 $35.33 
49024994000A	SNSR SHIELD, FIELD, RETROFIT	 $10.76 
29007781000A	SNSR,GLASS BRK	 $49.81 
49214571000A	SNSR,LIN ARY,200 DPI,M 049 WD	 $141.44 
19048955000A	SNSR,MTN	 $41.30 
29016859000A	SNSR,POSN,OMNIPOL,HL EFT,DIG,SOT-23	 $9.56 
49225214000A	SNSR,POSN,UNIPOL,HL EFT,DIG,SIP,TC	 $7.57 
89031380000A	SNSR,RECVR,FIN/FOUT,CR-37 CASS	 $150.82 
ULSD2BROWN00	SNSR,SHOCK,SURFACE MT	 $23.48 
ULSD2WHITE00	SNSR,SHOCK,SURFACE MT	 $23.48 
ULSD4BROWN00	SNSR,SHOCK,SURFACE MT,W/CONTACT	 $27.10 
ULSD4WHITE00	SNSR,SHOCK,SURFACE MT,W/CONTACT	 $27.10 
39011390008A	SNSR,SKEW	 $0.05 
39011390025A	SNSR,SKEW,NAR FORM	 $0.05 
19048953000A	SNSR,TEMP DUAL	 $127.38 
MSZ21007100A	SOAP PILL	 $1.21 
MSN68994000A	SOCKET #20-#14 AWG WIRE	 $0.15 
TSN65525000A	SOCKET ASSEMBLY,FL-LAMP#1	 $44.98 
TSN65526000A	SOCKET ASSEMBLY,FL-LAMP#2	 $24.46 
TS4368852220	SOCKET OF FUSE HOLDER	 $19.12 
49242376000A	SOCKET PROTECTOR, MPU, DENVER CCA	 $0.00 
MSN67196000A	SOCKET, #22-#18 AWG WIRE CONTA	 $0.19 
TSN65524000A	SOCKET,FL-LAMP	 $4.64 
19034544000A	SOCKET;INCAND LAMP -SINAGE-	 $46.36 
IB0494835900	SOCKT LAMP 096G 3624	 $14.04 
NZ0000003486	SOFT ROLLER, HONEYCOMB	 $2.96 
64100011000A	Software CD (2) Microsoft Windows XP Professional Service Pack 3 Update version 1.1.0	 $43.98 
64100016000A	Software CD Agilis NDx 3.0 Service Pack 4 media kit	 $21.99 
64100007000A	Software CD Diebold Service Support Tool version 3.3.0	 $21.99 
64100012000A	Software CD ImageWay ATM (RSS) 2.6.0 and Mayfair (RSS) 2.6.0	 $21.99 
64100018000A	Software CD Opteva Assistant version 2.4.0	 $21.99 
64100006000A	Software CD Opteva Service Diagnostics Plus version 3.3.0	 $19.40 
64100022000A	Software CD Opteview Terminal Agent version 3.3.0	 $21.99 
64100005000A	Software CD TPM Field Enablement version 4.1.0	 $21.99 
64100019000A	Software CD Valitech Secure Service Authentication Media 3.1.1	 $21.99 
89030422000A	SOFTWARE CERTIFICATION, BASICS	 $70.86 
TP820353001B	software instl. guide optix	 $14.40 
11038056000A	SOFTWARE KEY  TC8559 BURLE\PHI	 $411.08 
89020247000A	Software SPO,inc. w/ DSR-C100	 $71.01 
89030519000A	SOFTWARE UPGRADE DVR	 $0.02 
NZ0000004365	SOH Harness	 $9.68 
19016249000A	SOL,AC,LIN,120.0V,INTMT,PULL	 $167.99 
11035136000B	SOL,AC,LIN,120.0V,INTMT,PULL,W/THRM CO	 $407.56 
39013870000A	SOL,DC,LIN,012.0V,INTMT,PULL,TBLR	 $61.39 
39013958000A	SOL,DC,LIN,012.0V,INTMT,PULL,TBLR	 $61.90 
39006821000A	SOL,DC,LIN,024.0V,CONT,PULL	 $125.96 
29010414000B	SOL,DC,LIN,024.0V,INTMT,PULL	 $10.53 
39013163000A	SOL,DC,LIN,024.0V,INTMT,PULL	 $27.59 
49005452000A	SOL,DC,LIN,026.0V,INTMT,PULL	 $68.60 
39014232000A	SOL,DC,LIN,24V,INTMT,PULL,TBLR	 $86.00 
49217354000C	SOL,DC,LIN,9.4V,ASSY	 $126.18 
89029602000A	SOLDER AID, BRUSH/SCRAPER	 $8.84 
89028115000A	SOLENIOD	 $68.99 
10856230000	SOLENOID	 $145.77 
89030951000A	SOLENOID	 $116.35 
BRP00979000A	SOLENOID	 $0.05 
TSN66696000A	SOLENOID	 $0.00 
TSN66697000A	SOLENOID	 $0.00 
TSN66698000A	SOLENOID	 $0.00 
TSN66699000A	SOLENOID	 $0.00 
TSN66700000A	SOLENOID	 $0.00 
NZ0000002155	SOLENOID AAY DIVERT	 $109.62 
TSN90463000A	SOLENOID ASSB,MG-LOCK	 $344.12 
TSN65560000A	SOLENOID ASSB,ROTARY	 $122.90 
TSN65561000A	SOLENOID ASSB,ROTARY	 $109.24 
11035291000A	SOLENOID ASSEMBLY        82 63	 $461.85 
BRP00721000A	SOLENOID C-11 ASSEMBLY	 $0.05 
NZ0000001154	SOLENOID IN SERVICE INDICATOR	 $69.06 
19039190000A	SOLENOID LINK/PRESENTER SHUTTE	 $4.38 
TS4368850210	SOLENOID MG01,05,MG02,03,S/B+2	 $76.47 
TS4368852200	SOLENOID MG12-17	 $65.55 
TS4368850220	SOLENOID MGF06-11	 $76.47 
TS4368852830	Solenoid Winder Unit 9 ohm	 $42.34 
BRPT0001000A	SOLENOID, DOOR	 $0.05 
TS4364288441	SOLENOID,CUTTER UNIT	 $19.12 
TS4364716031	SOLENOID,CUTTER UNIT	 $71.01 
TSN65562000A	SOLENOID,DOOR LOCK-SND/SDC	 $35.37 
TSN65467000A	SOLENOID,REJECT STACK	 $247.63 
TSN65466000A	SOLENOID,ROTARY	 $0.00 
19039099000A	SOLENOID,STATEMENT PRTR TRANSP	 $164.43 
TS4364430810	SOLENOID,TAPE FEED UNIT	 $13.65 
TSN63151000A	SOLENOID,TYPE 40RA	 $124.70 
NZ0000002236	SOLENOID-CARD READER	 $76.73 
TS4364464770	SOLENOID-CHUTE STOPPER	 $35.51 
TS4368852170	SOLENOID-MG203,204-SNDSDC0829	 $24.58 
TS4368852190	SOLENOID-MG207-SNDSDS124715	 $19.12 
TS4368852250	SOLENOID-MG208-SND-SDS081-479	 $16.39 
NZ0000001063	SOLID STATE RELAY - 56XX	 $53.30 
TS3037885220	SOLID STATE RELAY-STRAPPER	 $73.74 
BRP00763000A	SOLNOD 11-C MSA6633/9932 12VDC	 $0.05 
AA000041000A	SONY UY-T55V COLOR VIDEO SCANN	 $9.00 
NZ0000002794	SOUND BLASTER CARD - 5886	 $131.54 
21017537000A	SOUND DEADENER	 $19.12 
29000981000A	SOUND INSULATION	 $3.08 
MS820720000A	SOUND INSULATION ASSEMBLY	 $40.26 
MSN67731000A	SOUNDER, 1 5/8 DIA. *MURATA #P	 $11.03 
MSN93170000A	SOUNDER/STROBE, 12VDC *NOTIFIE	 $0.00 
69001009000A	SOUNDWAVE MODULE GRADE A @	 $116.03 
11050894000A	SP SUPERV AUDIO POWER BOOSTER	 $2,815.68 
11065287000A	SP0710-0353-0100 AM DYNAMICS	 $489.87 
11065288000A	SP0710-0386-0101 RCVRY CD AM D	 $15.08 
89030595000A	SP232ECN IC RS232 LINE DRIVER/	 $13.25 
11050896000A	SP4 MICR EXPAN MODUL BLK C9919	 $664.71 
11051206000A	SP40S AFTER MKT 8 MES FAC PRO	 $342.43 
11050897000A	SP40S REMO BLK MICRO RED PLT C	 $448.22 
11050898000A	SP40S SPKR SPLT 4 ZON CLAS B 2	 $392.80 
11051597000A	SPACE PLATE	 $31.55 
11018353000B	SPACER	 $0.37 
17002317000A	SPACER	 $10.56 
29008484000B	SPACER	 $0.88 
29008540000A	SPACER	 $2.29 
39008407000A	SPACER	 $9.01 
49213776000A	SPACER	 $17.81 
81012633000B	SPACER	 $12.76 
MSK87425000A	SPACER	 $1.73 
MSK9991500AA	SPACER	 $3.32 
MSM00627000A	SPACER	 $1.62 
MSZ69364910A	SPACER	 $1.42 
89029568000A	SPACER - 30 THOUSANDTHS  #F483	 $1.86 
89030497000B	SPACER & SCREW 3-ICM0Q0 MOUNT	 $26.45 
19014034000A	SPACER (FRONT TEST BOARD)  TAS	 $0.84 
19014033000A	SPACER (REAR TEST BOARD) TAS	 $0.59 
28010500000A	SPACER * 3643	 $39.62 
MSN80491000A	SPACER .032 THICK	 $0.50 
MSN80490000A	SPACER .075 THICK	 $0.19 
41020704000M	SPACER BACKUP BAR	 $4.31 
29007616000A	SPACER BASS	 $0.29 
19013880000A	SPACER DLR OO461148  1323	 $1.28 
NZ0000002690	SPACER DRUM	 $0.02 
TS4368834762	SPACER FOR SHAFT REJECT	 $7.18 
11065023000A	SPACER FOR THE 1943 (2700 SERI	 $17.30 
19013806000A	SPACER TTS ONLY        TAS TAB	 $1.03 
4924441700CL	SPACER, 3.0 MM ID, 2.5 MM THK	 $0.46 
4924441700CM	SPACER, 3.0 MM ID, 3.0 MM THK	 $0.46 
49018402000A	SPACER, BRG	 $3.03 
MSN79693000A	SPACER, CARRIER CHECK	 $1.30 
39007845000E	SPACER, CONTACT	 $2.67 
MSN77222000A	SPACER, DOOR STOP	 $65.44 
49200678000A	SPACER, GATE ACTUATOR BAR	 $0.59 
NZ0000002526	SPACER, IDLER	 $0.02 
NZ0000002533	SPACER, IDLER	 $0.02 
MSN78353000A	SPACER, LOCK BAR	 $11.11 
MSN69347000A	SPACER, SHIM       *STOCK DRIV	 $3.76 
MSN83099000A	SPACER, SHIM *STCK DRV PRDS #7	 $0.88 
MSN76023000A	SPACER, TUMBLER	 $0.27 
49018396000A	SPACER, XPORT	 $16.78 
49233199009A	SPACER,4 OD	 $7.64 
TSN92722000A	SPACER,B-080X0025	 $15.55 
29014489000B	SPACER,BASE	 $15.22 
49203935X0BA	SPACER,BLANK,TOP,ADD FCTN	 $81.18 
39007845000B	SPACER,CONT	 $3.29 
39007845000C	SPACER,CONTACT	 $2.67 
31020188000A	SPACER,GASKET VAT 21/23 RECEIVER	 $10.02 
31020190000A	SPACER,GASKET VAT 30/ EASYAIRE 10	 $5.40 
29009722000B	SPACER,GATE,ECD FACIA	 $3.70 
41022339000A	SPACER,HANDLE	 $20.81 
29008961000A	SPACER,LK	 $11.00 
29008961000B	SPACER,LK	 $11.00 
19019241000A	SPACER,PRNT HD	 $1.92 
49202975000A	SPACER,SERVICE MONITOR	 $11.36 
89028583000A	SPACER;PULLEY SHAFT#M064780-01	 $6.45 
TSN93704000A	SPACER-LOCK-COVER	 $106.14 
18010597000A	SPACER-WHEEL * 3593	 $4.84 
TP820714002A	SPANISH - AFD OPERATING GUIDE	 $9.00 
TP820033002C	SPANISH 1062IX FL W/IX SAFE OP	 $16.20 
TP799441002A	SPANISH 1074 ISLAND CUST.SETUP	 $36.90 
TP820330002A	SPANISH 2ND GEN IDM DEP MOD OP	 $5.40 
TP820616002A	SPANISH- 3RDGEN IDM OP GUIDE	 $6.30 
TP820465002A	SPANISH COMBOGARD ELE LOCK OP	 $5.40 
TP820246002C	SPANISH csp400/400p INSTL/USR	 $18.00 
TP799851002A	SPANISH INSTL INSTR 1073IX D/U	 $20.70 
TP820501002B	SPANISH OP GD THERMAL ST PRTR	 $13.50 
TP799611002A	SPANISH OP GUIDE PRTR PASSBOOK	 $6.30 
TP820327002B	SPANISH OPER GUIDE 1075IX EXWU	 $26.10 
TP820040002B	SPANISH OPR GUIDE, ENV DEP IX	 $5.40 
TP820592002A	SPANISH OPR,GUIDE,1053XT W/EP	 $17.10 
TP820325002B	SPANISH PLAN&SITE PREP GUIDE	 $20.70 
TP799630002B	SPANISH PLNING&SITE PREP 1062	 $23.40 
00052029000A	SPANISH VERSION-NO ROLLED COIN	 $2.75 
TP820610002A	SPANISH,ATM MECH LOCK OP INSTR	 $6.30 
TP820687002A	SPANISH-1074IX ISLAND OP GUIDE	 $18.00 
TP820710002A	SPANISH-2 COLOR RECPT OP GUIDE	 $9.90 
TP820812002A	SPANISH-COIN DISP OP GUIDE	 $6.30 
TP820813002A	SPANISH-CONS BAR CODE OP GUIDE	 $3.60 
TP820814002A	SPANISH-DIP CARD READ OP GUIDE	 $3.60 
TP820721002A	SPANISH-FOURTH GEN IDM OP GD	 $6.30 
TP820666002A	SPANISH-OP GD 1064IX BTM MNT	 $13.50 
TP820039002C	SPANISH-OP GUIDE R/L 1062/72ix	 $18.90 
TP799101002A	SPANISH-OPR GUIDE,1074 ISL ATM	 $55.80 
TP820824002A	SPANISH-OPTEVA 560 PLAN & SITE	 $12.60 
TP820768002A	SPANISH-OPTEVA 720 FL OP GUIDE	 $18.00 
TP820716002A	SPANISH-OPTEVA 720 PLAN & SITE	 $15.30 
TP820717002A	SPANISH-OPTEVA 720 PLAN & SITE	 $18.90 
TP820771002A	SPANISH-OPTEVA 720 RL OP GUIDE	 $18.00 
TP820720002A	SPANISH-OPTEVA 760 OP GUIDE	 $18.00 
TP820718002A	SPANISH-OPTEVA 760 PLAN & SITE	 $21.60 
TP820816002A	SPANISH-PASSBOOK PRINT III OP	 $7.20 
TP820675002A	SPANISH-PASSBOOK PRTR II OP GD	 $8.10 
31003588000C	SPANNER	 $41.04 
11048914000A	SPANNER WRENCH	 $2.66 
11038434000A	Spare Keys	 $154.92 
19055464000A	SPARE KEYS,DVR,4000 SERIES	 $2.70 
ULSP180RSACF	Spare RTU 180 proc w\FIM-CIM	 $1,918.35 
ULSP180RSN00	Spare RTU 180 processor n\acc	 $1,507.28 
ULSTB180RS00	Spare Telco board (180 series)	 $657.72 
49217523000A	SPARES,KEY,CASSETTE,BNA,FREEFALL,MM130	 $8.23 
11050900000A	SPB AUD BSTR SPLT MNT BRAC C99	 $103.59 
21016663000B	SPCR, .257-1.000 RND	 $3.29 
49023512000A	SPCR, PRINT HEAD	 $41.21 
29013419000A	SPCR, SIDEPLATE	 $13.02 
11030907000A	SPCR,0.119-0.125,RND	 $2.11 
29007307000A	SPCR,0.166-0.125,RND	 $6.55 
18020885000A	SPCR,0.194-0.641,RND	 $3.62 
11031001000A	SPCR,0.194-0.750,RND	 $0.28 
18020527000A	SPCR,0.194-0.812,RND	 $7.97 
11035020000A	SPCR,0.194-1.000,RND	 $0.13 
30021390000	SPCR,0.214-0.469,RND	 $2.07 
18000852000A	SPCR,0.214-0.645,RND	 $13.71 
17002217000A	SPCR,0.250-0.563,RND,THRU	 $1.57 
29017049000A	SPCR,0.375-0.225,RND,SLV	 $0.16 
11013071000A	SPCR,0.391-0.437,RND	 $4.10 
49227838000B	SPCR,0.505-0.313,RND	 $12.83 
11035039000A	SPCR,0.625-0.312,RND	 $3.88 
19011020001A	SPCR,04-0.125,RND	 $3.29 
29009660000A	SPCR,04-40-0.250,HEX,THRU	 $3.81 
29007125000A	SPCR,06-0.187,RND	 $0.54 
29002775000B	SPCR,06-0.188,RND	 $0.12 
19011020010A	SPCR,06-0.250,RND	 $1.22 
19011020011A	SPCR,06-0.375,RND	 $0.54 
29002775000K	SPCR,06-0.625,RND	 $0.17 
19011020014A	SPCR,06-0.750,RND	 $2.42 
29002775000N	SPCR,06-0.813,RND	 $0.22 
29006613000A	SPCR,06-32-0.500,HEX,THRU	 $0.58 
29006242000A	SPCR,06-32-0.750,HEX,THRU	 $4.49 
29007708000A	SPCR,06-32-0.750,RND,THRU	 $7.98 
19041301000A	SPCR,08-32-0.625,RND,THRU,1X5	 $0.97 
19035124000A	SPCR,08-32-1.313,RND	 $3.58 
19025888000A	SPCR,08-32-1.625,HEX	 $11.66 
11035098000A	SPCR,10-0.500,RND	 $0.07 
39014079000A	SPCR,BIN,TOP CHAS,IDMII	 $11.30 
49257620000B	SPCR,CEN L,ACASH MTG	 $68.63 
19041464000A	SPCR,M 03.00-12.00,RND	 $15.84 
29015598000A	SPCR,M 04.20-04.00,RND,THRU	 $2.54 
29013474000A	SPCR,M 06.30-05.00,RND	 $0.20 
29013474000B	SPCR,M 06.30-10.00,RND	 $0.14 
29010316000A	SPCR,M03.0-0.50-008.0,HEX	 $0.37 
29016395000A	SPCR,M04.0-0.70-003.3,RND,SPCL	 $0.00 
29013850000B	SPCR,M04.0-0.70-020.0,HEX,THRU	 $1.26 
29009316000A	SPCR,M05.0-0.80-025.0,HEX,THRU	 $1.21 
29009316000B	SPCR,M05.0-0.80-060.0,HEX	 $2.47 
29009766009A	SPCR,MAGN HD,SMART CD RDR	 $12.15 
29007678000A	SPCR,SOL PLATE	 $4.31 
19058734000A	SPDT 10A 12 VOLT RELAY RH1B-U-DC-12V IDEC	 $15.05 
TS4368875710	SPE085-080-2974	 $87.39 
11051678000A	SPEAKER	 $116.91 
11066037000A	Speaker	 $68.63 
11050902000A	SPEAKER (25Z) CONE TYPE RED	 $47.30 
11050901000A	SPEAKER (25Z) MULTI-TAP WHITE	 $39.88 
11050904000A	SPEAKER (70V) CONE TYPE WHITE	 $48.78 
11050903000A	SPEAKER (70V) MULTI TAP RED W/	 $30.35 
11050905000A	SPEAKER (70V) RE-ENTRANT	 $131.81 
11038563000A	SPEAKER 4" 8 OHM	 $210.93 
11050907000A	SPEAKER 70V MULTI TAP WHITE	 $29.90 
MSN64141000A	SPEAKER A300 AUDIO  (Z1745784)	 $73.21 
NZ0000001996	SPEAKER ASM - 5674	 $0.00 
41018066000A	SPEAKER BOX ASSEMBLY	 $200.62 
31020707000A	SPEAKER FOAM	 $5.68 
11048394000A	SPEAKER GRILL HA45 CUST UNIT	 $312.93 
11066466000A	ca	 $121.00 
MSZ87404100A	SPEAKER MICROPHONE	 $75.64 
11050909000A	SPEAKER STROBE	 $193.95 
11043613000A	SPEAKER, 4" ROUND, 8 OHM	 $256.42 
11051471000A	SPEAKER/STROBE E70-24MCW	 $107.07 
11051475000A	SPEAKER/STROBE E90-24MCC	 $107.07 
11051226000A	SPEAKR GRLL BFFL FOR 4" SPEAKR	 $40.62 
19050426000A	SPEC IV ENV PND GRY CLR D N 35	 $5,217.97 
310167920SK0	SPEC KEYED CORE LOCK, NON MSTR	 $146.75 
11035709000E	SPEC SD DOOR  LARGE  W/O JIGGE	 $861.84 
11035709000A	SPEC SD DOOR  SMALL  W/O JIGGE	 $646.38 
DMLT03940000	SPEC,PRODUCT,740/741/743,25 MIN.	 $0.95 
DMLT02280000	SPEC,PRODUCT,XR10,25 MIN.	 $0.40 
DMLT03010000	SPEC,PRODUCT,XR20,25 MIN.	 $0.95 
DMLT01980000	SPEC,PRODUCT,XR200,25 MIN.	 $0.95 
DMLT03570000	SPEC,PRODUCT,XR200/485,25 MIN.	 $0.95 
DMLT02980000	SPEC,PRODUCT,XR5,25 MIN.	 $0.52 
DMLT04430000	SPEC,PRODUCT,XR6,25 MIN.	 $0.40 
30017600000	SPECIAL LID L H	 $2.38 
FB000004000V	Special Toronto Dominion Power Cord	 $172.14 
PLSD5BCPG100	SPECTRA II CLR PND GRY COL 16X NTSC	 $5,448.11 
PLSD5AMPGE10	SPECTRA II ENV CLR PND GRY B&W EIA	 $5,335.76 
PLSD5AMPGO00	SPECTRA II ENV CLR PND GRY B&W EIA	 $5,165.85 
PLSD5BCPGE00	SPECTRA II ENV SMK PND COL 16X NTSC	 $4,157.34 
PLSD5AMPGE00	SPECTRA II ENV SMK PND GRY B&W EIA	 $5,335.76 
PLSD5BCPB000	SPECTRA II SMK PND BLK COL 16X NTSC	 $5,188.68 
PLSD5BCPG000	SPECTRA II SMK PND GRY COL 16X NTSC	 $4,031.60 
11050913000A	SPECTRA LII SE DOME PEND BI	 $334.61 
PLSD5TACF000	SPECTRA LT FLSH COL SMK NTSC	 $3,798.33 
PLSD5TACPGE0	SPECTRA LT PND GRY COL ENV SMK	 $3,250.84 
PLSD5TACPG00	SPECTRA LT PND GRY COL SMK NTSC	 $4,094.31 
11038088000A	SPECTRADOME DRIVER	 $3,944.40 
11050914000A	SPECTRALERT 24V 30 CD STROBE	 $74.82 
11038332000A	Speed Control Keypad	 $973.57 
21017196000A	SPEED DOME,PARAPET MTG	 $377.06 
21017195000A	SPEED DOME,PENDANT MTG	 $85.05 
21017194000A	SPEED DOME,WALL MTG	 $77.49 
11066404000A	Spherical Block Tape	 $102.74 
TM0SPI00TABS	SPI BINDER TAB SET	 $2.84 
30003960000	SPINDLE	 $33.30 
03002249000A	SPINDLE	 $103.42 
11000888000A	SPINDLE	 $6.88 
11000888000B	SPINDLE	 $1.51 
11002308000A	SPINDLE	 $0.50 
11002309000A	SPINDLE	 $0.95 
17000688000A	SPINDLE	 $226.30 
11044730000A	SPINDLE 8155	 $40.40 
30004310000	SPINDLE ASSEM.	 $4.82 
30018360000	SPINDLE ASSEM.	 $3.70 
30004430000	SPINDLE ASSEMBLY	 $41.04 
89030058000A	spindle cutting tool	 $280.10 
21016634000A	SPINDLE HANDLE	 $64.94 
30001050000	SPINDLE KEY	 $2.72 
30011320000	SPINDLE KEY   S&G 6500	 $3.37 
30020800000	SPINDLE KEY FOR S & G LOCK	 $0.45 
NZ0000001297	SPINDLE RECEIPT	 $26.31 
11013447000A	SPINDLE T.L.	 $1.98 
49018682000A	SPINDLE, PAPER, 6 IN.	 $20.70 
49018682000B	SPINDLE, PAPER, 6 INCHTHERMAL PRNTR	 $19.00 
21016305000E	SPINDLE,COMB	 $6.27 
21016305000A	SPINDLE,COMB,1.17 IN	 $10.76 
31016794000A	SPINDLE,DIAL	 $3.71 
21016342000A	SPINDLE,KNOB LK	 $7.97 
39010809000A	SPINDLE,PPR	 $19.21 
89030740000A	SPINS MANUAL	 $34.21 
41027145000A	SPIRAL WRAP 3/8	 $13.32 
19014146000A	SPIROL PIN 2.5 X 20    1323	 $0.50 
49200288000B	SPITTOON,INJET,W/ ABSORBER	 $7.15 
11050915000A	SPK PKG C5 T72/4W 417-8WD	 $53.44 
11050918000A	SPK STB RED CEIL 24V 15 30 75	 $121.21 
11050917000A	SPK STRB AMB SQ CEIL 24V 15 30	 $121.21 
11051237000A	SPK STRB CEIL 24V 15 30 95CD A	 $151.52 
11050919000A	SPKE4-15 75WR	 $219.24 
11050906000A	SPKR 25V MULTI TAP RED W/ FIRE	 $30.40 
11050910000A	SPKR STBE 25V MUL TAP CD RED W	 $82.20 
11050912000A	SPKR STRB 70V MUL TAP MUL RED	 $81.18 
11050911000A	SPKR STRB 70V MUL TAP MUL WHIT	 $94.85 
11050920000A	SPKR STRB SQ WAL 24VDC 15 30 7	 $121.21 
11065031000A	SPKR STROB 25V 110CD RED	 $268.84 
11050921000A	SPKR STROBE 25V 15-95MC	 $102.75 
29014059000C	SPKR,02.00 X 03.50 IN,008 OHM,005.00W	 $26.13 
29016689000A	SPKR,02.50 IN,008 OHM,004.00W	 $47.70 
29015882000B	SPKR,2.50 IN,008 OHM,4.00W,WTRPRF	 $35.90 
29014320000A	SPKR,MICROPHONE	 $37.80 
41015274000X	SPKR,W/CA	 $20.88 
19046785000A	SPKRS,AUDIO,MULTI-MEDIA	 $37.84 
19055142000A	SPKRS,CMPTR,AUD VOICE ALRM OPTION	 $479.59 
21014787000A	SPL BOLT,ISM W/ALARM	 $65.02 
30017590000	SPL LID	 $4.11 
21017829000A	SPLICE BOTTOM	 $4.18 
11066432000A	Splice Plate	 $46.43 
21017828000A	SPLICE TOP	 $17.24 
29013051000A	SPLICE,BUTT,CRP	 $0.13 
41022270000A	SPLICE,CLADDING,DUW,BOTTOM	 $33.79 
41022269000A	SPLICE,CLADDING,DUW,TOP	 $33.79 
50003410000	SPLICE,END,CRP	 $0.21 
11006522000A	SPLICE,END,CRP	 $3.06 
11006522000B	SPLICE,END,CRP	 $0.29 
29000926000A	SPLICE,END,IDC(RED)	 $0.50 
10445760000	SPLICE,END,TW	 $0.27 
18001025000A	SPLICE,PRL,CRP	 $0.15 
29000926000E	SPLICE,TAP,IDC(BRN)	 $0.49 
29000926000B	SPLICE,TAP,IDC(RED)	 $0.66 
29000926000F	SPLICE,TAP,IDC(YEL)	 $0.28 
89029236000A	Split Washer # 7788348	 $0.63 
NOCD20000000	SPLITTER,PHONE LINE	 $1,096.20 
30019010000	SPNDLE KEY USE W 180	 $0.95 
49252489000A	SPNG,LATCH PIVOT	 $0.87 
AA0029880000	SPO FORMS/ NEW STYLE 250 PER	 $2.79 
39017495123A	Spoiler	 $592.77 
21021212000A	SPOKE	 $108.50 
21015968000A	SPONGE NPRN RBR KIT,ENV DEP	 $50.11 
TSN88917000A	SPOOL	 $0.00 
MSZ63205230A	SPOOL, 70MM TAKE-UP	 $8.25 
49222654000A	SPOOL, STORAGE	 $59.28 
TSN91150000A	SPOOL,TAKE UP C903304010	 $13.65 
11065508000A	SPOOLS OF ICO-RALLY HEAT SHRIN	 $185.29 
21014372000A	SPOTFACED GUARD TUMBLER	 $19.29 
21014372000B	SPOTFACED GUARD TUMBLER	 $19.29 
21014372000C	SPOTFACED GUARD TUMBLER	 $19.29 
21014372000J	SPOTFACED GUARD TUMBLER	 $19.29 
11050922000A	SPR PKG 10 OZ	 $40.98 
11035876000A	SPRAY HEAD FOR HOCO CLEAR	 $6.25 
10578200000	SPRING	 $1.81 
10847940000	SPRING	 $34.47 
10872860000	SPRING	 $4.31 
01038036R000	SPRING	 $0.83 
11019051000A	SPRING	 $55.40 
11031002000A	SPRING	 $103.18 
11041385000A	SPRING	 $48.60 
11043507000A	SPRING	 $27.05 
18020634000A	SPRING	 $4.30 
19019749000A	SPRING	 $2.82 
89031279021A	SPRING	 $8.92 
MSK96686000A	SPRING	 $2.26 
MSN86801000A	SPRING	 $1.62 
MSN93289000A	SPRING	 $3.07 
MSZ79323020A	SPRING	 $5.78 
OX0016000000	SPRING	 $2.05 
TSN88884000A	SPRING	 $0.00 
TSN88886000A	SPRING	 $1.37 
TSN88887000A	SPRING	 $1.64 
TSN88888000A	SPRING	 $2.73 
TSN88890000A	SPRING	 $103.18 
11034720000A	SPRING                   79 00	 $20.72 
11031603000A	SPRING      105-3096	 $2.98 
IB0170754300	SPRING     0925 3624	 $0.82 
IB044F249100	SPRING     0925 4732	 $0.45 
IB0275098300	SPRING     0988 3614	 $9.43 
28010504000A	SPRING  * 3645           COMPRESSION	 $22.12 
38010610000A	SPRING - BRUSH TENSION	 $99.03 
11031631000A	SPRING  CHECK PAWL  63304	 $1.26 
49262940000B	SPRING  GATE	 $11.09 
11031630000A	SPRING  PRINT WHEEL ADVANCE  6	 $0.84 
11031628000A	SPRING  SHIELD HOLDER   38430	 $2.23 
TS4366003910	Spring  SPE-087-080-2350	 $32.81 
89026109000A	SPRING (PAPER GUIDE) (84575)	 $0.45 
TS4363270990	SPRING 050-055-309	 $4.10 
BRP00140000A	SPRING 3/4 I.D. BELLEVILLE	 $0.05 
11042644000A	SPRING BOLT LOCK/ S&G 6123-501	 $532.59 
FJ0007774588	SPRING CA 81003-0597	 $0.05 
FJUSA0206236	SPRING CA810030637	 $0.05 
FJUSA0206231	SPRING CA810030656	 $0.05 
TS4368886971	SPRING CASSETTE	 $49.16 
29002657000A	SPRING CLIP	 $38.35 
NZ0000001963	SPRING CLUTCH - 56XX	 $2.85 
NZ0000002745	SPRING CLUTCH BOX	 $0.02 
TS4363271030	SPRING COIL	 $4.10 
TSN88222000A	SPRING COIL	 $0.00 
TSN88223000A	SPRING COIL	 $0.00 
11065582000A	SPRING COLLAR (A) D551	 $54.75 
11066146000A	Spring cover for 20N200S1-26	 $1.13 
11065588000A	SPRING D551	 $15.82 
BRP00036000A	SPRING DOOR CRANK GAS	 $0.05 
BRP00835000A	SPRING EXTENSION	 $0.05 
MS567480000A	SPRING EXTENSION	 $11.06 
18000677000A	SPRING GUIDE *4133	 $5.88 
89028456000A	SPRING GUIDE***NOT AVAILABLE	 $2.38 
NZ0000002700	SPRING GULP FEED	 $0.02 
BRP00820000A	SPRING HOLDER ACETAL	 $0.05 
01041613L000	SPRING L/H   NO SUB	 $8.62 
NZ0000002959	SPRING LATCH, CASS RELEASE	 $2.20 
21014398000A	SPRING ONLY	 $1.56 
29008404056A	SPRING PIN (1.5X8)	 $1.84 
89029147000A	SPRING PIN -49-5711-MO63298-07	 $5.81 
89031326000A	SPRING PIN N2.0X10	 $1.68 
89031319000A	SPRING PIN N2.0X12	 $1.42 
89031321000A	SPRING PIN N2.0X8	 $1.68 
18020142000A	SPRING PLUNGER	 $9.80 
TSN93702000A	SPRING POST	 $71.01 
01041613R000	SPRING R/H   NO SUB	 $8.62 
TS4368836090	SPRING REJECT STACKER	 $71.01 
41027290000A	SPRING RE-LOCK PLUNGER	 $4.89 
21017180000A	SPRING RELOCKER,STRG RM VD	 $28.73 
89029169000A	SPRING RETAINER, (BLADE)	 $10.26 
MSZ82306950A	SPRING REWORK	 $9.59 
TS4364520860	SPRING ROCK-BLL	 $23.65 
49250144000A	SPRING ROLLER ASSEMBLY	 $8.48 
11044710000A	SPRING SET ARM LIFTER 8CXX	 $46.59 
TS4368862020	spring shortedge aligning unit	 $38.23 
TS4368866762	Spring Shutter	 $18.94 
TS4363260550	SPRING SPC 050-045-140	 $1.10 
TS4363270940	SPRING SPE 050-050-216	 $2.19 
TS4363270970	SPRING SPE 050-055-177	 $2.19 
TS4363270880	Spring SPE-050-040-346	 $4.37 
11044729000A	SPRING SPINDLE	 $5.51 
11033581000A	SPRING TENSION PIN  19037	 $0.16 
MSZ79425860A	SPRING TORSION	 $4.53 
BRP00839000A	SPRING TORSION LIMIT SWITCH	 $0.05 
11031627000A	SPRING TRIGGER TORSION  64044	 $2.38 
MS507028000A	SPRING TUMBLER	 $1.62 
MSZ17503480A	SPRING VALVE	 $70.79 
10594600000	SPRING VAULT-VENT	 $4.10 
89026065000A	SPRING WASHER	 $0.63 
TSN61007000A	Spring,  Pinch-Det-T	 $62.81 
11038260000A	spring, # 1659-01	 $4.31 
89029171000A	SPRING, (BLADE)	 $8.38 
89031338000A	SPRING, 0.30X4.5X19	 $3.45 
TSN91439000A	SPRING, 035-029-120	 $0.00 
MSN90407000A	SPRING, 040-040-0136 (P)	 $1.54 
MSN75053000A	SPRING, 1 1/16 LG COMPRESSION	 $18.57 
MSN73124000A	SPRING, 1 3/8 LG. EXTENSION	 $2.03 
MSN75038000A	SPRING, 1 3/8 LG. EXTENSION	 $18.57 
MSN77168000A	SPRING, 1 3/8 LG. EXTENSION	 $5.51 
MSN73397000A	SPRING, 2 3/8 LG. EXTENSION	 $1.62 
MSN90115000A	SPRING, 3 1/2 LG. BOLTWORK	 $0.00 
MSN75651000A	SPRING, 3 3/8 LG. COMPRESSION	 $4.13 
MSN76356000A	SPRING, 3/4 LG.CMPRSSN *ASSC.S	 $2.84 
89028508000A	SPRING, CARTRIDGE RETAINER	 $1.36 
89026119000A	SPRING, CATCH LEVER (80945)	 $0.45 
89028484000A	SPRING, COMPRESSION	 $2.49 
NZ0000002458	SPRING, COMPRESSION	 $0.02 
NZ0000002855	SPRING, COMPRESSION	 $0.25 
MSN75939000A	SPRING, DETENT   (Z1744730)	 $14.85 
29014000000B	SPRING, DRIVE SOLENOID	 $8.25 
NZ0000002803	SPRING, EXT (TENSIONER ASSY)	 $2.66 
49245295000B	SPRING, EXTENSION	 $4.21 
49261624000A	SPRING, EXTENSION	 $2.30 
MSN61795000A	SPRING, EXTENSION *LEE SPRNG #	 $2.19 
NZ0000003002	SPRING, GATE	 $1.97 
29013659000B	SPRING, HLCL, CPRSN	 $12.58 
29015917000A	SPRING, HLCL, CPRSN	 $0.87 
49249102000A	SPRING, HLCL, CPRSN	 $0.99 
49259291000A	SPRING, HLCL, EXTN	 $2.65 
41018810000A	SPRING, HLCL, EXTN, DROP FRONT	 $11.50 
41018934000A	SPRING, HLCL, EXTN, FLIP TOP	 $22.40 
49267169000A	SPRING, LATCH	 $17.96 
MSN75049000A	SPRING, LATCH	 $16.59 
49250033000A	SPRING, OUT OF SERVICE GATE	 $3.75 
TS4365100901	Spring, Pin	 $2.73 
89031172000A	SPRING, PINCH ROLLER BULK 100	 $1.22 
MSN77237000A	SPRING, RELOCK	 $61.88 
MSZ75921920A	SPRING, STOP CARRIER TA-9	 $38.51 
MSZ79001590A	SPRING, TENSION	 $1.92 
MSN80500000A	SPRING, TENSION RIGHT  *AT&T#	 $4.81 
89031344000A	SPRING, TORSION	 $2.32 
89026119000B	SPRING, TRIP LEVER (76422)	 $0.50 
MSN88089000A	SPRING, VALVE   (Z1750348)	 $18.81 
MSN78084000A	SPRING, VANE RETURN	 $9.91 
49259352000B	SPRING, VERT PIVOT	 $3.65 
MSN93525000A	spring, yoke	 $8.09 
TSN89058000A	SPRING,ACRIL-COVER	 $38.23 
TSN92723000A	SPRING,B-87-70-255	 $62.81 
TSN51331000A	SPRING,BACK-UP	 $53.59 
89027706000A	SPRING,BELT	 $1.03 
TSN89057000A	SPRING,BRAKE	 $9.42 
TSN90486000A	SPRING,BRK-CF-N33660	 $2.08 
TSN90483000A	SPRING,CA-HTR-STPR-A	 $0.00 
89031154000A	SPRING,CASSETTE REJECT BULK100	 $2.38 
TSN91996000A	SPRING,CF-PULL	 $22.70 
41020839000A	SPRING,CNCL,CPRSN	 $92.56 
TSN88212000A	SPRING,COIL	 $0.00 
TSN88213000A	SPRING,COIL	 $0.00 
TSN88214000A	SPRING,COIL	 $0.00 
TSN88215000A	SPRING,COIL	 $0.00 
TSN88216000A	SPRING,COIL	 $0.00 
TSN88217000A	SPRING,COIL	 $0.00 
TSN88218000A	SPRING,COIL	 $0.00 
TSN88219000A	SPRING,COIL	 $0.00 
TSN88220000A	SPRING,COIL	 $0.00 
TSN88221000A	SPRING,COIL	 $0.00 
TSN88224000A	SPRING,COIL	 $0.00 
TSN88225000A	SPRING,COIL	 $0.00 
TSN88226000A	SPRING,COIL	 $0.00 
4102070400AG	SPRING,COMPRESSION	 $4.31 
49215670000A	SPRING,COMPRESSION	 $0.88 
49222634000A	SPRING,COMPRESSION	 $1.18 
49223610000A	SPRING,COMPRESSION	 $1.18 
49223963000A	SPRING,COMPRESSION	 $1.31 
4102070400AJ	SPRING,COMPRESSION,.482 OD X 1-15/16	 $4.31 
19041352000A	SPRING,CONSTF,EXTN	 $77.26 
49208458000A	SPRING,CPRSN,BIN DRIVE	 $3.06 
19020264000A	SPRING,CPRSN,RLR SHAFT	 $4.84 
10826290000	SPRING,CPRSN,TPR	 $0.15 
49251307000A	SPRING,CUTTER CLUTCH,ASPEN PRNT ENGINE	 $2.98 
11037789000A	SPRING,DETENT	 $4.31 
21020207000A	SPRING,DOOR	 $26.34 
49264391000A	SPRING,DOOR BRKT	 $3.53 
21019842000A	SPRING,DR	 $14.78 
MSN79949000A	SPRING,ENVELOPE INTERLOCK	 $1,245.90 
49222459000B	SPRING,EXT	 $1.08 
49223948000A	SPRING,EXT	 $2.67 
41020704000Q	SPRING,EXT B/W RETURN	 $5.60 
4102070400AA	SPRING,EXT,1/4 DIA X 1-3/32	 $4.31 
11035104000B	SPRING,EXTENSION	 $39.73 
49217381000A	SPRING,EXTENSION	 $2.79 
49223929000A	SPRING,EXTENSION	 $3.95 
49228547000A	SPRING,EXTENSION	 $4.13 
49250177000A	SPRING,EXTN	 $0.31 
49208021144A	SPRING,EXTN,RJ TRAY	 $8.00 
TSN91131000A	SPRING,FEED-CF	 $2.65 
39011196000A	SPRING,FLTG PLATEN	 $19.37 
29009313000A	SPRING,GATE	 $16.34 
49252475000A	SPRING,GEAR MESH	 $1.84 
11037217000A	SPRING,HD	 $7.68 
49217375000A	SPRING,HLCL EXTN,LOWER ALIGN	 $2.30 
49217374000A	SPRING,HLCL EXTN,PUSHPLATE	 $3.52 
10398800000	SPRING,HLCL,CPRSN	 $0.70 
10584450000	SPRING,HLCL,CPRSN	 $0.37 
11032350000A	SPRING,HLCL,CPRSN	 $0.28 
11032453000A	SPRING,HLCL,CPRSN	 $6.32 
11032503000A	SPRING,HLCL,CPRSN	 $5.64 
11032790000A	SPRING,HLCL,CPRSN	 $2.41 
11036175000A	SPRING,HLCL,CPRSN	 $4.01 
17001868000A	SPRING,HLCL,CPRSN	 $2.46 
18001456000A	SPRING,HLCL,CPRSN	 $2.30 
18001507000A	SPRING,HLCL,CPRSN	 $1.63 
18001545000A	SPRING,HLCL,CPRSN	 $5.56 
19013741000A	SPRING,HLCL,CPRSN	 $5.24 
19019266000A	SPRING,HLCL,CPRSN	 $1.65 
19020589000A	SPRING,HLCL,CPRSN	 $1.85 
19020903000A	SPRING,HLCL,CPRSN	 $0.52 
19020986000B	SPRING,HLCL,CPRSN	 $0.63 
19021299000A	SPRING,HLCL,CPRSN	 $0.72 
19021362000A	SPRING,HLCL,CPRSN	 $4.01 
19021564000B	SPRING,HLCL,CPRSN	 $2.87 
19035188000A	SPRING,HLCL,CPRSN	 $4.17 
19035341000A	SPRING,HLCL,CPRSN	 $60.22 
19038029000A	SPRING,HLCL,CPRSN	 $1.76 
19042185000A	SPRING,HLCL,CPRSN	 $24.21 
21015143000A	SPRING,HLCL,CPRSN	 $14.69 
21015406000A	SPRING,HLCL,CPRSN	 $2.13 
21015605000A	SPRING,HLCL,CPRSN	 $1.89 
21015938000A	SPRING,HLCL,CPRSN	 $7.68 
29004836000A	SPRING,HLCL,CPRSN	 $20.23 
29007897000A	SPRING,HLCL,CPRSN	 $7.37 
29011296000A	SPRING,HLCL,CPRSN	 $0.27 
29013195000A	SPRING,HLCL,CPRSN	 $11.08 
29013294000A	SPRING,HLCL,CPRSN	 $37.11 
29013422000A	SPRING,HLCL,CPRSN	 $1.61 
29013476000A	SPRING,HLCL,CPRSN	 $3.57 
29013660000A	SPRING,HLCL,CPRSN	 $2.67 
29014428000A	SPRING,HLCL,CPRSN	 $13.03 
29014463000A	SPRING,HLCL,CPRSN	 $0.80 
29014465000A	SPRING,HLCL,CPRSN	 $0.80 
29015999000A	SPRING,HLCL,CPRSN	 $0.14 
29016000000A	SPRING,HLCL,CPRSN	 $1.90 
29016007000A	SPRING,HLCL,CPRSN	 $0.05 
29016009000A	SPRING,HLCL,CPRSN	 $0.05 
29016412000A	SPRING,HLCL,CPRSN	 $1.25 
29016746000A	SPRING,HLCL,CPRSN	 $11.92 
29017008000A	SPRING,HLCL,CPRSN	 $1.91 
29017074000A	SPRING,HLCL,CPRSN	 $0.43 
49248193000A	SPRING,HLCL,CPRSN	 $5.18 
49253844000A	SPRING,HLCL,CPRSN	 $0.77 
49253854000B	SPRING,HLCL,CPRSN	 $1.76 
49255625000B	SPRING,HLCL,CPRSN	 $0.46 
49255673000A	SPRING,HLCL,CPRSN	 $0.31 
19035255000A	SPRING,HLCL,CPRSN,1x25	 $34.31 
19021596000A	SPRING,HLCL,CPRSN,GND	 $0.63 
10841370000	SPRING,HLCL,EXTN	 $5.83 
30005170000	SPRING,HLCL,EXTN	 $6.22 
30021870000	SPRING,HLCL,EXTN	 $42.35 
180005170000	SPRING,HLCL,EXTN	 $12.94 
11033976000A	SPRING,HLCL,EXTN	 $2.73 
18020707000A	SPRING,HLCL,EXTN	 $3.78 
18020863000A	SPRING,HLCL,EXTN	 $0.48 
18020874000A	SPRING,HLCL,EXTN	 $24.82 
19013206000A	SPRING,HLCL,EXTN	 $1.02 
19017487000A	SPRING,HLCL,EXTN	 $3.92 
19019021000A	SPRING,HLCL,EXTN	 $5.54 
19019137000A	SPRING,HLCL,EXTN	 $2.58 
19019260000A	SPRING,HLCL,EXTN	 $2.84 
19019282000A	SPRING,HLCL,EXTN	 $8.19 
19019458000A	SPRING,HLCL,EXTN	 $8.88 
19020912000A	SPRING,HLCL,EXTN	 $11.88 
19021160000A	SPRING,HLCL,EXTN	 $22.62 
19021305000A	SPRING,HLCL,EXTN	 $8.84 
19021323000A	SPRING,HLCL,EXTN	 $2.47 
19021689000A	SPRING,HLCL,EXTN	 $1.16 
19033360000A	SPRING,HLCL,EXTN	 $0.51 
19035275000A	SPRING,HLCL,EXTN	 $1.68 
19038104000A	SPRING,HLCL,EXTN	 $6.25 
19038425000A	SPRING,HLCL,EXTN	 $4.81 
19038989000A	SPRING,HLCL,EXTN	 $6.25 
19040578000A	SPRING,HLCL,EXTN	 $3.28 
19041219000A	SPRING,HLCL,EXTN	 $3.12 
19041339000A	SPRING,HLCL,EXTN	 $11.79 
19041705000A	SPRING,HLCL,EXTN	 $2.73 
19041723000A	SPRING,HLCL,EXTN	 $9.57 
19042096000A	SPRING,HLCL,EXTN	 $8.27 
19050100000A	SPRING,HLCL,EXTN	 $4.90 
21016008000A	SPRING,HLCL,EXTN	 $3.02 
21016032000A	SPRING,HLCL,EXTN	 $4.28 
21016939000A	SPRING,HLCL,EXTN	 $6.01 
21017347000A	SPRING,HLCL,EXTN	 $30.43 
21017855000A	SPRING,HLCL,EXTN	 $2.51 
21019784000A	SPRING,HLCL,EXTN	 $6.62 
28020903000A	SPRING,HLCL,EXTN	 $13.70 
29001957000A	SPRING,HLCL,EXTN	 $10.81 
29008122000A	SPRING,HLCL,EXTN	 $15.89 
29010296000A	SPRING,HLCL,EXTN	 $8.92 
29014458000A	SPRING,HLCL,EXTN	 $1.86 
29014461000A	SPRING,HLCL,EXTN	 $2.25 
29014462000A	SPRING,HLCL,EXTN	 $1.69 
29014515000A	SPRING,HLCL,EXTN	 $2.72 
29015997000A	SPRING,HLCL,EXTN	 $10.35 
29016003000A	SPRING,HLCL,EXTN	 $11.70 
29016011000A	SPRING,HLCL,EXTN	 $0.14 
29016137000A	SPRING,HLCL,EXTN	 $4.51 
29016374000A	SPRING,HLCL,EXTN	 $2.72 
29016411000A	SPRING,HLCL,EXTN	 $0.66 
29016496000A	SPRING,HLCL,EXTN	 $0.86 
29016690000A	SPRING,HLCL,EXTN	 $1.95 
29017044000A	SPRING,HLCL,EXTN	 $1.97 
29017075000A	SPRING,HLCL,EXTN	 $2.25 
39011704000A	SPRING,HLCL,EXTN	 $30.24 
41021739000A	SPRING,HLCL,EXTN	 $5.47 
49222531000A	SPRING,HLCL,EXTN	 $5.05 
49225264000A	SPRING,HLCL,EXTN	 $6.88 
49251388000A	SPRING,HLCL,EXTN	 $14.48 
49252515000A	SPRING,HLCL,EXTN	 $0.84 
49253824000D	SPRING,HLCL,EXTN	 $0.68 
19041750000A	SPRING,HLCL,EXTN,1X5	 $1.10 
49253827000A	SPRING,HLCL,EXTN,TAKEAWAY	 $1.91 
49255623000A	SPRING,HLCL,EXTN,TENSION	 $2.75 
49217377000A	SPRING,HLCL,TPR	 $1.07 
49222641000A	SPRING,HLCL,TPR	 $1.31 
49245434000B	SPRING,HLCL,TPR	 $1.51 
30001260000	SPRING,HLCL,TRSN	 $9.80 
11032542000A	SPRING,HLCL,TRSN	 $0.64 
18020873000A	SPRING,HLCL,TRSN	 $20.43 
19038042000A	SPRING,HLCL,TRSN	 $3.52 
21017519000A	SPRING,HLCL,TRSN	 $8.21 
21018252000A	SPRING,HLCL,TRSN	 $35.95 
29006265000B	SPRING,HLCL,TRSN	 $4.37 
29006338000A	SPRING,HLCL,TRSN	 $1.64 
29014433000A	SPRING,HLCL,TRSN	 $0.96 
29014545000B	SPRING,HLCL,TRSN	 $0.87 
29016377000A	SPRING,HLCL,TRSN	 $4.33 
49252497000A	SPRING,HLCL,TRSN	 $10.93 
49255637000A	SPRING,HLCL,TRSN,KNOB	 $1.91 
11030906000A	SPRING,HLCL,TRSN,SPCL	 $0.48 
11032226000B	SPRING,HLCL,TRSN,SPCL	 $7.68 
49204031000A	SPRING,HLDR	 $1.22 
TSN89835000A	SPRING,HT/REC-CA10	 $0.00 
49222437000A	SPRING,LATCH,IDM BD	 $1.85 
39010763000A	SPRING,LCH,STOP	 $5.91 
19012016000A	SPRING,LEAF	 $5.89 
29002595000A	SPRING,LEAF	 $1.57 
TSN88227000A	SPRING,LEAF	 $0.00 
TSN88228000A	SPRING,LEAF	 $0.00 
TSN88229000A	SPRING,LEAF	 $0.00 
TSN88241000A	SPRING,LEAF	 $0.00 
TSN88242000A	SPRING,LEAF	 $0.00 
TSN88251000A	SPRING,LEAF	 $16.39 
TSN89069000A	SPRING,LEAF-P-SO/RJCT/BOX	 $27.32 
TSN51332000A	SPRING,LEVER	 $1.10 
30016040000	SPRING,M.R.	 $52.29 
29009013000A	SPRING,MAG HD	 $45.75 
MSZ89011770A	spring,negaor	 $45.31 
49258371000A	SPRING,OUT OF SERVICE	 $5.05 
TSN92009000A	SPRING,PUSH-SENSOR-HOLDER	 $23.60 
89026046000A	SPRING,R. DET GU	 $0.32 
39011390023A	SPRING,RBN CLUTCH	 $4.53 
TSN51330000A	SPRING,REAR PLATE	 $1.64 
TSN90093000A	SPRING,RECV-BLT/CS	 $38.23 
TSN90446000A	SPRING,REJ-COVR	 $43.70 
19011505000A	SPRING,RELAY,HOLD DOWN	 $0.37 
11037717000A	SPRING,RELOCK	 $3.62 
19019296000A	SPRING,RELOCK	 $1.16 
41021766000A	SPRING,RELOCK	 $2.11 
MSN81254000A	SPRING,RELOCK	 $1.33 
21017309000A	SPRING,RELOCK RTNG BLT	 $4.10 
49219788000A	SPRING,RETAINER,BEARING	 $4.05 
49208021137A	SPRING,RH	 $53.71 
49213658000A	SPRING,ROLL PINCH	 $7.50 
39011390019A	SPRING,RTNR,FEED ROLL	 $0.05 
TSN92742000A	SPRING,SE-040-045-142	 $65.55 
41026202000A	SPRING,SERVICE GATE	 $1.07 
TSN89068000A	SPRING,SP-ACRIL-COVER-R	 $57.35 
TSN89059000A	SPRING,SPC-050-045-140	 $1.37 
TSN89060000A	SPRING,SPC-075-055-330	 $4.73 
TSN89061000A	SPRING,SPC-080-065-200	 $2.19 
TSN89062000A	SPRING,SPC-080-065-320	 $2.73 
TSN92732000A	SPRING,SPE-025-026-149	 $3.83 
TSN92733000A	SPRING,SPE-032-035-014	 $1.10 
TSN89063000A	SPRING,SPE-050-060-183	 $1.10 
TSN89064000A	SPRING,SPE-063-065-373	 $3.28 
TSN89065000A	SPRING,SPE-080-100-387	 $2.19 
TSN89067000A	SPRING,SPE-087-080-225	 $36.41 
TSN89070000A	SPRING,SPE-100-100-480	 $21.85 
TSN89066000A	SPRING,SPE-100-140-389	 $2.19 
TSN92746000A	SPRING,SPE-T-SENSOR	 $49.16 
TSN89056000A	SPRING,STOPPER-L	 $10.93 
49200018000B	SPRING,TAKE-AWAY	 $10.55 
GL9366800000	SPRING,TAMPER,FX	 $2.75 
29010546000A	SPRING,TGL	 $5.18 
49221850000A	SPRING,TORSION	 $1.07 
49245410000A	SPRING,TORSION	 $2.52 
49217579000A	SPRING,TORSION CST LATCH	 $1.14 
29010548000A	SPRING,TRSN	 $2.75 
19013733000A	SPRING,TRSN,4.3 X 38 LONG	 $2.53 
FJ0007760504	SPRING/UNDER DOT UNIT CA81003	 $0.05 
TS4363271060	SPRING-BACKUP&PUSHER STACK UNI	 $2.73 
TS4363261010	SPRING-CARRIER UNIT	 $2.73 
TS4363270890	spring-carrier unit/tape feed	 $2.73 
TS4364509130	spring-cass	 $1.10 
TS4364509140	spring-cass	 $1.10 
TS4368886970	spring-cassette	 $49.16 
MSZ79167400A	SPRING-COMPRESSION	 $4.19 
MSZ17413450A	SPRING-DOOR	 $9.50 
TSN89055000A	SPRINGER,STOPPER-R	 $10.93 
MSZ79428770A	SPRING-EXTENSION	 $5.17 
TS4363270850	spring-feeding unit	 $2.73 
TS4363271020	spring-feeding unit	 $2.73 
TS4363271570	spring-feeding unit	 $2.73 
MSZ89014280A	SPRING-RELEASE	 $16.87 
10564080000	SPRINGS	 $0.15 
01038036L000	SPRINGS	 $0.83 
89031163000A	SPRINGS,ACCEPTOR LATCH BUK 100	 $4.20 
TS4363270470	SPRING-STACKING UNIT	 $2.73 
TSN81627000A	SPRING-STC-TRS	 $21.85 
TS4363270650	spring-swing arm roll align	 $2.73 
MSZ76046670A	SPRING-TORSION	 $1.46 
MSZ79013620A	SPRING-TORSION	 $0.64 
MSZ79045630A	SPRING-TORSION	 $0.39 
MSZ79322060A	SPRING-TORSION	 $4.13 
MSZ79322570A	SPRING-TORSION	 $3.56 
TS4364665052	spring-torsionspring tape	 $10.93 
MSZ89175420A	SPRING-TRIGGER,TIME LOCK	 $3.76 
11066403000A	Sprocket Kit Steel Captive Carrier	 $150.69 
TSN89154000A	SPROCKET,DRIVE	 $79.20 
TSN90705000A	SPROCKET,IDLE	 $103.78 
TS4363983844	SPROCKET-STRAP DR UNIT	 $49.16 
49214860000A	SPRT DOOR,STKR CST	 $82.49 
49205395000B	SPRT,FASCIA,MID LEFT	 $32.64 
49248939000A	SPRT,GATE	 $9.48 
49247059000B	SPRUNG CROSS BRACE	 $37.47 
11065475000A	SPS-10	 $257.09 
11065279000A	SPS-10 12VDC POWER SUPPLY	 $356.27 
11065853000A	SPST,SHUNT,ON/OFF,HIGH SECURIT	 $18.56 
11050973000A	SPUERDUCT COVER GASKET KIT	 $14.15 
11050975000A	SPUERDUCT REMO TST REST ST MAG	 $53.99 
11050976000A	SPUERDUCT REMO TST REST ST MAG	 $56.71 
11050974000A	SPUERDUCT REMO TST REST STAT K	 $80.16 
11037921000A	SPUR GEAR       PELCO # 800100	 $18.69 
11034651000A	SPY PRT DIAL ASM  D540/550  85	 $90.72 
TP821014001B	SQUADDRON ACCESS CONTROL INSTA	 $33.30 
TP821096001B	SQUADRON ACCESS OP AND ADMIN	 $17.10 
TP821502001A	SQUARE ONE,VERSION 1.1.0,USERS GUIDE	 $21.60 
1750377544	Square replacement speaker kit	 $588.96 
11031462000A	SQUARE TAGS FOR 11-7341	 $0.14 
11050925000A	SQUARE WAL MOUNT SPEAKER SYSTE	 $61.15 
11065452000A	SR-109AL CHAIN LINK FENCE MOUN	 $114.93 
11043140000A	SR-16 UNIT,BLK,FINANCIAL,TOP	 $1,096.20 
11065453000A	SR-25005A DOOR CONTACT	 $23.55 
19060952000A	SR-8-BASE-SR-8 ETHERNET/SERIAL INTERFACE UNIT FOR NETDVRII(PWR SPLY NOT INCL)	 $1,723.68 
89030646000A	SRAM COMOS 5V32K XB	 $2.47 
00101069000B	SRVC BINDER,EXP DLVY,IBM	 $91.23 
AA000064000A	SRVC GUIDE/INSTL/CNFGR,RAID DRIVE	 $9.00 
BUFI1030000A	SRVC INSTL KIT, EPP 5,923	 $1.25 
00102699000A	SRVC KIT,ANI RELOC,1062/72/73i	 $292.90 
TMMDSS62IB0L	SRVC MNL KIT,MDS	 $78.44 
TMICDSUPI01C	SRVC MNL,473X CMPTBL FEAT,1064I	 $238.50 
TMMDSS070000	SRVC MNL,CONS INTFC PNL	 $105.30 
TMMDSS15000E	SRVC MNL,CONS/JNL PRNTR ON-SITE,956,957,972	 $171.90 
TMCSPPWR000A	SRVC MNL,CSP PWR SPLY	 $83.70 
TMCSPPRN000A	SRVC MNL,CSP RCPT PRNTR	 $105.30 
TMMDSS140000	SRVC MNL,DEEP MTZ CASH PKT BELT DRV	 $116.10 
TMDIVCASI01A	SRVC MNL,DVRT/DUMP ON-SITE	 $119.70 
TMMDSS36I01B	SRVC MNL,EPP ON-SITE	 $108.00 
TMMDSS16000B	SRVC MNL,MDS MMD ON-SITE	 $391.50 
TMMDSS120000	SRVC MNL,MNL CASH PKT	 $135.00 
TMMDSSSV000A	SRVC MNL,ON-SITE,SUNLIGHT VIEWABLE DSPL	 $130.50 
49226646000A	SRVC PART KIT,CD CG	 $0.15 
49278719000A	SRVC PART KIT,CD CG,HAIBAO 5TH GEN	 $87.97 
ULTS16000000	SRVR,TERM,16PORT,W/10BASET LAN INTFC & PWR SPLY	 $5,453.60 
ULTS12320000	SRVR,TERM,1PORT,W/10BASET LAN INTFC & PWR SPLY	 $1,438.77 
ULTS40000000	SRVR,TERM,4PORT,W/10BASET LAN INTFC & PWR SPLY	 $3,439.33 
ULTS80000000	SRVR,TERM,8PORT,W/10BASET LAN INTFC & PWR SPLY	 $4,302.59 
19046893000A	SRVR,TERMINAL,SERIAL,RS232	 $1,233.23 
19046895000A	SRVR,TERMINAL,SERIAL,RS-232,10/100	 $2,055.38 
19046892000A	SRVR,TERMINAL,SERIAL,RS232/RS485	 $411.08 
19046894000A	SRVR,TERMINAL,SERIAL,RS-232/RS-485	 $685.13 
TE002476CONV	SS Motor Controller Conversion Kit	 $425.17 
MH202026000A	'SS" KEY ASM	 $51.35 
11065461000A	SS208C-BG SELECTA TOGGLE SWITC	 $31.37 
11065454000A	SS2408EX STI PNEUMATIC STPPR S	 $315.15 
NZ0000002940	SSPA SECURE E/COMMS	 $1,291.94 
NZ0000002213	SSPB SECURE	 $657.72 
NZ0000002212	SSPB SECURE W/COMM	 $1,315.44 
NZ0000003106	SSPB W/PCCM SECURE ASSY	 $1,644.30 
TS4843201001	SSR SSR1,SSR2-KS-AQR232	 $65.55 
BUFI0869000B	SSTC - UPGRADE TO THE ENCRYPTING HARD DRIVE	 $4.40 
11050927000A	SSU PAM 1	 $19.58 
11050928000A	SSU RIC	 $35.63 
11051635000A	ST 6 PK SINGLE MULTI MODE LOAD	 $43.71 
39011997028A	ST ROLLER	 $43.79 
11065026000A	STA FA SPNO TERMINALS	 $45.50 
21016834000A	STABILIZER,HTR VAT 7	 $33.38 
NZ0000001667	STACK LED IE	 $27.41 
NZ0000001585	STACK SENSOR ASM.	 $25.21 
NZ0000002662	STACK SENSOR ASSY	 $0.02 
49247124000K	STACK,ENDPLATE	 $12.98 
MSZ17256520A	STACKER CAM49008069A	 $74.46 
11062253000A	STACKER SWITCH GAUGE	 $646.38 
49250148000B	STACKER TRAY ARM, CAM SIDE	 $7.56 
BUFI0227000A	STACKER TRAY SHOULDER SCREW STIFFENER	 $1.12 
NZ0000002431	STACKER WHEEL	 $0.02 
NZ0000001427	STACKER WHEEL - 56XX	 $7.68 
NZ0000002446	STACKER, SHAFT ASSY.	 $0.02 
49250146000C	STACKER,SENSOR CABLE HARNESS	 $169.09 
TSN91998000A	STACKER-SP	 $81.20 
27001046000B	STACKING PIN	 $4.46 
49010731000C	STACKING TRAY	 $94.60 
89030301000A	STACKPOL RS-2 100R 5% RESISTOR	 $0.51 
11050933000A	STAFF STATION PLASTC UL LISTED	 $358.73 
89029763000A	STAINLESS HEADLESS SLOT SHOULD	 $10.56 
21018108000A	STAINLESS HNG	 $13.01 
00051561000A	Stainless Steel Dispenser	 $112.46 
19062852000A	STAINLESS STEEL HOUSING FOR COLOR CAMERA	 $245.16 
11051630000A	STAINLESS STEEL OPERATOR HANDL	 $1,594.40 
19044760000A	STALLION PORT EXPANSION SYSTEM	 $2,836.42 
19063237000A	STALM01 SIGCOM ALARM MOD	 $73.63 
11050934000A	STAND ALONE KEY PAD	 $354.11 
11050935000A	STAND DET BASE W TERM 4 SQ BOX	 $6.66 
TS4362572362	STAND SHUTTER BO L	 $21.85 
TS4364113672	STAND SHUTTER BO L	 $21.85 
21015157000A	STAND,SPRT BAR	 $601.70 
19053144000A	STANDALONE EXTERNAL ETHERNET ADPTR	 $1,022.87 
19053173000A	STANDARD 10% INTFC BOARD ASSY	 $254.47 
CSRD9112BC00	STANDARD BURGLAR PACKAGE	 $615.07 
BUFCO401000A	Standard Passbook Printer Bezel Assembly Replacement	 $1.42 
11050937000A	STANDARD PROX CARDS PRINTABLE	 $8.04 
19049936000A	STANDARD SERVICE,SOFTWARE SUPPORT AGREEMENT	 $8,221.50 
19065388000A	Standard Smoke Bubble for Drop Ceiling Enclosure  - USPS only	 $65.77 
19065384000A	Standard Smoke Bubble for Indoor Pendant Enclosure  - USPS only	 $65.77 
11035692000A	STANDARD WALL READER  IR1051FL	 $653.15 
MSZ69619960A	STAND-OFF #6-32X1/2	 $0.58 
89028783000A	Standoff hex .180 x .750	 $1.81 
MSN90310000A	STANDOFF, #6-32 X 1/8 SELF CLI	 $0.54 
MSN91063000A	STAND-OFF, 10/32X3 HEX-CLSS 1&	 $7.72 
89028543000A	STANDOFF, FEMAL	 $6.45 
MSN92711000A	STANDOFF, PLASTIC TOSHIBA #484	 $0.42 
MSN93739000A	STANDOFF, SELF CLINCHING	 $0.04 
19053298000A	STAND-OFF,BRASS,MTG BASE STATION,SPARE	 $2.46 
21018964000A	STANDOFF,BUMPER	 $11.55 
21020378000B	STANDOFF,CAP/VALVE VAT-28	 $25.95 
31020763000B	STANDOFF,HSG/COVER	 $23.77 
28000824000A	STANDOFF-SWAGED #2-56X.31LG	 $0.46 
00106956000G	STAPLER SLOT PUNCH W/ ADJ	 $60.30 
00050487STAP	STAPLES RIBBON PACK	 $204.12 
19053165000A	STAR COUPLERS/RS-485,8 OUTPUT EXPANDER MEZZANINE PCB	 $172.14 
89031449000A	STAR NETWORK-2.4.0.8 ADV AGENT	 $21.99 
11065305000A	STAR TECH.COM POWER CONN ADAPT	 $16.42 
29017985000A	Starbucks Keypad Assembly	 $133.82 
00107018000A	STARS & STRIPES LANYARD 5/	 $0.90 
11041468000A	START STOP SWITCH, AVII	 $184.28 
11065303000A	STARTECH.COM 350WATT ATX12V	 $115.07 
NCPTASKPROXO	STARTER KIT,PASSPOINT EXPRESS	 $2,737.76 
000503240SFB	STATE FARM BNK CUSTOM DEPOSIT	 $17.28 
TMEFTM15TABS	STATEMENT PRINTER INDEX TAB	 $0.45 
TP799616TABS	STATEMENT PRINTER INDEX TAB	 $0.45 
19039147000A	STATEMENT PRINTER RIBBON CABLE	 $65.77 
19039125000A	STATEMENT PRTR TRACTOR COVER (	 $167.15 
19039126000A	STATEMENT PRTR TRACTOR COVER (	 $21.92 
19039127000A	STATEMENT PRTR TRACTOR SPRING	 $17.42 
TS4366147890	STATIC BRUSH,ES-CLNR-20	 $5.46 
TS4365764241	STATIC BRUSH-TRANSP SECT	 $16.39 
89030645000A	STATIC RAM 300 MIL	 $3.62 
89030647000A	STATIC RAM HIGH PERF - AS7C10	 $3.62 
11050938000A	STATION BED SINGLE	 $53.71 
MSN68219000A	STATION, MANUAL - NON BREAK GL	 $0.00 
TP799113TABS	STATUS INDEX TABS	 $0.45 
TP790950000A	STATUS REPORTER USER'S MANUAL	 $15.30 
TP799980001B	STATUS REPORTING AND HANDLING	 $25.20 
TSN90129000A	STAY,CS-HANDLE	 $64.10 
49252163000A	STAY,RT	 $14.36 
39006748000A	STCK CNTRL BAR,CURR.CASS	 $45.23 
00051711000A	STD 80MM COINCOUNT PAPER	 $21.78 
21016321000A	STD BOX BTRY	 $151.58 
11050936000A	STD OUPT MULT MOD FIB OPT TRAN	 $206.15 
NZ0000001744	STD PC MISC	 $646.76 
41019444000B	STD. BOND BOX 3X5X22	 $47.36 
00050816000A	STD. RECEIPT,3-1/4IN,W/SEN,1X4	 $174.42 
19041180000A	STDF,04-40,04-40 EXTL,0.600,RND	 $3.52 
19019153000G	STDF,06-32 EXTL,06-32 EXTL,0.370,RND	 $0.35 
19019153000F	STDF,06-32 EXTL,06-32 EXTL,0.500,RND	 $0.44 
19019190000H	STDF,06-32 EXTL,PRESS,0.250,RND,W/LK	 $0.62 
19019190000F	STDF,06-32 EXTL,PRESS,0.500,RND,W/LK	 $0.44 
19012842000A	STDF,06-32,06-32 EXTL,0.500,HEX	 $2.30 
19019154000E	STDF,06-32,06-32 EXTL,0.625,RND	 $1.00 
19012842003A	STDF,06-32,06-32 EXTL,1.000,HEX	 $8.06 
19012842006A	STDF,06-32,06-32 EXTL,1.125,HEX	 $8.36 
19012842008A	STDF,06-32,06-32 EXTL,1.375,HEX	 $17.43 
19019152000G	STDF,06-32,PRESS,0.370,RND,W/LK	 $0.34 
19019152000F	STDF,06-32,PRESS,0.500,RND,W/L,1X25	 $0.45 
19019152000A	STDF,06-32,PRESS,1.000,RND,W/LK	 $2.29 
19019203000C	STDF,08-32,08-32 EXTL,1.500,HEX	 $25.27 
29009175000B	STDF,M03.0-0.50,M03.0-0.50 EXTL,006.0,HEX	 $0.61 
29009311000A	STDF,M03.0-0.50,M03.0-0.50 EXTL,010.0,HEX	 $1.57 
29013851000B	STDF,M04.0-0.70,M04.0-0.70 EXTL,030.0,HEX	 $0.99 
29016982000A	STDF,PRESS,PRESS,0.188,RND,W/LK	 $2.30 
19017802000E	STDF,PRESS,PRESS,0.312,RND	 $2.61 
19013367003A	STDF,PRESS,PRESS,0.375,RND	 $0.67 
19013367006A	STDF,PRESS,PRESS,0.750,RND	 $0.78 
29002265000E	STDF,SLF CLNCHG,04-40-0.312,RND	 $0.27 
29000776000C	STDF,SLF CLNCHG,06-32-0.250,RND	 $0.29 
29000776000E	STDF,SLF CLNCHG,06-32-0.312,RND	 $0.30 
29007268000A	STDF,SLF CLNCHG,06-32-0.438,RND,BLIND	 $0.39 
29007268000B	STDF,SLF CLNCHG,06-32-0.500,RND,BLIND	 $0.41 
29000776000J	STDF,SLF CLNCHG,06-32-0.562,RND	 $1.59 
29007268000C	STDF,SLF CLNCHG,06-32-0.562,RND,BLIND,1X10	 $0.59 
19035039000A	STDF,SLF CLNCHG,06-32-1.375,HEX,SPCL	 $4.14 
29009105000D	STDF,SLF CLNCHG,M03.0-0.50-006.0,THRU	 $0.27 
29009281000A	STDF,SLF CLNCHG,M03.0-0.50-010.0,RND,BLIND	 $0.63 
29009281000C	STDF,SLF CLNCHG,M03.0-0.50-016.0,RND,BLI	 $1.12 
29009281000J	STDF,SLF CLNCHG,M03.0-0.50-016.0,RND,BLIND	 $1.51 
29009281000K	STDF,SLF CLNCHG,M03.0-0.50-025.0,RND,BLIND	 $1.57 
29009102000D	STDF,SLF CLNCHG,M04.0-0.70-008.0,THRU	 $0.45 
29009595000A	STDF,SLF CLNCHG,M04.0-0.70-020.0,RND,BLIND	 $1.21 
29007767000J	STDF,SLF CLNCHG,PRESS,0.687,PC	 $1.67 
18020483000B	STDF,SWG,06-32-0.125,HEX,THRU	 $0.57 
29005965000B	STDF,SWG,06-32-1.125,RND	 $2.52 
29005965000A	STDF,SWG,06-32-1.250,RND	 $4.98 
10287800000	STEEL BALL  1/2 IN DIA	 $2.97 
10287710000	STEEL BALL 5/16 DIA	 $0.14 
89029759000A	STEEL PAN HD PHIL SEMS SCREW W	 $1.34 
89029762000A	STEEL PAN HD SEMS PHIL TAPPING	 $1.09 
89029750000A	STEEL PAN HD SEMS SCREW PHIL W	 $1.31 
89029754000A	STEEL PAN HD SEMS SCREW PHIL W	 $1.65 
89029755000A	STEEL PAN HD SEMS SCREW PHIL W	 $1.33 
89029758000A	STEEL PAN HD SEMS SCREW PHIL W	 $1.23 
89029752000A	STEEL PHMS PHIL BIND SCREW ZIN	 $1.26 
89029760000A	STEEL PHMS PHIL BIND SCREW ZIN	 $0.77 
89029748000A	STEEL RETAINING RING--E STYLE	 $1.16 
89029748000B	STEEL RETAINING RING--E STYLE	 $0.63 
39011997049A	STEP MOTOR (103H6703-0448)	 $173.39 
WN007000068A	STEP MOTOR ASSY	 $92.85 
FB006932000A	STEP UP ACI REMOTE CLIENT	 $0.00 
FB006792000A	STEP UP AGILIS 3 ADVANCED MAINTENANCE LICENSE	 $0.00 
FB006933000A	STEP UP AGILIS SUPPLY MANAGER RELEASE V2.4.0	 $0.00 
FB006934000A	STEP UP CAMPAIGN OFFICE AGENT	 $0.00 
FB006935000A	STEP UP ELECTRONIC DATA CAPTURE (EDC) RELEASE V4.3	 $0.00 
FB006936000A	STEP UP EMS REMOTE NOTIFIER	 $0.00 
FB006937000A	STEP UP IQCRM AGENT	 $0.00 
FB006938000A	STEP UP IQESD	 $0.00 
FB006939000A	STEP UP LOCAL SCREEN CHANGE (LSC)	 $0.00 
FB006940000A	STEP UP SOFTWARE DEPLOYMENT RADIA AGENT	 $0.00 
FB006941000A	STEP UP XAPCOM PLUS 3.2	 $0.00 
FB006942000A	STEP UP XAPDEPOSIT 2.4	 $0.00 
FB006943000A	STEP UP XAPWARE PLUS 2.4	 $0.00 
19039196000A	STEPPER MOTOR - 5070/84/85/88	 $219.24 
NZ0000003838	STEPPER MOTOR 7.5 DEG	 $38.34 
NZ0000002246	STEPPER MOTOR COVER	 $26.31 
TSN51122000A	STETHOSCOPE	 $40.28 
11050939000A	STI 1210C	 $165.12 
11050940000A	STI 6550	 $76.19 
11050941000A	STI 6550S	 $211.02 
11050942000A	STI STOPPER COVER W/HORN RED	 $162.32 
MSZ17049740A	STICKER CONSULT TELLER	 $0.23 
MSN93476000A	STICKER, NO COIN - SPANISH	 $3.20 
19044820000A	STICKER,GRAPHIC,CRD INSERTION INSTRUCTION	 $10.14 
19043683000A	STICKER,STOPSIGN,STARBUCKS	 $3.88 
MSN93456000A	STICKER,TV RECORDING - SPANISH	 $12.58 
39006582000B	STIFFENER	 $11.46 
21021270000A	STILE COVER - LATCH	 $156.21 
49214847000A	STKR,PUSH PLATE REL BRKT	 $8.96 
49214842000A	STKR,PUSH PLATE,GUIDE	 $5.46 
19038641000A	STMT PRNTR FORMS,STRT-UP PKG	 $11.70 
00050329000A	STNDRD DEPOSIT ENVELOPES,1X500	 $37.80 
11030697000B	STOCK CUT GUARD TUMBLER HHM #1	 $8.61 
11047595000A	STOCK KEY	 $21.13 
19014120000A	STOP	 $8.23 
18010554000A	STOP *03328	 $5.71 
17002054000A	STOP ANGLE-BOLT CARRIER	 $2.42 
21020024000A	STOP BACK COVER	 $115.14 
21020148000A	STOP BACK COVER	 $106.97 
89026123000A	STOP BAR (187001)	 $0.61 
MSZ75922050A	STOP CARRIER	 $30.34 
11050943000A	STOP FILL PLT 5/8 CLR 8 IN SEC	 $33.27 
11050945000A	STOP LI W/HORN 9V BATT SUR STA	 $181.54 
11030574000A	STOP PIN	 $4.10 
17001566000A	STOP PIN	 $0.78 
49024314000B	STOP PLATE, UPPER	 $15.14 
10826920000	STOP RETAINER	 $0.45 
11050944000A	STOP STATION W CVR TRN TO RESE	 $167.15 
MSN78430000A	STOP, 1/2 X 3 1/2 DRAWER	 $4.17 
MSN77223000A	STOP, DOOR	 $0.39 
MSN86964000A	STOP, INTERLOCK	 $0.00 
39009402000C	STOP,CAN,PRSNTR	 $13.22 
49252482000A	STOP,PUSHPLATE	 $2.45 
29009185000A	STOP,PVT	 $11.23 
49213711000B	STOP,STACK	 $33.78 
TSN88236000A	STOPPER	 $0.00 
TSN88237000A	STOPPER	 $0.00 
11051504000A	STOPPER COVER SS-2008	 $322.47 
11051505000A	STOPPER COVER SS-2204	 $88.58 
11051506000A	STOPPER COVER SS-2331	 $161.72 
11051510000A	STOPPER COVER STI-1250	 $116.96 
11051508000A	STOPPER CVR FOR STRBE STI-1227	 $116.36 
11051507000A	STOPPER DOME STI-1219	 $116.36 
11050946000A	STOPPER LI WITHOUT HORN FOR	 $115.10 
11050947000A	STOPPER LI WITHOUT HORN WEATH	 $172.09 
30014810000	STOPPER PIN POST	 $7.29 
89026734000A	STOPPER SEIKO # 1424010	 $1.77 
11051512000A	STOPPER STI-7511E	 $96.85 
TSN90130000A	STOPPER,SAFE-CS-CASSETTE	 $1.10 
TSN90697000A	STOPPER,SKEW-FEED LOCK	 $21.85 
11050948000A	STOPPR LI W/O HORN SURF STAT I	 $160.34 
41022239900O	STOR DWR,PULL-OUT,MM,W/DVDRS 2721-2722	 $36.63 
41022239900S	STOR RK,1/4 IN T CRTG,RL-O SHLF ONLY 2721-2722	 $163.75 
41022239900R	STOR RK,16MM UFILM,RL-O SHLF ONLY 2724	 $172.37 
41022239900U	STOR RK,3480 CRTG,RL-O SHLF ONLY 2721-2722	 $163.75 
41022239900Q	STOR RK,6MM UFILM,RL-O SHLF ONLY 2721-2722	 $159.44 
11051683000A	STORAGE ENCLOSURE FOR 6830 HAN	 $1,120.73 
11066290000A	Storeroom Lever LSDA G2 Clutch 2-3/4 Inch BS UL	 $194.00 
TMMDSS00TABI	STP - MANUAL TM-MDSS09	 $0.45 
18020581000A	STR RLF ADPTR	 $1.19 
11062255000A	STR&TA SHAF ASSY WRNCH/PVT DIS	 $2,585.52 
38000572000R	STRAIGHT PLUG	 $12.22 
18010627000A	STRAIGHT TRACK KIT * 3597	 $1,014.54 
21021030000A	STRAP BELLCRANK	 $143.42 
MSZ69673000A	STRAP RELAY HOLD DOWN	 $0.42 
21019477000A	STRAP, TUBE HANGING	 $0.53 
29010373000B	STRAP,BTRY MTG	 $20.72 
29011058000A	STRAP,CA,ALRM	 $44.60 
19049169000A	STRAP,HARNESS,THERMAL CAMR	 $82.22 
19049170000A	STRAP,NECK,THERMAL CAMR	 $67.57 
21016232000B	STRAP,RTNR,SNSR	 $1.26 
19055363000A	STRAP,SHELF,MON,WALL MT	 $19.19 
27000876000B	STRAP-BOLT CARRIER	 $11.66 
TSCU3003000A	STRAPPER ASSEMBLY	 $50,524.43 
MSZ17383810A	STRAPPING BLOCK,6 POSITION	 $2.03 
TS4368870550	strapping clamper unit	 $14,108.61 
TS4366264660	STRAPPING CLAMPER UNIT,ASM-CLAMPER	 $1,971.82 
TSN90011000E	STRAPPING TAPE FIFTY DOLLAR	 $18.16 
TSN90011000B	Strapping Tape- FIVE DOLLAR	 $16.25 
TSN90011000F	STRAPPING TAPE ONE HUNDRED DOL	 $18.16 
TSN90011000C	STRAPPING TAPE TEN DOLLAR	 $16.25 
TSN90011000D	STRAPPING TAPE TWENTY DOLLAR	 $16.52 
11050949000A	STRAT 2 6 2-WAY SPK SYS 425 DE	 $135.66 
11050950000A	STRB AMB WAL 24VDC 15 30 95CD	 $135.66 
11050956000A	STRB AMB WAL H INT 24VDC 115/1	 $78.93 
11050951000A	STRB BLU CEIL 24VDC 15 30 75 9	 $78.93 
11050957000A	STRB DEIL 24VDC 15/30/75/95CD	 $238.43 
11050952000A	STRB RED CEIL 24VDC 15 30 75 9	 $87.15 
11050953000A	STRB RND CEIL 24VDC 15 30 75 9	 $74.08 
11050959000A	STRB WAL 24VDC 15/30/75/110CD	 $63.14 
11050954000A	STRB WAL 24VDC 1575CD RD C7471	 $68.74 
11050960000A	STRB WALL 24VDC 15/30/75/110CD	 $72.16 
11050955000A	STRB WALL WTHPRF 24VDC 75CD WH	 $75.83 
11051821000A	STRIKE BODY, 1006-12/24D-630	 $542.26 
MSZ79092840A	STRIKE-BAYONET	 $0.42 
MSZ74497080A	STRIKE-COMB LK, DBL WALL	 $24.75 
21013877000B	STRIKER	 $6.45 
21016877000B	STRIKER	 $4.66 
11031162000A	STRIKER ANGLE	 $2.11 
21015023000A	STRIKER ANGLE	 $29.43 
31019868000A	STRIKER BRKT	 $7.07 
41018694000A	STRIKER BRKT	 $80.85 
21016086000A	STRIKER,PLATFORM	 $94.01 
MS521370AA0A	STRIP WEAR NYLTRN-1.5	 $2.31 
MSN86307000A	STRIP, 15 5/8 LG. WEATHER	 $0.12 
MSN67917000A	STRIP, 16 POLE TERMINAL  *ELEC	 $18.57 
MSN66619000A	STRIP, 18P TERMINAL         *E	 $19.05 
MSN66036000A	STRIP, 4P TERMINAL          *E	 $0.00 
MSN86296000A	STRIP, 8 3/8 LG. WEATHER	 $6.98 
NZ0000002522	STRIP, MYLAR	 $0.02 
MSN93934000A	STRIP, TERMINAL, 2 POLE WIELAN	 $8.57 
MSN81734000A	STRIP,14 IN LONG SPONGE	 $0.00 
29007651000A	STRIP,ATCH	 $0.77 
TSN90967000A	STRIP,TABLE FEED-TEFLON	 $27.32 
MSN79314000A	STRIPES, (4/CARRIER)    *GOLST	 $0.54 
MSN79308000A	STRIPES, (4/CARRIER)  *GOLSTON	 $1.70 
MSN79316000A	STRIPES, PKG OF 4  *GOLSTON #S	 $0.77 
MSZ79321500A	STRIP-FOAM (ORDER IN QTY'S OF	 $4.23 
11043800000A	STRIPPER BOLT	 $21.13 
MSN51362000A	STRIPPER, WIRE *SEARS #XL100X*	 $26.94 
39013276012B	STRIPPER,PPR	 $20.61 
MSZ17414410A	STRIP-STL-PROX SNS N83743	 $5.54 
49214838000B	STRK,PUSH PLATE REL LEVER	 $42.47 
11050961000A	STROBE	 $73.86 
11050963000A	STROBE CEILING STANDARD	 $34.07 
11050964000A	STROBE FIRE SIG W/3" DEEP FRAM	 $106.08 
11051486000A	STROBE MTWP-2475W-FR	 $106.17 
11051490000A	STROBE NS-24MCW-FR	 $83.39 
11050962000A	STROBE RED LENSE MULT CANDELA	 $87.15 
11051495000A	STROBE RSS-24MCW-FW-UL-ULC	 $63.14 
11051498000A	STROBE RSSP-24MCW-FW-UL/ULC	 $81.91 
11051499000A	STROBE RSSWP-2475W-FW	 $75.83 
11051519000A	STROBE SC24115W	 $67.33 
AA000138000B	STRONG ROOM VAULT DOOR INSTALL	 $5.40 
10609390000	STRTR,FLUOR LMP,115.0VAC,06/08W	 $24.81 
18001031000A	STRTR,FLUOR LMP,115.0VAC,14/15/20W	 $4.34 
00050494000B	STRT-UP KIT,MEDIA	 $349.42 
19021350000A	STRT-UP KIT,MEDIA,1060 ETM	 $4,549.73 
11051823000A	STRUCTURAL CEILING MOUNT ADAPT	 $60.08 
30019910000	STUD	 $1.25 
TSN88207000A	STUD	 $0.00 
IB0170752000	STUD       0988 3614	 $7.07 
BRP00172000A	STUD 6-32X3/4 SELF CLINCHING	 $0.05 
MSN69959000A	STUD, 3 O.D. X 4 LG.	 $9.90 
NZ0000002646	STUD, ACCESS DOOR LATCH	 $5.48 
MSN77329000A	STUD, CHECK SPRING	 $2.56 
NZ0000002801	STUD, NUT	 $0.71 
29009880000A	STUD,CHAS MTG	 $2.51 
TSN64149000A	STUD,HEATER-STP	 $111.97 
29001453000B	STUD,SLF CLNCHG,10-32-0.50,FLUSH	 $0.10 
29009103000F	STUD,SLF CLNCHG,M03.0-0.50-010.0,FLUSH	 $0.17 
29014443000A	STUD,SLF CLNCHG,M04.0-0.70-006.0,FLUSH,NYLOCK	 $0.41 
29012084000A	STUD,SLF CLNCHG,M08.0-1.25-025.0,FLUSH	 $0.63 
TSN92137000A	STUD,SP	 $35.51 
19041753000A	STUD,SPR ANCHOR,06-32	 $23.12 
19019375000A	STUD,THD BALL,31-18-0.55	 $3.52 
21015955000C	STUD,WELD,10-32-1.00,SM FLG,SLTD	 $4.51 
MSZ89122740A	STUD-THREADED,COMB TIME L	 $8.57 
TP821194001A	SU and SD Underctr Installatio	 $15.30 
21013761000B	SUB 22-2076-E             *	 $73.64 
21021160000A	SUB ASM LOCK/LOCK MOUNT	 $109.67 
89029967000A	SUB LOADING ARM - PANASONIC 60	 $4.45 
11051824000A	SUB LS-NVP/B, AIPHONE	 $225.24 
11033106000A	SUB OK PER BANKLOCK 10-96	 $8.15 
ULRD105X0000	SUBRACK,MDL,CNTRLR,RD-105	 $402.86 
ULRD32760000	SUBRACK,PRE-TXT,EQ,SW,RD-3276	 $4,338.22 
ULRD16C08RXX	SUBRACK,VID,COMBINER,RD-16C08R	 $2,014.27 
ULRD16C16RXX	SUBRACK,VID,COMBINER,RD-16C16R	 $3,357.12 
ULRD16C32RXX	SUBRACK,VID,COMBINER,RD-16C32R	 $4,699.96 
ULRD32C08RXX	SUBRACK,VID,COMBINER,RD-32C08R	 $4,028.54 
ULRD32C16RXX	SUBRACK,VID,COMBINER,RD-32C16R	 $6,714.23 
ULRD32C32RXX	SUBRACK,VID,COMBINER,RD-32C32R	 $9,399.92 
ULPHMT2000MA	SUBRACK,VID,I/O,PH-MT2000MAX	 $1,277.07 
49256114007C	SUN FO CUT HP SENS AK	 $83.29 
19048064000A	SUN HOOD,CAMR,WHT,W/HDW PKG	 $27.03 
19041321000A	SUN SHIELD,MAGNUM	 $54.90 
PLSS40100000	SUN SHROUD FOR PELCO EH4010 CA	 $29.30 
PLSS40140000	SUN SHROUD FOR PELCO EH4014	 $50.22 
PLE706S00000	SUN SHROUD PELCO 6" DIA CAMERA	 $121.68 
BUFI0254000A	SUNLIGHT VIEWABLE DSPL CVRSN,15 IN VGA TO 9 IN,1072IX(4785)	 $0.78 
39014439000A	SUNSHIELD,CAMR HSG	 $36.86 
19047149000A	SUNSHIELD,HSG,OUTDOOR,9488 SERIES	 $95.92 
19049168000A	SUNSHIELD,THERMAL CAMR	 $342.57 
89030904000A	SUNTRUST DFD IMAGE 4 CD SET	 $34.21 
89030903000A	SUNTRUST DRD IMAGE 4 CD SET	 $34.21 
MSZ21008090A	SUP CLIP A/G 2336-2749-YE	 $0.18 
11050970000A	SUPERDUCT AIR SAMPLE TUBE 18	 $16.04 
11050971000A	SUPERDUCT AIR SAMPLE TUBE 24	 $12.83 
11050967000A	SUPERDUCT AIR SAMPLE TUBE 36	 $12.88 
11050968000A	SUPERDUCT AIR SAMPLE TUBE 42	 $13.65 
11050969000A	SUPERDUCT AIR SAMPLE TUBE 60	 $13.82 
11050972000A	SUPERDUCT AIR SAMPLE TUBE 78	 $20.64 
AA023920000S	SUPPLMT 1 TO DIEB EQUIP 25PCS	 $1.03 
89029645000A	SUPPLY SIDE REEL     VSS 305	 $4.70 
TP820487001A	SUPPLYSOURCE PLUS CONTROL CENTER USER'S GUIDE	 $36.00 
TP820492001A	SUPPLYSOURCE PLUS DT USER'S GUIDE	 $4.87 
18020640000A	SUPPORT	 $10.87 
29025226000A	SUPPORT	 $15.23 
BTC9222AH000	SUPPORT BRACKET ADJUST HEAD 10	 $68.52 
28010308000B	SUPPORT BRKT BASE *03026	 $8.62 
890304800XXA	SUPPORT PCB MDS-CR TRK2	 $572.67 
890304800XXB	SUPPORT PCB MDS-CR TRK2-ROHS	 $572.67 
890304770XXA	SUPPORT PCB MDS-CR TRK3	 $572.67 
890304770XXB	SUPPORT PCB MDS-CR TRK3/ROHS	 $572.67 
19065173000A	SUPPORT PLATE FOR VDA-NWDFMT CEILING MOUNT KIT, ADJUSTABLE FOR SUSPENDED CEILING GRIDS OF 600MM OR 24 INCHES.	 $71.25 
190477630XXA	SUPPORT PROM	 $0.05 
190477640XXA	SUPPORT PROM	 $0.05 
890304801XXA	SUPPORT PWB	 $572.67 
MSN87586000A	SUPPORT, P.C. BOARD *RICHCO #L	 $14.16 
49218922000A	SUPPORT,BEARING,DOCKING PIN	 $10.47 
21015066000A	SUPPORT,CA	 $0.59 
49217594000A	SUPPORT,NOTE STOP	 $5.46 
49203204000C	SUPPORT,REINFORCEMENT	 $57.77 
19048299000A	SUPPORT,SONICWALL PRO 2040,8X5	 $918.07 
19048300000A	SUPPORT,SONICWALL PRO,2040,24X7	 $1,246.93 
19048303000A	SUPPORT,SONICWALL PRO,3060,24X7	 $1,877.25 
19048302000A	SUPPORT,SONICWALL PRO,3060,8X5	 $1,383.96 
19048306000A	SUPPORT,SONICWALL PRO,4060,24X7	 $3,137.88 
19048305000A	SUPPORT,SONICWALL PRO,4060,8X5	 $2,315.73 
11050977000A	SURF BOX FOR AUD BASE	 $23.02 
PLICS1000000	SURF DM SMK COL STD RES 8MM NTSC	 $0.00 
11037479000A	SURF MT BOX	 $57.42 
19056483000A	SURF MT BOX,LS-NVP/B	 $51.17 
19064445000A	SURF MTG BOX REAR & BOT CND ENTRY	 $58.33 
11050993000A	SURFAC BX RED FOR GENESIS SPKR	 $16.59 
11050995000A	SURFAC MNT BACK BX FOR PUL SAT	 $20.09 
11050999000A	SURFAC MNT BX INDOR WHT 1 GANG	 $16.99 
11051000000A	SURFAC MNT DOR HLDR CHR 24 120	 $117.05 
11051204000A	SURFACE ANNUCIATOR WALL BOX	 $149.43 
11050978000A	SURFACE BACK BOX RED STEEL	 $16.15 
11051654000A	SURFACE BOX FOR 1534-1	 $35.63 
11050990000A	SURFACE BOX FOR GENESIS SPKR	 $16.59 
11050991000A	SURFACE BOX FOR SOUNDER BASE	 $21.92 
11050992000A	SURFACE BOX INDOOR RED	 $38.21 
11050994000A	SURFACE BOX INDOOR WHITE	 $15.35 
11050998000A	SURFACE MNT BX INDOR RED 1 GAN	 $16.99 
11050996000A	SURFACE MOUNT BOX	 $22.98 
11050997000A	SURFACE MOUNT BOX FOR LSRA SER	 $69.70 
PLSD53TCSMWO	SURFACE MOUNT DOME	 $2,565.38 
PLSD53C2SMWO	surface mount dome 22 x color	 $3,325.87 
PLSD53C2SMBO	surface mount dome 22x camera	 $3,325.87 
PLSD53M2SMWO	SURFACE MOUNT DOME 22X MONOCHR	 $3,116.99 
PLSD53CBSMWO	SURFACE MOUNT DOME,23XCOLOR	 $3,934.26 
19058661000A	SURFACE MOUNT MAGNETIC CONTACT STANDARD GAP,1-1/4	 $5.21 
11037517000A	SURFACE MT BOX	 $117.85 
11065219000A	SURFACE MT NC CONTACT 1" GAP	 $4.60 
31018462000A	SURFACE MTG,WALL BOX	 $68.04 
11051001000A	SURFACE WALL BOX GRAY	 $594.69 
11051002000A	SURGE FIRE TWO PAIR	 $95.09 
11041563000A	SURGE PART ZBS RS232	 $134.10 
11035708000A	SURGE PROTECTION DEVICE   V15L	 $76.73 
BRP00010000A	SURGE PROTECTOR POWER STRIP	 $0.05 
11065258000A	SURGE PROTECTOR, 35314	 $186.35 
19063524000A	SURGE PRTCTR/SUPPRESSOR,1 OUT,DIRECT NEMA 5-15P	 $14.09 
19048674000A	SURGE SUPPR,8 OUTLET,PROF GR	 $46.67 
19049627000A	SURGE SUPPRESSOR,2 OUTLET	 $53.43 
19059226000A	SURGE SUPPRESSOR,2 OUTLET,PLUG-IN	 $54.18 
BRP00929000A	SURGE SUPRESSOR	 $0.05 
NZ0000003426	SURROUND ASSY - 5890	 $4,823.28 
11040174000A	SURVEY KIT	 $759.25 
11040178000A	SURVEY KIT MNL	 $2.39 
11032132000A	SUSPENSION LEGAL - C7805 SEE I	 $98.25 
11036809000A	SUSPENSION, LETTER SIZE	 $96.44 
11065099000A	SVC - CABLE	 $13.71 
1750353546	SVC KIT,VAT DOOR ARM	 $74.62 
41022859000A	SVC KIT,VAT DOOR ARM	 $69.65 
TM000254001B	SVGA REAR OPERATORO DSPL ON-SITE REPAIR MNL	 $118.80 
19020643000A	SW	 $72.14 
39011126000A	SW ACTR	 $16.22 
39011592000A	SW ACTR,LVR,BOX RGTR	 $1.90 
28001077000A	SW ACTR,LVR/RLR	 $27.09 
11006727000C	SW ACTR,PB,RECT	 $6.95 
11006727000F	SW ACTR,PB,RECT	 $3.67 
11035156000B	SW ACTR,PB,RECT,RED	 $2.78 
39005424000C	SW ACTR,PB,RECT,SEND	 $17.50 
19011992000D	SW ACTR,PB,RND,BLU	 $4.31 
18020635000A	SW BRACKET	 $14.93 
11062207000A	SW BUTTON ASM	 $1,936.84 
19035214000A	SW GUARD	 $3.71 
19035214000B	SW GUARD	 $89.21 
41013532000A	SW PLATE,LWR	 $3.20 
19046884000A	SW,4-PORT,PS/2	 $205.54 
21016791000A	SW,BRKT	 $16.15 
19010006000E	SW,DIP RKR,03 FORM A	 $5.74 
19010006000F	SW,DIP RKR,04 FORM A	 $12.07 
19010006000H	SW,DIP RKR,06 FORM A	 $4.72 
29013250000A	SW,DIP SL,08 FORM A,SMT	 $8.92 
ULHE266IT000	SW,HOLD UP,FOOTRAIL,DPDT	 $153.74 
UL601WHITE00	SW,HOLD-UP,1 BUTTON,LATCHING	 $8.36 
UL601MWHITE0	SW,HOLD-UP,1 BUTTON,MOMENTARY	 $12.58 
ULDP1WHITE00	SW,HOLD-UP,TWO BUTTON,LATCHING,NO/NC	 $19.54 
ULDP2S000000	SW,HOLD-UP,TWO BUTTON,LATCHING,NO/NC,STAINLESS STEEL	 $23.21 
19058135000A	SW,HOLDUP,W/PLASTIC COVER	 $26.16 
19057374000A	SW,KVM,2-PORT,PS/2 PLATFORM	 $219.11 
29004750000A	SW,KY LK,1 FORM C,SLDR	 $46.62 
19010172000A	SW,KY LK,1 FORM C,WIRE	 $38.91 
21017138000A	SW,LK,SHUNT	 $100.96 
29025154000A	SW,LVR 1 FORM	 $43.73 
39014106000A	SW,LVR,1 FORM C,QDISC	 $10.71 
39014276000A	SW,LVR,2 FORM C,QDISC	 $25.11 
39014107000A	SW,LVR/RLR,1 FORM C,QDISC	 $12.57 
39014410000A	SW,LVR/RLR,1 FORM C,QDISC	 $14.77 
10865470000	SW,LVR/RLR,1 FORM C,SLDR	 $27.23 
ULSWITCH2200	SW,MDL,CHASSIS,24 ETHERNET PORTS	 $15,785.28 
11036216000A	SW,MICRO,ROLLER	 $82.33 
ULAB23200000	SW,MNL,DATA,RS-232 W/CA	 $137.03 
ULPAN2000001	SW,PANIC,NURSE,NC,8FT LEAD,IVORY	 $10.50 
ULPAN1000000	SW,PANIC,NURSE,NO,8FT LEAD,IVORY	 $10.50 
29016408000A	SW,PB,1 FORM A,PC,MOM	 $15.29 
29001594000A	SW,PB,1 FORM A,PC,MOM,RED,W/LED	 $6.08 
39013744000A	SW,PB,1 FORM A,PC,MOM,RTANG	 $2.31 
39017517000A	SW,PB,1 FORM A,PC,MOM,TACTILE	 $1.84 
29012037000A	SW,PB,1 FORM A,QDISC	 $15.30 
10316480000	SW,PB,1 FORM A,SCR	 $1.35 
29008323000A	SW,PB,1 FORM C,PC,MOM	 $33.79 
29001934001B	SW,PB,1 FORM C,PC,MOM,BLK,W/LED	 $29.40 
19010936000A	SW,PB,1 FORM C,QDISC	 $9.05 
29014074000A	SW,PB,1 FORM C,QDISC,W/LED,YEL,CALL	 $117.02 
29014108000A	SW,PB,1 FORM C,QDISC,W/LED,YEL,CALL,LGE	 $127.82 
29017066000A	SW,PB,1 FORM C,QDISC,W/LED,YEL,CALL,LGE	 $101.10 
19008007000A	SW,PB,1 FORM Z,PC,MOM,W/PROT CAP	 $4.76 
11016857000E	SW,PB,2 FORM C/2 FORM A,QDISC/SLDR,BLK	 $8.64 
19008003000A	SW,PB,4 FORM C,SLDR	 $40.44 
19036008000A	SW,PLGR,1 FORM C	 $10.40 
39014125000A	SW,PLGR,1 FORM C,QDISC	 $5.17 
39014126000A	SW,PLGR,1 FORM C,QDISC	 $4.68 
110132650000	SW,PLGR,2 FORM C,QDISC	 $33.69 
29007657000A	SW,PLGR,2 FORM C,QDISC,MOM	 $12.75 
12005453000A	SW,PLGR,2 FORM C,QDISC,MOM,W/LOCKOUT	 $18.97 
DM3030000000	SW,PUSH BUTTON,SILENCE/RESET	 $15.62 
39017640000A	SW,REED,1 FORM A,W/ACTR MAG	 $11.42 
39017640000B	SW,REED,1 FORM A,W/ACTR MAG	 $24.74 
18020473000A	SW,REED,1 FORM A,WIRE	 $34.47 
19057488000A	SW,REX,PNEUMATIC,SGL GANG	 $645.08 
29003330000A	SW,RKR	 $29.91 
29014039000A	SW,RKR,1 FORM A,QDISC	 $15.50 
12006580000A	SW,RKR,1 FORM A,QDISC,MOM	 $44.80 
39017543000A	SW,RKR,1 FORM A,QDISC,MOM	 $7.76 
39017587000A	SW,RKR,1 FORM A,QDISC,MOM	 $87.17 
49230923000A	SW,RKR,1 FORM C,QDISC,GOLD	 $23.40 
29013793000A	SW,RKR,2 FORM A,QDISC	 $71.37 
39009916000A	SW,RKR,2 FORM A,QDISC	 $10.79 
29015726000A	SW,RKR,2 FORM A,QDISC,LT	 $51.05 
39017554000A	SW,RKR,2 FORM A,QDISC,LT	 $56.31 
11035027000A	SW,RKR,3 FORM C,QDISC,MOM	 $15.58 
49245766000A	SW,RKR,BAT SOLAR	 $3.21 
19008008000A	SW,TGL,1 FORM C,PC,MOM,RTANG	 $6.64 
39013013000B	SW,THRMSTC,C/R 030C,O/F 020C,QDISC,AUTO RST	 $9.77 
29016967000A	SW,THRMSTC,O/R 060F,C/F 040F,QDISC,AUTO RST	 $18.36 
29005148000B	SW,THRMSTC,O/R 080F,C/F 050F,QDISC,AUTO RST	 $107.06 
29006279000A	SW,THRMSTC,O/R 090F,C/F 075F,QDISC,AUTO RST	 $20.60 
29016974000A	SW,THRMSTC,O/R 090F,C/F 075F,QDISC,AUTO RST	 $434.70 
29015836000A	SW,THRMSTC,O/R 140F,C/F 090F,QDISC,AUTO RST	 $44.60 
29016977000A	SW,THRMSTC,O/R 150C,QDISC,MNL RST	 $144.90 
39004608000A	SW.UNIT,DR,SRFC MTD	 $86.00 
49202890000C	SWING ARM, CAP,UPR	 $18.32 
21016308000B	SWINGBOLT	 $408.30 
BUIB0830000A	SWIPE CARD AVAILABILITY ANNOUNCEMENT	 $0.06 
89031507000A	SWITC, DIP, SHUNT, 6 POS	 $1.60 
11032494000A	SWITCH	 $12.20 
89029069000A	SWITCH	 $4.38 
MSK9883300BA	SWITCH	 $25.06 
MSN64683000A	SWITCH	 $5.46 
MSN66488000A	SWITCH	 $8.57 
TSN66710000A	SWITCH	 $0.00 
TSN66720000A	SWITCH	 $0.00 
TSN66721000A	SWITCH	 $0.00 
TSN66728000A	SWITCH	 $0.00 
TSN66729000A	SWITCH	 $0.00 
TSN66730000A	SWITCH	 $0.00 
11036944000A	SWITCH      PELCO	 $8.67 
MSN69873000A	SWITCH - OPEN LOOP/NORMALLY CL	 $12.33 
28000957000A	SWITCH * 3632            ALTERNATE ACTION	 $61.69 
28000958000A	SWITCH * 3633            MOMENTARY ACTION	 $43.73 
MSN69595000A	SWITCH *MICRO#DT2RA7 W/MCD 271	 $0.00 
MSZ17496970A	SWITCH 125VAC ROCKER	 $33.21 
21014616000A	SWITCH ACTUATOR	 $10.76 
01060283L000	SWITCH ACTUATOR  2201 RECORDES	 $24.17 
01060283R000	SWITCH ACTUATOR 2201 RECORDESK	 $24.17 
MSZ69387450A	SWITCH ADEMCO #112	 $9.95 
11031622000A	SWITCH AND WIRE ASM 64049	 $47.43 
TSN65598000A	SWITCH ASSB,E-2061G	 $24.58 
TSN65585000A	SWITCH ASSB,MICRO-MS-E21,P	 $16.39 
TSN90460000A	SWITCH ASSB,T-STR-SW	 $185.72 
MSN68311000A	SWITCH ASSB., SPST MAGNETIC DO	 $0.00 
TSN65597000A	SWITCH ASSEMBLY,E-2029G	 $32.77 
MSZ69380320A	SWITCH ASSY	 $4.41 
21014284000A	SWITCH BRACKET	 $0.41 
21014369000A	SWITCH BRACKET	 $14.01 
21014607000A	SWITCH BRACKET	 $3.22 
41020629000A	SWITCH BRACKET	 $50.98 
18001454000A	SWITCH BRACKET *02939	 $4.70 
28000993000B	SWITCH BUTTON - BRING	 $1.36 
28000993000A	SWITCH BUTTON - POWER	 $1.36 
28000993000C	SWITCH BUTTON - SEND	 $1.36 
18001513000A	SWITCH BUTTON * 3577	 $4.05 
MSZ69379610A	SWITCH BUTTON-LIGHTED,WHI	 $0.27 
MSZ17069530A	SWITCH CALL/SEND	 $35.99 
89026750000A	SWITCH CAPSULE,SAMEAS8926607-A	 $9.59 
11035734000A	SWITCH DISMANTLING TOOL	 $27.15 
11005589000A	SWITCH HOUSING BRKT	 $4.46 
11066406000A	Switch Interlock	 $102.62 
NZ0000002773	SWITCH INTERLOCK MAIN SAFE	 $104.90 
22002276000C	SWITCH LABELS	 $27.18 
28000445000A	SWITCH LEVER *02999	 $52.49 
19011051000A	SWITCH LOCK	 $16.24 
28010495000A	SWITCH MERCURY	 $25.69 
11042407000A	SWITCH MOUNTING BRACKET HA45	 $91.13 
NZ9980869189	SWITCH PAPER FEED RECEIPT	 $43.85 
18010444000A	SWITCH PLATE	 $138.92 
11066085000A	Switch Recall Customer	 $28.67 
19008001000A	SWITCH ROTARY (OAK-5-12551-318)	 $14.42 
11066296000A	SWITCH SEND RED	 $294.03 
11051003000A	SWITCH TRANSFER	 $788.28 
10864390000	SWITCH UNIT	 $15.58 
MSN64984000A	SWITCH W/LEVER	 $10.98 
89029919000A	SWITCH W\LT GRAY CAP	 $5.87 
NZ0000001911	SWITCH WIDTH - 56XX	 $10.96 
TS4368860310	Switch Wiring I/L	 $76.47 
MSN67339000A	SWITCH, 20 AMP *P&S #ACD201*	 $41.09 
MSN93996000A	SWITCH, ASSY-GRI 400 WG N/L GR	 $15.81 
MSN68556000A	SWITCH, DPDT 3POS. *C & K #721	 $30.94 
MSN68535000A	SWITCH, DPDT MOMENTARY *C & K	 $19.38 
MSN67447000A	SWITCH, DPDT PUSHBUTTON (Z1742	 $29.21 
MSN66533000A	SWITCH, DPDT SINGLE SHUNT-4 KE	 $171.90 
MSN64144000A	SWITCH, DPDT TOGGLE *C&K #7205	 $22.00 
MSN67219000A	SWITCH, DPDT TOGGLE *CUTLER HA	 $20.48 
MSN64407000A	SWITCH, DURESS - HAND ACTIVATE	 $58.56 
MSN72782000A	SWITCH, LIMIT *MICRO #BZ-2RQ81	 $113.05 
89026144000A	SWITCH, LINE LOCAL (197081)	 $16.30 
MSN69363000A	SWITCH, MAGNETIC CONTACT - 1/2	 $10.68 
MSN67155000A	SWITCH, MS-14 MAG. DOOR	 $56.71 
MSN67154000A	SWITCH, MS-15 MAG. DOOR - W/MA	 $0.00 
MSN67157000A	SWITCH, MS-22 DR-W/MAG *SENTRO	 $22.33 
MSN94283000A	SWITCH, ON/OFF ROCKER	 $21.96 
BRPT0002000A	SWITCH, PAPER FEED	 $0.05 
MSN93631000A	SWITCH, PSHB MOMENTARY N.O. *#	 $0.00 
MSN94285000A	SWITCH, PUSH BUTTON BLACK	 $36.22 
MSN92614000A	SWITCH, PUSHBUTTON-SPDT-PC MOU	 $8.21 
MSZ17496540A	SWITCH, ROCKER	 $7.56 
MSN68975000A	SWITCH, ROTARY-PC MOUNT *STNDA	 $0.00 
MSN69373000A	SWITCH, S/A CM-16 HD	 $115.07 
MSN64539000A	SWITCH, SECURITY LIGHT	 $46.67 
21018774000A	Switch, Send	 $15.08 
MSN82769000A	SWITCH, SINGLE SHUNT-W/7 KEYS	 $160.89 
MSZ69380910A	SWITCH, SPDT MICRO BZ-R21-A2	 $52.87 
MSN67852000A	SWITCH, SPDT PUSHBUTTON *LICON	 $42.47 
MSN93997000A	SWITCH, SPDT W/MAGNET-GRI402 W	 $22.12 
MSN65158000A	SWITCH, SPDT/P.C.MOUNT *C&K #7	 $11.60 
MSN64426000A	SWITCH, SPST ROCKER	 $3.71 
MSN68935000A	SWITCH, SPST/N.O. PUSHBUTTON*S	 $16.46 
49256504000A	SWITCH, SUBMINIATURE PUSHBUTTON	 $16.32 
MSN68542000A	SWITCH, TAMPER *CHERRY #E69-30	 $8.86 
MSN72244000A	SWITCH, TAMPER *MICRO #3AC6*	 $70.79 
MSN69304000A	SWITCH, TAMPER SPST - ROCKER 1	 $11.09 
49206742000A	SWITCH,004 KY,OPN KYBD W/AUD JACK	 $89.37 
00155362000A	SWITCH,004 KY,OPN KYBD,MTL DOME,13.72 CTR	 $30.72 
49211465000A	SWITCH,004 KY,OPN KYBD,MTL DOME,23.76 CTR	 $68.97 
MSN68082000A	SWITCH,2POLE/2POS.ROTARY*CHI.#	 $0.00 
21017860000B	SWITCH,DOUBLE POLE ACTUATOR	 $59.64 
TSN65596000A	SWITCH,E21 MICRO CHERRY,#E21-00K	 $11.03 
MSN66447000A	SWITCH,MAGNETIC-W/E.O.L.68K(MO	 $73.90 
TSN65438000A	SWITCH,MICRO	 $11.79 
TSN64701000A	SWITCH,P,B-SP/J/MO42501	 $1.37 
TSN64702000A	SWITCH,P.B.-SP/J/M041001	 $2.73 
TSN66736000A	SWITCH,PUSHBUTTON	 $0.00 
TSN65616000A	SWITCH,ROCKER-HLS208K-R,P	 $8.08 
TSN65441000A	SWITCH,SLIDE	 $2.21 
MSN72723000A	SWITCH,SPDT 3 POS.*SWITCHCRAFT	 $0.00 
MSZ17507190A	SWITCH,SPDT PC  ?   65157	 $74.13 
TSN65559000A	SWITCH,SPE78-30A	 $24.58 
MSN66542000A	SWITCH,SPST/N.O.PSHBTTN-GREEN*	 $4.97 
MSN66543000A	SWITCH,SPST/N.O.PUSHBUTTN-RED*	 $0.00 
19036507000A	SWITCH,TAMPER	 $5.67 
MSN72594000A	SWITCH,USE N93996,N93998,N9399	 $0.00 
MSN72596000A	SWITCH,USE N93997,N93998,N9399	 $0.00 
NOBBSW625A00	SWITCHBOX,MON	 $1,118.12 
29001693000A	SWITCH-CODE INDICATING	 $7.02 
MSN70409000A	SWITCHER, 4 POS. SEQ. W/SINGLE	 $335.83 
11060124000A	Switcher, Digital Control & Ma	 $5,256.69 
BLTC51416000	SWITCHER,4CMRA INP,1 MON	 $157.82 
11038319000A	Switcher,BR,SEQ,15 in, 2 out	 $1,210.48 
ULDESSI100DT	SWITCHER,INTFC,SMALL,8X2,DESKTOP	 $1,886.83 
ULDESSI100R0	SWITCHER,INTFC,SYSTEM,SMALL,8X2,RACK MT	 $1,886.83 
19041531000A	SWITCHER,SYSTEM,INTFC,MDM,32 ALRM INPUT,32X4	 $3,494.14 
19041532000A	SWITCHER,SYSTEM,INTFC,MDM,32 ALRM INPUT,32X8	 $6,015.40 
ULSW82R0EM00	SWITCHER,VID,SMALL,REMOTE,8-INPUT,2-OUTPUT	 $662.49 
ULSW82REM000	SWITCHER,VID,SMALL,REMOTE,8-INPUT,2-OUTPUT	 $715.60 
89028994000A	SWITCHES	 $1.59 
TSN63168000A	SWITCH-FN382-6/22	 $0.00 
NZ0000002735	SWITCH-INTERLOCK	 $0.02 
MSZ69373040A	SWITCH-MICRO	 $33.12 
MSZ89006440A	SWITCH-MICRO	 $6.19 
MSZ79327590A	SWITCH-MOD,TA-45	 $29.89 
89030626000A	SWITCHMODE REGULATOR LT1376-5	 $19.79 
89030593000A	SWITCHMODE REGULATOR LT1376-5+	 $16.25 
MSZ17416280A	SWITCH-P/BUTT-GRN61000-0	 $29.89 
MSZ69364320A	SWITCH-PUSH BUTTON	 $5.46 
39002029000B	SWITCH-PUSHBUTTON WH	 $13.83 
MSZ17420490A	SWITCH-ROCKER DPDT MOSLER	 $52.26 
NZ0000001067	SWITCH-ROCKER ON/OFF ON TCM	 $21.92 
NZ0079819640	switch-rocker on/off on tcm	 $21.92 
MSZ69376700A	SWITCH-SPST,PUSHBUTTON,P/	 $10.03 
MSZ69383310A	SWITCH-SQ,P/B,LED	 $92.30 
MSZ17609920A	SWITCH-TOGGLE	 $42.75 
MSZ17420060A	SWITCH-WHITE,ROCKER DPDT	 $32.45 
11043771000A	SWTCH, PLNGER-CMPCT DWNSND TL	 $86.88 
39014179000B	SWTCHR,SEQ,8-POSITION	 $158.95 
39014178000B	SWTCHR,VID,4-POS,PAL,SEQ	 $147.99 
ULKSS08T1U0K	SWTCHR,VID,8 CAMR,DESKTOP,TERMINATED	 $261.72 
ULMX09624L00	SWTCHR,VID,PRE-PKG,96INP,24 OUT,LOOPING	 $22,883.18 
41015541000E	SWTCR,VID,INTL,BRG,SEQNTL,4	 $0.00 
41015541000F	SWTCR,VID,INTL,BRG,SEQNTL,8	 $831.60 
ULMX12816000	SWTCR,VID,PRE-PKG,128 INPUTS,16 OUTPUTS	 $16,854.08 
ULMX12816L00	SWTCR,VID,PRE-PKG,128 INPUTS,16 OUTPUTS,FULL LOOPING	 $18,909.45 
ULMX12824000	SWTCR,VID,PRE-PKG,128 INPUTS,24 OUTPUTS	 $23,431.28 
ULMX12824L00	SWTCR,VID,PRE-PKG,128 INPUTS,24 OUTPUTS,FULL LOOPING	 $25,897.73 
ULMX12832000	SWTCR,VID,PRE-PKG,128 INPUTS,32 OUTPUTS	 $24,335.64 
ULMX12832L00	SWTCR,VID,PRE-PKG,128 INPUTS,32 OUTPUTS,FULL LOOPING	 $27,542.03 
ULMX19216000	SWTCR,VID,PRE-PKG,192 INPUTS,16 OUTPUTS	 $20,690.78 
ULMX19216L00	SWTCR,VID,PRE-PKG,192 INPUTS,16 OUTPUTS,FULL LOOPING	 $24,417.86 
ULMX19224000	SWTCR,VID,PRE-PKG,192 INPUTS,24 OUTPUTS	 $29,597.40 
ULMX19224L00	SWTCR,VID,PRE-PKG,192 INPUTS,24 OUTPUTS,FULL LOOPING	 $34,256.25 
ULMX19232000	SWTCR,VID,PRE-PKG,192 INPUTS,32 OUTPUTS	 $30,282.53 
ULMX19232L00	SWTCR,VID,PRE-PKG,192 INPUTS,32 OUTPUTS,FULL LOOPING	 $34,667.33 
ULMX03208000	SWTCR,VID,PRE-PKG,32 INPUTS,8 OUTPUTS	 $9,728.78 
ULMX03208L00	SWTCR,VID,PRE-PKG,32 INPUTS,8 OUTPUTS,FULL LOOPING	 $10,824.98 
ULMX32032000	SWTCR,VID,PRE-PKG,320 INPUTS,32 OUTPUTS	 $45,218.25 
ULMX04808000	SWTCR,VID,PRE-PKG,48 INPUTS,8 OUTPUTS	 $10,413.90 
ULMX04808L00	SWTCR,VID,PRE-PKG,48 INPUTS,8 OUTPUTS,FULL LOOPING	 $11,784.15 
ULMX06416000	SWTCR,VID,PRE-PKG,64 INPUTS,16 OUTPUTS	 $13,565.48 
ULMX06416L00	SWTCR,VID,PRE-PKG,64 INPUTS,16 OUTPUTS,FULL LOOPING	 $14,661.68 
ULMX06408000	SWTCR,VID,PRE-PKG,64 INPUTS,8 OUTPUTS	 $10,962.00 
ULMX06408L00	SWTCR,VID,PRE-PKG,64 INPUTS,8 OUTPUTS,FULL LOOPING	 $12,058.20 
ULMX09616000	SWTCR,VID,PRE-PKG,96 INPUTS,16 OUTPUTS	 $15,072.75 
ULMX09616L00	SWTCR,VID,PRE-PKG,96 INPUTS,16 OUTPUTS,FULL LOOPING	 $17,402.18 
ULMX09624000	SWTCR,VID,PRE-PKG,96 INPUTS,24 OUTPUTS	 $20,416.73 
ULMX096224L0	SWTCR,VID,PRE-PKG,96 INPUTS,24 OUTPUTS,FULL LOOPING	 $22,883.18 
ULMX09632000	SWTCR,VID,PRE-PKG,96 INPUTS,32 OUTPUTS	 $21,101.85 
ULMX09632L00	SWTCR,VID,PRE-PKG,96 INPUTS,32 OUTPUTS	 $23,431.28 
MSZ17446340A	SW-TELLER CONT. PCB PV800	 $6.99 
11051004000A	SXL 8 CLASS A ZONE MODULE	 $351.05 
11051007000A	SXL LEASED LINE MUN TIE MOD	 $274.32 
FB006648000A	SYMANTEC ENDPOINT PROTECTION 11 V1.0.0, MEDIA KIT	 $24.44 
19062941000B	SYMANTEC ENDPOINT PROTECTION EULA	 $0.61 
TP821347001A	Symantec Endpoint Prtctn v11 Client User's Guide	 $9.90 
11051008000A	SYNC MOD	 $97.87 
11051009000A	SYNC MODULE SINGLE CIRCUIT 1-C	 $80.57 
19041645000A	SYNC,V.35 DIGI,570 PACK	 $5,599.13 
ULB61018020A	SYNC/ASYNC RS232 LINE CRD	 $2,713.10 
11051641000A	SYNCHRONIZED STROBE	 $213.81 
89030899000A	SYNOVUS UPDATE CSD V1.0.0	 $9.77 
AA000056000A	SYQUEST EZ135 DRIVE TECH MANUA	 $130.50 
11051021000A	SYS SEN 4 WIRE SMOKE DETECTOR	 $76.17 
11051013000A	SYS SEN 4 WR P/E SMK DET I3 SE	 $70.63 
11051017000A	SYS SEN BACK BX SKRT WALL WHT	 $12.74 
11051020000A	SYS SEN DCT SMK DET REPL DH100	 $270.49 
11051022000A	SYS SEN INTEL AIR DCT SMK DET	 $366.27 
11051024000A	SYSEM SENSOR SAMPL TUBE 5' HOL	 $21.52 
00050388000A	SYSTEM 1000 CARTRIDGE      FIF	 $9.45 
00050388000B	SYSTEM 1000"HIGH SPEED" CART.	 $23.63 
19049692000A	SYSTEM CONTROLLER,W/KEYBOARD & JOYSTICK	 $1,027.69 
11051011000A	SYSTEM PRINTER DESK TOP STYLE	 $1,144.79 
11051012000A	SYSTEM PRT VDU-3 CCA4/8 FIRWKS	 $1,526.41 
11051014000A	SYSTEM SENSOR AUDIBLE SPEAKER	 $49.33 
11051015000A	SYSTEM SENSOR BACK BOX RED	 $13.36 
11051016000A	SYSTEM SENSOR BACK BOX SKIRT	 $13.36 
11051018000A	SYSTEM SENSOR BASSE	 $13.71 
11051023000A	SYSTEM SENSOR MDL HORN STROBE	 $130.18 
PLCX900TLC00	SYSTEM TEST & RCVR BD FOR COAX	 $144.86 
TP799207000S	system trning jan-jun 2000	 $0.05 
89028854000A	SYSTEMCONTROL BOARD/GYYR#F5995	 $391.50 
NZ0000001140	T"CONNECTOR FOR VACUUM TUBING"	 $18.51 
11065347000A	T1/ISDN BRI CLOCK UNIT	 $225.60 
49207839010A	T2+ FLAG	 $8.92 
11051827000A	T-520SW READER	 $440.89 
11051828000A	T-520SW READR KIT,GRY,SNGLE-WI	 $612.89 
11051829000A	T525 READER BLACK 12 KEY KEYPD	 $806.42 
11051830000A	T-525SW READER, 12-KEY, BLACK	 $848.87 
19078762000A	T8124-E outdoor power supply	 $639.56 
19083829000A	T91E61 Wall Mount	 $76.83 
19083830000A	T94K01D PENDANT KIT	 $76.83 
TMM11869000A	TA 20 INSTALLATION GUIDE	 $89.10 
MSZ77212650A	TA10RS HEATER ASSEMBLY	 $210.52 
TMMDSS34TABS	TAB  VOICE GUIDANCE	 $0.45 
TP820326TABS	TAB "INSTALLATION" TP820326	 $0.90 
TP820327TABS	TAB "OPERATOR GUIDE" TP820327	 $0.90 
TMEFTM19TABS	TAB FOR MANUAL TM-EFTM19	 $0.45 
79009170000B	TAB SET FOR 1221 REACT(4CLEAR)	 $0.45 
AA000142TABS	TAB SET FOR AA-000142 MANUALS	 $3.60 
79009193000B	TAB SETS FOR 1251/1252 BANK OF	 $0.45 
TP820610TABS	tab, mech combo lock tp820610	 $0.90 
19050038000A	TAB,KYBD	 $11.53 
TP770149000A	TABS 900 SERIES PROTOCOL MANUA	 $18.00 
TP790807000A	TABS 9000 3500/4700 PROGRAM MA	 $8.10 
TP790907000A	TABS 9000 5251 SDLC/SNA MANUAL	 $13.50 
TP790817000A	TABS 9000 IBM 2250 COMMUN. MAN	 $13.50 
TM900081000D	TABS 9000 ON-SITE REF MANUAL	 $195.30 
TP790908000A	TABS 9000 REFERENCE MANUAL	 $26.10 
TMCRDR390100	TABS 9000 TERM.CARD READER 1ST	 $183.60 
TP790951000A	TABS 903,906,912/922 PROGRM MA	 $95.40 
TP790859000A	TABS 910/920 TERM. ENCRYPTION	 $2.61 
TMFSCA390100	TABS 910/920 TERM.FASCIA 1ST.L	 $112.50 
TP790813000A	TABS 910/920/911/921 PROGRAM M	 $81.90 
TP790802000A	TABS 910ATM/920 DISP OPER GUID	 $35.10 
TP790899000A	TABS 911/921 OPER PROC SUMMARY	 $6.30 
TP790915000A	TABS 911/921 OPER PROC SUMMARY	 $6.30 
TP770093000A	TABS ACTIVATOR CARD REF MANUAL	 $19.80 
TMDFSA390100	TABS DCDM RELATED FASCIA	 $113.40 
TMPDSC390000	TABS911/921 POWER DIST.& SGNL	 $126.00 
MSN79134000A	TAG BLANK KEY ALUM (ORDER IN 1	 $3.07 
19041896000A	TAG,ID,VEH,PASSIVE	 $14.02 
ULVEHICLETAG	TAG,PASSIVE,VEH,HID	 $20.56 
ULAVT1590000	TAG,VEH,ID,ACTIVE,MOT	 $63.04 
89030191000A	Take up \ Supply Reel Sensor	 $3.95 
11065455000A	TAKESIX MOTION DETECTOR	 $179.33 
39009655068A	TAKE-UP BELT	 $34.34 
39000418000A	TAKE-UP CLUTCH,SRVLNC CAMR,35MM	 $45.90 
39009655052A	TAKE-UP PAPER DETENT	 $12.22 
49208428000D	TAMBOUR DOOR ASSEMBLY	 $21.16 
28000935000A	TAMBOUR SLAT * 3621      USE PART B	 $28.70 
28000935000B	TAMBOUR SLAT * 3622      COVER PART A	 $20.48 
BLK550000000	TAMPER KIT  FOR BTC9346	 $122.67 
19047160000A	TAMPER KIT,CAMR HSG,UP TO 5	 $40.55 
PLLK40000000	TAMPER PRF KIT FOR PELCO EH400	 $198.94 
31018464000A	TAMPER PROOF SCREW	 $0.75 
19047917000A	TAMPER PROOF SCREW KIT,CAMR ENCL,DOME,TPS-10	 $86.33 
10804840000	TAMPER SCREW	 $9.31 
89031017000A	TAMPER SECURITY BAG	 $0.26 
18000113000A	TAMPER SW HSG	 $20.32 
19057058000A	TAMPER SW KIT,CAMR HSG,HSG9483	 $32.44 
11051831000A	TAMPER SWITCH	 $8.04 
11035803000A	TAMPER SWITCH          43-1015	 $78.30 
41027355000A	Tamper switch (for TRAC-Vault BT)	 $246.42 
41027172000A	TAMPER SWITCH ASSEBLY WITH HARDWARE	 $190.59 
18000115000A	TAMPER SWITCH KIT  115-10	 $36.63 
11051218000A	TAMPER SWITCH SPDT	 $276.18 
41027165000A	TAMPER SWITCH WITH HARDWARE	 $175.93 
19057961000A	TAMPER TOPPER ROLLER BALL PLUNGER SWITCH	 $5.68 
49018335000A	TAMPER,BIN,IDMII	 $58.97 
19041902000A	TAPE	 $11.13 
TS4366265120	Tape \ Heater Asm	 $8,362.22 
39011997043A	TAPE 1	 $17.81 
11033766000A	TAPE 1" MASKING  ISSUE BY ROLL	 $5.00 
39011997044A	TAPE 2	 $14.94 
39011997046A	TAPE 3	 $7.39 
21016937000A	TAPE BACK-UP UNIT,250 MEG,SCSI	 $1,027.69 
TS4366265030	TAPE CATCH-WINDER UNIT,ASM-CATCH	 $811.13 
19042822000A	TAPE CRTGE,EXTRA,SILENT WITNESS	 $93.18 
19042821000A	TAPE DRIVE,INTRNL,20GB,SILENT WITNESS	 $4,118.98 
TS4366264690	TAPE FEED UNIT,ASM-TP/HT/CUT	 $9,673.38 
TS4368840070	TAPE FEED UNIT-W/HEATER,CUTTER	 $12,191.41 
11041824000A	Tape Formatted DDS4 5 pack	 $861.84 
11040204000A	TAPE MOUNTING TRAY,HP SERVER,5100D	 $167.33 
TS4368840082	TAPE REEL ASSB	 $2,337.78 
TS4366261261	TAPE WINDER ARM	 $65.55 
MSN86549000A	TAPE, 1/2 IN./2 HR.VIDEO CASSE	 $4.33 
21017386000A	TAPE,90M	 $43.47 
19042833000A	TAPE,ACRL,M 1.10 X 05.00 X 12.50,DBL SIDED ADH	 $0.79 
21016943000A	TAPE,KIT,BACK-UP SCSI	 $1,401.57 
19020895000A	TAPE,MATL,0.0120 X 1.0000,ADH	 $0.24 
19041328000A	TAPE,PLYUTHN,0.0625 X 0.5000 X 12.0000,ADH,BLK	 $4.66 
39013049002A	TAPE,QUICK 80 CONNER,250MB	 $87.95 
TSN90011000A	TAPE,STRAPPING-2500FT COIL	 $16.52 
MSN69001000A	TAPE,URETHANE FOAM - (Z1744941	 $4.01 
18001355000A	TAPECOAT	 $148.20 
MSZ89110440A	TAPE-FOAM,1/8X1/4	 $0.69 
TSN88240000A	TAPE-M/DETECT	 $0.00 
MSZ79062510A	TAPE-TRANSFER, ADH (ORDER IN 1	 $0.23 
11051027000A	TASCAM PROF DUAL WELL CASS DEK	 $934.52 
NZ0000003648	TASK LIGHT DRIVER ASSEMBLY	 $16.70 
11051028000A	TBE 32-63 IN AIR/DMP MS20E/MS2	 $144.70 
89031369000A	TCD ERROR CODES QRG	 $4.89 
89030211000A	tcdt1102g	 $13.02 
NZ4450599952	TCM I/O ASM - 5674	 $712.53 
11043645000A	TCP/IP ETHERNET SURGE, ASC	 $67.57 
89030622000A	TCS PLUS CLASS DOCUMENTATION	 $8.55 
11051030000A	TCXA 64 POINT TERM CABINET RED	 $321.27 
11041772000A	TD 2-BUTTON SWITCH ASM.	 $1,515.03 
1750386867	TD Auto Return Button Kit	 $396.53 
11066474000A	TD Bill Trap Bar Kit	 $310.42 
11066411000A	TD Customer Door Pivot Post	 $61.58 
TDUSEDCASSET	TD RECYCLED CASSETTES	 $0.05 
11043420000A	TD REPLACEMENT MOTOR	 $2,063.16 
11043567000A	TD ROCKER REPLACEMENT KIT	 $1,452.71 
11066410000A	TD Teller Door Pivot	 $200.54 
11044532000A	TD THREADED ROD	 $907.55 
MSN93946000A	TECH SPRAY #1671-AEROSOL*	 $24.75 
DMTECHCD0000	Technical CD-ROM disc	 $0.02 
DMTECHNOTEBO	TECHNICAL NOTEBOOK	 $144.59 
89031518000A	TECHNICIAN ON SITE PLACARD	 $4.31 
41020541000B	TEE,ALUMINUM EXTRUSION	 $27.45 
11051031000A	TEFLN BCK UP RNG PSTN 112 VALV	 $2.75 
11043405000A	TEFLON COATED DRIVE TAPE	 $90.07 
11051033000A	TEK-PORT CARD FOR NC350 MASTER	 $1,775.57 
11051034000A	TEK-TONE ENTER VIEW MONITOR	 $797.63 
11051035000A	TEKTONE PUSH BUTTON CALL CRD 7	 $41.80 
11051036000A	TEK-TONE REMOTE STATION	 $182.24 
11051037000A	TEK-TONE SINGLE BED STATION	 $107.70 
11051038000A	TEK-TONE WIRELESS PENDANT RECV	 $325.60 
MSZ76484590A	tel air-10 carrier	 $67.20 
MSZ76484590P	TEL AIR-10 CARRIER PINK	 $75.60 
TMM11640000A	TEL-AIR 10 INSTAL&SERV GUIDE	 $77.40 
BUM11850000A	TEL-AIR 10RS CAMERA	 $0.05 
TMM11639000A	TEL-AIR ULTIMA QUICK REF GUIDE	 $77.40 
11051832000A	TELCO LIGHTING PROTECTION	 $172.79 
21018398000A	TELECONFERENCE,DUAL	 $175.77 
21018397000A	TELECONFERENCE,SGL	 $92.61 
69000865000A	TELEPHONE DIALER	 $674.58 
29000429000A	TELEPHONE HANDSET	 $60.83 
19057918000A	TELEPHONE JACK,RJ31X	 $9.46 
19059487000A	TELEPHONE JACK,SURF MT	 $8.23 
AA0004500000	TELEPHONE LINE TAMPER T.S. GUI	 $116.10 
11051039000A	TELEPHONE PAGING INTERFACE	 $645.39 
00050341000A	TELETYPE PAPER 5000 2 PT (12RL	 $108.00 
00050344000A	TELETYPE RIBBON	 $60.30 
TP820668001A	TELGUARD CELL ALARM TRANSMISSI	 $13.50 
TP820670001A	TELGUARD CELL ALRM TG200/300	 $13.50 
TP820673001A	TELGUARD CELL SYS INSTL&OP GD	 $18.90 
TP820674001A	TELGUARD CELL SYS INSTL&OP GD	 $18.00 
11062461000A	TELGUARD DIGITAL ANTENNA	 $301.46 
TP820672001A	TELGUARD QUICK INSTL. WIRE GD	 $0.90 
AA000481000C	TELGUARD SC INSTALLATION & OPE	 $36.00 
AA000490000A	TELGUARD T-1630M INSTALLATION/	 $22.50 
AA000480000B	TELGUARD T-3100UL INSTALLATION	 $37.80 
TP820671001A	TELGUARD TG100/200/300 INSTL G	 $0.90 
TP790912000A	TELLER ASSIST OPERATING GUIDE	 $11.70 
00050457000A	TELLER ASSIST PAPER	 $3.31 
19064317000A	Teller countertop camera, 1/3 inch color DSP, high-res 480TVL, Fixed 2.9mm lens, 28 inch high, 24vac	 $846.82 
19064312000A	Teller countertop camera, 1/3 inch color DSP, high-res 480TVL, Fixed 2.9mm lens, 5 inch high, 24vac	 $819.41 
19064316000A	Teller countertop camera, 1/3 inch WDR color, high-res 480TVL, Fixed 2.9mm lens, 28 inch high, 24vac	 $1,038.65 
00013523000D	TELLER DISPLAY,NTSC,TWO WAY,RTS VIDEO	 $5,670.21 
00050496000I	TELLER DISPSENSER RBN IR61P	 $91.53 
11038582000A	TELLER DOOR ASM HA-1000	 $4,624.99 
11043693000A	TELLER ELEVATOR SWITCH	 $306.39 
MSN90326000A	TELLER UNIT ASSB., UPSEND -ABO	 $0.00 
31015229000G	TELLER UNIT IDENT *3679  NO	 $38.57 
31015229000H	TELLER UNIT IDENT *3680  NO	 $4.30 
31015229000J	TELLER UNIT IDENT *3681  NO	 $4.30 
31015229000B	TELLER UNIT IDENT NO	 $2.93 
31015229000E	TELLER UNIT IDENT NO	 $4.54 
41027159000A	TEMPLATE	 $122.18 
49018946000A	TEMPLATE,FASCIA,IDM II,1062i	 $22.00 
11036008000A	TEMPLATE,PPR	 $4.10 
11051663000A	TEMPORAL HORN	 $47.66 
11051674000A	TEMPRAL HRN HI LO BD OUTPUT 24	 $43.03 
19039110000A	TENSION ARM ASM. - 50XX	 $10.96 
89028761000A	TENSION BAND	 $6.03 
89029635000A	TENSION BAND  -  BURLE	 $8.23 
11032069000A	TENSION BAND   VCR	 $1.54 
11031987000A	TENSION BAND RCA #148009	 $14.39 
11033512000A	TENSION DEVICE   6X SAFE	 $2.05 
19039122000A	TENSION ROLLER	 $10.96 
29008455052A	TENSION ROLLER	 $16.59 
19039138000A	TENSION ROLLER, DISPENSER - 50	 $10.96 
30024050000	TENSION SPRINGS FOR 120 MVNT	 $2.15 
NZ0000002541	TENSION, ARM SUB-ASSY	 $0.02 
49220789000A	TENSIONER,BELT	 $24.94 
49223941000B	TENSIONER,BELT	 $6.28 
49222508000A	TENSIONER,BELT,VALIDATOR,TYPE B	 $73.86 
49215679000A	TENSIONER,PICKER,BCA	 $44.28 
29009030000A	TENSIONER,RBR	 $15.27 
49220764000A	TENSIONER,SHUTTLE	 $8.61 
19006111000A	TERM ADPTR,QDISC,FEM,2 MALE,0.250	 $0.14 
11066270000A	Term BD, Plug-In, Wire Clmp,006 CKT M 03.81	 $10.49 
49229243000A	TERM BD,ADJACENT JMPR,24 A	 $1.38 
29005768000A	TERM BD,BUS BAR,01 CKT	 $0.56 
39014022000E	TERM BD,PC,SCR,HORIZ,002 CKT	 $1.63 
39004777001A	TERM BD,PC,WIRE CLMP,HORIZ,002 CKT,PLUG-IN	 $6.83 
39004777008B	TERM BD,PC,WIRE CLMP,HORIZ,009 CKT,PLUG-IN	 $7.24 
29001622010A	TERM BD,PC,WIRE CLMP,HORIZ,010 CKT,BARRIER	 $6.45 
39004777010A	TERM BD,PC,WIRE CLMP,HORIZ,011 CKT,PLUG-IN	 $24.44 
39004777014A	TERM BD,PC,WIRE CLMP,HORIZ,015 CKT,PLUG-IN	 $79.01 
39004777015A	TERM BD,PC,WIRE CLMP,HORIZ,016 CKT,PLUG-IN	 $46.62 
39008189003A	TERM BD,PC,WIRE CLMP,VERT,005 CKT,PLUG-IN	 $6.63 
39013787000C	TERM BD,PC,WIRE CLMP,VERT,006 CKT,M 03.81	 $5.09 
39008189006A	TERM BD,PC,WIRE CLMP,VERT,008 CKT,PLUG-IN	 $11.46 
39008189007A	TERM BD,PC,WIRE CLMP,VERT,009 CKT,PLUG-IN	 $11.73 
39008189008A	TERM BD,PC,WIRE CLMP,VERT,010 CKT,PLUG-IN	 $13.03 
39008189011A	TERM BD,PC,WIRE CLMP,VERT,013 CKT,PLUG-IN	 $17.76 
49229465000A	TERM BD,PLATE,END/INTMD	 $1.75 
49229464000A	TERM BD,PLATE,SEPARATOR,GRY	 $1.79 
49229244000A	TERM BD,PLUG-IN,SPR CLMP,002 CKT	 $4.17 
39011966000C	TERM BD,PLUG-IN,WIRE CLMP,002 CKT,M 03.81	 $1.56 
39011966000A	TERM BD,PLUG-IN,WIRE CLMP,005 CKT,M 03.81	 $6.03 
39005588006A	TERM BD,PLUG-IN,WIRE CLMP,007 CKT	 $62.28 
39011966000D	TERM BD,PLUG-IN,WIRE CLMP,010 CKT,M 03.81	 $5.45 
39017094000D	TERM BD,PLUG-IN,WIRE CLMP,010 CKT,M 05.00	 $23.87 
39011966000B	TERM BD,PLUG-IN,WIRE CLMP,012 CKT,M 03.81	 $17.54 
39011965000A	TERM BD,PLUG-IN,WIRE CLMP,HORIZ,003 CKT,M 05.08	 $5.48 
39011965000B	TERM BD,PLUG-IN,WIRE CLMP,HORIZ,005 CKT,M 05.08	 $5.02 
39011965000C	TERM BD,PLUG-IN,WIRE CLMP,HORIZ,006 CKT,M 05.08	 $11.75 
39011965000D	TERM BD,PLUG-IN,WIRE CLMP,HORIZ,008 CKT,M 05.08	 $15.55 
29001087003A	TERM BD,SCR,SCR,HORIZ,003 CKT,BARRIER	 $2.05 
29001087006A	TERM BD,SCR,SCR,HORIZ,006 CKT,BARRIER	 $3.83 
19015124000B	TERM BD,SCR,SCR,HORIZ,008 CKT,BARRIER	 $5.35 
19015124000A	TERM BD,SCR,SCR,HORIZ,009 CKT,BARRIER	 $5.06 
39017290000A	TERM BD,SCR,WIRE CLMP,HORIZ,010 CKT,BARRIER	 $19.58 
27001042000W	TERM BD,SCR,WIRE CLMP,HORIZ,019 CKT,BARRIER	 $40.59 
39013833000A	TERM BD,WIRE CLMP,HORIZ,002 CKT,BARRIER	 $2.20 
21014837000A	TERM BD,WIRE CLMP,WIRE CLMP,02 CKT,SPCL	 $3.24 
39005379001A	TERM BD,WIRE CLMP,WIRE CLMP,HORIZ,002 CKT	 $1.87 
39005379002A	TERM BD,WIRE CLMP,WIRE CLMP,HORIZ,003 CKT	 $3.83 
49228602000B	TERM BD,WIRE CLMP,WIRE CLMP,HORIZ,004 CKT	 $3.63 
39005379008A	TERM BD,WIRE CLMP,WIRE CLMP,HORIZ,009 CKT	 $5.64 
39005379011A	TERM BD,WIRE CLMP,WIRE CLMP,HORIZ,012 CKT	 $9.05 
39008719004A	TERM BD,WIRE CLMP,WIRE CLMP,HORIZ,016 CKT	 $24.68 
39005251000A	TERM BLOCK ADPTR	 $82.22 
19057128000A	TERM CNTRLR CONN KIT	 $71.25 
GR808115501B	TERM CONTRL&REPORT SYS MANUAL	 $78.30 
19019464000B	TERM KIT,MST	 $93.45 
TP821029001B	TERM PRGMG MNL	 $225.00 
11043577000A	TERM STRIP CONN PACK (3,4,6,8P	 $50.70 
DM3250000000	TERM STRIP,W/COVER	 $7.68 
19013811000A	TERM,120	 $2.70 
10527080000	TERM,FLG SPADE,CRP,#06	 $0.55 
10821690000	TERM,FLG SPADE,CRP,#06	 $0.37 
19016784001A	TERM,LUG,WIRE CLMP	 $4.19 
18020796000A	TERM,QDISC,CRP,0.110	 $0.12 
19033393000A	TERM,QDISC,CRP,0.187,26-24 AWG	 $1.08 
19013257000A	TERM,QDISC,CRP,0.250,16-14 AWG	 $15.49 
29005692000A	TERM,QDISC,CRP,0.250,RTANG	 $0.59 
11018282000A	TERM,QDISC/RND,CRP	 $0.14 
11018282000D	TERM,QDISC/RND,CRP	 $0.14 
11018282000E	TERM,QDISC/RND,CRP	 $0.15 
18020579000A	TERM,SPR SPADE,CRP,#06	 $0.45 
19010535000A	TERM,SPR SPADE,CRP,#06	 $0.48 
10588890000	TERMINAL   20 CONN STRIP	 $10.25 
19000706000A	TERMINAL   BATTERY	 $0.25 
11031651000A	TERMINAL   STRIP CLAMP PLATE	 $0.20 
11051041000A	TERMINAL BLOCK	 $20.83 
89030985000A	Terminal Block 2pos 5mm	 $1.52 
89030986000A	Terminal Block 3pos 5mm	 $2.54 
TS4368851920	Terminal Block Assembly	 $101.05 
TS4368851890	TERMINAL BLOCK ASSY-TB02	 $142.01 
TS4368852890	TERMINAL BLOCK ASSY-TB04	 $136.56 
MSN83563000A	TERMINAL BLOCK, 3 POSITION	 $19.57 
11062347000A	TERMINAL BLOCK-COMPACT DOWNSND	 $35.66 
TS4365512030	TERMINAL BOARD (12)	 $21.85 
TS4366245400	TERMINAL BOARD (6)	 $10.93 
19011743000A	TERMINAL BOARD ASSEMBLY	 $157.97 
GR802119001A	TERMINAL CONTROL AND REPORTING	 $16.20 
TP799448001C	TERMINAL CONTROL SOFTWARE EXTE	 $35.10 
11034595000B	TERMINAL INSULATED STAKON MALE	 $1.02 
19012096000A	TERMINAL MALE QUICK CONNECT	 $0.16 
NZ0000003066	TERMINAL PROCESSOR BD	 $931.77 
37001035000A	TERMINAL RACK BOX ASM	 $451.71 
18001504000A	TERMINAL RING	 $0.43 
11041366000A	TERMINAL STRIP	 $76.73 
19036016000A	TERMINAL, 1080C W/T&D	 $2,382.93 
11034595000A	TERMINAL, INSULATED STAKON FEM	 $1.24 
11044739000A	TERMINAL: WYSE S10	 $616.37 
MSZ17057580A	TERMINATION MODULE 1.62K	 $27.67 
41027150000A	TERMINATOR, RJ11 SNET, CASHWIZ II	 $6.66 
11037485000A	TERMINATOR,RS485	 $10.96 
11037894000A	TERMINATOR,RS-485	 $10.96 
MSZ17805040A	TEST CABLE DB25 & DB9 FEM	 $62.33 
11029503000B	TEST CARTRIDGE	 $90.00 
TS4368864891	Test Chart High Gain	 $32.77 
TS4368849771	Test Chart Image Sensor	 $65.55 
TS4368861910	Test Chart Magnetic Sensor	 $81.94 
TS4368865970	Test Chart Set	 $273.11 
19049604000A	TEST DOC,E13B	 $10.40 
19049604000B	TEST DOC,E13B	 $9.45 
19049604000C	TEST DOC,E13B	 $9.45 
19049604000D	TEST DOC,E13B	 $9.45 
19038419000A	TEST DOC,IDM	 $31.32 
19038419000C	TEST DOC,IDM	 $31.78 
19049607000A	TEST DOC,MAG MAP,IDM5	 $9.45 
19049606000A	TEST DOC,OCR-B	 $9.45 
11037533000A	TEST MDL	 $310.59 
49229242003A	TEST NOTE PH,1000,1991/2001	 $34.21 
49229242004A	TEST NOTE PH,20,1986	 $34.21 
49229242005A	TEST NOTE PH,50,1987	 $34.21 
49229242002A	TEST NOTE PH,500,1987/2001	 $34.21 
TS4368864890	TEST NOTE WHITE HIGH GAIN CHAR	 $0.29 
TS4368849770	TEST NOTE WHITE PAPER STDRD501	 $0.58 
49239936015M	TEST NOTE, BYN, 10000, 2001/2011, QR	 $34.21 
49239936018M	TEST NOTE, BYN, 100000, 2005, QR	 $34.21 
49239936016M	TEST NOTE, BYN, 20000, 2002/2011, QR	 $34.21 
49239936019M	TEST NOTE, BYN, 200000, 2012, QR	 $34.21 
49239936014M	TEST NOTE, BYN, 5000, 2000/2011, QR	 $34.21 
49239936017M	TEST NOTE, BYN, 50000, 2002/2011, QR	 $34.21 
49239936004E	TEST NOTE, CLP, 10000, 1989	 $34.21 
49024741013T	TEST NOTE, IDR, 1000, 2016, QR	 $34.21 
49024741016T	TEST NOTE, IDR, 10000, 2016, QR	 $34.21 
49024741019T	TEST NOTE, IDR, 100000, 2016, QR	 $34.21 
49024741014T	TEST NOTE, IDR, 2000, 2016, QR	 $34.21 
49024741017T	TEST NOTE, IDR, 20000, 2016, QR	 $34.21 
49024741015T	TEST NOTE, IDR, 5000, 2016, QR	 $34.21 
49024741018T	TEST NOTE, IDR, 50000, 2016, QR	 $34.21 
49229242044Q	TEST NOTE, IN, 200, 2017	 $34.21 
49229242043Q	TEST NOTE, IN, 200, CTRFT,2017,QR	 $34.21 
49229242039Q	TEST NOTE, INR, 2000, 2016	 $34.21 
49229242040Q	TEST NOTE, INR, 2000, CTRFT, 2016,	 $34.21 
49229242041Q	TEST NOTE, INR, 2000, CTRFT, 2016, QR	 $34.21 
49229242042Q	TEST NOTE, INR, 500, 2016	 $34.21 
49229242037Q	TEST NOTE, INR, 500, CTRFT, 2016,	 $34.21 
49229242038Q	TEST NOTE, INR, 500, CTRFT, 2016, QR	 $34.21 
49229242001Z	TEST NOTE, ISK, 1000, 2004, QR	 $34.21 
49229242004Z	TEST NOTE, ISK, 10000, 2013, QR	 $34.21 
49229242002Z	TEST NOTE, ISK, 2000, 1995, QR	 $34.21 
49229242000Z	TEST NOTE, ISK, 500, 2005, QR	 $34.21 
49229242003Z	TEST NOTE, ISK, 5000, 2003, QR	 $34.21 
49229242006R	TEST NOTE, KWD, 1, 2014	 $34.21 
49229242008R	TEST NOTE, KWD, 10, 2014	 $34.21 
49229242009R	TEST NOTE, KWD, 20, 2014	 $34.21 
49229242007R	TEST NOTE, KWD, 5, 2014	 $34.21 
49229242005T	TEST NOTE, LK, 100, 2011	 $34.21 
49229242007T	TEST NOTE, LK, 1000, 2011	 $34.21 
49229242006T	TEST NOTE, LK, 500, 2011	 $34.21 
49229242008T	TEST NOTE, LK, 5000, 2011	 $34.21 
49229242012P	TEST NOTE, ZAR, 10, 2005	 $34.21 
49229242006H	TEST NOTE,AED,10,1998	 $34.21 
49229242001H	TEST NOTE,AED,100,2003/2013/2015	 $392.51 
49229242003H	TEST NOTE,AED,1000,1989	 $34.21 
49229242007H	TEST NOTE,AED,20,1997	 $34.21 
49229242004H	TEST NOTE,AED,200,2008	 $34.21 
49229242005H	TEST NOTE,AED,5,2000/2015	 $34.21 
49229242008H	TEST NOTE,AED,50,2004/2012/2015	 $34.21 
49229242002H	TEST NOTE,AED,500,1998	 $34.21 
49229242009H	TEST NOTE,AED,500,2011/2015	 $34.21 
49219006000A	TEST NOTE,ARCA,US,1	 $162.73 
49219006000C	TEST NOTE,ARCA,US,10	 $25.86 
49219006000F	TEST NOTE,ARCA,US,100	 $25.86 
49219006000D	TEST NOTE,ARCA,US,20	 $162.73 
49219006000B	TEST NOTE,ARCA,US,5	 $178.04 
49219006000E	TEST NOTE,ARCA,US,50	 $25.86 
49239936001X	TEST NOTE,ARS,1997,RQ	 $34.21 
49239936002X	TEST NOTE,ARS,1998,RQ	 $34.21 
49239936003X	TEST NOTE,ARS,1998,RQ	 $34.21 
49239936005X	TEST NOTE,ARS,1999,RQ	 $34.21 
49239936006X	TEST NOTE,ARS,1999,RQ	 $34.21 
49239936004X	TEST NOTE,ARS,2000,RQ	 $34.21 
49239936007X	TEST NOTE,ARS,2010,RQ	 $34.21 
49239936008X	TEST NOTE,ARS,2012,RQ	 $34.21 
49239936010X	TEST NOTE,ARS,50,2015,QR	 $34.21 
49024741006S	TEST NOTE,AU,5,2001	 $34.21 
49024741014S	TEST NOTE,AUD,10,1993,QR	 $34.21 
49024741017S	TEST NOTE,AUD,100,1996,QR	 $34.21 
49024741015S	TEST NOTE,AUD,20,1994,QR	 $34.21 
49024741012S	TEST NOTE,AUD,5,1995,QR	 $34.21 
49024741013S	TEST NOTE,AUD,5,2001,QR	 $34.21 
49024741018S	TEST NOTE,AUD,5,2016,QR	 $34.21 
49024741016S	TEST NOTE,AUD,50,1995,QR	 $34.21 
49239936001W	TEST NOTE,BDT,100,2006,QR	 $34.21 
49239936006W	TEST NOTE,BDT,100,2011,QR	 $34.21 
49239936004W	TEST NOTE,BDT,1000,2008,QR	 $34.21 
49239936008W	TEST NOTE,BDT,1000,2011,QR	 $34.21 
49239936005W	TEST NOTE,BDT,50,2012,QR	 $34.21 
49239936002W	TEST NOTE,BDT,500,2004,QR	 $34.21 
49239936003W	TEST NOTE,BDT,500,2009,QR	 $34.21 
49239936007W	TEST NOTE,BDT,500,2011,QR	 $34.21 
49267134001M	TEST NOTE,BOB,10,2012,QR	 $34.21 
49267134004M	TEST NOTE,BOB,100,2005/2012,QR	 $34.21 
49267134002M	TEST NOTE,BOB,20,2005/2012/2015,QR	 $34.21 
49267134005M	TEST NOTE,BOB,200,2005/2012/2015,QR	 $34.21 
49267134003M	TEST NOTE,BOB,50,2005/2012/2015,QR	 $34.21 
49267134002E	TEST NOTE,BTN,100,2007,QR	 $34.21 
49267134004E	TEST NOTE,BTN,1000,2008,QR	 $34.21 
49267134001E	TEST NOTE,BTN,50,2008,QR	 $34.21 
49267134003E	TEST NOTE,BTN,500,2006,QR	 $34.21 
49239936008M	TEST NOTE,BYR,10,2016,QR	 $34.21 
49239936011M	TEST NOTE,BYR,100,2016,QR	 $34.21 
49239936009M	TEST NOTE,BYR,20,2016,QR	 $34.21 
49239936012M	TEST NOTE,BYR,200,2016,QR	 $34.21 
49239936007M	TEST NOTE,BYR,5,2016,QR	 $34.21 
49239936010M	TEST NOTE,BYR,50,2016,QR	 $34.21 
49239936013M	TEST NOTE,BYR,500,2016,QR	 $34.21 
49024741013N	TEST NOTE,CA,10,2004,CTRFT	 $34.21 
49229242001G	TEST NOTE,CHF,10,2000	 $267.44 
49229242006G	TEST NOTE,CHF,10,QR	 $34.21 
49229242004G	TEST NOTE,CHF,100,1998	 $267.44 
49229242009G	TEST NOTE,CHF,100,QR	 $34.21 
49229242011G	TEST NOTE,CHF,1000,QR	 $34.21 
49229242002G	TEST NOTE,CHF,20,2000	 $267.44 
49229242007G	TEST NOTE,CHF,20,QR	 $34.21 
49229242005G	TEST NOTE,CHF,200,1997	 $171.05 
49229242010G	TEST NOTE,CHF,200,QR	 $34.21 
49229242003G	TEST NOTE,CHF,50,2003	 $267.44 
49229242012G	TEST NOTE,CHF,50,2016,QR	 $34.21 
49229242013G	TEST NOTE,CHF,50,2016,QR	 $34.21 
49229242008G	TEST NOTE,CHF,50,QR	 $34.21 
49024741017K	TEST NOTE,CNY,100,2015	 $34.21 
49024741018K	TEST NOTE,CNY,100,2015,QR	 $34.21 
49229242007K	TEST NOTE,COP,1000,2006,QR	 $34.21 
49229242010K	TEST NOTE,COP,10000,2001,QR	 $34.21 
49229242017K	TEST NOTE,COP,10000,2016, QR	 $34.21 
49229242014K	TEST NOTE,COP,100000,2016,QR	 $34.21 
49229242008K	TEST NOTE,COP,2000,2006,QR	 $34.21 
49229242015K	TEST NOTE,COP,2000,2016, QR	 $34.21 
49229242011K	TEST NOTE,COP,20000,1999,QR	 $34.21 
49229242013K	TEST NOTE,COP,20000,2016,QR	 $34.21 
49229242009K	TEST NOTE,COP,5000,1998,QR	 $34.21 
49229242016K	TEST NOTE,COP,5000,2016, QR	 $34.21 
49229242012K	TEST NOTE,COP,50000,2000,QR	 $34.21 
49239936003H	TEST NOTE,CRC,5000,2012,QR	 $34.21 
49229242007B	TEST NOTE,CZ,100,CTFT	 $34.21 
49229242004B	TEST NOTE,CZ,1000	 $34.21 
49229242010B	TEST NOTE,CZ,1000,CTFT	 $34.21 
49229242002B	TEST NOTE,CZ,200	 $34.21 
49229242008B	TEST NOTE,CZ,200,CTFT	 $34.21 
49229242005B	TEST NOTE,CZ,2000	 $34.21 
49229242011B	TEST NOTE,CZ,2000,CTFT	 $34.21 
49229242003B	TEST NOTE,CZ,500	 $34.21 
49229242009B	TEST NOTE,CZ,500,CTFT	 $34.21 
49229242006B	TEST NOTE,CZ,5000	 $34.21 
49229242012B	TEST NOTE,CZ,5000,CTFT	 $34.21 
49239936009G	TEST NOTE,DOP,100,2014,QR	 $34.21 
49239936013G	TEST NOTE,DOP,1000,2015,QR	 $34.21 
49239936012G	TEST NOTE,DOP,200,2015,QR	 $34.21 
49239936011G	TEST NOTE,DOP,2000,2014,QR	 $34.21 
49239936008G	TEST NOTE,DOP,50,2014,QR	 $34.21 
49239936010G	TEST NOTE,DOP,500,2014,QR	 $34.21 
49267134005B	TEST NOTE,EGP,100,2007	 $34.21 
49267134002B	TEST NOTE,EGP,20,2007	 $34.21 
49267134003B	TEST NOTE,EGP,20,2007	 $34.21 
49267134006B	TEST NOTE,EGP,200,2009	 $34.21 
49267134001B	TEST NOTE,EGP,5,2008	 $34.21 
49267134004B	TEST NOTE,EGP,50,2007	 $34.21 
49024741010M	TEST NOTE,EU,20,2015	 $34.21 
49024741026E	TEST NOTE,EU,20,2015,CTRFT	 $34.21 
49024741028E	TEST NOTE,EU,20,2015,CTRFT,QR	 $34.21 
49024741011M	TEST NOTE,EU,20,2015,QR	 $34.21 
49024741027E	TEST NOTE,EU,20,2015,SUSPECT	 $34.21 
49024741029E	TEST NOTE,EU,20,2015,SUSPECT,QR	 $34.21 
49024741015M	TEST NOTE,EUR,10, 2002 QR	 $34.21 
49024741018M	TEST NOTE,EUR,100, 2002 QR	 $34.21 
49024741021M	TEST NOTE,EUR,100, 2019 QR	 $34.21 
49024741034E	TEST NOTE,EUR,100,2019,CTRFT,QR	 $34.21 
49024741035E	TEST NOTE,EUR,100,2019,SUSPECT,QR	 $34.21 
49024741016M	TEST NOTE,EUR,20, 2002 QR	 $34.21 
49024741019M	TEST NOTE,EUR,200, 2002 QR	 $34.21 
49024741022M	TEST NOTE,EUR,200, 2019 QR	 $34.21 
49024741036E	TEST NOTE,EUR,200,2019,CTRFT,QR	 $34.21 
49024741037E	TEST NOTE,EUR,200,2019,SUSPECT,QR	 $34.21 
49024741014M	TEST NOTE,EUR,5, 2002 QR	 $34.21 
49024741017M	TEST NOTE,EUR,50, 2002 QR	 $34.21 
49024741012M	TEST NOTE,EUR,50,2017	 $34.21 
49024741030E	TEST NOTE,EUR,50,2017,CTRFT	 $34.21 
49024741032E	TEST NOTE,EUR,50,2017,CTRFT,QR	 $34.21 
49024741013M	TEST NOTE,EUR,50,2017,QR	 $34.21 
49024741031E	TEST NOTE,EUR,50,2017,SUSPECT	 $34.21 
49024741033E	TEST NOTE,EUR,50,2017,SUSPECT,QR	 $34.21 
49024741020M	TEST NOTE,EUR,500, 2002 QR	 $34.21 
49267134001C	TEST NOTE,GTQ,1,2011/2013,	 $34.21 
49267134003C	TEST NOTE,GTQ,10,2010,QR	 $34.21 
49267134007C	TEST NOTE,GTQ,100,2007,QR	 $34.21 
49267134008C	TEST NOTE,GTQ,100,2009,QR	 $34.21 
49267134004C	TEST NOTE,GTQ,20,2010/2011,QR	 $34.21 
49267134009C	TEST NOTE,GTQ,200,2010,QR	 $34.21 
49267134010C	TEST NOTE,GTQ,5,2009,QR	 $34.21 
49267134002C	TEST NOTE,GTQ,5,2010,QR	 $34.21 
49267134005C	TEST NOTE,GTQ,50,2006,QR	 $34.21 
49267134006C	TEST NOTE,GTQ,50,2014,QR	 $34.21 
49267134001L	TEST NOTE,HNL,1,2006/2013,QR	 $34.21 
49267134004L	TEST NOTE,HNL,10,2006/2013,QR	 $34.21 
49267134008L	TEST NOTE,HNL,100,2006/2013,QR	 $34.21 
49267134002L	TEST NOTE,HNL,2,2006/2013,QR	 $34.21 
49267134005L	TEST NOTE,HNL,20,2010,QR	 $34.21 
49267134006L	TEST NOTE,HNL,20,2013,QR	 $34.21 
49267134003L	TEST NOTE,HNL,5,2006/2013,QR	 $34.21 
49267134007L	TEST NOTE,HNL,50,2006/2013,QR	 $34.21 
49267134009L	TEST NOTE,HNL,500,2006/2013,QR	 $34.21 
49229242008V	TEST NOTE,HR,10,CTRFT	 $34.21 
49229242011V	TEST NOTE,HR,100,CTRFT	 $34.21 
49229242009V	TEST NOTE,HR,20,CTRFT	 $34.21 
49229242012V	TEST NOTE,HR,200,CTRFT	 $34.21 
49229242010V	TEST NOTE,HR,50,CTRFT	 $34.21 
49229242003E	TEST NOTE,HU,1000	 $34.21 
49229242010E	TEST NOTE,HU,1000,CTFT	 $34.21 
49229242006E	TEST NOTE,HU,10000	 $267.44 
49229242004E	TEST NOTE,HU,2000	 $34.21 
49229242011E	TEST NOTE,HU,2000,CTFT	 $34.21 
49229242002E	TEST NOTE,HU,500	 $34.21 
49229242009E	TEST NOTE,HU,500,CTFT	 $34.21 
49229242005E	TEST NOTE,HU,5000	 $34.21 
49229242012E	TEST NOTE,HU,5000,CTFT	 $34.21 
49229242030E	TEST NOTE,HUF,2000,2017	 $34.21 
49229242031E	TEST NOTE,HUF,2000,2017, CTRFT	 $34.21 
49229242032E	TEST NOTE,HUF,5000,2017	 $34.21 
49229242033E	TEST NOTE,HUF,5000,2017, CTRFT	 $34.21 
49229242002Q	TEST NOTE,IN,100,1996	 $34.21 
49229242006Q	TEST NOTE,IN,100,1996,CTRFT	 $34.21 
49229242004Q	TEST NOTE,IN,1000	 $34.21 
49229242008Q	TEST NOTE,IN,1000,2000,CTRFT	 $34.21 
49229242005Q	TEST NOTE,IN,50,1997,CTRFT	 $34.21 
49229242003Q	TEST NOTE,IN,500,2000	 $34.21 
49229242007Q	TEST NOTE,IN,500,2000,CTRFT	 $34.21 
49229242025Q	TEST NOTE,INR,10,2011	 $34.21 
49229242031Q	TEST NOTE,INR,10,2011,CTRFT	 $34.21 
49229242028Q	TEST NOTE,INR,100,2011	 $34.21 
49229242034Q	TEST NOTE,INR,100,2011/2015/2016,CTRFT	 $34.21 
49229242030Q	TEST NOTE,INR,1000,2011	 $34.21 
49229242036Q	TEST NOTE,INR,1000,2011/2015,CTRFT	 $34.21 
49229242026Q	TEST NOTE,INR,20,2012	 $34.21 
49229242032Q	TEST NOTE,INR,20,2012,CTRFT	 $34.21 
49229242027Q	TEST NOTE,INR,50,2012	 $34.21 
49229242033Q	TEST NOTE,INR,50,2012,CTRFT	 $34.21 
49229242029Q	TEST NOTE,INR,500,2011	 $34.21 
49229242035Q	TEST NOTE,INR,500,2011/2015,CTRFT	 $34.21 
49229242003W	TEST NOTE,JP,10000	 $34.21 
49229242002W	TEST NOTE,JP,5000	 $34.21 
49239936002V	TEST NOTE,KES,100,2005,QR	 $34.21 
49239936005V	TEST NOTE,KES,1000,2005,QR	 $34.21 
49239936003V	TEST NOTE,KES,200,2005,QR	 $34.21 
49239936001V	TEST NOTE,KES,50,2006,QR	 $34.21 
49239936004V	TEST NOTE,KES,500,2005,QR	 $34.21 
49229242002R	TEST NOTE,KW,1	 $34.21 
49229242004R	TEST NOTE,KW,10	 $34.21 
49229242005R	TEST NOTE,KW,20	 $34.21 
49229242003R	TEST NOTE,KW,5	 $34.21 
49229242007M	TEST NOTE,KZT,1000,2014,QR	 $34.21 
49267134002F	TEST NOTE,LBP,10000,2005,QR	 $34.21 
49267134006F	TEST NOTE,LBP,10000,2013,QR	 $34.21 
49267134004F	TEST NOTE,LBP,100000,2005,QR	 $34.21 
49267134009F	TEST NOTE,LBP,100000,2011,QR	 $34.21 
49267134003F	TEST NOTE,LBP,20000,2005,QR	 $34.21 
49267134007F	TEST NOTE,LBP,20000,2012,QR	 $34.21 
49267134001F	TEST NOTE,LBP,5000,2005,QR	 $34.21 
49267134005F	TEST NOTE,LBP,5000,2013,QR	 $34.21 
49267134008F	TEST NOTE,LBP,50000,2011,QR	 $34.21 
49219883000A	TEST NOTE,LINEARIZATION	 $0.00 
49229242009T	TEST NOTE,LKR,20,2011,QR	 $34.21 
49229242010T	TEST NOTE,LKR,50,2011,QR	 $34.21 
49239936008R	TEST NOTE,MNT,20000,2010/2013,CTRFT,QR	 $0.00 
49239936005K	TEST NOTE,MVR,10,2015,QR	 $34.21 
49239936008K	TEST NOTE,MVR,100,2015,QR	 $34.21 
49239936010K	TEST NOTE,MVR,1000,2015,QR	 $34.21 
49239936006K	TEST NOTE,MVR,20,2015,QR	 $34.21 
49239936007K	TEST NOTE,MVR,50,2015,QR	 $34.21 
49239936009K	TEST NOTE,MVR,500,2015,QR	 $34.21 
49229242003X	TEST NOTE,MX,100,1996	 $267.44 
49229242011X	TEST NOTE,MX,100,2009,COMMEMORATIVE	 $34.21 
49229242007X	TEST NOTE,MX,100,2010	 $34.21 
49229242017X	TEST NOTE,MX,100,2016 Commerative	 $34.21 
49229242006X	TEST NOTE,MX,1000,2004	 $34.21 
49229242010X	TEST NOTE,MX,1000,2008	 $34.21 
49229242014X	TEST NOTE,MX,20,1996	 $34.21 
49229242001X	TEST NOTE,MX,20,2007	 $267.44 
49229242004X	TEST NOTE,MX,200,1996	 $34.21 
49229242008X	TEST NOTE,MX,200,2008	 $34.21 
49229242012X	TEST NOTE,MX,200,2009,COMMEMORATIVE	 $34.21 
49229242016X	TEST NOTE,MX,50,1996/2001	 $34.21 
49229242002X	TEST NOTE,MX,50,2006	 $267.44 
49229242013X	TEST NOTE,MX,50,2013	 $34.21 
49229242005X	TEST NOTE,MX,500,1996	 $34.21 
49229242009X	TEST NOTE,MX,500,2010	 $34.21 
49024741010R	TEST NOTE,MYR,10,2012	 $34.21 
49024741008R	TEST NOTE,MYR,100,2012	 $34.21 
49024741009R	TEST NOTE,MYR,20,2012	 $34.21 
49024741011R	TEST NOTE,MYR,5,2012	 $34.21 
49267134003G	TEST NOTE,MZN,100,2011,QR	 $34.21 
49267134006G	TEST NOTE,MZN,1000,2011,QR	 $34.21 
49267134001G	TEST NOTE,MZN,20,2011,QR	 $34.21 
49267134004G	TEST NOTE,MZN,200,2011,QR	 $34.21 
49267134002G	TEST NOTE,MZN,50,2011,QR	 $34.21 
49267134005G	TEST NOTE,MZN,500,2011,QR	 $34.21 
49267134001K	TEST NOTE,NAD,10,2013/2015,QR	 $34.21 
49267134004K	TEST NOTE,NAD,100,2012,QR	 $34.21 
49267134002K	TEST NOTE,NAD,20,2013/2015,QR	 $34.21 
49267134005K	TEST NOTE,NAD,200,2012,QR	 $34.21 
49267134003K	TEST NOTE,NAD,50,2012,QR	 $34.21 
49267134001D	TEST NOTE,NIO,10,2009/2012,QR	 $34.21 
49267134008D	TEST NOTE,NIO,10,2015,QR	 $34.21 
49267134005D	TEST NOTE,NIO,100,2009/2012,QR	 $34.21 
49267134011D	TEST NOTE,NIO,100,2015,QR	 $34.21 
49267134002D	TEST NOTE,NIO,20,2009/2012,QR	 $34.21 
49267134009D	TEST NOTE,NIO,20,2015,QR	 $34.21 
49267134006D	TEST NOTE,NIO,200,2009/2012,QR	 $34.21 
49267134012D	TEST NOTE,NIO,200,2015,QR	 $34.21 
49267134003D	TEST NOTE,NIO,50,2009,QR	 $34.21 
49267134004D	TEST NOTE,NIO,50,2010,QR	 $34.21 
49267134010D	TEST NOTE,NIO,50,2015,QR	 $34.21 
49267134007D	TEST NOTE,NIO,500,2010/2012,QR	 $34.21 
49267134013D	TEST NOTE,NIO,500,2015,QR	 $34.21 
49267134002J	TEST NOTE,NPR,100,2008/2013,QR	 $34.21 
49267134005J	TEST NOTE,NPR,1000,2008,QR	 $34.21 
49267134006J	TEST NOTE,NPR,1000,2010,QR	 $34.21 
49267134001J	TEST NOTE,NPR,50,2008/2013,QR	 $34.21 
49267134003J	TEST NOTE,NPR,500,2007,QR	 $34.21 
49267134004J	TEST NOTE,NPR,500,2009/2013,QR	 $34.21 
49267134002H	TEST NOTE,NZD,10,1999	 $34.21 
49267134005H	TEST NOTE,NZD,100,1999	 $34.21 
49267134010H	TEST NOTE,NZD,100,2016,QR	 $34.21 
49267134003H	TEST NOTE,NZD,20,1999	 $34.21 
49267134008H	TEST NOTE,NZD,20,2016,QR	 $34.21 
49267134001H	TEST NOTE,NZD,5,1999	 $34.21 
49267134006H	TEST NOTE,NZD,5,2015,QR	 $34.21 
49267134007H	TEST NOTE,NZD,5,2015,QR	 $34.21 
49267134004H	TEST NOTE,NZD,50,2000	 $34.21 
49267134009H	TEST NOTE,NZD,50,2015,QR	 $34.21 
49229242006Y	TEST NOTE,OMR,1	 $34.21 
49229242001Y	TEST NOTE,OMR,1,1995	 $34.21 
49229242008Y	TEST NOTE,OMR,10	 $34.21 
49229242003Y	TEST NOTE,OMR,10,2000	 $34.21 
49229242009Y	TEST NOTE,OMR,20	 $34.21 
49229242004Y	TEST NOTE,OMR,20,2000	 $34.21 
49229242007Y	TEST NOTE,OMR,5	 $34.21 
49229242002Y	TEST NOTE,OMR,5,2000	 $34.21 
49229242010Y	TEST NOTE,OMR,50	 $34.21 
49229242005Y	TEST NOTE,OMR,50,2000	 $34.21 
49267134001A	TEST NOTE,PEN, 10	 $34.21 
49267134006A	TEST NOTE,PEN, 10,2011/2014,QR	 $34.21 
49267134004A	TEST NOTE,PEN, 100	 $34.21 
49267134009A	TEST NOTE,PEN, 100,2011,QR	 $34.21 
49267134002A	TEST NOTE,PEN, 20	 $34.21 
49267134007A	TEST NOTE,PEN, 20,2011/2014,QR	 $34.21 
49267134005A	TEST NOTE,PEN, 200	 $34.21 
49267134010A	TEST NOTE,PEN, 200,2011,QR	 $34.21 
49267134003A	TEST NOTE,PEN, 50	 $34.21 
49267134008A	TEST NOTE,PEN, 50,2011,QR	 $34.21 
49229242001A	TEST NOTE,PH,100	 $34.21 
49229242007A	TEST NOTE,PH,100	 $34.21 
49229242006A	TEST NOTE,PH,200	 $34.21 
49229242016C	TEST NOTE,PL,10,2014,CTRFT,QR	 $34.21 
49229242006C	TEST NOTE,PL,10,CTRFT,1995	 $34.21 
49229242004C	TEST NOTE,PL,100,1995	 $34.21 
49229242019C	TEST NOTE,PL,100,2014,CTRFT,QR	 $34.21 
49229242014C	TEST NOTE,PL,100,2014,QR	 $34.21 
49229242009C	TEST NOTE,PL,100,CTRFT,1995	 $34.21 
49229242002C	TEST NOTE,PL,20,1995	 $34.21 
49229242017C	TEST NOTE,PL,20,2014,CTRFT,QR	 $34.21 
49229242012C	TEST NOTE,PL,20,2014,QR	 $34.21 
49229242007C	TEST NOTE,PL,20,CTRFT,1995	 $34.21 
49229242005C	TEST NOTE,PL,200,1995	 $34.21 
49229242020C	TEST NOTE,PL,200,1995,CTRFT,QR	 $34.21 
49229242015C	TEST NOTE,PL,200,1995,QR	 $34.21 
49229242010C	TEST NOTE,PL,200,CTRFT,1995	 $34.21 
49229242003C	TEST NOTE,PL,50,1995	 $34.21 
49229242018C	TEST NOTE,PL,50,2014,CTRFT,QR	 $34.21 
49229242008C	TEST NOTE,PL,50,CTRFT,1995	 $34.21 
49229242022C	TEST NOTE,PLN,500,2017,CTRFT,QR	 $34.21 
49229242021C	TEST NOTE,PLN,500,2017,QR	 $34.21 
49239936011T	TEST NOTE,PYG,10000,1998,QR	 $34.21 
49239936012T	TEST NOTE,PYG,10000,2004,QR	 $34.21 
49239936013T	TEST NOTE,PYG,10000,2005,QR	 $34.21 
49239936014T	TEST NOTE,PYG,10000,2008,QR	 $34.21 
49239936006T	TEST NOTE,PYG,10000,2010,QR	 $34.21 
49239936001T	TEST NOTE,PYG,2000,2009,QR	 $34.21 
49239936007T	TEST NOTE,PYG,20000,2009,QR	 $34.21 
49239936002T	TEST NOTE,PYG,5000,2006,QR	 $34.21 
49239936003T	TEST NOTE,PYG,5000,2008,QR	 $34.21 
49239936004T	TEST NOTE,PYG,5000,2010,QR	 $34.21 
49239936005T	TEST NOTE,PYG,5000,2013,QR	 $34.21 
49239936009T	TEST NOTE,PYG,50000,2009,QR	 $34.21 
49239936010T	TEST NOTE,PYG,50000,2011,QR	 $34.21 
49229242008F	TEST NOTE,RO,1,CTFT	 $34.21 
49229242003F	TEST NOTE,RO,10	 $34.21 
49229242010F	TEST NOTE,RO,10,CTFT	 $34.21 
49229242005F	TEST NOTE,RO,100	 $34.21 
49229242012F	TEST NOTE,RO,100,CTFT	 $34.21 
49229242006F	TEST NOTE,RO,200	 $34.21 
49229242002F	TEST NOTE,RO,5	 $34.21 
49229242009F	TEST NOTE,RO,5,CTFT	 $34.21 
49229242004F	TEST NOTE,RO,50	 $34.21 
49229242011F	TEST NOTE,RO,50,CTFT	 $34.21 
49229242007F	TEST NOTE,RO,500	 $34.21 
49267134001N	TEST NOTE,RSD,10,2006/2011,QR	 $34.21 
49267134004N	TEST NOTE,RSD,100,2006/2012,QR	 $34.21 
49267134007N	TEST NOTE,RSD,1000,2006/2011,QR	 $34.21 
49267134002N	TEST NOTE,RSD,20,2006/2011,QR	 $34.21 
49267134005N	TEST NOTE,RSD,200,2005/2011,QR	 $34.21 
49267134008N	TEST NOTE,RSD,2000,2011,QR	 $34.21 
49267134003N	TEST NOTE,RSD,50,2005/2011,QR	 $34.21 
49267134006N	TEST NOTE,RSD,500,2007/2011,QR	 $34.21 
49267134009N	TEST NOTE,RSD,5000,2010/2016,QR	 $34.21 
49229242002I	TEST NOTE,RUB,50	 $34.21 
49024741018X	TEST NOTE,SA,10,2016, QR	 $34.21 
49024741020X	TEST NOTE,SA,100,2016, QR	 $34.21 
49024741017X	TEST NOTE,SA,5,2016, QR	 $34.21 
49024741019X	TEST NOTE,SA,50,2016, QR	 $34.21 
49024741021X	TEST NOTE,SA,500,2016, QR	 $34.21 
49229242006D	TEST NOTE,SK,100,CTFT	 $34.21 
49229242004D	TEST NOTE,SK,1000	 $34.21 
49229242009D	TEST NOTE,SK,1000,CTFT	 $34.21 
49229242002D	TEST NOTE,SK,200	 $34.21 
49229242007D	TEST NOTE,SK,200,CTFT	 $34.21 
49229242003D	TEST NOTE,SK,500	 $34.21 
49229242008D	TEST NOTE,SK,500,CTFT	 $34.21 
49229242005D	TEST NOTE,SK,5000	 $34.21 
49229242010D	TEST NOTE,SK,5000,CTFT	 $34.21 
49219882000A	TEST NOTE,TAPE SNSR CALIBRATION	 $0.00 
49024741013Q	TEST NOTE,THB,100,2012	 $34.21 
49024741015Q	TEST NOTE,THB,100,2015	 $34.21 
49024741016Q	TEST NOTE,THB,1000,2015	 $34.21 
49024741014Q	TEST NOTE,THB,50,2012,	 $34.21 
49239936001U	TEST NOTE,UGX,5000,2010,QR	 $34.21 
49024741010V	TEST NOTE,UK,10,(BOS)	 $34.21 
49024741007V	TEST NOTE,UK,20,(BOE),CTRFT	 $34.21 
49024741011V	TEST NOTE,UK,20,(BOS)	 $34.21 
49024741049V	TEST NOTE,UK,5,2015	 $34.21 
49024741050V	TEST NOTE,UK,5,CTRFT,2015	 $34.21 
49024741008V	TEST NOTE,UK,50,(BOE),CTRFT	 $34.21 
49024741047V	TEST NOTE,UK,50,2011	 $34.21 
49024741048V	TEST NOTE,UK,50,CTRFT,2011	 $34.21 
49024741008J	TEST NOTE,US,1, 2008	 $88.22 
49024741009J	TEST NOTE,US,10,2006	 $88.22 
49024741010J	TEST NOTE,US,20,2003	 $88.22 
49024741001J	TEST NOTE,USD,1,1963	 $88.22 
49024741016J	TEST NOTE,USD,1,1963	 $34.21 
49024741019J	TEST NOTE,USD,10,2006	 $34.21 
49024741012J	TEST NOTE,USD,100,2013	 $88.22 
49024741022J	TEST NOTE,USD,100,2013	 $34.21 
49024741017J	TEST NOTE,USD,2,1976	 $34.21 
49024741005J	TEST NOTE,USD,20,1998	 $88.22 
49024741020J	TEST NOTE,USD,20,2003	 $34.21 
49024741018J	TEST NOTE,USD,5,2008	 $34.21 
49024741021J	TEST NOTE,USD,50,2004	 $34.21 
49239936003S	TEST NOTE,UYU,100,1995	 $34.21 
49239936006S	TEST NOTE,UYU,1000,1996	 $34.21 
49239936004S	TEST NOTE,UYU,200,2006	 $34.21 
49239936007S	TEST NOTE,UYU,2000,2003	 $34.21 
49239936002S	TEST NOTE,UYU,50,1995	 $34.21 
49239936005S	TEST NOTE,UYU,500,1995	 $34.21 
49239936008S	TEST NOTE,UYU,500,2014,QR	 $34.21 
49229242007N	TEST NOTE,VND,10000,2006,QR	 $34.21 
49229242005N	TEST NOTE,VND,2000,1989,QR	 $34.21 
49229242008N	TEST NOTE,VND,20000,2006,QR	 $34.21 
49229242006N	TEST NOTE,VND,5000,1989,QR	 $34.21 
49229242006P	TEST NOTE,ZA,10,CTRFT	 $34.21 
49229242004P	TEST NOTE,ZA,100	 $34.21 
49229242009P	TEST NOTE,ZA,100,CTRFT	 $34.21 
49229242002P	TEST NOTE,ZA,20	 $171.05 
49229242007P	TEST NOTE,ZA,20,CTRFT	 $34.21 
49229242005P	TEST NOTE,ZA,200	 $171.05 
49229242010P	TEST NOTE,ZA,200,CTRFT	 $34.21 
49229242003P	TEST NOTE,ZA,50	 $171.05 
49229242008P	TEST NOTE,ZA,50,CTRFT	 $34.21 
49229242011P	TEST NOTE,ZA,SPECIAL	 $34.21 
49229242003I	TEST NOTES,RUB,100	 $34.21 
49229242005I	TEST NOTES,RUB,1000	 $34.21 
49229242004I	TEST NOTES,RUB,500	 $34.21 
49229242006I	TEST NOTES,RUB,5000	 $34.21 
49229242004J	TEST NOTES,TRY,10,2005	 $34.21 
49229242005J	TEST NOTES,TRY,10,2009	 $34.21 
49229242010J	TEST NOTES,TRY,100,2005	 $34.21 
49229242011J	TEST NOTES,TRY,100,2009	 $34.21 
49229242006J	TEST NOTES,TRY,20,2005	 $34.21 
49229242007J	TEST NOTES,TRY,20,2009	 $34.21 
49229242012J	TEST NOTES,TRY,200,2009	 $34.21 
49229242002J	TEST NOTES,TRY,5,2005	 $34.21 
49229242003J	TEST NOTES,TRY,5,2009	 $34.21 
49229242008J	TEST NOTES,TRY,50,2005	 $34.21 
49229242009J	TEST NOTES,TRY,50,2009	 $34.21 
11038087000A	TEST PLUG,  PELCO	 $251.47 
49229242004K	TEST,NOTE,CO,10000	 $171.05 
49229242002K	TEST,NOTE,CO,2000,2006	 $171.05 
49229242005K	TEST,NOTE,CO,20000,1999	 $171.05 
49229242003K	TEST,NOTE,CO,5000,1998	 $171.05 
49229242006K	TEST,NOTE,CO,50000,2000	 $171.05 
49229242004V	TEST,NOTE,HR,100	 $34.21 
49229242007V	TEST,NOTE,HR,1000	 $34.21 
49229242002V	TEST,NOTE,HR,20	 $34.21 
49229242005V	TEST,NOTE,HR,200	 $34.21 
49229242003V	TEST,NOTE,HR,50	 $34.21 
49229242006V	TEST,NOTE,HR,500	 $34.21 
49229242002S	TEST,NOTE,IR,10000	 $34.21 
49229242003S	TEST,NOTE,IR,20000	 $34.21 
49229242004S	TEST,NOTE,IR,50000	 $34.21 
49239936007B	TEST,NOTE,JMD,100,2012,COMMEMORATIVE,QR	 $34.21 
49239936009B	TEST,NOTE,JMD,1000,2012,COMMEMORATIVE,QR	 $34.21 
49239936006B	TEST,NOTE,JMD,50,2012,COMMEMORATIVE,QR	 $34.21 
49239936008B	TEST,NOTE,JMD,500,2012,COMMEMORATIVE,QR	 $34.21 
49239936010B	TEST,NOTE,JMD,5000,2012,COMMEMORATIVE,QR	 $34.21 
49229242003M	TEST,NOTE,KZ,1000	 $34.21 
49229242006M	TEST,NOTE,KZ,10000	 $34.21 
49229242004M	TEST,NOTE,KZ,2000	 $34.21 
49229242002M	TEST,NOTE,KZ,500	 $34.21 
49229242005M	TEST,NOTE,KZ,5000	 $34.21 
49229242010M	TEST,NOTE,KZT,10000,2011M/2012	 $34.21 
49229242008M	TEST,NOTE,KZT,2000,2013	 $34.21 
49229242011M	TEST,NOTE,KZT,2000,2015M,QR	 $34.21 
49229242009M	TEST,NOTE,KZT,5000,2011	 $34.21 
49229242002T	TEST,NOTE,LK,1000	 $34.21 
49229242004T	TEST,NOTE,LK,2000	 $34.21 
49229242004U	TEST,NOTE,UA,100,1996	 $34.21 
49229242005U	TEST,NOTE,UA,100,2006	 $34.21 
49229242006U	TEST,NOTE,UA,200,2001	 $34.21 
49229242007U	TEST,NOTE,UA,200,2007	 $34.21 
49229242002U	TEST,NOTE,UA,50,1996	 $34.21 
49229242003U	TEST,NOTE,UA,50,2004	 $34.21 
49229242008U	TEST,NOTE,UA,500	 $34.21 
49229242003L	TEST,NOTE,VE,10	 $34.21 
49229242006L	TEST,NOTE,VE,100	 $34.21 
49229242004L	TEST,NOTE,VE,20	 $34.21 
49229242002L	TEST,NOTE,VE,5	 $34.21 
49229242005L	TEST,NOTE,VE,50	 $34.21 
49229242002N	TEST,NOTE,VN,100000	 $34.21 
49229242003N	TEST,NOTE,VN,200000	 $171.05 
49229242004N	TEST,NOTE,VN,500000	 $34.21 
11047534000A	TESTER POE	 $53.44 
TP799589000C	TEXT INSERTER USER'S GUIDE	 $16.20 
11051042000A	TFD72WC SPEAKER GRIL	 $59.61 
49223850000A	THAILAND BEZEL, MTZ CD RDR	 $93.18 
02025887LSK0	THANDLE  SPEC KEYING	 $154.72 
02025887L0B0	T-HANDLE '0' BITTED	 $85.65 
29012243000A	THD INSR,10-32-0.33,POST MLD	 $0.48 
29002954000A	THD ROD,31-24-18.00,FULL	 $102.09 
21015122000A	THD ROD,37-16-21.00,SPCL	 $221.99 
TP799066000A	THE C PRIMER BOOK	 $13.50 
89028851000A	THERMAL COMPD/#58F471 WAKEFIEL	 $51.94 
49277242000A	THERMAL COMPOUND	 $48.87 
89029376000A	THERMAL CUTOFF DEVICE  SK952	 $3.02 
11051043000A	THERMAL DETECTOR	 $92.84 
19036000000C	THERMAL FIRE DETECTOR	 $24.57 
TS4366267000	Thermal Fuse	 $62.81 
11036753000A	THERMAL PAPER #UPP-216HD 1=BOX	 $368.15 
39011997003A	THERMAL PRINT HEAD	 $4,955.58 
BRP00928000A	THERMAL PRINTER	 $0.05 
NZ0000002648	THERMAL PRINTER - 58XX	 $1,446.98 
NZ0000003036	THERMAL PRINTHEAD 40-COL TEC	 $383.67 
NZ0000002209	THERMAL RECEIPT PRINTER-5870	 $3,946.32 
NZ0000001766	THERMAL RECEIPT TRANSPORT	 $1,041.39 
00052544000A	Thermal Roll Odyssey 6in x 4.8in repeat  5.5in roll  750ft	 $47.84 
00052542000A	Thermal Roll Odyssey 8.25 x 4.8in repeat  5.5in roll  750ft	 $64.46 
00052543000A	Thermal Roll Odyssey 8.5 x 4.8in repeat  5.5in roll  750ft	 $65.11 
TS4364350574	THERMAL SENSOR WIRING,WRG-THMSTR-354	 $87.39 
TS4368852100	THERMAL SENSOR WIRING-INC HEAT	 $51.89 
NZ0000002596	Thermal Statement Printer	 $2,192.40 
49233830000A	THERMAL TAPE,BCS 2D	 $0.99 
NZ0000003634	THERMALOSTAT ELECTRIC HEATER	 $160.68 
89027835000A	THERMISTOR 10 OHM 5A 159-20811	 $12.58 
11062447000A	THERMOSTAT	 $140.34 
12005138000A	THERMOSTAT	 $23.18 
NZ0000002742	THERMOSTAT	 $0.02 
MSN68968000A	THERMOSTAT, 136 DEGREE	 $59.74 
MSN70909000A	THERMOSTAT, 55 TO 80 DEG.  *TH	 $40.69 
TS4364941300	Thickness Detector	 $806.31 
TS4368847283	Thickness Detector Wiring	 $57.35 
TS4368847233	THICKNESS SENSOR-THICK CHECKER	 $884.86 
11035043000A	THMS  5/16 - 18 - .375  STAINL	 $3.37 
19041283000A	THMS,NTC,K 050.00,10.0%,0805	 $0.05 
19042490000A	THMS,PPTC,O 003.00,00.300A,SMD	 $0.00 
29007876000A	THREADED ROD	 $3.74 
41027210000A	THREADED ROD	 $19.55 
11051045000A	THREE LAMP CORRIDOR LIGHT ON S	 $32.56 
BUFCO263000A	THRM RCPT PRNTR MDL ENHANCEMENTS,IX SERIES ATM,CASH DISP TERM	 $1.12 
BRP00787000A	THRMAL PRT PAPR 3 1/8" X 260FT	 $0.05 
TP820120001B	THRML RCPT PRNTR OP GUIDE,1064IX	 $6.30 
19040650000A	Throat Clamp	 $108.12 
NZ0000002790	THROAT SET, UPPER & LOWER	 $43.85 
30006460000	THUMB LATCH	 $13.50 
21020411000A	THUMB LEVER	 $222.42 
21005066000A	THUMB PLATE	 $4.15 
89031355000A	THUMB SCREW	 $10.77 
41019195000A	THUMB TURN	 $198.87 
MSM00294000A	THUMBLATCH KNOB	 $34.97 
MSM00287000A	THUMBLATCH SLEEVE	 $1.89 
19042877000A	THUMBSCREW,0.25/20	 $5.41 
18020498000A	THYR,SCR,0050.0V,0004.00A	 $1.35 
89031054000A	TIDEL SENTINEL SAFE SERVICE CD	 $9.77 
89031069000A	TIDEL SERVICE DOCUMENTS	 $78.19 
BRP00189000A	TILT SWITCH MOUNT	 $0.05 
21017298000B	TIME BAR/SNUBBER BAR	 $15.18 
11034293000A	TIME DATE PC BD   VSS301	 $195.12 
11034365000A	TIME LAPSE BOARD   VSS303	 $440.57 
11034633000A	TIME LAPSE BOARD   VSS303	 $270.10 
890293280XXA	TIME LAPSE PCB REPAIR SHOP ONL	 $0.02 
30020780000	TIMELOCK	 $27.56 
11048690000A	TIMELOCK COVER, #16001M	 $70.16 
21021351000A	TIMELOCK INSTALL KIT-AMSEC.R/H	 $77.56 
RRLOCK000000	TIMELOCK REPAIR AND RETURN	 $0.05 
RRTIMELOCK00	TIMELOCK REPAIR AND RETURN	 $0.05 
MSN79103000A	TIMELOCK,DEFNDER I - 7 MIN. W/	 $0.00 
11035815000E	TIMELOCK/SDLOCK RETURN LABEL 25 Pk.	 $0.32 
TS4843556066	Timer	 $155.67 
29000363000A	TIMER ASSY 612-A	 $130.46 
21017298000A	TIMER BAR/SNUBBER BAR	 $15.18 
11035824000A	TIMER DISPLAY    F5310931	 $47.71 
28010474000A	TIMER SOLID STATE	 $62.62 
28000931000A	TIMER- SOLID STATE	 $87.61 
38020033000A	TIMER,ELECT,PRGM,15 SEC	 $1,303.39 
11034875000A	TIMER,VSS302,303  #5791901	 $20.56 
00090112000A	TIMESAVER SOFTWARE DISKETTES	 $0.45 
89026131000A	TIMING ADJUST KNOB (186642)	 $0.45 
89030955000A	TIMING BELT	 $51.71 
NZ0000001097	TIMING BELT	 $8.11 
NZ0000002016	TIMING BELT	 $25.21 
NZ0090005208	timing belt	 $8.11 
NZ0090008220	timing belt	 $27.95 
TS4842200765	Timing Belt  T-225-3M-6	 $5.46 
TS4842201072	Timing Belt  T-246-3M-5	 $5.46 
TS4366265750	Timing Belt  T-3GT-564	 $8.19 
TS4842200970	Timing Belt  T-73110-6	 $5.46 
TS4842200971	Timing Belt  T-73113-6	 $5.46 
TS4842201001	Timing Belt  T-73270-6	 $8.19 
BRP00814000A	TIMING BELT 131T	 $0.05 
49201480000B	TIMING BELT 2	 $37.58 
BRP00815000A	TIMING BELT 84T	 $0.05 
11065600000A	TIMING BELT D501/551	 $23.02 
11065601000A	TIMING BELT D501/551	 $23.02 
11065602000A	TIMING BELT D501/551	 $25.91 
11065604000A	TIMING BELT D501/551	 $23.02 
11065603000A	TIMING BELT D501/551/N1XX	 $89.37 
TS4368884040	TIMING BELT -FEEDING UNIT	 $5.46 
TS4368884050	TIMING BELT -FEEDING UNIT	 $5.46 
11065605000A	TIMING BELT FOR D511	 $158.18 
TS4366265740	Timing Belt T-3GT-243	 $5.46 
TS4368836290	TIMING BELT TEM STACKER	 $5.46 
TS4368835350	TIMING BELT TRANSPORTING SEC	 $8.19 
TS4368835390	TIMING BELT TRANSPORTING SEC	 $2.73 
NZ0000003447	TIMING BELT W/WHT PLAST COATIN	 $51.85 
TS4364863160	TIMING BELT(TEETH INSIDE BELT)	 $2.73 
TS4364927870	TIMING BELT(TEETH INSIDE BELT)	 $2.73 
39013199014A	TIMING BELT, 50T	 $30.50 
TE000173VICS	Timing Belt, Vertical Transport Fixture TE002901	 $40.11 
TS4365783950	TIMING BELT,BLT/T-324-3M-4	 $6.01 
TS4364682420	TIMING BELT,BLT/T-3M6-414	 $6.01 
TS4364854820	TIMING BELT,BLT/T-3M6-654	 $5.46 
TS4364740510	TIMING BELT,BLT/T-3M6-783	 $8.74 
TS4365402610	TIMING BELT,BLT/T-73188-4	 $5.46 
TS4368835260	TIMING BELT-ALIGNING UNIT DR	 $8.19 
TS4368835320	TIMING BELT-ALIGNING UNIT DR	 $8.19 
TS4368843550	TIMING BELT-aligning unit dr	 $5.46 
TS4365933690	TIMING BELT-BACK UP STACK UNIT	 $5.46 
TS4368842780	TIMING BELT-carrier clamper dr	 $5.46 
TS4368842790	TIMING BELT-carrier clamper dr	 $8.19 
TS4368843000	TIMING BELT-carrier winder dr	 $8.19 
TS4368843800	timing belt-chute pusher dr	 $8.19 
TS4368817860	TIMING BELT-FEEDING UNIT	 $8.19 
TS4368833220	TIMING BELT-FEEDING UNIT	 $2.73 
TS4368833310	TIMING BELT-FEEDING UNIT	 $2.73 
TS4368833401	TIMING BELT-FEEDING UNIT	 $5.46 
TS4368833590	TIMING BELT-FEEDING UNIT	 $2.73 
TS4368843020	TIMING BELT-heater head dr	 $8.19 
TS4368845350	TIMING BELT-PUSHER STACK UNIT	 $8.19 
TS4368845340	TIMING BELT-STACKING FIN DR	 $5.46 
TS4368843010	TIMING BELT-strap clamper dr	 $5.46 
TS4368833290	TIMING BELT-TRANSPORT STRAP UN	 $5.46 
TS4368835290	TIMING BELT-TRANSPORT STRAP UN	 $8.19 
TS4368835300	TIMING BELT-TRANSPORT STRAP UN	 $10.93 
TS4368835310	TIMING BELT-TRANSPORT STRAP UN	 $13.65 
TS4368863270	TIMING BELT-TRANSPORT STRAP UN	 $5.46 
TS4368872090	TIMING BELT-TRANSPORT STRAP UN	 $5.46 
TS4368835240	TIMING BELT-TRANSPORTING SEC	 $5.46 
TS4368835250	TIMING BELT-TRANSPORTING SEC	 $5.46 
NZ0000002088	TIMING DISK-IBM# 03003GB16600	 $0.00 
NZ4450593785	timing disk-ibm# 03003gb16600	 $0.00 
TS4368871020	Timing Pulley Assb Det Drive	 $805.66 
TS4368872530	Timing Pulley PLY/T-3GT-27	 $232.14 
TS4368872080	Timing Pulley PLY/T-3GT-27-10	 $477.94 
4924441700DI	TIMING PULLEY, TRANSPORT, FLANGE OD 14.5MM	 $17.81 
4924441700DK	TIMING PULLEY, TRANSPORT, FLANGE OD 9.4MM	 $17.81 
TS4368832821	timing pulley-feeding unit	 $226.67 
TS4368832931	timing pulley-feeding unit	 $226.67 
TS4368833741	timing pulley-feeding unit	 $251.25 
TS4368837172	timing pulley-feeding unit	 $202.10 
TS4368837181	timing pulley-feeding unit	 $51.07 
TS4368837290	timing pulley-swing arm roller	 $166.59 
TS4368837341	timing pulley-swing arm roller	 $221.21 
TS4368837431	timing pulley-swing arm roller	 $204.83 
TS4368885662	timing pulley-swing arm roller	 $278.57 
TS4365495101	timing pulley-temp stacker	 $19.12 
TS4368836980	timing pulley-temp stacker	 $5.46 
TS4364428531	timing pulley-transport sec	 $2.73 
TS4365591850	TIMING PULLY DR-CLAMPER/CARRIE	 $8.19 
TS4365592001	TIMING PULLY DR-STRAP CLAMPER	 $10.93 
TS4368836990	TIMING PULLY DR-STRAP CLAMPER	 $24.58 
TS4365591900	TIMING PULLY DR-STRAP UNIT	 $16.39 
TS4365313410	TIMING PULLY DR-TAPE FEED UNIT	 $10.93 
TS4365562741	TIMING PULLY IDLE-STACK/CHUTE	 $10.93 
TS4363983760	TIMING PULLY IDLE-STRAP DR UN	 $5.46 
TS4363980570	TIMING PULLY-DR-TAPE FEED UNIT	 $16.39 
TS4368837981	TIMING PULLY-PLY/T3GT-18	 $13.65 
49203401000A	TIMING, PULLEY, GT, 2MM, 24T, 2F	 $27.41 
17001931000A	TINNERMAN CLIP C-25935-025	 $1.07 
11048057000A	TINTED BUBBLE	 $9.97 
19065171000A	TINTED DOME, FOR FLEXIDOME SERIES	 $48.65 
TSN88245000A	TIP,SUCKING	 $0.00 
NZ0000002535	TIRE	 $0.02 
AA000131000G	TITAN VAULT DOOR SERVICE MANUA	 $326.70 
11065276000A	TJ420-LC-MC420PTJ-SCHLAGE-M420	 $361.75 
MONS64130000	TL15 MONEY SAFE             CA	 $97.74 
MONS59980000	TL15/30 MONEY SAFE          CA	 $97.74 
11065257000A	TL462B-TOPAZ SIGNATURE PAD	 $712.53 
89030182000A	tlp521-1gr photo coupler	 $41.21 
89030183000A	tlp721f photo coupler	 $49.07 
19055292000A	TLS 4210 & 4220	 $1,233.23 
BUFI2036000C	TMD FIELD UPGRADE FOR MTZ AND DIP CARD READER FOR 3550 TTW TERMINAL	 $10.16 
BUIB2002000A	TMD LST ANTI-SKIMMING SYSTEM CONFIGURATION	 $7.68 
19021332000A	TMPR KIT	 $109.30 
11051040000A	TMPRAL HRN HI LO BD OTPT WHITE	 $39.72 
11051046000A	TOA RACK MNT KIT FOR 2 WT4820	 $120.58 
11051047000A	TOA WIRELS BDYPCK & LAPL MIRCO	 $413.82 
NZ0000002462	TOGGLE LINK	 $0.02 
10586670000	TOGGLE SWITCH   DPDT 6A 125V	 $23.72 
11032123000A	TOGGLE SWITCH FOR PELCO SWITCH	 $22.58 
MSZ84603780A	TOOL CHANGE FOR PL80	 $29.41 
11040306000A	TOOL KIT, VAT 30 TURNTABLE ABJ	 $189.85 
MSN61176000A	TOOL, FOIL SPLICING *ADEMCO #G	 $20.42 
MSN94382000A	TOOL, ITW TERMINATOR TOOL (FOR	 $140.98 
29016618000A	TOOL,ANCHOR SETTING,0.375,CONC	 $34.97 
19014008000A	TOOL,RMVL,CONT,'M' SERIES	 $74.94 
MSZ36007570A	TOOL-CENTERING	 $29.32 
00051880000A	Toolless Wire Seals, 100/pk	 $211.89 
TS4368875220	Tool-Magnetic Sensor Adjustmen	 $5,950.96 
MSZ17400190A	TOOL-WIND,FOR 120 HR MOVE  (N7	 $38.02 
89029777000A	TOOTHBRUSHES	 $3.83 
19083803000A	Top adapter flange for CDMWM10, 1.25 In. NTP	 $68.63 
BUFI0391000B	TOP CHASSIS,IDM II,UPGRADE,1062/72 IX,RL	 $3.52 
11042190000A	TOP COMPLETE 809	 $2,070.93 
11042196000A	TOP COMPLETE 826	 $2,070.93 
11034352000A	TOP COVER	 $46.87 
38010416000A	TOP COVER	 $523.85 
11046648000A	TOP COVER,DVR,8 & 16 CHANNEL	 $39.74 
NZ0000002611	TOP DOOR HINGE  5674/5675	 $139.44 
31010331000C	TOP FINISH BAR	 $36.54 
21013388000A	TOP FRONT WALL TRIM	 $22.70 
NZ0000002621	TOP HAT ROLLER	 $21.92 
11051048000A	TOP JAM BRACKET KIT FOR 8310	 $141.03 
31015806L00A	TOP JAMB FINISH PLATE	 $43.70 
49223700000A	TOP LAMP,CCFL,15 IN	 $152.82 
11042223000A	TOP PLATE 809	 $1,362.33 
11042225000A	TOP PLATE 826	 $1,024.15 
11043431000A	TOP PLATE FOR PENGUIN	 $1,372.10 
BRP00998000A	TOP PLATE LINEAR ACTUATOR	 $0.05 
89030755000A	TOP POR OPT CV BEZEL	 $30.50 
89029386000A	TOP ROLLER     -XX-	 $76.55 
41018209000A	TOP SLIDE RING,VAT 40 OPER	 $35.63 
11032060000A	TOP, CASE     GYYR F6021201DB	 $45.59 
MSN91929000A	TOP, KEY - 2 *SHARP #JKNBZ6671	 $1.42 
41017347000A	TOP,DRAWER ASSEMBLY	 $4,854.66 
49010361X00A	TOP/BOT,OUTER BEZEL	 $226.67 
00051199DTSI	TOPPER DTSI NETWORK	 $61.43 
49215928000A	TORSION SPRING	 $1.22 
49251036000B	TORSION SPRING	 $11.23 
MSZ75641830A	TORSION SPRING	 $19.99 
NZ0000002524	TORSION SPRING	 $0.02 
00051307000A	TOSHIBA CS601 DATA ROLL	 $61.43 
00051306000A	TOSHIBA CS601 RIBBON	 $28.35 
89030661000A	TOSHIBA DETECTOR REBUILD LIST	 $0.13 
89030660000A	TOSHIBA FEEDER REBUILD CHECKLI	 $0.13 
CSSNTSB3CL00	TOUCH BAR, SECURITRON TSB-3CL	 $354.15 
BRP00942000A	TOUCH KEY READER ASSEMBLY	 $0.05 
BRP00464000A	TOUCH MEMORY RECEPTACLE	 $0.05 
NZ0000002418	TOUCH SCREEN CONTROLLER PCB	 $876.96 
49009730000A	TOUCH SCREEN KIT, IMT	 $0.00 
BRP01034000A	TOUCH SCREEN PROTECTIVE FILM	 $0.05 
49223777000A	TOUCH SCRN,LCD,15.0 IN	 $3,835.59 
11051593000A	TOUCH SENSOR	 $88.25 
19017941000A	TOUCH TONE ADAPTER PHONE DIALE	 $215.82 
21021416000A	TOUCHBAR SIGN SET	 $68.95 
BRPT0015000A	TOUCHSCREEN	 $0.05 
TS4365312911	TP-FD-DRI Asm	 $1,043.26 
89031534000A	TPM CERTIFICATES MASTER DVD	 $8.62 
NZ0000004340	TPM module	 $631.07 
11040747000A	TRACK & ROLLER	 $232.43 
49245445001C	TRACK , SHUTTLE, UPPER, CAM SIDE, LOBBY F/L, 1/2 INCH	 $36.97 
NZ0000002640	track 1/2/3 card reader	 $2,411.64 
NZ0000002040	TRACK 1/3 READER	 $657.72 
NZ9980235123	track 2 card reader sensor pcb	 $175.39 
NZ0000002215	TRACK 3 MCRW	 $0.00 
NZ4450625597	track 3 mcrw	 $0.00 
48021240L00A	TRACK ASSY CONT. *3750	 $54.57 
48021238000A	TRACK ASSY COVER	 $77.30 
48021234000A	TRACK ASSY COVER *3745	 $128.84 
48021294000A	TRACK ASSY MTG PWR *3757 RAIL	 $305.64 
NZ0000002805	TRACK BOTTOM, PKT	 $33.44 
48010533000A	TRACK INSIDE CURVE 90D	 $1,299.92 
48021298L00A	TRACK STABIL *3760	 $8.45 
48021298R00A	TRACK STABIL *3761	 $15.42 
48021297L00A	TRACK STABIL LOWER *3758	 $17.54 
48021297R00A	TRACK STABIL LOWER *3759	 $16.94 
MSN86396000A	TRACK, CAR	 $0.00 
49207604000C	TRACK, DOOR	 $11.23 
49252496001A	TRACK, SHUTTLE, UPPER, SERVICE SIDE  13 INCH TTW R/L, 1/2 INCH	 $133.16 
49221081000B	TRACK,CAM	 $10.24 
49220830000B	TRACK,CAM,LONG	 $10.63 
49220834000B	TRACK,CAM,SHORT	 $9.79 
31019639000A	TRACK,DOOR	 $145.90 
31017676000A	TRACK,DOOR ACTR,VERT VAT	 $11.20 
49245445000C	TRACK,SHUTTLE,UPPER,CAM SIDE	 $49.38 
49252493000A	TRACK,SHUTTLE,UPPER,CAM SIDE	 $113.00 
49213788000A	TRACK,STUFFER CRANK	 $6.88 
31019194000A	TRACK,TOP	 $12.23 
31019195000A	TRACK,TOP	 $9.05 
11034370000A	TRACKING KNOB   VSS303	 $4.82 
41027361000A	TRAC-Lock BT, w/Power I/F without Electronic Lockset	 $2,830.50 
41027352000A	TRAC-Vault BT Smart, LR (recessed mount TRAC-Vault)	 $3,030.30 
41027351000A	TRAC-Vault BT Smart, LTS (surface mount TRAC-Vault), w/ tamper switch	 $2,797.20 
41027354000A	TRAC-Vault, Vault Only	 $712.62 
21018311000A	TRAFFIC LIGHTS	 $107.73 
49219753000A	TRAIL EDGE PI	 $7.03 
89030881000A	TRAINING CD	 $8.55 
89030394000A	TRAINING DISC ELECTROSTATIC DI	 $9.77 
TP799528000A	TRAINING INSTRUCTORS GUIDE	 $13.50 
00050774000C	TRAINING VIDEO -VHS-   MDS	 $18.90 
MSZ63530260A	TRANS BE18954 CAA0027	 $17.43 
11042078000A	TRANS TRACK TAPE BY FOOT	 $92.05 
11043368000A	TRANS TRAX GEAR BELT	 $40.45 
11041099000A	Trans Trax Microphone	 $426.18 
11043557000A	TRANS TRAX TAPE BLOCK	 $170.94 
1750386868	Transaction Drawer Preventative Maintenance Grease Kit	 $102.67 
AA000615000A	Transaction Drawer Reference G	 $88.20 
00050806000C	TRANSACTION LABEL	 $3.96 
GR809103501A	TRANSACTION PROCESSING SYSTEM	 $22.50 
00050319000A	TRANSACTION RCD,9000 BLANK	 $70.88 
TP820513001A	TRANSACTION SERVICES USER GUID	 $21.60 
39002856000A	TRANSCEIVER          ADEMCO #M	 $360.70 
49000097000A	TRANSCEIVER CARD BANK END  @	 $130.39 
19041676000A	TRANSCEIVER,COMMERCIAL,BURGLARY	 $874.22 
19041518000A	TRANSCEIVER,INTEGRATED,ALRM	 $291.60 
11041292000A	Transfer Gear	 $136.01 
NZ0000002816	TRANSFER PULLEY	 $30.69 
19015256000A	TRANSFORMER	 $37.64 
28020373000A	TRANSFORMER	 $19.16 
NZ0000002762	TRANSFORMER	 $0.02 
11037919000A	TRANSFORMER     12VAC	 $27.62 
11038026000A	TRANSFORMER    QSI # 264X0005X	 $82.22 
38020182000B	TRANSFORMER   115/230V P 115V	 $51.73 
11032191000A	TRANSFORMER   120V PRIM 18V  S	 $16.06 
89027779000A	TRANSFORMER  FLYBACK  ADM-11	 $298.32 
11051049000A	TRANSFORMER 110V TO 24V	 $592.70 
11062107000A	TRANSFORMER 110VAC 12VDC	 $28.39 
29003027000A	TRANSFORMER 12 VOLT	 $29.84 
11038724000A	Transformer 16.5VAC 40VA AC	 $19.05 
11038691000A	Transformer Enclosure	 $43.85 
QSPS600AAAAA	Transformer for 8200	 $82.22 
11038157000A	Transformer for QSI 1700	 $104.40 
11066318000A	Transformer GE for Micro PX-2000	 $147.79 
11031990000A	TRANSFORMER POWER ST4A50013-2D	 $112.97 
11031406000A	TRANSFORMER T2 620000-30	 $87.09 
11051834000A	TRANSFORMER T24300, ALTRONIX	 $245.25 
MSN70884000A	TRANSFORMER, 120V PRI/24V SEC.	 $56.10 
MSN67711000A	TRANSFORMER, 14V/20 AMP	 $35.60 
MSN79649000A	TRANSFORMER, 16.5V 50VA PLUG I	 $50.24 
41027146000A	TRANSFORMER, INT., 17v DC-1.77 AMP	 $146.52 
MSN69282000A	TRANSFORMER, PLUG-IN1002/3	 $86.88 
MSN93242000A	TRANSFORMER, RADIONICS INTERFA	 $50.24 
19036137000A	TRANSFORMER, RECEIVER   D1650	 $64.86 
MSN94435000A	TRANSFORMER, RTU1026 16V 40VA	 $226.30 
11043669000A	TRANSFORMER, TRANSACTION DRAWE	 $427.73 
TS4368850090	TRANSFORMER-INAC230V OUTAC115V	 $1,655.02 
11040986000A	TRANSFORMERS	 $615.53 
11065770000A	TRANSFORMWE PLUG-IN 18VAC 50VA	 $55.14 
89031061000A	Transient Voltage Suppressor	 $0.67 
89031062000A	Transient Voltage Suppressor	 $0.50 
TSN66796000A	TRANSISTOR	 $0.00 
TSN66797000A	TRANSISTOR	 $0.00 
TSN66798000A	TRANSISTOR	 $0.00 
TSN66799000A	TRANSISTOR	 $0.00 
TSN66800000A	TRANSISTOR	 $0.00 
TSN66801000A	TRANSISTOR	 $0.00 
TSN66802000A	TRANSISTOR	 $0.00 
TSN66803000A	TRANSISTOR	 $0.00 
TSN66804000A	TRANSISTOR	 $0.00 
TSN66805000A	TRANSISTOR	 $0.00 
89029314000A	TRANSISTOR    2SA854SQR	 $0.98 
89029652000A	TRANSISTOR    2SB641	 $2.08 
89029685000A	TRANSISTOR   2N7002  SURFACE M	 $7.83 
11034347000A	TRANSISTOR   2SA639S   AUTO BE	 $7.13 
89029312000A	TRANSISTOR   2SC1740S	 $0.98 
89029146000A	TRANSISTOR   2SC2258   SK3746	 $3.53 
89029436000A	TRANSISTOR  2SB1407C-L OR 2SB8	 $4.18 
89029974000A	TRANSISTOR  Q6    KTC3202Y	 $3.92 
89029973000A	TRANSISTOR  Q7  KSD363R	 $20.37 
89029793000A	TRANSISTOR  SURFACE MOUNT	 $7.83 
89026381000A	TRANSISTOR (2N4013)	 $2.20 
89026283000A	TRANSISTOR 2N3903	 $2.12 
89027821000A	TRANSISTOR 2N4401	 $0.42 
11031246000A	TRANSISTOR 2N4402	 $8.79 
11031241000A	TRANSISTOR 2N4416	 $1.42 
19002042000A	TRANSISTOR 2N4891	 $1.52 
MSZ69270260A	TRANSISTOR 2N4922	 $2.30 
11031238000A	TRANSISTOR 2N5138	 $2.96 
11031243000A	TRANSISTOR 2N5550	 $2.23 
89027859000A	TRANSISTOR 2N6400	 $10.96 
11031242000A	TRANSISTOR 2N918	 $1.93 
19040683000A	TRANSISTOR 2SD1222LB-TE16R	 $53.49 
89028930000A	TRANSISTOR 2SD1275	 $7.26 
11031994000A	TRANSISTOR 2SK121-4	 $4.33 
89030590000A	TRANSISTOR BC817-40 NPN SOT23	 $0.06 
89030619000A	TRANSISTOR BC847 NPN SOT23 ECB	 $1.72 
11031400000A	TRANSISTOR BU406	 $13.78 
11031240000A	TRANSISTOR MFE3002	 $5.36 
11031239000A	TRANSISTOR MPS6520	 $1.26 
89027860000A	TRANSISTOR PNP 40V 600MA	 $5.09 
11034637000A	TRANSISTOR PT-23F  #5381683	 $4.17 
11034638000A	TRANSISTOR PT-23F/W  #5381684	 $6.36 
89029847000A	TRANSISTOR Q981    BURLE TC393	 $8.23 
19040682000A	TRANSISTOR RN1402-TE85R	 $34.32 
89029311000A	Transistor XDC144ES	 $1.04 
MSN72748000A	TRANSISTOR, 2N3614	 $26.45 
89027912000A	TRANSISTOR, 2N3771	 $7.50 
MSN72751000A	TRANSISTOR, 2N699	 $6.39 
89027864000A	TRANSISTOR, NPN, 40V800MA	 $6.62 
MSN66648000A	TRANSISTOR, PHOTO *QUALITY TEC	 $6.83 
89027913000A	TRANSISTOR, TIP29A	 $1.08 
89031128000A	TRANSISTOR,N CHANNEL MOSFET	 $18.56 
MSZ76231980A	Transition Tube TA 10	 $16.50 
19042813000A	TRANSLATOR,PROTOCOL,TCP/IP,DVMS	 $1,027.03 
19042815000A	TRANSLATOR,TCP/IP ATM PROTOCOL,DVMS1600	 $1,041.39 
19042816000A	TRANSLATOR,TCP/IP ATM PROTOCOL,TLC2100	 $1,093.46 
29008455027A	TRANSMISSION GEAR	 $25.06 
29000879000A	TRANSMITTER SEMI-DIRECTIONAL	 $35.78 
19041618000A	TRANSMITTER,VTU 2000,V1.0	 $8,479.11 
MSZ17254250A	TRANSORB DIEB VAT 10, 12,	 $3.40 
MSN93438000A	TRANSORB, 1.5KE220CA    *GENER	 $7.97 
490103210XXA	TRANSPORT	 $0.45 
TSPLUS00000A	TRANSPORT AND STRAPPER ASSY PLUS	 $172,056.15 
49006972000A	TRANSPORT ASM (49-6973,79) ATM	 $2,335.23 
TSXPORT0000A	TRANSPORT ASSY	 $122,897.25 
890297920XXA	TRANSPORT BOTTOM PLATE	 $6.03 
29013990000A	TRANSPORT CORNER ROLLER	 $22.30 
29013990000B	TRANSPORT CORNER ROLLER	 $12.22 
NZ0000002138	TRANSPORT DEPOSITORY AUXILLIAR	 $986.58 
NZ4450609499	TRANSPORT DEPOSITORY AUXILLIAR	 $0.00 
TSN80552000A	TRANSPORT DRVR BD NH6,R,P	 $2,051.02 
NZ0000001960	TRANSPORT FEED MOTOR	 $78.93 
NZ0000001581	Transport LED 2 - Front Access	 $25.74 
NZ0000001631	TRANSPORT LED 2 ASSY NON-IE	 $20.13 
NZ0000002675	TRANSPORT MAIN F/A WITH PCB	 $0.02 
NZ0000001957	TRANSPORT PCB ASSY	 $98.66 
NZ0000001543	TRANSPORT SENSOR 2 PCB (NON-IE	 $68.52 
AA000727000B	TRANS-VISTA 2000 RTS (MOSLER)	 $45.00 
TMMO0430000A	TRANSVISTA I & II REMOTE TRANS	 $164.70 
MONS10138000	TRANSVISTA III SCHEMATICS   SC	 $67.50 
MONS10216000	TRANSVISTA III SCHEMATICS   SC	 $70.88 
TMM06125000A	TRANS-VISTA RTS PARTS CATALOG	 $83.70 
BRP00990000A	TRAP DOOR MICRO SWITCH	 $0.05 
11040971000A	TRAY	 $674.46 
NZ0000002515	TRAY ASSY, CARD READER	 $0.02 
38020310000A	TRAY BOTTOM *03266	 $26.02 
L20001860000	TRAY FOR CONTACT MTG SWITCH	 $30.04 
11062985000A	TRAY RETAINER HA400DD	 $243.00 
MSN85548000A	TRAY, 10 COMP. CURRENCY - LESS	 $0.00 
49201637X0AB	TRAY, GSKT RTNR, LWR, NO BARCODE	 $87.36 
49214654000A	TRAY, LIFT PIN	 $15.98 
41022239300N	TRAY,3X5 CARDS,36 IN,LWR,5 DR,STKBL	 $215.46 
41022239300O	TRAY,3X5 CARDS,36 IN,UPR,5 DR,STKBL	 $215.46 
41022239400N	TRAY,3X5 CARDS,43 IN,LWR,7 DR,STKBL	 $215.46 
41022239400O	TRAY,3X5 CARDS,43 IN,UPR,7 DR,STKBL	 $215.46 
41022239600D	TRAY,3X5 CARDS,LEGAL,LWR,3 DWR,STKBL	 $215.46 
41022239100W	TRAY,3X5 CARDS,LEGAL,LWR,4 DWR,STKBL	 $215.46 
41022239600E	TRAY,3X5 CARDS,LEGAL,UPR,3 DWR,STKBL	 $215.46 
41022239100X	TRAY,3X5 CARDS,LEGAL,UPR,4 DWR,STKBL	 $215.46 
41022239600N	TRAY,3X5 CARDS,LTR,LWR,3 DWR,STKBL	 $215.46 
4102223910AG	TRAY,3X5 CARDS,LTR,LWR,4 DWR,STKBL	 $215.46 
41022239600O	TRAY,3X5 CARDS,LTR,UPR,3 DWR,STKBL	 $215.46 
4102223910AH	TRAY,3X5 CARDS,LTR,UPR,4 DWR,STKBL	 $215.46 
41022239300P	TRAY,4X6 CARDS,36 IN,LWR,4 DR,STKBL	 $249.93 
41022239300Q	TRAY,4X6 CARDS,36 IN,UPR,4 DR,STKBL	 $249.93 
41022239400P	TRAY,4X6 CARDS,43 IN,LWR,6 DR,STKBL	 $249.93 
41022239400Q	TRAY,4X6 CARDS,43 IN,UPR,6 DR,STKBL	 $249.93 
41022239600F	TRAY,4X6 CARDS,LEGAL,LWR,3 DWR,STKBL	 $249.93 
41022239100Y	TRAY,4X6 CARDS,LEGAL,LWR,4 DWR,STKBL	 $249.93 
41022239600G	TRAY,4X6 CARDS,LEGAL,UPR,3 DWR,STKBL	 $249.93 
41022239100Z	TRAY,4X6 CARDS,LEGAL,UPR,4 DWR,STKBL	 $249.93 
41022239600P	TRAY,4X6 CARDS,LTR,LWR,3 DWR,STKBL	 $249.93 
4102223910AI	TRAY,4X6 CARDS,LTR,LWR,4 DWR,STKBL	 $249.93 
41022239600Q	TRAY,4X6 CARDS,LTR,UPR,3 DWR,STKBL	 $249.93 
4102223910AJ	TRAY,4X6 CARDS,LTR,UPR,4 DWR,STKBL	 $249.93 
41022239300L	TRAY,4X9 CHKS,36 IN,LWR,3 DR,STKBL	 $215.46 
41022239300M	TRAY,4X9 CHKS,36 IN,UPR,3 DR,STKBL	 $215.46 
41022239400L	TRAY,4X9 CHKS,43 IN,LWR,4 DR,STKBL	 $215.46 
41022239400M	TRAY,4X9 CHKS,43 IN,UPR,4 DR,STKBL	 $215.46 
41022239100U	TRAY,4X9 CHKS,LEGAL,LWR,2 DWR,STKBL	 $215.46 
41022239600B	TRAY,4X9 CHKS,LEGAL,LWR,2 DWR,STKBL	 $215.46 
41022239100V	TRAY,4X9 CHKS,LEGAL,UPR,2 DWR,STKBL	 $215.46 
41022239600C	TRAY,4X9 CHKS,LEGAL,UPR,2 DWR,STKBL	 $215.46 
4102223910AE	TRAY,4X9 CHKS,LTR,LWR,2 DWR,STKBL	 $215.46 
41022239600L	TRAY,4X9 CHKS,LTR,LWR,2 DWR,STKBL	 $215.46 
4102223910AF	TRAY,4X9 CHKS,LTR,UPR,2 DWR,STKBL	 $215.46 
41022239600M	TRAY,4X9 CHKS,LTR,UPR,2 DWR,STKBL	 $215.46 
41026689000A	TRAY,DRIP	 $15.05 
19041938000A	TRAY,DRIVE BAY,SCSI	 $342.57 
19041939000A	TRAY,DRIVE BAY,SCSI,RMVBL	 $164.43 
49223721000A	TRAY,FDSK DRV	 $15.60 
MSN81821000A	TRAY,KEY-FORMED KEYED 1 - 144	 $154.71 
TSN91143000A	TRAY,POCKET-CF	 $43.70 
49219820000C	TRAY,SLIDE,ENA	 $154.00 
49016359000A	TRAY,SLIDE,IDM II,1072I	 $227.07 
49208614000B	TRAY,SLIDE,RCPT	 $222.97 
492006320XXC	TRAY,STACKING,REFURB	 $19.12 
11065485000A	TREX-PLATE T-REX BACK PLATE	 $15.10 
19039183000A	TRIAC, DISPENSER - 5081	 $54.81 
11042450000A	TRIANGULAR CLIP	 $109.17 
12005424000A	TRIANGULAR PUSH ONS	 $0.05 
11051051000A	TRI-B6M MINI INTERFACE	 $99.26 
41022344002A	TRIC PVC 90B COS 15 IN. WIDE 1 PLY BELT 72 IN. LONG	 $646.38 
19064927000A	TRI-COLOR LED TRK(2)SWIPE CD RDR	 $808.45 
11051052000A	TRI-D DUAL INPUT MOD	 $118.23 
30015040000	TRIGGER	 $62.49 
11031597000A	TRIGGER  105-2086	 $8.67 
11031626000A	TRIGGER AND LATCH ASM  63724	 $27.77 
11029997000A	TRIGGER AND LATCH ASSEMBLY	 $24.55 
18000766000A	TRIGGER ASM	 $0.57 
27000708000A	TRIGGER CASTING	 $0.06 
29008095000A	TRIGGER DAYLIGHT HOLD-UP	 $10.39 
39008651000B	TRIGGER DAYLIGHT HOLD-UP	 $76.36 
89026813000A	TRIGGER LEVER SPRING	 $0.40 
39008651000A	TRIGGER,DAYLIGHT HOLD-UP	 $68.68 
39002996000A	TRIGGER/MULT	 $8.15 
L20006280000	TRIM	 $53.93 
31016006000B	TRIM  12051 PACKAGE REC TRIM	 $123.12 
L20002040000	TRIM - TOP HORZ.	 $52.53 
11051053000A	TRIM 5	 $78.36 
28000982000A	TRIM ANGLE-'P' ORD * 3638 REQ.SETUP ON MISC PS WHE	 $11.00 
49203086XMFC	TRIM BEZEL,BOT,NO BARCODE	 $102.25 
49201462XXXC	TRIM BOTTOM B-CODE	 $41.21 
49204326XXXA	TRIM CAP,ADD FCTN,MID	 $53.14 
49213161XXXA	TRIM CAP,HG SD,LWR FASCIA,FL	 $31.57 
49204325XXXB	TRIM CAP,HG SD,VEST	 $193.95 
49201439XXXC	TRIM CAP,RH SD,LWR FASCIA,WILSON	 $64.49 
49205326X0BB	TRIM CAP,RIGHT,LOWER	 $283.23 
11051673000A	TRIM FEATURES LED'S SWITCHES	 $84.83 
11051055000A	TRIM KIT GRAY 1 OPT CARD ENCLO	 $70.57 
11035702000A	TRIM PANEL   7832    17-19" WA	 $578.66 
11035695000A	TRIM PANEL   FIRE DOOR  7-9" W	 $447.34 
41020220000A	TRIM PLATE	 $41.38 
11044722000A	TRIM PLATE ASSB W/2 KEYS	 $25.70 
11051056000A	TRIM PLATE FOR ICP1004 RED	 $72.71 
41020241000A	TRIM PLATE GASKET	 $10.43 
31017777000B	TRIM PLATE, LOWER	 $115.49 
10604700000	TRIM PLATES	 $18.10 
49201419000B	Trim Ring vertical fixing	 $30.09 
49201395X01A	TRIM SIDE LEFT/RIGHT	 $52.37 
11051682000A	TRIM SKIRT RING - BLACK	 $6.44 
11051059000A	TRIM SKRT RING OCTAGO ELEC BOX	 $2.75 
11051058000A	TRIM SKRT RNG 4 SQU ELEC BX HD	 $4.83 
39007886000A	TRIM, CEILING	 $1.81 
MSN86606000A	TRIM, DEPOSIT DRAWER - SIDE	 $20.48 
49206890XJ0A	TRIM,DOOR,PLASTIC; B1 BL	 $47.70 
49254771XNGA	TRIM,LEFT,LOBBY	 $139.98 
49254770XNGA	TRIM,RIGHT,LOBBY	 $293.81 
11036007000A	TRIM,RING	 $12.31 
41021731000A	TRIP PLT,RELOCK	 $30.94 
ULTRIPOD0000	TRIPOD,HVY DUTY,FULL HEIGHT	 $164.43 
11051060000A	TRI-R SINGLE INPUT W	 $162.60 
11051061000A	TRI-S SINGLE INPUT M	 $110.39 
11040725000A	TRITON 9500 DISPLAY WINDOW	 $74.09 
TMTRTN02000A	TRITON 9500 MINI SERVICE MN1.1	 $97.20 
11040664000A	TRITON 9500 P/N-06100-06032	 $294.84 
11040657000A	TRITON 9600 P/N 06100-06045	 $1,096.20 
11040648000A	TRITON 9600 P/N 09600-01007	 $75.60 
11040710000A	TRITON 9600 P/N 09600-02041	 $302.40 
11040647000A	TRITON 9600 P/N 09600-02076	 $363.81 
11040666000A	TRITON 9600 P/N-01300-00002	 $4.37 
00051094000A	TRITON 9600 RECEIPTS	 $198.63 
11040697000A	TRITON 9600/P/N 01162-00005	 $150.82 
11040707000A	TRITON 9600/P/N 01300-00002	 $4.37 
TMTRTN09000A	TRITON 9640/9650 SERV MN 3/01	 $180.00 
11040681000A	TRITON 9640---P/N-04005-00001	 $415.80 
11040677000A	TRITON 9640---P/N-04005-00025	 $555.66 
11040680000A	TRITON 9640---P/N-04005-00063	 $415.80 
11040679000A	TRITON 9640---P/N-04005-00066	 $415.80 
11040685000A	TRITON 9640---P/N-04005-00159	 $45.32 
11040667000A	TRITON 9640---P/N-09005-00001	 $657.72 
00050404000A	TRITON ATM RECEIPTS	 $35.10 
11040703000A	TRITON MAKO P/N 09600-00007	 $20.64 
TMTRTN08000A	TRITON MAKO#2000 SERV MN V3/01	 $104.40 
00052287000A	Triton Thermal 850 ft w/o TOF	 $67.41 
19053177000A	TRK 1 SWIPE RDR W/KYPD,OUTDOOR	 $2,376.00 
11051054000A	TRM KIT FOR 64 PT SYS IO PANEL	 $46.62 
11051057000A	TRM RNG FOR FNWALNT 6000 CON U	 $238.15 
11065505000A	TRUE COLOR YMCKO RIBBON,350 IM	 $146.31 
30021840000	TRUNNION	 $74.66 
48021226000A	TRUNNION ASM	 $1,917.60 
11051062000A	TSJ 10 100BT ETHR 10 100 BAS T	 $213.76 
11044561000A	TT COUNTER REPL. KIT	 $632.39 
00050340000A	TTY PAPER	 $67.50 
00050342000A	TTY PAPER	 $40.50 
00050345000A	TTY PAPER TAPE  28/PER	 $103.95 
00050343000A	TTY RIBBON  12/PER	 $25.20 
11033232000A	TUBE  YALE 3300	 $27.86 
11033236000A	TUBE  YALE 4411 19/32	 $27.86 
MSN90299000A	TUBE ASSB., TELLER UNIT - C.M/	 $0.00 
11066451000A	Tube Cleaning Tool	 $49.75 
19040637000A	TUBE DEPOT PART ONLY	 $12.07 
41015730000A	TUBE DISPR	 $2,800.98 
49006988000A	TUBE ENTRY	 $328.86 
BRP00584000A	TUBE HOLDER ASSEMBLY	 $0.05 
38010451000A	TUBE MOUNT *03392	 $16.94 
11013167000B	TUBE NIPPLE	 $5.76 
TS4368834661	TUBE ROLLER-TRANSPORT OF STRAP	 $65.55 
TS4368836491	TUBE ROLLER-TRANSPORT STRAP	 $76.47 
21018773000A	TUBE SEAL	 $38.78 
21019431000A	TUBE SEAL, RECEIVING STAT	 $6.21 
10572140000	TUBE SOCKET	 $6.79 
28020240000A	TUBE SUPPORT (UPPER)	 $26.02 
28000890000A	TUBE SUPPORT *03017      (UPPER)	 $37.76 
MSN64183000A	TUBE, 2/3 IN. VIDICON *CHUGAI	 $0.00 
MSN88445000A	TUBE, 4 1/2 X 12 1/2 FT.LG. -	 $180.27 
MSN88449000A	TUBE, 4 X 12 1/2 FT.LG. - EXPN	 $0.00 
MSN94312000A	TUBE, 90 DEG BEND W/RELIEF	 $232.20 
4924441700BU	TUBE, HEAT SHRINK	 $0.77 
NZ4450587754	tube,180mm	 $9.32 
49252852000A	TUBE,30 IN. DOOR THICKNESS	 $6.04 
NZ0000002070	TUBE,65MM	 $2.68 
TSN65610000A	TUBE,CATHODE RAYS	 $0.00 
49250305000D	TUBE,DRIVE	 $10.77 
49250315000D	TUBE,PULLEY	 $10.77 
41022977000A	TUBE,RUBBER	 $3.83 
21019231000A	TUBE,SPLIT,45.0 DEG X 03.50 OD X 03.50 OD	 $132.26 
31017662000A	Tubing - Seal	 $13.00 
MSZ02310094A	TUBING 1/4ID 1/2OD RBR	 $9.14 
28000807000B	Tubing, Clear Pneumatic Tube -4.5 Inch x 10 Foot	 $821.72 
38020929000B	Tubing, Pneumatic Tube Support Kit -4.5 Inch Tube Clamp	 $83.60 
11040399000A	Tubing, Pneumatic Tube Support -PVC Cement	 $28.20 
21017160000A	Tubing, Pneumatic Tube Support -Slip Joint Kit	 $140.47 
21019777000A	TUBING, STEEL PNEUMATIC TUBE - 3.5 INCH -45 DEGREE BEND	 $63.14 
21019776000A	TUBING, STEEL PNEUMATIC TUBE - 3.5 INCH -90 DEGREE BEND	 $75.60 
41017207000A	Tubing, Steel Pneumatic Tube -? 10 Inch -45 Degree Bend	 $1,109.27 
21016931000B	Tubing, Tube Support -PVC to Clear Sleeve	 $130.64 
21015862000A	TUBING,PLSTC,SEAL	 $23.72 
29009192000A	TUBING,PLYUTHN,0.380 ID,0.563 OD,01.000,1X5	 $2.03 
21019468000A	TUBING,PVC,45.0 DEG,03.73 OD	 $77.56 
21019466000A	TUBING,PVC,90.0 DEG,03.48 ID	 $64.64 
31017813000C	TUBING,STL,CPRSN RING	 $40.56 
00051918000C	TUBULAR COIN WRAPPER - DIMES	 $13.50 
00051918000B	TUBULAR COIN WRAPPER - NICKELS	 $13.50 
00051918000A	TUBULAR COIN WRAPPER - PENNIES	 $13.50 
00051918000D	TUBULAR COIN WRAPPER - QUARTER	 $13.50 
03000566000A	TUMBLER	 $4.31 
03000566000E	TUMBLER	 $4.31 
MSN73793000A	TUMBLER #1	 $2.94 
11033200000B	TUMBLER #1 YALE 3700	 $1.23 
MSN73855000A	tumbler #2	 $2.67 
11033200000C	TUMBLER #2 YALE 3700	 $1.46 
MSN73798000A	tumbler #3	 $3.35 
11033200000E	TUMBLER #3 YALE 3700	 $1.23 
MSN73856000A	tumbler #4	 $3.65 
11033200000F	TUMBLER #4 YALE 3700	 $1.46 
MSN73797000A	TUMBLER #5	 $3.90 
MSN73799000A	tumbler #5	 $1.75 
11033200000G	TUMBLER #5 YALE 3700	 $1.23 
MSN73800000A	tumbler #7	 $1.57 
11031830000H	TUMBLER #7 CUT 4440,4442,4443,	 $4.14 
31016204000B	TUMBLER ASSEMBLY	 $86.27 
11030693000A	TUMBLER ASY (6 CUTS)     C	 $4.11 
41020458000A	TUMBLER BLANK	 $2.68 
11033359000A	TUMBLER CST #0 B231 LOCK	 $5.29 
11033359000B	TUMBLER CST #1 B231 LOCK	 $4.05 
11033359000C	TUMBLER CST #2 B231 LOCK	 $5.29 
11033359000D	TUMBLER CST #3 B231 LOCK	 $5.29 
11033359000E	TUMBLER CST #4 B231 LOCK	 $5.29 
11033359000F	TUMBLER CST #5 B231 LOCK	 $5.29 
03000725000A	TUMBLER CST 17603 #1	 $85.05 
03000725000B	TUMBLER CST 17603 #2	 $85.05 
03000725000E	TUMBLER CST 17603 #4	 $85.05 
03000725000F	TUMBLER CST 17603 #5	 $85.05 
03000725000G	TUMBLER CST 17603 #6	 $85.05 
11030593000B	TUMBLER CST HHM #11 LOCK #1	 $8.61 
11030593000C	TUMBLER CST HHM #11 LOCK #2	 $10.43 
11030593000D	TUMBLER CST HHM #11 LOCK #3	 $8.61 
11030593000E	TUMBLER CST HHM #11 LOCK #4	 $8.61 
11030593000F	TUMBLER CST HHM #11 LOCK #5	 $10.43 
11030593000G	TUMBLER CST HHM #11 LOCK #6	 $10.43 
11033212000A	TUMBLER CST MOSLER 5900	 $1.23 
MSNAHDTUMO47	TUMBLER FOR AHD	 $0.05 
MSNAHDTUMO58	TUMBLER FOR AHD	 $0.05 
11033360000A	TUMBLER GRD #0 B231 LOCK	 $4.05 
11033360000B	TUMBLER GRD #1 B231 LOCK	 $4.05 
11033360000C	TUMBLER GRD #2 B231 LOCK	 $4.05 
11033360000D	TUMBLER GRD #3 B231 LOCK	 $4.05 
11033249000A	TUMBLER GRD #3 MOSLER  3330	 $2.26 
21014278000X	TUMBLER GRD #X 175 SERIES	 $1.72 
11033206000A	TUMBLER GRD #X YALE B201	 $5.00 
03000728000C	TUMBLER GUARD 17603 #3	 $7.99 
MSN3175TG00A	TUMBLER GUARD FOR 3175 LOCK	 $2.79 
30003080000	TUMBLER SEPARATER	 $2.05 
03001753R000	TUMBLER UNLOCKING CAM	 $13.43 
21014279000B	TUMBLER#1-FORECAST ITEM	 $1.48 
21014279000C	TUMBLER#2-FORECAST ITEM	 $1.55 
21014279000D	TUMBLER#3-FORECAST ITEM	 $1.33 
21014279000E	TUMBLER#4-FORECAST ITEM	 $1.52 
21014279000F	TUMBLER#5-FORECAST ITEM	 $1.33 
21014279000G	TUMBLER#6-FORECAST ITEM	 $1.52 
21014279000H	TUMBLER#7-FORECAST ITEM	 $1.33 
MSN73795000A	TUMBLER, #3 RENTER  (25 PKG.)	 $2.97 
MSN73796000A	TUMBLER, #4 RNTR(Z1747106)(25	 $1.49 
MSN73958000A	TUMBLER, CHANGE #2	 $0.88 
MSN73961000A	TUMBLER, CHANGE #5	 $1.38 
MSN73720000A	TUMBLER, GUARD	 $0.00 
MSN83478000A	TUMBLER, NO. 0-.047 THICK (QTY	 $2.43 
MSN73888000A	TUMBLER, NO. 1 GUARD	 $2.11 
MSN73801000A	TUMBLER, NO. 1 GUARD - YALE FL	 $0.73 
MSN73714000A	TUMBLER, NO. 1 RENTER	 $1.94 
MSN80649000A	TUMBLER, NO. 1-.058 THICK (QTY	 $103.71 
MSN73889000A	TUMBLER, NO. 2 GUARD	 $1.77 
MSN73802000A	TUMBLER, NO. 2 GUARD - YALE FL	 $0.61 
MSN80650000A	TUMBLER, NO. 2-.058 THICK (QTY	 $2.95 
MSN73890000A	TUMBLER, NO. 3 GUARD	 $1.77 
MSN73803000A	TUMBLER, NO. 3 GUARD - YALE FL	 $0.73 
MSN80652000A	TUMBLER, NO. 4 - .058 THICK	 $3.56 
MSN84793000A	TUMBLER, NO. 5-.058 THICK (QTY	 $143.40 
MSN73858000A	TUMBLER, NO. 8 K-1 K  (25 PKG.	 $1.27 
MSN73872000A	TUMBLER, NO. M1 GUARD	 $0.73 
MSN73873000A	TUMBLER, NO. M3 GUARD	 $0.73 
MSN73874000A	TUMBLER, NO. M5 GUARD	 $0.69 
MSN80823000A	TUMBLER, NO. O RENTER 5700 LOC	 $1.30 
MSN73716000A	TUMBLER, NO.3 RENTER 33/54/560	 $2.30 
MSN73717000A	TUMBLER, NO.4 RENTER	 $2.30 
MSN73719000A	TUMBLER, NO.7 RENTER 33/54/560	 $2.30 
11030693000B	TUMBLER, SPECIAL CUT FOR RYS00	 $9.40 
MSN73794000A	TUMBLER,#2 RENTER (Z1747085)(2	 $2.67 
MSN84794000A	TUMBLER,NO.1-.047 THICK (25 PK	 $15.27 
MSN83481000A	TUMBLER,NO.3 - .065 THICK (25	 $3.67 
MSN83482000A	TUMBLER,NO.4-.065 THICK (25 PK	 $4.01 
11036936000A	TURBINE MOTOR	 $1,028.51 
FB004710000A	Turbo 3x ATM Graphics Upg	 $75.56 
TP820081001A	TURBO 3X ATM GRAPHICS USER'S G	 $32.40 
GR808120101A	TURBO 5110 USER GUIDE	 $45.00 
TP799609013B	TURKISH C/R OPERATING GUIDE	 $8.10 
TP799608013B	TURKISH PRTR OP GUIDE JRN/CONS	 $11.70 
TP799934013C	TURKISH THRM RCPT/JRN PRTR OP	 $8.10 
TP799610013A	TURKISH-MMD/CASSETTE OP GUIDE	 $6.30 
49005569000A	TURRET ASSY	 $494.07 
11041354000A	TVC-1030A EPROM V263.00;GILBAR	 $63.31 
MSN61738000A	TWEEZER, #2 *CAS KER #57-208*	 $72.40 
TP820818001G	TWO CLR GRPH STMT PRNTR OPR GUIDE	 $7.20 
11051064000A	TWO LAMP CORRDOR LIGHT ON SIN	 $26.04 
11051565000A	TWO READER CONTROL PANEL	 $2,239.97 
TM000432001A	TWO SIDED ENHANCED GRAPHICAL THERMAL RECEIPT PRINTER ON SITE REPAIR MANUAL	 $113.40 
TP821540001A	TWO SIDED ENHANCED GRAPHICAL THERMAL RECEIPT PRINTER OPERATING GUIDE	 $9.00 
11051065000A	TWO ZONE CONTROL MODULE 5 SPC	 $1,311.20 
TM000037001D	Two-color Graphical  Statement Printer On-site Repair Manual	 $116.10 
TM000003001D	two-color graphical receipt pr	 $20.70 
TP820710001C	Two-color graphical receipt pr	 $9.00 
TP820818001F	TWO-COLOR GRPH STMT PRNT OPR GUIDE	 $7.20 
89029125000A	TYE WRAP 8-1/2"L, BLACK	 $0.25 
11065256000A	TY-WK42PV20 WALL BRACKET	 $554.73 
11051066000A	U EC MCS STOBE CHIME	 $176.14 
11051068000A	U HNH 4 SURF FLSH 24 WHITE	 $41.50 
11051069000A	U MCS STROBE SYNC	 $47.90 
11051070000A	U MHST S110S HORN ST	 $82.49 
11051071000A	U MHST S17S HRN STRB	 $69.06 
11051072000A	U MHST S75S HRN STRB	 $77.36 
11051073000A	U MHT 1G HORN MINI	 $15.49 
11051074000A	U MHT MCS MINIHORN W	 $80.57 
11051078000A	U MHU MCS W HORN STR	 $77.62 
11051079000A	U MMT S110S 0	 $82.22 
11051080000A	U MMT S110S C	 $221.99 
11051081000A	U S110S STROBE 110	 $69.06 
11051082000A	U S75S C CEILING MNT	 $66.19 
11051083000A	U S75S STROBE 75 CD	 $64.74 
89030435000A	U.S. POSTAGE STAMP TRIFOLD	 $1.89 
89030102000A	U2 Prom on RS232 Board	 $71.37 
49233199282A	UAB-P.ROLR-K	 $48.87 
49233199283A	UAB-P.ROLR-S	 $48.87 
11051084000A	UART CRD PLGS CPU REQ ANNUN PR	 $68.52 
41027358000A	U-Bolt Mounting Kit (TRAC-Vault BT mount for fence up-right)	 $126.54 
21016227000A	UC Accessory Base Switch	 $2.89 
18021000000A	UC Accessory Nut, Cap	 $0.25 
20259670000	UC Accessory Shelf Clip	 $1.18 
41019201501A	UC CORE KIT NONMSTRD	 $30.59 
41019201502A	UC CORE KIT NONMSTRD	 $30.59 
41019201503A	UC CORE KIT NONMSTRD	 $30.59 
41019201504A	UC CORE KIT NONMSTRD	 $30.59 
41019201505A	UC CORE KIT NONMSTRD	 $30.59 
41019201506A	UC CORE KIT NONMSTRD	 $30.59 
41019201509A	UC CORE KIT NONMSTRD	 $30.59 
41019201511A	UC CORE KIT NONMSTRD	 $30.59 
41019201513A	UC CORE KIT NONMSTRD	 $30.59 
41019201514A	UC CORE KIT NONMSTRD	 $30.59 
41019201515A	UC CORE KIT NONMSTRD	 $30.59 
41019201516A	UC CORE KIT NONMSTRD	 $30.59 
41019201517A	UC CORE KIT NONMSTRD	 $27.75 
41019201518A	UC CORE KIT NONMSTRD	 $30.59 
41019201520A	UC CORE KIT NONMSTRD	 $30.59 
41019201521A	UC CORE KIT NONMSTRD	 $30.59 
41019201522A	UC CORE KIT NONMSTRD	 $30.59 
41019201523A	UC CORE KIT NONMSTRD	 $30.59 
41019201524A	UC CORE KIT NONMSTRD	 $30.59 
41019201525A	UC CORE KIT NONMSTRD	 $30.59 
41019201526A	UC CORE KIT NONMSTRD	 $30.59 
41019201527A	UC CORE KIT NONMSTRD	 $30.59 
41019201528A	UC CORE KIT NONMSTRD	 $30.59 
41019201529A	UC CORE KIT NONMSTRD	 $30.59 
41019201530A	UC CORE KIT NONMSTRD	 $30.59 
41019201531A	UC CORE KIT NONMSTRD	 $30.59 
41019201532A	UC CORE KIT NONMSTRD	 $30.59 
41019201533A	UC CORE KIT NONMSTRD	 $30.59 
41019201534A	UC CORE KIT NONMSTRD	 $30.59 
41019201535A	UC CORE KIT NONMSTRD	 $30.59 
41019201536A	UC CORE KIT NONMSTRD	 $30.59 
41019201537A	UC CORE KIT NONMSTRD	 $30.59 
41019201538A	UC CORE KIT NONMSTRD	 $30.59 
41019201539A	UC CORE KIT NONMSTRD	 $27.75 
41019201540A	UC CORE KIT NONMSTRD	 $27.75 
41019201541A	UC CORE KIT NONMSTRD	 $30.59 
41019201542A	UC CORE KIT NONMSTRD	 $27.75 
41019201543A	UC CORE KIT NONMSTRD	 $30.59 
41019201544A	UC CORE KIT NONMSTRD	 $30.59 
41019201545A	UC CORE KIT NONMSTRD	 $30.59 
41019201546A	UC CORE KIT NONMSTRD	 $30.59 
41019201547A	UC CORE KIT NONMSTRD	 $30.59 
41019201548A	UC CORE KIT NONMSTRD	 $30.59 
41019201549A	UC CORE KIT NONMSTRD	 $30.59 
41019201550A	UC CORE KIT NONMSTRD	 $30.59 
41019201551A	UC CORE KIT NONMSTRD	 $30.59 
41019201552A	UC CORE KIT NONMSTRD	 $30.59 
41019201553A	UC CORE KIT NONMSTRD	 $30.59 
41019201554A	UC CORE KIT NONMSTRD	 $30.59 
41019201555A	UC CORE KIT NONMSTRD	 $30.59 
41019201556A	UC CORE KIT NONMSTRD	 $27.75 
41019201559A	UC CORE KIT NONMSTRD	 $30.59 
41019201561A	UC CORE KIT NONMSTRD	 $30.59 
41019201562A	UC CORE KIT NONMSTRD	 $30.59 
41019201564A	UC CORE KIT NONMSTRD	 $30.59 
41019201565A	UC CORE KIT NONMSTRD	 $30.59 
41019201566A	UC CORE KIT NONMSTRD	 $30.59 
41019201567A	UC CORE KIT NONMSTRD	 $30.59 
41019201568A	UC CORE KIT NONMSTRD	 $30.59 
41019201570A	UC CORE KIT NONMSTRD	 $30.59 
41019201571A	UC CORE KIT NONMSTRD	 $27.75 
41019201572A	UC CORE KIT NONMSTRD	 $30.59 
41019201573A	UC CORE KIT NONMSTRD	 $30.59 
41019201574A	UC CORE KIT NONMSTRD	 $30.59 
41019201575A	UC CORE KIT NONMSTRD	 $30.59 
41019201576A	UC CORE KIT NONMSTRD	 $30.59 
41019201577A	UC CORE KIT NONMSTRD	 $30.59 
41019201578A	UC CORE KIT NONMSTRD	 $30.59 
41019201579A	UC CORE KIT NONMSTRD	 $27.75 
41019201580A	UC CORE KIT NONMSTRD	 $30.59 
41019201582A	UC CORE KIT NONMSTRD	 $27.75 
41019201583A	UC CORE KIT NONMSTRD	 $30.59 
41019201584A	UC CORE KIT NONMSTRD	 $30.59 
41019201585A	UC CORE KIT NONMSTRD	 $30.59 
41019201586A	UC CORE KIT NONMSTRD	 $30.59 
41019201588A	UC CORE KIT NONMSTRD	 $30.59 
41019201589A	UC CORE KIT NONMSTRD	 $30.59 
41019201590A	UC CORE KIT NONMSTRD	 $30.59 
41019201591A	UC CORE KIT NONMSTRD	 $30.59 
41019201592A	UC CORE KIT NONMSTRD	 $30.59 
41019201593A	UC CORE KIT NONMSTRD	 $27.75 
41019201594A	UC CORE KIT NONMSTRD	 $30.59 
41019201595A	UC CORE KIT NONMSTRD	 $30.59 
41019201596A	UC CORE KIT NONMSTRD	 $27.75 
41019201597A	UC CORE KIT NONMSTRD	 $30.59 
41019201598A	UC CORE KIT NONMSTRD	 $30.59 
41019201599A	UC CORE KIT NONMSTRD	 $27.75 
41019201600A	UC CORE KIT NONMSTRD	 $27.75 
41019201601A	UC CORE KIT NONMSTRD	 $30.59 
41019201602A	UC CORE KIT NONMSTRD	 $27.75 
41019201603A	UC CORE KIT NONMSTRD	 $27.75 
41019201604A	UC CORE KIT NONMSTRD	 $27.75 
89030156000A	uc3854nf ic	 $64.41 
49260540000A	UCS-FRONT-PLT SPG	 $3.83 
49260541000A	UCS-FRONT-PLT SPG	 $3.83 
49260562000A	UCS-IDL-25R_PIN	 $3.83 
49260558000A	UCS-M1-Z18-IDL G	 $3.83 
49233199433A	UCS-PR-SENS-B ASM	 $92.85 
49260538000A	UCS-RT-SENS PLT	 $13.76 
49260595000A	UCS-TRANSPORT FM2	 $114.62 
49260560000A	UCS-Z14-24-IDL-D G	 $3.83 
49260559000A	UCS-Z15-30-ID-DG	 $3.83 
49260610000A	UES-FLRB-IDL ASM	 $12.23 
49260611000A	UES-Z16-DRV G	 $6.11 
11051086000A	UI LSTD HRDWRE ENCL ONY W/LOC	 $328.86 
TM000482001A	UIDAI Biometric Reader On-site Repair Manual	 $95.40 
NZ0000003699	U-IMCRW BATTERY ASSY	 $65.77 
49260603000A	UJK-LOW-R_G ASSY	 $187.21 
11032677000A	UL LABEL	 $2.00 
AA000456000B	UL REQUIREMENTS FOR ALARM	 $5.40 
49260578000A	ULT-20-IDL-G	 $3.83 
49260572000A	ULT-30-D GEAR	 $3.83 
TP820476001A	ultak acu-6 instl & op manual	 $14.40 
49260579000A	ULT-FRONT COVER	 $12.23 
NZ0000003736	ULTRA ATA CABLE ASSY	 $25.04 
11065375000A	ULTRA SMALL DOOR/WINDOW CONTAC	 $129.74 
19065367000A	ULTRA VIEW CAM(XP3) SERIES	 $736.89 
TP820447001A	ultrak 1/3" ccd color ball cam	 $5.40 
TP820457001A	ultrak 17&20" b&w monitor guid	 $20.70 
TP820478001A	ultrak 64ppu addendum	 $3.60 
TP820477001A	ultrak 64ppu sys ungrd manual	 $3.60 
TP820678001A	ULTRAK ACCESS CONTL QUICK GD	 $6.30 
TP820679001A	ULTRAK ACCESS CONTL SYS GUIDE	 $27.00 
ULACTE00000A	ultrak access control terminal	 $313.20 
TP820472001A	ultrak act 2004 user manual	 $14.40 
TP820473001A	ULTRAK ACT-4  USER'S GUIDE	 $15.30 
TP820475001A	ULTRAK ACT-E USER'S GUIDE	 $13.50 
TP820444001A	ULTRAK CCU-100/A USER'S MANUAL	 $58.50 
TP820435001A	ultrak heb series 10" and 12"	 $6.30 
TP820420001A	ultrak instl tips smartscan	 $3.60 
TP820445001A	ULTRAK JPD-100 JOYSTCK USER MA	 $29.70 
TP820424001A	ultrak kd6 tophat drop ceiling	 $2.70 
TP820428001A	ultrak kd6 ultadome operation	 $13.50 
TP820471001A	ultrak kkq8300mp instl inst	 $5.40 
TP820439001A	ULTRAK KM-12A INSTAL INSTR.	 $5.40 
TP820441001A	ULTRAK KO6170Q 17"B/W RT QUAD	 $9.90 
TP820442001A	ultrak ko6170q quad observ mon	 $8.10 
TP820450001A	ultrak kq 7300cn 4 channel	 $13.50 
TP820451001A	ultrak kq8300mn-0722 instl ins	 $5.40 
TP820452001A	ultrak kx1600md 16 ch instl in	 $16.20 
TP820453001A	ultrak kx161cn user manual	 $16.20 
TP821001001A	ULTRAK MDI (AZC) QUICK START	 $0.90 
TP821002001A	ULTRAK MDI (DDC) QUICK START	 $0.90 
TP821004001A	ULTRAK MDI (NLC) QUICK START	 $0.90 
TP821003001A	ULTRAK MDI (ORC) QUICK START	 $0.90 
TP821008001A	ULTRAK MDI ACT E USERS GUIDE	 $12.60 
TP820990001A	ULTRAK MDI ACT-2 SFTWRE 2.10	 $18.90 
TP820991001A	ULTRAK MDI ACT-5 USER GDE	 $13.50 
TP821006001A	ULTRAK MDI ACT-E QCK INSTALL	 $2.70 
TP820996001A	ULTRAK MDI ACU-7 INSTALL/OP GD	 $14.40 
TP821005001A	ULTRAK MDI ACU-7 QUICK START	 $0.90 
TP820999001A	ULTRAK MDI ADMIN MANUAL	 $48.60 
TP820997001A	ULTRAK MDI HARDWARE INSTALL	 $48.60 
TP820998001A	ULTRAK MDI HRDWRE INSTAL REL A	 $51.30 
TP821009001A	ULTRAK MDI INSTALL & OP GDE	 $47.70 
TP820989001A	ULTRAK MDI PNT GRD ASCESS CONT	 $15.30 
TP820995001A	ULTRAK MDI PNTGRD 7.0 QIG	 $7.20 
TP820993001A	ULTRAK MDI POINTGUARD 6.5	 $25.20 
TP820992001A	ULTRAK MDI POINTGUARD 7.0	 $25.20 
TP821011001A	ULTRAK MDI POINTGUARD USER MAN	 $89.10 
TP821000001A	ULTRAK MDI SOFTWARE USERS MAN	 $108.00 
TP820988001A	ULTRAK MDI TRU INSTALL/ OP MAN	 $18.00 
TP820407001A	ultrak mono-focal 2/3 & 1" aut	 $0.90 
TP820481001A	ultrak pointguard guide	 $34.20 
ULA30002000A	ULTRAK PPU-50 MOTHER BD	 $10,687.95 
TP820479001A	ULTRAK PPU50&PPU100 INST & OP.	 $18.90 
TP820462001A	ULTRAK RTU 100/200 INSTL&OPER	 $47.70 
TP820480001A	ultrak rtuj 60/75 instl & op m	 $17.10 
TP820459001A	ultrak safenet sidekick user	 $83.70 
TP820460001A	ultrak safeware nt5.4 admin	 $16.20 
TP820419001A	ultrak smartscan proll	 $3.60 
TP820456001A	ultrak utu-2000 user manual	 $13.50 
TP820454001A	ultrak vianet 3000 operator ma	 $19.80 
TP820455001A	ultrak vianet video management	 $18.00 
SEECD350HVAC	ULTRASONIC CEILING MOUNT HVAC	 $171.05 
19065163000A	ULTRAVIEW CAM(EVR SER)TRUE DAY/NIGHT	 $685.54 
02025944096B	UNCTR LOCK DEAD BOLT CD196 MAS	 $43.47 
02025944002B	UNCTR LOCK DEAD BOLT CD202 MAS	 $43.47 
02025944004B	UNCTR LOCK DEAD BOLT CD204 MAS	 $53.35 
41019209501A	UNDER COUNTER LOCK NON MK	 $33.12 
41019209502A	UNDER COUNTER LOCK NON MK	 $33.12 
41019209503A	UNDER COUNTER LOCK NON MK	 $33.12 
41019209504A	UNDER COUNTER LOCK NON MK	 $33.12 
41019209505A	UNDER COUNTER LOCK NON MK	 $33.12 
41019209506A	UNDER COUNTER LOCK NON MK	 $33.12 
41019209509A	UNDER COUNTER LOCK NON MK	 $33.12 
41019209511A	UNDER COUNTER LOCK NON MK	 $33.12 
41019209513A	UNDER COUNTER LOCK NON MK	 $31.55 
41019209514A	UNDER COUNTER LOCK NON MK	 $33.12 
41019209515A	UNDER COUNTER LOCK NON MK	 $33.12 
41019209516A	UNDER COUNTER LOCK NON MK	 $33.12 
41019209517A	UNDER COUNTER LOCK NON MK	 $33.12 
41019209518A	UNDER COUNTER LOCK NON MK	 $33.12 
41019209520A	UNDER COUNTER LOCK NON MK	 $33.12 
41019209521A	UNDER COUNTER LOCK NON MK	 $33.12 
41019209522A	UNDER COUNTER LOCK NON MK	 $33.12 
41019209523A	UNDER COUNTER LOCK NON MK	 $33.12 
41019209524A	UNDER COUNTER LOCK NON MK	 $33.12 
41019209525A	UNDER COUNTER LOCK NON MK	 $33.12 
41019209526A	UNDER COUNTER LOCK NON MK	 $33.12 
41019209527A	UNDER COUNTER LOCK NON MK	 $33.12 
41019209528A	UNDER COUNTER LOCK NON MK	 $33.12 
41019209529A	UNDER COUNTER LOCK NON MK	 $33.12 
41019209530A	UNDER COUNTER LOCK NON MK	 $33.12 
41019209531A	UNDER COUNTER LOCK NON MK	 $33.12 
41019209532A	UNDER COUNTER LOCK NON MK	 $33.12 
41019209533A	UNDER COUNTER LOCK NON MK	 $33.12 
41019209534A	UNDER COUNTER LOCK NON MK	 $33.12 
41019209535A	UNDER COUNTER LOCK NON MK	 $33.12 
41019209536A	UNDER COUNTER LOCK NON MK	 $33.12 
41019209537A	UNDER COUNTER LOCK NON MK	 $33.12 
41019209538A	UNDER COUNTER LOCK NON MK	 $33.12 
41019209539A	UNDER COUNTER LOCK NON MK	 $33.12 
41019209540A	UNDER COUNTER LOCK NON MK	 $33.12 
41019209541A	UNDER COUNTER LOCK NON MK	 $33.12 
41019209542A	UNDER COUNTER LOCK NON MK	 $33.12 
41019209543A	UNDER COUNTER LOCK NON MK	 $33.12 
41019209544A	UNDER COUNTER LOCK NON MK	 $33.12 
41019209545A	UNDER COUNTER LOCK NON MK	 $33.12 
41019209546A	UNDER COUNTER LOCK NON MK	 $33.12 
41019209547A	UNDER COUNTER LOCK NON MK	 $31.55 
41019209548A	UNDER COUNTER LOCK NON MK	 $33.12 
41019209549A	UNDER COUNTER LOCK NON MK	 $33.12 
41019209550A	UNDER COUNTER LOCK NON MK	 $33.12 
41019209551A	UNDER COUNTER LOCK NON MK	 $33.12 
41019209552A	UNDER COUNTER LOCK NON MK	 $33.12 
41019209553A	UNDER COUNTER LOCK NON MK	 $33.12 
41019209554A	UNDER COUNTER LOCK NON MK	 $33.12 
41019209555A	UNDER COUNTER LOCK NON MK	 $33.12 
41019209556A	UNDER COUNTER LOCK NON MK	 $33.12 
41019209557A	UNDER COUNTER LOCK NON MK	 $33.12 
41019209558A	UNDER COUNTER LOCK NON MK	 $33.12 
41019209559A	UNDER COUNTER LOCK NON MK	 $33.12 
41019209560A	UNDER COUNTER LOCK NON MK	 $33.12 
41019209561A	UNDER COUNTER LOCK NON MK	 $33.12 
41019209562A	UNDER COUNTER LOCK NON MK	 $33.12 
41019209563A	UNDER COUNTER LOCK NON MK	 $33.12 
41019209564A	UNDER COUNTER LOCK NON MK	 $33.12 
41019209565A	UNDER COUNTER LOCK NON MK	 $33.12 
41019209566A	UNDER COUNTER LOCK NON MK	 $33.12 
41019209567A	UNDER COUNTER LOCK NON MK	 $33.12 
41019209568A	UNDER COUNTER LOCK NON MK	 $33.12 
41019209569A	UNDER COUNTER LOCK NON MK	 $33.12 
41019209570A	UNDER COUNTER LOCK NON MK	 $33.12 
41019209571A	UNDER COUNTER LOCK NON MK	 $33.12 
41019209572A	UNDER COUNTER LOCK NON MK	 $33.12 
41019209573A	UNDER COUNTER LOCK NON MK	 $33.12 
41019209574A	UNDER COUNTER LOCK NON MK	 $30.04 
41019209575A	UNDER COUNTER LOCK NON MK	 $33.12 
41019209576A	UNDER COUNTER LOCK NON MK	 $33.12 
41019209577A	UNDER COUNTER LOCK NON MK	 $33.12 
41019209578A	UNDER COUNTER LOCK NON MK	 $31.55 
41019209579A	UNDER COUNTER LOCK NON MK	 $30.04 
41019209580A	UNDER COUNTER LOCK NON MK	 $33.12 
41019209581A	UNDER COUNTER LOCK NON MK	 $30.04 
41019209582A	UNDER COUNTER LOCK NON MK	 $33.12 
41019209583A	UNDER COUNTER LOCK NON MK	 $33.12 
41019209584A	UNDER COUNTER LOCK NON MK	 $33.12 
41019209585A	UNDER COUNTER LOCK NON MK	 $33.12 
41019209586A	UNDER COUNTER LOCK NON MK	 $31.55 
41019209587A	UNDER COUNTER LOCK NON MK	 $33.12 
41019209588A	UNDER COUNTER LOCK NON MK	 $33.12 
41019209589A	UNDER COUNTER LOCK NON MK	 $31.55 
41019209590A	UNDER COUNTER LOCK NON MK	 $33.12 
41019209591A	UNDER COUNTER LOCK NON MK	 $33.12 
41019209592A	UNDER COUNTER LOCK NON MK	 $33.12 
41019209593A	UNDER COUNTER LOCK NON MK	 $33.12 
41019209594A	UNDER COUNTER LOCK NON MK	 $33.12 
41019209595A	UNDER COUNTER LOCK NON MK	 $33.12 
41019209596A	UNDER COUNTER LOCK NON MK	 $33.12 
41019209597A	UNDER COUNTER LOCK NON MK	 $33.12 
41019209598A	UNDER COUNTER LOCK NON MK	 $33.12 
41019209599A	UNDER COUNTER LOCK NON MK	 $33.12 
41019209600A	UNDER COUNTER LOCK NON MK	 $33.12 
11051224000A	UNI IN/OUT MOD MOTH 6 POS W/RI	 $234.04 
BRP00973000A	UNINTERRUPTED POWER SUPPLY	 $0.05 
89031279005A	UNIT LOCK	 $39.61 
TSN88146000A	UNIT,BEARING	 $0.00 
TSN88161000A	UNIT,BEARING	 $35.51 
NZ0000001860	Unit-Aria Pick	 $1,871.10 
AA000065000A	UNITERRUPTED POWER SUPPLY (UPS	 $12.60 
NO2301010200	Univ Inline Fuse Holder	 $6.58 
11051089000A	UNIVER CLAS AB MOD DEL 15 PERS	 $184.90 
11051090000A	UNIVERS CLASS AB MOD UIO MOUNT	 $160.89 
PLPM20100000	UNIVERS PEDESTAL MT,ADJ HD,10"	 $79.38 
00050605000A	UNIVERSAL -5-1/4- HEAD CLEANIG	 $17.96 
11051838000A	UNIVERSAL BNC CRIMP,75OHMS 10B	 $18.45 
TP821231001A	universal depository installat	 $7.20 
19056982000A	UNIVERSAL LCD MONITOR CEILING MOUNT BLACK	 $101.92 
11051092000A	UNIVERSAL MAGNETIC CONTACT	 $32.67 
TMM11985000A	UNIVERSAL NIGHT DEP PARTS CAT	 $77.40 
TSN94601000A	UNIVERSAL PLCC EXTRACTOR	 $23.90 
11066482000A	Universal TA Interface Kit - SL	 $11,583.41 
11066671000A	Universal Telephone Intfc w BEAM	 $3,350.97 
GR808110701A	UNIVERSAL TERMINAL INTERFACE (	 $5.40 
11051839000A	UNIVERSAL WALL MOUNT	 $124.70 
PLCM17000000	UNIVERSAL WALL,CEIL,PED CAMERA	 $54.76 
11051091000A	UNIVERSSAL DIGITAL COMMUNICATR	 $832.48 
30017010000	UNLOCKING BAR	 $90.02 
11031259000A	UNLOCKING BAR 105-3049	 $7.26 
30021500000	UNLOCKING BAR FOR S&G	 $65.66 
30021520000	UNLOCKING BAR FOR S&G	 $65.66 
TP820474001A	unltrak act-d/2 user manual	 $14.40 
TP799435000A	UNPKG DOC,1073	 $0.90 
15004025000A	UNPKG I-1064 LOW.CHASS.	 $0.45 
15004026000A	UNPKG I-1064 UPR.CHSS.	 $0.45 
15004040000A	UNPKG INSTRN	 $0.90 
15004041000A	UNPKG INSTRN,FLL FACIA LCH BRKT	 $0.90 
15004003000A	UNPKG:MDS BOT CHAS	 $0.45 
15004004000A	UNPKG:MDS BOT CHAS DISPR	 $0.45 
15004001000A	UNPKG:MDS TOP CHAS PRNTR	 $0.45 
15004005000A	UNPKG:MDS TTW FACIA SD	 $0.45 
11051840000A	UP1100 POWERSTRIP 11 OUTLET	 $141.88 
49256114003B	UPB PTN GUIDE MYLER BK	 $38.21 
89030159000A	upc24a12hf ic	 $100.36 
89030160000A	upc494c ic	 $46.92 
89030155000A	upc78m18ahf ic	 $44.60 
BUFI0565000C	UPGR DOC,EXTREME ENVIR KIT	 $16.36 
ULU60045000A	UPGR KIT,CPU-500	 $213.76 
BUFI0089000A	UPGR KIT,MM,1062/72/73IX(4782/85/87IX)	 $0.00 
ULU30004000A	UPGR KIT,PPU100	 $548.10 
00105100000A	UPGR, FFC CCA, FLD	 $298.72 
FBSPHX154NUA	UPGRADE - ACAI 1:1 Manager Server License	 $4.89 
FBSPHX139NUA	UPGRADE - ACAI COMMANDER 1:1 Manager Terminal License	 $4.89 
FBSPHX144NUA	UPGRADE - ACAI COMMANDER Asset Manager Server License	 $4.89 
FBSPHX145NUA	UPGRADE - ACAI COMMANDER Asset Manager Terminal License	 $4.89 
FBSPHX146NUA	UPGRADE - ACAI COMMANDER Campaign Manager Server License	 $4.89 
FBSPHX147NUA	UPGRADE - ACAI COMMANDER Campaign Manager Terminal License	 $4.89 
FBSPHX148NUA	UPGRADE - ACAI COMMANDER Content Manager Server License	 $4.89 
FBSPHX149NUA	UPGRADE - ACAI COMMANDER Content Manager Terminal License	 $4.89 
FBSPHX138NUA	UPGRADE - ACAI COMMANDER eCommunication Manager Server License	 $4.89 
FBSPHX155NUA	UPGRADE - ACAI COMMANDER eCommunication Manager Server License	 $4.89 
FBSPHX128NUA	UPGRADE - ACAI COMMANDER eCommunication Manager Terminal License	 $4.89 
FBSPHX156NUA	UPGRADE - ACAI COMMANDER eCommunication Manager Terminal License	 $4.89 
FBSPHX135NUA	UPGRADE - ACAI COMMANDER Personalization Manager Server License	 $4.89 
FBSPHX140NUA	UPGRADE - ACAI COMMANDER Personalization Manager Terminal License	 $4.89 
FBSPHX151NUA	UPGRADE - ACAI COMMANDER Software Manager Server License	 $4.89 
FBSPHX153NUA	UPGRADE - ACAI COMMANDER Software Manager Terminal License	 $4.89 
FBSPHX141NUA	UPGRADE - COMMANDER / XPRESSION Base Server License	 $4.89 
FBSPHX170NUA	UPGRADE - COMMANDER / XPRESSION External System Standard Gateway Server License	 $4.89 
FBSPHX136NUA	UPGRADE - COMMANDER 1:1 Manager Server License	 $4.89 
FBSPHX137NUA	UPGRADE - COMMANDER 1:1 Manager Terminal License	 $4.89 
FBSPHX129NUA	UPGRADE - COMMANDER Asset Manager Server License	 $4.89 
FBSPHX130NUA	UPGRADE - COMMANDER Asset Manager Terminal License	 $4.89 
FBSPHX131NUA	UPGRADE - COMMANDER Campaign Manager Server License	 $4.89 
FBSPHX132NUA	UPGRADE - COMMANDER Campaign Manager Terminal License	 $4.89 
FBSPHX164NUA	UPGRADE - COMMANDER Deposit Manager Server License	 $4.89 
FBSPHX165NUA	UPGRADE - COMMANDER Deposit Manager Terminal License	 $4.89 
FBSPHX142NUA	UPGRADE - COMMANDER Personalization Manager Server License	 $4.89 
FBSPHX143NUA	UPGRADE - COMMANDER Personalization Manager Terminal License	 $4.89 
FBSPHX150NUA	UPGRADE - COMMANDER Software Manager Server License	 $4.89 
FBSPHX152NUA	UPGRADE - COMMANDER Software Manager Terminal License	 $4.89 
FBSPHX133NUA	UPGRADE - COMMANDER Troubleshooting Manager Server License	 $4.89 
FBSPHX134NUA	UPGRADE - COMMANDER Troubleshooting Manager Terminal License	 $4.89 
FBSPHX177NUA	UPGRADE - COMMANDER-XPRESSION Enhanced Transaction Gateway - Additional Node License	 $4.89 
FBSPHX176NUA	UPGRADE - COMMANDER-XPRESSION Enhanced Transaction Gateway - Includes First Node License	 $4.89 
FBSPHX178NUA	UPGRADE - Shared Branch 3.0 for VISTA License	 $4.89 
FBSPHX183NUA	UPGRADE - VISTA A2iA Check IQA Module - INTL License	 $4.89 
FBSPHX182NUA	UPGRADE - VISTA A2iA Check IQA Module...	 $4.89 
FBSPHX122NUA	UPGRADE - VISTA Developer Workbench License	 $4.89 
FBSPHX166NUA	UPGRADE - VISTA License with Operating System License	 $4.89 
FBSPHX198NUA	UPGRADE - XPRESSION Base Server License	 $4.89 
FBSPHX199NUA	UPGRADE - XPRESSION External System Standard Gateway Server License	 $4.89 
FBSPHX159NUA	UPGRADE - XPRESSION Interactive Teller Terminal License	 $4.89 
FBSPHX157NUA	UPGRADE - XPRESSION Self-Service Terminal License	 $4.89 
FBSPHX158NUA	UPGRADE - XPRESSION Teller Assist Terminal License	 $4.89 
19083433000A	UPGRADE KIT FOR 2G TG-7 SERIES CELLULAR ALARM COMM	 $850.03 
BTC8511ROM00	UPGRADE KIT, SYSTEM SOFTWARE B	 $508.95 
BTC8610ROM00	UPGRADE KIT, SYSTEM SOFTWARE B	 $508.95 
BTC8710ROM00	UPGRADE KIT, SYSTEM SOFTWARE B	 $508.95 
BTC8810ROM00	UPGRADE KIT, SYSTEM SOFTWARE B	 $508.95 
BUFI2020000A	UPGRADE KIT,BCS-2D,W/AUDIO&NO FUNCTION KEYS	 $4.40 
39014135000B	UPGRADE KIT,HDW/SFTW,ACCUTRACK,45GB/1.33.01	 $607.46 
19053234000A	UPGRADE LIC/CONFIG DONGLE FOR 1058 CNTRLR	 $515.97 
BUFI2010000A	UPGRADE TO THE SOLID STATE HARD DRIVE	 $5.84 
19041632000A	UPGRADE,V1.0 TO 2.0,VTU-E	 $959.18 
19041633000A	UPGRADE,V1.0 TO V2.0,VTU ER	 $959.18 
19041631000A	UPGRADE,V3.2 TO 5.0,VTU-S	 $685.13 
19041630000A	UPGRADE,V3.2 TO V5.0,VTU-A	 $685.13 
19041634000A	UPGRADE,VMS LITE V4.1 TO VMS V5.0	 $5,453.60 
49260491000C	UPPER 16MM RAIL DUAL CASSETTE	 $8.19 
49215772000B	UPPER ALIGN FRAME,RT	 $57.21 
49215771000A	UPPER ALIGN FRAME,TOP	 $97.81 
TSN94670000A	Upper Belt Kit Toshiba 601	 $728.45 
NZ0000003417	UPPER COLLAR BRKT ASSY - 5885	 $153.47 
19039128000A	UPPER NOTE GUIDE, DIVERT - 507	 $4.38 
TSN93605000A	UPPER X-PORT UNIT	 $1,962.51 
11051583000A	UPS	 $735.70 
BRP00988000A	UPS SELF	 $0.05 
11062298000A	UPS, 750 USB, APC	 $767.31 
11047438000A	UPS,550VA,STANDBY,8 OUTLET,USPS ONLY	 $193.73 
19054985000A	UPS,750VA,USB,CASH SORTER,CS700	 $983.86 
21017572000A	UPS,IKVA	 $1,527.03 
11044758000A	UPS; SYSTEM ONE 245AG	 $548.68 
11044759000A	UPS;ONEAC; SYNERGY II S1000	 $1,405.98 
BRP00749000A	UPS300 PS AUTEC UPS300-1002	 $0.05 
BRP00760000A	UPS300 PS HARNESS	 $0.05 
89030632000A	UPT17 TRANSZORB 17V 1DW UNIDIR	 $3.29 
89030631000A	UPTB33 TRANSZORB 33V 1KW BIDIR	 $1.20 
49260617000A	URB-LEVER2 KEY	 $3.83 
49260618000A	URB-S-L-T GUIDE	 $3.83 
49260619000A	URB-S-R-T GUIDE	 $3.83 
11062277000A	URETHANE WASHER	 $136.94 
49233199153A	UR-UP-CL-BE COVER2	 $1,716.32 
49260569000A	UR-Z16-35-ID GEAR	 $3.83 
49260613000A	UR-Z20-20-D G	 $6.11 
89031304000C	US BANK AGILIS 2.4 PACKAGE	 $26.88 
89031082000D	US BANK GRAPHICS UPDATE CD	 $9.77 
89031082000E	US BANK GRAPHS UPD CD REV14	 $9.77 
89030942000A	US BANK HOT FIX CD OPTEVA/AGIL	 $8.55 
89030942000B	US BANK HOT FIX CD OPTEVA/REV3	 $8.55 
11048609000A	US BANK ONLY DVR 23660-502	 $3,759.21 
11048610000A	US BANK ONLY DVR 23662-504	 $7,315.25 
89030923000D	US BANK VOICE 10.0 CD	 $9.77 
89030923000E	US BANK VOICE 11.0 CD	 $9.77 
89030923000C	US BANK VOICE 9.0 CD	 $9.77 
89031578000A	USB 16GB Kingston Data Traveler	 $29.32 
NZ0000003851	USB 2.0 A TO B RIGHT ANGLE CON	 $73.46 
NZ0000002967	usb 2.0 drive kit	 $76.73 
49226162000A	USB 4 PORT HUB	 $62.87 
TS4368854712	USB CABLE	 $163.86 
49220984001A	USB CABLE FOR FLKB1	 $130.86 
89031406000A	USB CASSETTE LABEL SHEET	 $34.21 
NZ0000003709	USB CONTACTLESS CRD RDR ANTENN	 $271.44 
41027128000A	USB Desktop Enrollment Fingerprint Reader	 $932.40 
BRP00949000A	USB DEVICE CABLE	 $0.05 
89031494000A	USB EMPOWER 1.0 TO 1.1 REMOTE	 $0.05 
89031495000A	USB EMPOWER 1.0 TO 1.1 REMOTE	 $0.05 
64100150000A	USB Flash Drive W/ Remote Management Software	 $666.00 
TS4843573413	USB HUB	 $308.61 
NZ0000003657	USB HUB, 7 PORT	 $362.34 
11062115000A	USB Sentinal	 $1,246.93 
11049617000A	USB TO SERIAL CBL JU-CB1S12-S3	 $91.07 
11047787000A	USB-485 CONVERTER	 $753.64 
89031508000A	USBANK AGIL 241,SNOW PRINT,UPD	 $9.77 
89030840000B	USBANK AGILIS 1312 KIT (BRECK)	 $58.64 
89030839000B	USBANK AGILS 1312 KIT (DENVER)	 $58.64 
89031422000F	USBANK EMPOWER SFTWR,20120306R	 $48.87 
89031422000G	USBANK EMPOWER SFTWR,20120306R	 $48.87 
89031510000A	USBANK, REMOTE UP,20130909R1A	 $78.19 
89031080000A	USBK 8151R2 AGLS 1312 BRECK	 $21.99 
89031081000A	USBK 8165R2 AGLS 1312 DENVER	 $21.99 
89031082000B	USBK CD504R10 GRAPHICS UPD	 $9.77 
89031265000A	USBK PRDGY DBD20091215REV1 CD	 $8.55 
89031264000A	USBK PRDGY DBD20091215REV1 DVD	 $9.77 
89027854000A	USE 89-26161-A	 $0.68 
MSN67393000A	USE N64744	 $202.23 
00051325000A	USED DIEBOLD CONVEN US CASS	 $236.25 
00051325000B	USED DIEBOLD SECURE US MMDCASS	 $189.00 
49233199205A	USE-F-GUIDE-PLT WIDE 1	 $3.06 
49233199206A	USE-F-GUIDE-PLT WIDE 2	 $3.06 
TP799567000A	USER GUIDE	 $13.50 
TP799689000A	USER GUIDE PHOTO MATE BOLDIMAGE,RLSE 2.0	 $11.70 
TP799578001D	USER GUIDE,473X CMPTBL FEAT	 $90.00 
DMLT02960000	USER GUIDE,ALPHA XR5	 $0.26 
TP820023001E	USER GUIDE,CSP 100	 $89.10 
TP799791000A	USER GUIDE,NISCA TELLER PVC CD PRNTR	 $13.50 
TP799913000A	USER GUIDE,PRNTR WRISTBAND BOLDIMAGE	 $10.40 
TP799715000A	USER GUIDE,VSS-305 VID CSET RCDR	 $18.90 
11040179000A	USER MNL,REPEATER	 $2.39 
TP799884001C	USER'S GUIDE FOR REL. 1.0 OF T	 $12.60 
TP820015001B	USER'S GUIDE, CODE ALERT	 $15.30 
DMLT03920000	USERS GUIDE,740/741/743	 $0.95 
DMLT03030000	USERS GUIDE,ALPHA,XR20	 $2.62 
DMLT02870000	USERS GUIDE,ALPHA,XR200	 $3.34 
DMLT02260000	USERS GUIDE,ALPHA,XR6/XR10	 $1.92 
DMLT03640000	USERS GUIDE,XR200/485	 $4.53 
TP799208000A	USERS MNL,QUAD SPLTR	 $6.30 
00148579000A	USPS CAP METRO NON TECH CRD	 $0.12 
USPSARROW000	USPS CBU ARROW/MAL LOCK	 $36.00 
USPSLOCK0000	USPS CBU LOCK REPLACEMENT	 $0.05 
USPSPARCEL00	USPS CBU PARCEL/0306 LOCK	 $36.00 
00148570000A	USPS EASTERN AREA PROX CARDS	 $1.50 
00148581000A	USPS GREAT LAKES NON TECH CRD	 $0.12 
00148582000A	USPS HQ NON TECH CRD	 $0.12 
89031084000B	USPS QRG VER 5.1	 $4.89 
00148576000A	USPS SOUTHEAST AREA PROXCARDS	 $1.50 
00148577000A	USPS SOUTHWEST AREA PROXCARDS	 $1.50 
00148588000A	USPS WESTERN NON TECH CRD	 $0.12 
49260570000A	UTF-BV-D LEG	 $12.23 
19056480000A	UTILITY CAN,11 X 15 IN	 $39.65 
49260608000A	UTR-TRANSPORT FM4	 $22.92 
00052090000A	UV BULB FOR MAGNER 4 IN 1	 $6.55 
TP821225001F	V 3.11.0,SFTW INSTL INSTRN	 $5.40 
10829230000	V BELT	 $45.59 
MSZ17206320A	V BELT A-35 OR 47370	 $53.11 
11042204000A	V BELT WHEEL	 $36.13 
31020219000A	V SEAL,CARD/CHECK	 $13.42 
89030389000A	V28S SQ. COAX MODULAR FIXED	 $534.40 
BRP00962000A	V3 CHASSIS	 $0.05 
GL1205002000	VAC,MINI,ATM,BASE PKG	 $726.24 
GL1205001000	VAC,MINI,ATM,W/PSU BTRY	 $781.05 
TSN51142000A	VACUUM CLEANER	 $195.29 
NZ0000001708	VACUUM PUMP ASSY	 $153.47 
41022827000A	VALVE ASSEMBLY	 $75.11 
38020187000A	VALVE HSG	 $11.83 
38020985000A	VALVE SEAT	 $86.94 
TE000067VICS	VALVE, 24V SMC	 $325.60 
MSN88309000A	VALVE, AIR CUTOFF	 $7.62 
31017349000C	VALVE,ANTI-CONDENSATION	 $7.13 
MSZ79148920A	VALVE-RECEIVE,HORIZ L/M	 $147.30 
19083822000A	Vandal Dome, Color, Wide Dynamic, Day/Night, AI/VF 2.8-10mm, 12VDC/24VAC	 $507.83 
19083824000A	Vandal Dome, Color, Wide Dynamic, Day/Night, AI/VF 2.8-10mm, 24VAC, Heater Installed	 $1,070.55 
19083823000A	Vandal Dome, Color, Wide Dynamic, Day/Night, AI/VF 9-22mm, 12VDC/24VAC	 $1,043.10 
19039191000A	VANDAL DOOR MOTOR - 5080/5081	 $164.43 
19039108000A	VANDAL DOOR SKID	 $5.48 
19059603000A	VANDAL PROOF SUB STATION	 $260.81 
11043742000A	VANDAL RESISTANT FLUSH MNT CAM	 $990.80 
89027829000A	VARISTOR 275 VAC NV430014	 $5.36 
AA000726000C	VAT 10 REFERENCE GUIDE	 $32.40 
TP799156000D	VAT 12 OPR INSTRN	 $8.10 
1750378679	VAT 21 GX Customer Fascia	 $645.70 
31020269000A	VAT 21 Lane ID Kit (For 1 to 4 Systems)	 $13.59 
29009304000A	VAT 21 Lens, SW ACTR, RED	 $7.29 
89031086000A	VAT 21 MANUAL TESTING QRG	 $4.89 
AA000733000J	VAT 21 Service and Parts Manual	 $58.74 
21016218000A	VAT 21 Stabilizer Bracket	 $23.57 
39010047000A	VAT 21 Switch	 $47.22 
00013485000B	VAT 21 Teller Unit	 $1,864.31 
89031108000A	VAT 21-23 STUDENT MANUAL	 $46.43 
00013486G00N	VAT 21GX Customer Unit	 $4,964.32 
TP821409001B	VAT 21GX INSTALLATION GUIDE	 $33.30 
21018048000E	VAT 21GX Large Capacity Carrier Kit -Side opening	 $309.21 
41015599000A	VAT 21GX Large Capacity Carrier -Side opening	 $37.80 
TM000364001B	VAT 21GX SERVICE AND PARTS MANUAL	 $132.30 
TP799878001F	VAT 23 INSTLN MANUAL	 $20.70 
AA000746000E	VAT 23 SERVICE AND PARTS MANUAL	 $141.30 
89031096000A	VAT 23 UNDERGROUND CUST QRC	 $8.55 
TP821558001A	VAT 23GX INSTALLATION GUIDE	 $24.30 
TP821557001A	VAT 23GX OPERATING INSTRUCTIONS	 $8.10 
TM000434001B	VAT 23GX Service and Parts Manual	 $121.50 
TP820708001C	VAT 24 AutoBanker Downsend Installation, Maintenance, and Parts Guide	 $25.20 
TP820707001A	VAT 24 AUTOBANKER DS OPERATING GUIDE	 $8.10 
TP820708001A	VAT 24 Downsend Installation Guide	 $26.10 
AA000705R001	VAT 3 SER AND INSTALLATION MAN	 $197.10 
41016533000A	VAT 30 / EA-10 Power supply	 $1,157.63 
41022973000B	VAT 30 BASE	 $711.01 
00052054000A	VAT 30 CARRIER - PINK	 $22.56 
41016978000A	VAT 30 Carrier Bag	 $22.28 
41014402000D	VAT 30 Dual Blower Assembly	 $2,250.08 
41014402000F	VAT 30 Dual Blower Assembly	 $1,782.41 
TP820150001D	VAT 30 Installation manual	 $34.20 
TP820150001F	VAT 30 Installation manual	 $36.00 
TP820149001C	VAT 30 OPERATING GUIDE	 $11.70 
TP821023001E	VAT 40 Installation Guide	 $34.20 
TP821020001B	VAT 40 OPERATING GUIDE	 $8.10 
19081851000A	VAT 42 M2 Cust Door Arm Assy	 $111.11 
19081859000A	VAT 42 M2 DOWN Power Teller Door	 $107.88 
19081855000A	VAT 42 M2 Replacement Cust Door	 $124.48 
19081861000A	VAT 42 Spring Replacmnt DS Latch	 $18.25 
19081842000A	VAT 42 Switch Recall Teller RED	 $73.04 
19081843000A	VAT 42 Switch Send Teller GREEN	 $141.75 
19081840000A	VAT 42 Turbo Compressor	 $702.63 
AA000717000B	VAT 7 AUDIO SERVICE MANUAL	 $119.70 
BUC07950300A	VAT 7 CUSTOMER DOOR SEAL	 $0.14 
AA0007220000	VAT 7 REFERENCE DATA	 $67.50 
11035879000A	VAT 7 TELLER DOOR CLOSE SWITCH	 $124.97 
28010528000A	VAT 9 SPLICER-POWER *3652	 $6.02 
00052154000A	VAT CARRIER CLIPBOARD	 $12.23 
31019845000A	VAT CARRIER INTERIOR LABEL	 $16.34 
00013653000A	VAT CCTV Video Switcher, 4x4	 $1,702.58 
1750380924	VAT Customer Control Panel	 $349.44 
BUFI0814000A	VAT DOOR ARM SERVICE KIT INSTALLATION	 $0.98 
31020715000A	VAT HEATER RING	 $59.15 
AA000331000B	VAT MATRIX SWITCH INTALL/SERV	 $105.30 
AA000740000E	VAT PVC TUBING INSTALLATION INSTRUCTIONS	 $9.00 
89030858000A	VAT TUBING FABRICAT TECH CBT	 $8.55 
00156066000A	VAT42 OH Teller Infrared CCA	 $237.65 
00156067000A	VAT42 OH Teller Infrd emtr/recvr	 $76.05 
49001860000A	VAULT ALARM ASM BAS @	 $2,234.02 
BRP00992000A	VAULT DOOR CICRO SWITCH	 $0.05 
19053166000A	VAULT DOOR CONTACT	 $447.34 
39002446000B	VAULT DOOR CONTACT	 $52.46 
AA000430000B	VAULT DOOR PROTECTION	 $92.70 
AA000430TABB	VAULT DOOR PROTECTION INDEX TA	 $0.45 
BUIB0946000A	vault door thrust cap instl in	 $0.16 
AA000447000C	VAULT SMOKE DETECTION SYSTEM S	 $35.10 
L20001170000	VAULT VENT COVER	 $16.34 
19053167000A	VAULT VENTILATOR SWITCH	 $271.94 
FBSPHX183N0A	VCP-Pro(VISTA) A2iA CheckReader International v5 Full License	 $4.89 
FBSPHX182N0A	VCP-Pro(VISTA) A2iA CheckReader USA v5 Full License	 $4.89 
FBSPHX127N0A	VCP-Pro(VISTA) Addon Check INTL v5	 $4.89 
FBSPHX121NUA	VCP-Pro(VISTA) ATM Bundle v4 Tracking Only	 $4.89 
FBSPHX103N0A	VCP-Pro(VISTA) ATM Bundle v5 Tracking Only	 $4.89 
FBSPHX103NUA	VCP-Pro(VISTA) ATM Bundle v5 Tracking Only	 $4.89 
FBSPHX108N0A	VCP-Pro(VISTA) Audio Assist Addon v5 Full License	 $4.89 
FBSPHX101N0A	VCP-Pro(VISTA) Audio Assist Chinese Addon v5 Full License	 $4.89 
FBSPHX161N0A	VCP-Pro(VISTA) Audio Assist French Addon v5 Full License	 $4.89 
FBSPHX163N0A	VCP-Pro(VISTA) Audio Assist German Addon v5 Full License	 $4.89 
FBSPHX100N0A	VCP-Pro(VISTA) Audio Assist Portuguese Addon v5 Full License	 $4.89 
FBSPHX162N0A	VCP-Pro(VISTA) Audio Assist Spanish Addon v5 Full License	 $4.89 
FBSPHX125N0A	VCP-Pro(VISTA) Cash Deposit Addon v5 Full License	 $4.89 
FBSPHX125NUA	VCP-Pro(VISTA) Cash Deposit Addon v5 Upgrade License	 $4.89 
FBSPHX127NUA	VCP-Pro(VISTA) Check Deposit International Addon v5 Upgrade License	 $4.89 
FBSPHX126N0A	VCP-Pro(VISTA) Check Deposit USA Addon v5 Full License	 $4.89 
FBSPHX126NUA	VCP-Pro(VISTA) Check Deposit USA Addon v5 Upgrade License	 $4.89 
FBSPHX184N0A	VCP-Pro(VISTA) EMV Addon v4 Full License	 $4.89 
FBSPHX184NUA	VCP-Pro(VISTA) EMV Addon v4 Upgrade License	 $4.89 
FBSPHX160N0A	VCP-Pro(VISTA) Enhanced Gateway Addon v5 Full License	 $4.89 
FBSPHX160NUA	VCP-Pro(VISTA) Enhanced Gateway Addon v5 Upgrade License	 $4.89 
FBSPHX180N0A	VCP-Pro(VISTA) Fiserv Accel Cardless Addon v5 Full License	 $4.89 
FBSPHX180NUA	VCP-Pro(VISTA) Fiserv Accel Cardless Addon v5 Upgrade License	 $4.89 
FBSPHX104N0A	VCP-Pro(VISTA) Full Function Bundle v4 Tracking Only	 $4.89 
FBSPHX104NUA	VCP-Pro(VISTA) Full Function Bundle v4 Tracking Only	 $4.89 
FBSPHX105N0A	VCP-Pro(VISTA) Full Function Bundle v5 Tracking Only	 $4.89 
FBSPHX105NUA	VCP-Pro(VISTA) Full Function Bundle v5 Tracking Only	 $4.89 
FBSPHX181N0A	VCP-Pro(VISTA) HSM Addon v5 Full License	 $4.89 
FBSPHX181NUA	VCP-Pro(VISTA) HSM Addon v5 Upgrade License	 $4.89 
FBSPHX106N0A	VCP-Pro(VISTA) IAD Bundle v4 Tracking Only	 $4.89 
FBSPHX106NUA	VCP-Pro(VISTA) IAD Bundle v4 Tracking Only	 $4.89 
FBSPHX107N0A	VCP-Pro(VISTA) IAD Bundle v5 Tracking Only	 $4.89 
FBSPHX107NUA	VCP-Pro(VISTA) IAD Bundle v5 Tracking Only	 $4.89 
FBSPHX179N0A	VCP-Pro(VISTA) Paypal Paydiant Cardless Addon v5 Full License	 $4.89 
FBSPHX179NUA	VCP-Pro(VISTA) Paypal Paydiant Cardless Addon v5 Upgrade License	 $4.89 
FBSPHX167N0A	VCP-Pro(VISTA) Platform IAD v4 Full License	 $4.89 
FBSPHX167NUA	VCP-Pro(VISTA) Platform IAD v4 Upgrade License	 $4.89 
FBSPHX168N0A	VCP-Pro(VISTA) Platform IAD v5 Full License	 $4.89 
FBSPHX168NUA	VCP-Pro(VISTA) Platform IAD v5 Upgrade License	 $4.89 
FBSPHX171N0A	VCP-Pro(VISTA) Platform v4	 $4.89 
FBSPHX171NUA	VCP-Pro(VISTA) Platform v4 Upgrade License	 $4.89 
FBSPHX123N0A	VCP-Pro(VISTA) Platform v5 Full License	 $4.89 
FBSPHX123NUA	VCP-Pro(VISTA) Platform v5 Upgrade License	 $4.89 
FBSPHX124N0A	VCP-Pro(VISTA) Remote Operator Addon v5 Full License	 $4.89 
FBSPHX124NUA	VCP-Pro(VISTA) Remote Operator Addon v5 Upgrade License	 $4.89 
FBSPHX116N0A	VCP-Pro(VISTA) Screen PL v5	 $4.89 
FBSPHX117N0A	VCP-Pro(VISTA) Screen RU v5	 $4.89 
FBSPHX109N0A	VCP-Pro(VISTA) Screen Text Chinese v5 Tracking Only	 $4.89 
FBSPHX110N0A	VCP-Pro(VISTA) Screen Text French v5 Tracking Only	 $4.89 
FBSPHX111N0A	VCP-Pro(VISTA) Screen Text German v5 Tracking Only	 $4.89 
FBSPHX113N0A	VCP-Pro(VISTA) Screen Text Indonesian v5 Tracking Only	 $4.89 
FBSPHX114N0A	VCP-Pro(VISTA) Screen Text Italian v5 Tracking Only	 $4.89 
FBSPHX115N0A	VCP-Pro(VISTA) Screen Text Korean v5 Tracking Only	 $4.89 
FBSPHX112N0A	VCP-Pro(VISTA) Screen Text Portuguese v5 Tracking Only	 $4.89 
FBSPHX118N0A	VCP-Pro(VISTA) Screen Text Spanish v5 Tracking Only	 $4.89 
FBSPHX119N0A	VCP-Pro(VISTA) Screen Text Thai v5 Tracking Only	 $4.89 
FBSPHX120N0A	VCP-Pro(VISTA) Screen TR v5	 $4.89 
FBSPHX102N0A	VCP-Pro(VISTA) SNMP Addon v5 Full License	 $4.89 
FBSPHX102NUA	VCP-Pro(VISTA) SNMP Addon v5 Upgrade License	 $4.89 
FBSPHX121N0A	VCP-Pro(VISTA) Std Config v4	 $4.89 
FBSPHX169N0A	VCP-Pro(VISTA) Tile Layout v5 Tracking Only	 $4.89 
FBSPHX169NUA	VCP-Pro(VISTA) Tile Layout v5 Tracking Only	 $4.89 
11044706000A	VCR 480HR REAL TIME	 $700.95 
11031541000A	VCR CLEANG TIPS ISSUE 1=BX(50)	 $69.97 
BTC391100000	VCR, HI-RES, T\L,13SP,2-720 HR	 $3,494.14 
MSZ89160640A	VD LOCK DIAL INSERT	 $3.40 
00100809000A	VDM CARR,BOX 200	 $236.25 
11041357000A	VDR-HDD-80 SPARE 80 GB W/CADDY	 $646.76 
11051094000A	V-DUKA01 4A3185	 $246.79 
11051095000A	V-EDWA01 5600	 $20.89 
11051096000A	V-EDWA01 6251B-001A	 $18.64 
11051097000A	V-EDWA01 6830-1	 $170.18 
11051098000A	V-EDWA01 757-A-WB	 $14.41 
11043916000A	VELCRO FOR VAT CARRIER 4.5" EN	 $9.38 
21013595000A	VENTILATOR GRILLE	 $7.59 
11051099000A	VERACITY WALL MOUNT BRACKET	 $27.41 
11051614000A	VEREX MISC-V4.48F ISM PANEL FR	 $104.66 
11048718000A	VERIENT PROJECT NFS	 $54.81 
RRVERINT000A	Verint DVR Repair & Return	 $0.00 
TP820863001L	VERSION 3.11.1,USER'S GUIDE	 $11.70 
NZ0000003934	VERTICAL ADVERT COVER	 $581.94 
31018558000A	VERTICAL ASSY	 $100.14 
21010318000A	VERTICAL BOLT STRAP  13-9/16 L	 $8.24 
NZ0000003419	VERTICAL COLLAR BRKT ASSY 5885	 $153.47 
41020355000A	VERTICAL DIAL LABEL	 $6.79 
49201410X0BB	VERTICAL INTERFACE SHT MTL RIGHT	 $112.38 
41020354000A	VERTICAL SPINDLE RETAINER CLIPS	 $2.13 
11051100000A	VESDA BATTERY CABINET	 $414.36 
11051101000A	VESDA LASER COMPCT VESDANT VER	 $4,465.65 
11051102000A	VESDA PIPE LABLES	 $51.80 
11051103000A	VESDA SCNR CHAIS ASSY INCL SCN	 $11,483.15 
39008169000B	VEST CLADDING, OPEN SIDE   ROT	 $205.81 
21021044000A	VEST VERT JAMB,RH	 $217.87 
L20200410000	VEST, RIGHT SIDE (VERT)	 $189.38 
L20200390000	VEST, TOP REAR (HORZ)	 $91.58 
L20001750000	VESTIBULE DOOR STOP ADAPTER	 $10.25 
21021199000A	VESTRIBULE TRIM COVER	 $40.50 
BUFCO217000A	VGA CLR CONS DSPL MOD	 $1.12 
TMMDSS30TABS	VGA CONSUMER DISPLAY (TM-MDSS3	 $0.45 
TMEFTM09TABS	VGA MONITOR INDEX TAB	 $0.45 
TP799517000A	VGA PLUS DOCUMENTATION SET	 $83.70 
TP799508000A	VGA PLUS PREPACKAGED ICONS & C	 $14.40 
TP799499TABS	VGA PLUS PROGRAMMING MANUAL	 $2.06 
TP799502000A	VGA PLUS QUICK REFERENCE GUIDE	 $6.30 
11065641000A	VGABNC VIDEO GRAPHIC ADAPTER	 $164.70 
11048751000A	VHS TAPE - T130	 $8.46 
11048004000A	VHS TAPE, T160	 $8.34 
11042233000A	VIBRATION DAMPER 2015 BLACK	 $20.21 
19066158000A	VID BALUN,PASSIVE TW PAIR XCVR,UP TO 2000FT,CAT 5	 $29.73 
29014022000A	VID CA ASSY KIT,TANGO I & II,W/ALRM KIT	 $68.52 
29014021000A	VID CA ASSY KIT,TANGO I & II,W/COMM & VID KIT	 $54.81 
ULACGKTC0100	VID CAPTURE KIT,LIVE	 $2,077.30 
19055110000A	VID VERIFICATION,W/CA	 $1,356.55 
11065456000A	VIDAMP SPECO 1"/1 OUT VIDEO AM	 $94.24 
11065016000A	VIDEO BALUN TRANSCEIVER	 $2,143.07 
11051105000A	VIDEO EQUALZING AMPLIFIER HAL	 $246.65 
11038099000A	video for micro branch	 $0.45 
89029713000A	VIDEO HEAD          VSS306	 $112.23 
89029571000A	VIDEO HEAD       AG6730	 $95.92 
89029634000A	VIDEO HEAD  -  BURLE	 $448.92 
89029909000A	VIDEO HEAD FOR TLC2196	 $117.85 
AA000330000E	VIDEO IMAGING SERVICE, INSTALL	 $171.90 
BLTC85210000	VIDEO INPUT MODULE FOR	 $726.24 
BLTC86210000	VIDEO INPUT MODULE FOR	 $1,959.46 
21018892000A	VIDEO KIT	 $170.62 
11051844000A	VIDEO MASTER	 $1,481.23 
NZ0000003012	VIDEO PRE-AMP BOARD	 $214.86 
TP799794000B	VIDEO REVIEW SYSTEM REVIEW STA	 $6.30 
11048003000A	VIDEO TAPE 120 MAX TIME-LAP	 $7.79 
11035789000A	VIDEO TEST JIG    360-135 / VT	 $41.11 
11038522000A	Video Text Inserter	 $799.02 
11035881000A	VIDEO TIMING GENERATOR    # VT	 $1,000.29 
11035706000A	VIDEO TIMING METER	 $1,479.87 
11051847000A	VIDEO TX/DATA R UP-TH-COAX MM1	 $1,205.82 
21018893000A	VIDEO UPGRADE/REPL KIT	 $170.62 
41016196000A	VIDEO,GEN CHAR,ALPHA-NUM	 $2,795.31 
11033802000A	VIDICON 1"   8541	 $183.22 
11032214000A	VIDICON 2/3" S4092 LOW LIGHT	 $923.49 
AA000323000A	VIDICON CAMERA ADJUSTMENT	 $67.50 
11031237000A	VIDICON YOKE	 $200.88 
11034338000A	VIDICON, SEPARATE MESH FOR ITC	 $297.50 
TP799449000A	VIEW UTILITY WITH TASK INTERRU	 $35.10 
11065513000A	VIKING 4 DOOR INTERCOM CONTROL	 $772.58 
11065516000A	VIKING HANDSFREE PHONE W/KEYPA	 $811.70 
11044962000A	VIN LABEL	 $44.81 
TP820268001A	VISA CASH TERMINAL PROGRAMMING	 $9.00 
TP820321001A	VISA II DIAL APP REF MANUAL	 $26.10 
TP820810001B	VISION WINDOW INSTL AND PARTS MNL	 $45.90 
TP820810001C	VISION WINDOW INSTL AND PARTS MNL	 $48.60 
TP820810001D	VISION WINDOW INSTL AND PARTS MNL	 $54.00 
49274882000A	VISOR,FRPNT RDR ASSY	 $16.88 
TMM11201000A	VISTA 2000/R&3000/5000 TRBL GD	 $75.60 
FBSPHX122N0A	VISTA Developer Workbench License	 $4.89 
FBSPHX166N0A	VISTA License with Operating System License Upgrade	 $4.89 
TMM10235000A	VISTA800-A/B/RT PARTS CATALOG	 $88.20 
89030946000A	VISTAATM CONF DISK VER 1.0.2	 $8.55 
00050731000A	VISTADETECTOR COUNTERFEIT DETE	 $63.00 
00050731000B	VISTADETECTOR DETECTOR PEN	 $56.66 
11051107000A	V-KIDD01 12-E2710-000-04	 $236.81 
11051108000A	V-KIDD01 81-100000-001	 $784.17 
11051109000A	VLC 500 LASERCOMPACT W RELAY	 $3,652.65 
11051110000A	VM104 AMP POWER SUPPLY	 $3,042.86 
11034675000A	VM300 VIEWFINDER	 $275.00 
19065990000A	VNDL RES DAY/NIGHT 2X MODEL 1/3-IN WDR	 $1,060.25 
49244583000A	VNDL SCRN,7IN	 $10.55 
NZ0000003071	VOICE MODULE BD	 $515.21 
11051111000A	VOICE MODULE CARDCAGE 2 SLOTS	 $166.84 
TP821403001B	VOL III: PRINTERS	 $67.50 
TP820404001B	VOL IV: CD RDR,SCRTY MDL,TTU & VDM	 $72.90 
19036701000A	VOLTAGE REGULATOR	 $46.69 
11037943000A	VOLTAGE REGULATOR  5V 1.5A PEL	 $3.35 
11062300000A	VOLUME CONTROL KNOB	 $31.49 
11051113000A	VON DURN 5100 ELEC STRK 689 FN	 $252.10 
AA0004480000	VP 700-800 REFERNECE DATA	 $94.50 
49002311000A	VP 800 BASIC VAULT AL	 $3,472.25 
11051114000A	VP TEE 3 4 ORG VSD CPVC Q 15	 $39.74 
11051115000A	VP TEE FPT 3 4  ORG VSD CPVCQ	 $63.00 
11051116000A	VP UNION UNION ORG VESDA CPVCQ	 $53.44 
AMVP00028A00	VP00028-A CABLE B ARM TRAY	 $398.52 
AMVP00089A00	VP00089-A ARM,SHAFT,PRNTR UNIT	 $23.13 
11065365000A	VP-624D/VP-624D-EC 24VT DC PWR	 $338.32 
TP700830000D	VP800 ALARM SYSTEM USERS MANUA	 $8.10 
11051117000A	VPS 300US 120 P S UNIT	 $1,172.93 
39018177000A	VQA 14" CTX MONITOR    BOLDIMA	 $1,253.98 
19049272000A	VR SERIES - POWER CONVERSION MODULES	 $52.89 
19019006001A	VRIS,005.5VDC,0000.4J,RDL	 $1.65 
19019006002A	VRIS,008.0VDC,0000.6J,RDL	 $2.77 
19019006003F	VRIS,014.0VDC,0001.5J,RDL	 $1.19 
19019006007B	VRIS,038.0VDC,0001.8J,RDL	 $0.46 
19019006009B	VRIS,045.0VDC,0002.3J,RDL	 $1.78 
19019006007E	VRIS,200.0VDC,0080.0J,RDL	 $1.88 
89029938000A	VRIS,275VAC,350VDC	 $2.05 
19019006002F	VRIS,369.0VDC,0140.0J,RDL	 $2.56 
19061566000A	V-SMART FINGER PRINT READER HID I CLASS VERSION	 $2,163.47 
19039169000A	VSND RESET SHAFT ASM - 5070	 $76.73 
11051119000A	VSP 005 FILTER CARTRIDGE	 $126.28 
AA000335000C	VSS-305 ATM/ECR SET UP GUIDE	 $25.20 
TP799594000A	VSS-305 QUAD USER'S GUIDE	 $8.10 
89030086000A	VSS306 S-16 Rear Panel	 $375.72 
TP820082001A	VSS-400/ATM VIDEO CASSETTE RECORDER OPERATING INSTRUCTIONS	 $34.97 
11051106000A	VSTA CMMERICAL BURG CONTRL PAN	 $1,134.54 
89031022000A	VTA AMT OPTVA INST MED & GUDE	 $61.09 
11051120000A	V-WHEE01 NS-24MCW-FW	 $83.39 
BRP01033000A	W MONITOR COVER	 $0.05 
19048308000B	WACHOVIA BRANCH KIT	 $7,959.23 
89031090000A	WACHVA, BRCK APTRA ON OPT DVD	 $9.77 
89031089000A	WACHVA,DNVR APTRA ON OPTV DVD	 $9.77 
AA000805000B	WALGREEN PART LIST MANUAL	 $90.90 
11065431000A	WALGREENS LOCK KIT	 $1,043.26 
11051679000A	WALL BOX	 $35.50 
11037481000A	WALL COV PL,SL SERIES RDR	 $10.96 
BTC7440WM000	Wall Mount - TC7420 & 7440A	 $73.71 
19059600000A	WALL MOUNT CREATED FOR THE POPULAR HD4VC4HR INDOOR	 $143.87 
19071759000A	WALL MOUNT FOR CDIH116IR & CDIH116VIR ONLY	 $137.03 
19064955000A	Wall Mount for Monitor Adjustable arm 19-23" Monitor 25 lb  "USPS only"	 $94.64 
19064953000A	Wall Mount for Monitor Fixed Flush 10-23" Monitor 50 lb "USPS only"	 $40.27 
19064954000A	Wall Mount for Monitor Fixed Flush/Tilt 10-23" Monitor 25 lb  "USPS only"	 $49.63 
11051619000A	WALL MOUNT FOR RUGGED DOME	 $113.29 
SEECD1000000	WALL MOUNT PIR,45FT,24V,	 $124.74 
BTC9222F0000	WALL MOUNT SUPP FLANGE BTC9216	 $122.67 
11044705000A	WALL MOUNT UNIVERSAL	 $196.72 
11044704000A	WALL MOUNT UNIVERSAL IN/OUT	 $164.82 
19071757000A	WALL MOUNT, CDIH116V &  CDIH216V ONLY	 $137.03 
19053156000A	WALL MOUNTED A LA CARTE RTU 1057 W/80HR BBU	 $2,454.89 
19053153000A	WALL MOUNTED A LA CARTE RTU1057 W/24HR BBU	 $2,068.19 
11044921000B	WALL MT ADPTR,BLK,20 & 26 IN	 $98.66 
11041562000A	WALL MT BRACKET HK/2 HD READER	 $84.96 
19047888000A	WALL MT BRKT KIT,NETDVR-SD	 $143.55 
19057360000A	WALL MT KIT,19 IN RACK	 $174.71 
19046670000A	WALL MT KIT,C16 CAMR ENCL	 $287.52 
11047199000A	WALL MT KIT,NETDVR II-SD/ES	 $137.03 
19058472000A	WALL MT KIT,V28R	 $271.31 
19057394000A	WALL MT PARTITIONS,LIU UNIT	 $34.19 
11051121000A	WALL MT SPECTRA DG5 INTRCPT GY	 $158.18 
19057395000A	WALL MT,16 PORT,LIU FIBER UNIT	 $40.55 
19059281000A	WALL MT,864 PTZ CAMR	 $191.84 
11037860000A	WALL MT,CCEVH-10/CCSH-10ST	 $47.84 
11044416000A	WALL MT,INDR	 $134.29 
21018387000B	WALL PL,CODE ALERT	 $82.22 
89029864000A	WALL PLATE FOR SL READERS	 $13.71 
11065173000A	WALL PLATE JACK STEEL	 $9.23 
11051122000A	WALL SPEAKER STROBE 25V WHITE	 $107.87 
11051123000A	WALL STROBE	 $67.88 
21021704000A	WALL SWITCH,DOOR ASSIST MOTOR	 $323.19 
PLICS300COND	WALL/CEIL CONDUIT ADPTR	 $68.52 
BTC9311WA200	WALL\CEILIN MT FOR BTC9329,932	 $114.84 
11051124000A	WALLBOX WITH 1 CHASSIS SPACE	 $414.25 
11051125000A	WALLBOX WITH 3 CHASSIS SPACES	 $690.44 
89030924000A	WAREHOUSING FEES	 $0.05 
21018325000A	WARNING LABEL	 $68.95 
19055297000A	WARRANTY,ADV REPL	 $1,479.87 
89030392000A	WAS E Learning CD	 $8.55 
10012060000	WASHER	 $0.07 
11038097000A	washer	 $0.45 
11038102000A	washer	 $0.23 
19020260000A	WASHER	 $1.85 
21014148000A	WASHER	 $0.14 
89026066000A	WASHER	 $0.32 
89026067000A	WASHER	 $0.21 
L1000136000Q	WASHER	 $0.29 
TSN88156000A	WASHER	 $0.00 
TSN88157000A	WASHER	 $0.00 
TSN88904000A	WASHER	 $0.52 
TSN89142000A	WASHER	 $16.39 
L10001360000	WASHER                 W\L	 $0.41 
21015408000A	WASHER                VAT 10 C	 $0.41 
89029859000A	WASHER        GYYR VSS 306/400	 $4.38 
18010594000A	WASHER  * 3591           THRUST	 $6.62 
MS101851000A	WASHER - SPRING SHAKEPROOF	 $1.32 
89028415000A	WASHER #4 D-SHAPED	 $0.65 
89028497000A	WASHER #6	 $0.45 
11034375000A	WASHER (CAPSTAN SHAFT BOTTOM)	 $0.52 
11034374000A	WASHER (CAPSTAN SHAFT TOP)   V	 $0.32 
BRP00035000A	WASHER .28IDX.63ODX.18LG CASE	 $0.05 
BRP00166000A	WASHER 1/4" INTERNAL TOOTH	 $0.05 
BRP00158000A	WASHER 3/8 CONTACT BELLEVILLE	 $0.05 
BRP00143000A	WASHER 5/16 INTERNAL TOOTH	 $0.05 
BRP00571000A	WASHER BELLEVILLE 3/8"	 $0.05 
11044728000A	WASHER BEVELED	 $0.30 
NZ0000002527	WASHER COATED	 $0.02 
11041655000A	WASHER FLAT MYLAR	 $1.21 
89031274000A	WASHER FOR READ HEAD ASSEMBLY	 $1.53 
89031287000A	WASHER FOR READ HEAD ASSEMBLY	 $1.78 
BRP00575000A	WASHER LOCK SPLIT NO.6	 $0.05 
19014076000A	WASHER PLAIN M2  1323	 $0.14 
11051128000A	WASHER SAFETY DISC 112 VALVE	 $23.29 
TS4842080007	WASHER STW-FT6050	 $0.78 
TS4842080537	WASHER TW1020	 $2.19 
MSN71907000A	WASHER, #10 EXTERNAL	 $0.04 
MSN61600000A	WASHER, #14 PLAIN - BRASS	 $0.12 
MSN71671000A	WASHER, 1/2 EXTERNAL LOCK	 $0.23 
MSN85029000A	WASHER, 1/4 I.D. X 1/2 O.D. NY	 $0.35 
MSN86933000A	WASHER, 11/16 I.D. X 1 1/2 O.D	 $15.05 
MSN90856000A	WASHER, 11/64THK. X 33/64I.D.	 $0.00 
MSN61509000A	WASHER, 5/16 FLAT	 $0.19 
MSN90689000A	WASHER, 5/8 I.D. X 1 1/8 O.D.	 $3.20 
89026967000A	WASHER, CLUTCH FIELD	 $0.58 
19014131000A	WASHER, CRINKLE M6  1323	 $0.75 
MSN79970000A	WASHER, RUBBER	 $0.23 
NZ0000002525	WASHER, RUBBER	 $0.02 
MSN86043000A	WASHER, SHIM	 $0.42 
MSN92788000A	WASHER, SPECIAL - 1/4	 $1.70 
29007328000A	WASHER, SUPPORT	 $1.05 
MSN61100000A	WASHER,11/32ID X 7/8OD NYLON *	 $0.15 
41020704000S	WASHER,3/8 INTERNAL LOCK	 $4.31 
41020704000H	WASHER,5/16	 $4.31 
TSN90479000A	WASHER,6MM LOCK	 $0.52 
49251306000A	WASHER,CLUTCH,ASPEN PRNT ENGINE	 $2.52 
49256530000A	WASHER,FLAT	 $1.46 
49015588000A	WASHER,LINKAGE BUSHING	 $10.71 
41020704000X	WASHER,LOCK #10	 $4.31 
41020704000N	WASHER,LOCK,1/2	 $4.31 
49218947000A	WASHER,LOCK,CAM	 $0.97 
21020089000A	WASHER,PLATE	 $170.10 
19017246000A	WASHER,SHPF M4 SPNG STL    132	 $0.44 
49211103000A	WASHER,SQ,INDEX PLATE,BNA	 $10.63 
29007541000A	WASHER,STL FLT	 $0.25 
MSZ79013700A	WASHER-CUP	 $0.19 
MSZ79254870A	WASHER-FENDER 3/8	 $0.19 
MSZ90464940A	WASHER-FL,13/32 X 13/16,N	 $0.04 
MSZ90432930A	WASHER-FL,9/32 X 5/8,ZINC	 $0.04 
MSZ89078030A	WASHER-FLAT,NYLON	 $3.40 
MSZ90554380A	WASHER-INT TOOTH,10,ZINC	 $0.00 
19021208000A	WASHER-SPECIAL	 $1.23 
MSZ90468220A	WASHER-SPLIT,3/8,ZINC	 $0.04 
11065901000A	WATER RESISTANT PENDANT	 $14.55 
11062292000A	WATER SENSOR	 $16.85 
11051130000A	WATERPROF DBL ACTION PULL STAT	 $124.25 
89031454000A	WAWA/PNC MANAGED SERVICES AGIL	 $20.77 
19063272000A	WB2646 BARRIER BAR FOR LONGER WDO 46IN	 $55.27 
BRP00913000A	W-B2710 AC CABLE	 $0.05 
BRP00914000A	W-B2710 DR CABLE	 $0.05 
BRP00915000A	W-B2710 LS CABLE	 $0.05 
BRP00916000A	W-B2710 RS CABLE	 $0.05 
BRP00917000A	W-B2713 AC CABLE	 $0.05 
BRP00918000A	W-B2713 DR CABLE	 $0.05 
BRP00919000A	W-B2713 LS CABLE	 $0.05 
BRP00920000A	W-B2713 RS CABLE	 $0.05 
BRP00766000A	WBA BEZEL ASSEMBLY	 $0.05 
BRP00776000A	WBA CARRYING UNIT	 $0.05 
BRP00767000A	WBA CASSETTE GUIDE	 $0.05 
BRP00777000A	WBA FACE PLATE	 $0.05 
BRP00778000A	WBA FRAME	 $0.05 
BRP00765000A	WBA HARNESS	 $0.05 
BRP00775000A	WBA VALIDATOR HEAD	 $0.05 
11051131000A	WBB	 $5.46 
49211276102A	WBM-PRISM MOLD	 $66.47 
49233199379A	WBRM-BX-NAME NP	 $4.89 
49220983008A	WBX-S2M-Z46FF PLY	 $35.91 
19060134000A	WDL-6400MRF 6.4 IN. OPEN FRAME LCD MONITOR	 $737.20 
ULTLCOW14100	WDM,OPTICAL,1550NM/1310NM,4HP	 $1,683.45 
11065806000A	WDO, DR, SCM	 $42.62 
39011686000A	WDO,DR,SCM	 $120.96 
TE003169077M	Wear Block, CORE Picker Fixture	 $97.74 
18000397000A	WEAR PLATE	 $1.46 
MSZ76474210A	wear rings	 $3.03 
21021156000A	WEAR STRIP - BOLTWORK	 $48.87 
MSN79841000A	WEAR STRIP, END, CARRIER	 $42.84 
MSN79238000A	WEAR STRIP, NYLTRN 5 1/8 LONG-	 $16.79 
41027357000A	Weather Cover for TRAC-Lid BT (can be ordered as an option)	 $53.28 
19036619000A	WEATHER HOOD	 $254.87 
19036619000B	WEATHER HOOD,W/ACCESS HOLE	 $242.73 
11051133000A	WEATHER PROOF STROBE	 $33.88 
11066298000A	WEATHER SEAL BOOT PUSHBUTTON	 $93.56 
89029899000A	WEATHER SHIELD, METAL	 $98.66 
11037480000A	WEATHER SHLD,BLK	 $112.37 
19055211000A	WEATHER SHLD,SGL RDR	 $62.16 
11051136000A	WEATHERPROF DBL ACTIN PUL STAT	 $152.82 
11051137000A	WEATHERPROF ENCL DUCT DETECTOR	 $258.57 
11051134000A	WEATHERPROOF BACKBOX	 $22.59 
11051135000A	WEATHERPROOF BOX CAST WHITE	 $32.54 
11051138000A	WEATHERPROOF SPEAKER	 $151.51 
41020035000A	WEATHERSTRIP, PILE, 22IN	 $154.64 
41019186000A	WEATHERSTRIP, PILE, 31IN	 $191.17 
41019593000A	WEATHERSTRIP, PILE, 36.75IN	 $150.82 
11051132000A	WEATHR MOSTUR PRF FT HEAT DETE	 $59.00 
TP821081001A	WEB ATM DEVELOPER'S GUIDE	 $31.50 
TP820629001A	WEBATTACH CLIENT INTERFACE GD	 $9.90 
TP820630001A	WEBATTACH SERVER INSTALL GUIDE	 $9.90 
UL460MBB0000	WEDGE	 $4.47 
19056884000B	WEDGE HSG KIT,HI-RES,CLR,2.9MM,A/I,INDOOR/OUTDOOR	 $786.85 
29007033000A	WEDGE,MONEY	 $1.21 
AA000103R001	WEDGELOCK V.D. MODELS 140-64,6	 $67.50 
AA0001180000	WEDGELOCK VAULT DOOR	 $232.20 
11040404000A	Weigand key FOB (10 pk)	 $112.37 
11036461000A	WEIGAND PHOTO FLAP KEY CARDS	 $6.81 
MSZ75961770A	WEIGHT	 $0.29 
31020671000A	WEIGHT ASM	 $226.27 
41018396000A	WEIGHT ASSEMBLY	 $147.93 
39011979000A	WEIGHT,RECT,0.42 LBS	 $17.93 
41018788000A	WELDMENT, HANDLE	 $45.13 
41018788000B	WELDMENT, HANDLE	 $115.63 
41018948000A	WELDMT,CHMBR PRESS	 $301.34 
11066062000A	Wet Ones	 $8.31 
89030721000A	WFB ATM Platform WINCOR	 $0.05 
89030735000A	WFB WEB SW FOR NCR	 $0.05 
89030734000A	WFB WEB SW FOR OPTEVA	 $0.05 
38010616000A	WHEEL *3708	 $52.02 
30001990000	WHEEL CENTER	 $2.71 
30001930000	WHEEL DRIVER	 $0.64 
30001940000	WHEEL DRIVER	 $7.26 
NZ0000002531	WHEEL STACKING	 $0.02 
49016968000G	WHEEL, WIDE STR, OVRMLD	 $9.64 
49207010000C	WHEEL,ALIGN,IDLE	 $9.55 
49200707000B	WHEEL,FASCIA,HARD	 $2.37 
29008419000E	WHEEL,PADDLE	 $8.04 
29008419000F	WHEEL,PADDLE	 $23.22 
49208021067A	WHEEL,POLYGON,ASM	 $187.29 
49208021045A	WHEEL,TRANSPORT,ASM	 $179.12 
18020280000A	WHIPPER PAD *02975	 $2.68 
11051140000A	WHIRWIND ACCUSO +2 MIC CABL 3'	 $25.69 
11051653000A	WHITE 24VDC STROBE	 $74.98 
11038693000A	White ABS Keypad Housing	 $17.81 
00052090000B	WHITE BULB FOR MAGNER 4 IN 1	 $5.09 
11043830000A	WHITE GEAR, 62 TEETH	 $64.64 
19060019000A	WHITE METAL KEYPAD BACKPLATE FOR RETROFIT INSTALLATIONS	 $49.14 
TS4368886820	white plastic guide temp stack	 $24.58 
TS4368834571	white plastic lever-cassette	 $46.43 
TS4368883322	white plastic rail of cass	 $10.93 
11031660000A	WHITE PUSHBUTTON NO#1	 $11.03 
11031660000K	WHITE PUSHBUTTON NO#10	 $3.60 
11031660000F	WHITE PUSHBUTTON NO#5	 $11.03 
11031660000H	WHITE PUSHBUTTON NO#7	 $3.60 
11031660000I	WHITE PUSHBUTTON NO#8	 $3.60 
11031660000J	WHITE PUSHBUTTON NO#9	 $3.60 
NZ0000001446	White Spacer	 $7.68 
11051141000A	WHT GEN STRB EXP ALRT AMB LENS	 $64.11 
19034522000G	WIDE FDWHL PM KIT (AGGRESSIVE)	 $112.80 
11051578000A	WIEGAND INTERFACE ADAPTER	 $182.36 
11051142000A	WIEGAND WRELES TRANSMT 1 BUTTN	 $54.13 
11037876000A	WIEGAND,12V,RIM-1	 $644.02 
11037877000A	WIEGAND,5V,RIM-1	 $449.44 
TM000465001A	WINCOR NIXDORF ATM SERVICE MANUAL	 $274.50 
TS4368841170	WIND CATCH ASSB	 $1,338.22 
11036762000A	WIND SCREEN - FOR 39-11460 MIK	 $6.46 
TS4366264670	WINDER UNIT,ASM-WINDER	 $1,985.47 
TS4368840061	winder unit-inc tape catch	 $3,476.63 
MSN86862000A	WINDGATE & BRACKET ASSB., C.U.	 $0.00 
41018183000B	WINDGATE BLO SEAL GSKT,VAT 40	 $5.22 
11036950000A	WINDOW  - PELCO ENCLOSURE	 $18.09 
NZ0000001524	WINDOW CARD ACCEPTANCE, LARGE	 $7.68 
NZ0000003470	WINDOW CARD ORIENTATION 5886	 $6.03 
11038040000A	WINDOW DEFROSTER FOR PELCO 350	 $54.76 
NZ0000002990	WINDOW FASCIA CARD ORIENT 5688	 $45.23 
NZ0000001499	WINDOW W/MOLDING	 $18.09 
NZ0000002594	WINDOW, CAMERA LENS COVER	 $20.04 
NZ0000004372	Window, Camera Smoked 5886	 $56.10 
41020730000A	WINDOW, MONITOR	 $50.00 
NZ0000002719	WINDOW-REAR OP PANEL	 $0.02 
FB006999000A	Windows 7 for embedded systems language packs for China (PRC) only	 $21.99 
FB006998000A	Windows 7 for embedded systems language packs for global distribution	 $21.99 
BUFI0888000B	WINDOWS 7-COMPATIBLE USB/ETHERNET ADAPTER FOR BNA	 $3.20 
11042072000A	WINDSCREEN BOOT FOR GOOSENECK	 $13.96 
19055232000A	WINDSHIELD TAG,HIGH FREQ,ADH MT,QTY 50	 $30.46 
11043565000A	WINDSOCK OVERSIZED	 $8.19 
MSN92561000A	WINDSOCK, FOR MICROPHONE	 $14.76 
TP821602001A	WinForm-XFS 5.0.0 Users Guide	 $24.30 
11043781000A	WIPES - ISOPROPLY ALCOHOL - Box of 50	 $36.34 
11051258000A	WIR THHN 12 GAUGE STRANDED BLU	 $542.74 
11051143000A	WIRE 22-4C STRANDED 2C OS CI2P	 $364.49 
11044553000A	WIRE ASSY DR CLSD SWTCH COMP	 $63.39 
BRP00052000A	WIRE CUTTERS	 $0.05 
TS4365313440	WIRE DOT PRINTER-STRAPPER	 $253.99 
MSZ76520280A	WIRE FRAME	 $398.20 
NZ0000002601	WIRE HARNESS	 $122.78 
BUFCO291000A	WIRE ROUTING INSPECT 122-50	 $0.78 
11051227000A	WIRE THHN 12 GAUGE STRNDED BLK	 $486.47 
11051144000A	WIRE THHN 14 GAUG STRANDED GRY	 $159.91 
11051270000A	WIRE THHN 14 GAUGE STRANDE WHI	 $424.37 
11051145000A	WIRE THHN 14AWG STRANDED BLACK	 $154.71 
11051146000A	WIRE THHN 14AWG STRANDED BLUE	 $154.71 
11051147000A	WIRE THHN 14AWG STRANDED BROWN	 $161.30 
11051149000A	WIRE THHN 14AWG STRANDED RED	 $198.41 
11051148000A	WIRE THHN 14AWG STRANDED YELLW	 $165.80 
MSN67033000A	WIRE, 22 AWG STRANDED - WHITE	 $0.08 
MSN92997000A	WIRE,6 COND W/SHLD BELDN 9942	 $1.70 
19055369000A	WIRE,BLK,18 GAUGE,2.33FT	 $2.70 
912000020062	WIRE,FFC,0.039,28 COND,12.00 LG	 $15.35 
39006807000A	WIRE,LOW OUT	 $10.96 
39006807000B	WIRE,LOW/OUT	 $4.80 
19011709000A	WIRE,MULT,#26 AWG,06 COND,COIL	 $12.84 
91016011527G	WIRE,SGL,#16 AWG,GRN/YEL	 $1.30 
MSN70151000A	WIRE,SPEAKER-12 SHLDED*SOUTHWE	 $0.77 
11037983000A	WIRED REMOTE CONTROL   PANASON	 $123.33 
11051253000A	WIRELES KEYFOB/EMER PEND TRANS	 $147.72 
41016442000A	WIRELESS AMBIENT LT SNSR	 $155.30 
41024680000A	WIRELESS AUDIO KIT	 $1,704.28 
41027435000A	WIRELESS AUDIO KIT	 $494.88 
00047014000A	WIRELESS AUDIO,1.9 GHz,AC POWER SUPPLY,7.5V 700mA	 $103.46 
11047804000A	WIRELESS HEADSET PROMO KIT	 $567.00 
19070441000A	WIRELESS PIR	 $146.39 
11066315000A	Wireless Receiver 4 Channel	 $95.39 
11051150000A	WIRELESS RECEIVER FOR MAXSYS	 $341.09 
11051151000A	WIRELESS TONE GENERATOR	 $2,452.75 
11042244000A	WIRES FOR MOTOR 115V 809	 $123.97 
11042245000A	WIRES FOR MOTOR 220V 809	 $123.97 
11042246000A	WIRES FOR MOTOR 220V 826	 $201.72 
11042243000A	WIRES FOR MULTI-BAGGING	 $178.69 
29008455023A	WIRES HOLDING CLIP C	 $4.23 
PLWX8024RXI2	WIRETRON INDOOR RCVR-24V P\T,2	 $811.19 
TS4365267130	Wiring - Thermal Fuse	 $43.70 
19056524000A	WIRING BLOCK,PUNCH DOWN	 $27.54 
11034366000A	WIRING BOARD   VSS303	 $79.34 
89029420000A	WIRING BOARD  # 7079502	 $20.88 
11034634000A	WIRING BOARD VSS303	 $67.94 
TS4368854310	Wiring Connect 2nd Det Set 2	 $172.05 
TS4368854300	Wiring Connect 2nd Detector	 $155.67 
TS4368847581	Wiring Connect DTA-DTB	 $49.16 
11048034000A	WIRING HARNESS	 $627.74 
NZ0000002604	WIRING HARNESS	 $274.05 
NZ4450598318	wiring harness-alarm panel w b	 $32.89 
TS4368873230	Wiring Image Reflection 2	 $71.01 
TS4368873220	Wiring Image Sensor Reflection	 $71.01 
TS4365820362	Wiring LED 2	 $19.12 
TS4368873240	Wiring Photo Interrupter	 $24.58 
11051618000A	WIU-4 MICRO/READR JBOX W/KEYLK	 $334.01 
11051152000A	WIU-4 RELAY BOARD	 $182.36 
49016132000B	WLDMT, CHUTE, RCPT, RCD	 $11.44 
49013951000D	WLDMT, FILLER PLATE	 $34.21 
49012885000A	WLDMT, ODM, BASE	 $125.54 
37001067000E	WLDMT,ADJ SHELF	 $200.88 
49008324000A	WLDMT,BOX MST	 $205.29 
39005423000A	WLDMT,BRKT	 $36.90 
49011997000A	WLDMT,BRKT SPRT,MON 15 IN,1073IX	 $159.44 
49009613000C	WLDMT,BRKT,MON MTG	 $101.43 
39011510000A	WLDMT,CD RETAIN	 $58.21 
49016308000A	WLDMT,COVER,5.7 LCD PCI	 $125.63 
49012772000A	WLDMT,DWR A	 $17.21 
29009599000A	WLDMT,FLR PL	 $192.38 
29009586000B	WLDMT,GATE	 $203.41 
39008758000B	WLDMT,HEAT DEFL	 $51.80 
49010751000B	WLDMT,LATCH,FL	 $35.91 
39010991000A	WLDMT,LCH PIN MTG,FL UL	 $50.98 
49013011000A	WLDMT,LEFT SD,FL LOBBY, 1064IX	 $186.77 
41016037000A	WLDMT,LID	 $969.16 
49011771000A	WLDMT,MTG PL,FR,FL,LEFT SD	 $0.00 
49011771000B	WLDMT,MTG PL,FR,FL,LEFT SD	 $0.00 
31018715000A	WLDMT,NIPPLE	 $34.80 
49214330000A	WLDMT,PL,FILLER	 $119.70 
49013584000A	WLDMT,PNL, COV, DISK DRV	 $140.41 
41015280000A	WLDMT,PRESIDER	 $158.56 
49009594000F	WLDMT,RAINSHIELD,SD,LEFT	 $0.00 
49009593000F	WLDMT,RAINSHIELD,SD,RIGHT	 $0.00 
49009593000G	WLDMT,RAINSHIELD,SD,RIGHT	 $0.00 
49009657000E	WLDMT,RAINSHIELD,SD,RIGHT	 $0.00 
49005113000B	WLDMT,TERM,HSG	 $156.41 
49013774000A	WLDMT,THRML PRNTR PLATE,1072i	 $119.21 
49202837000E	WLDMT,TRAY,ADD FCN	 $253.67 
MSZ82143960A	WLDMT-COVER PLATE	 $18.45 
49225363000A	WLF-BX.DS ASSY	 $339.82 
49225364000A	WLF-BX.DS ASSY	 $339.82 
31010482000B	WOBBLE BLOCK             RED	 $5.17 
89030399000A	WON DOOR E-LEARNING CD	 $41.54 
MSZ79250220A	WOODRUFF KEY-406	 $0.41 
89030317000A	WORKBOOK, WEEK ONE	 $122.18 
89030318000A	workbook, week two	 $97.74 
19064288000A	WORKSTATION DESK	 $2,203.34 
00013871000B	WORKSTATION,5100D,ETHERNET	 $2,954.50 
00013871000A	WORKSTATION,5100D,TOKEN RING	 $3,598.56 
00013882000A	WORKSTATION,5100D,TOKEN RING ,HARDWARE	 $8,289.54 
19041649000A	WORKSTATION,PII450,NT,15 IN MON	 $9,150.44 
11036943000A	WORM GEAR    PELCO	 $54.02 
49257480000A	WORM WHEEL	 $9.77 
89029327000A	WORM WHEEL GEAR ASM   # 689697	 $4.21 
49211276129A	WRB-OWC(6-Z18) G	 $70.79 
49211276004A	WRB-S.ROLR2 ASSY	 $57.08 
49211276127A	WRB-S.ROLR2 ASSY	 $70.79 
50002330000	WRENCH ASY	 $354.15 
MSN51367000A	WRENCH SET, 14 PIECE HEX *SEAR	 $25.28 
MSN51365000A	WRENCH, 6 OPN END ADJTBLE*SEAR	 $42.31 
MSN51049000A	WRENCH, 8 ADJ. *TECHNI-TOOL #2	 $58.64 
49022597000A	WSHR, SHLDR, BOT PRNTR	 $6.34 
19059326000A	WSHR, WAVE SPR,0.265 ID,0.365 OD	 $0.30 
4924441700DQ	WSHR,3.0 MM	 $0.46 
19056829000A	WSHR,CNCL,06,0.362 OD	 $0.51 
19056829000B	WSHR,CNCL,08,0.402 OD	 $0.10 
19056834000A	WSHR,CNCL,08,0.559 OD	 $0.24 
19056829000C	WSHR,CNCL,10,0.481 OD	 $0.18 
19056829000D	WSHR,CNCL,25,0.559 OD	 $0.21 
29004318015E	WSHR,CNCL,25,0.559 OD	 $0.45 
29004647015E	WSHR,CNCL,25,0.717 OD	 $0.40 
19056829000E	WSHR,CNCL,31,0.717 OD	 $0.27 
19056829000F	WSHR,CNCL,37,0.877 OD	 $3.78 
19056829000H	WSHR,CNCL,50,1.074 OD	 $0.68 
29004318015J	WSHR,CNCL,50,1.074 OD	 $2.24 
19000899000A	WSHR,CRV SPR,0.200 ID,0.370 OD	 $0.82 
19021618000A	WSHR,CRV SPR,0.269 ID,0.423 OD	 $0.39 
19056801000A	WSHR,EXTL LK,06	 $0.02 
10270010150	WSHR,EXTL LK,10	 $0.45 
21019781000A	WSHR,FL,0.125 ID,0.375 OD,0.125	 $86.94 
29006978000C	WSHR,FL,0.128 ID,0.245 OD,0.010 THK	 $4.26 
19042678000A	WSHR,FL,0.128 ID,0.245 OD,0.031 THK,1X100	 $0.05 
29006978000A	WSHR,FL,0.128 ID,0.245 OD,0.040 THK	 $0.45 
19044712000A	WSHR,FL,0.128 ID,0.245 OD,0.060 THK,1X50	 $0.36 
19011925000A	WSHR,FL,0.187 ID,0.250 OD,0.016 THK	 $0.29 
19033337000A	WSHR,FL,0.215 ID,0.875 OD,0.035 THK	 $0.17 
19033337000C	WSHR,FL,0.215 ID,0.875 OD,0.035 THK,SPCL	 $1.68 
19045910000A	WSHR,FL,0.218 ID,0.430 OD,0.031 THK	 $1.89 
19042630000A	WSHR,FL,0.218 ID,0.430 OD,0.040 THK	 $0.67 
29006978000E	WSHR,FL,0.222 ID,0.366 OD,0.031 THK	 $1.02 
49223709000A	WSHR,FL,0.247 ID,0.440 OD,0.062 THK	 $0.61 
19012964000A	WSHR,FL,0.250 ID,0.375 OD,0.032 THK, NYL	 $0.13 
19062033000A	WSHR,FL,0.253 ID,0.375 OD,0.084 THK	 $0.08 
19062036000A	WSHR,FL,0.253 ID,0.443 OD,0.010 THK	 $1.08 
19016394000A	WSHR,FL,0.254 ID,0.750 OD,0.093 THK	 $0.82 
29016838000A	WSHR,FL,0.254 ID,0.750 OD,0.093 THK	 $1.16 
30000920000	WSHR,FL,0.257 ID,0.563 OD,0.073 THK	 $13.46 
29006531000A	WSHR,FL,0.257 ID,0.620 OD,0.190 THK	 $0.30 
19020988000A	WSHR,FL,0.265 ID,1.000 OD,#11 GA,SPCL	 $1.33 
19056809000A	WSHR,FL,0.265 ID,1.000 OD,0.065 THK	 $1.42 
19038407000A	WSHR,FL,0.281 ID,1.250 OD,0.062 THK,SPCL	 $0.06 
29016776000A	WSHR,FL,0.281 ID,1.250 OD,0.062 THK,SPCL	 $0.16 
19038560000A	WSHR,FL,0.290 ID,0.500 OD,0.060 THK	 $0.14 
29007907000A	WSHR,FL,0.317 ID,0.625 OD,0.030 THK	 $0.90 
19021260000A	WSHR,FL,0.317 ID,0.750 OD,0.015 THK	 $0.10 
19015573000A	WSHR,FL,0.375 ID,1.250 0D,0.119 THK,SPCL	 $0.53 
19056708000A	WSHR,FL,0.438 ID,1.000 OD,0.060 THK	 $0.45 
29007898000A	WSHR,FL,0.480 ID,1.250 OD,0.120 THK	 $0.51 
11030546000A	WSHR,FL,0.530 ID,0.660 OD,0.018 THK	 $0.50 
11032625000A	WSHR,FL,0.531 ID,1.000 OD,0.060 THK	 $2.96 
29007902000A	WSHR,FL,0.531 ID,1.125 OD,0.157 THK	 $3.60 
17011964000A	WSHR,FL,0.540 ID,1.000 OD,0.063 THK	 $0.45 
49241413000A	WSHR,FL,0.577 ID,0.787 OD,0.039 THK	 $0.44 
21014415000A	WSHR,FL,0.626 ID,0.013 THK,W/TABS	 $0.39 
17002132000A	WSHR,FL,0.641 ID,1.125 OD,0.029 THK	 $18.56 
19063242000A	WSHR,FL,0.750 ID,1.375 OD,0.125 THK	 $50.98 
18010595000A	WSHR,FL,0.760 ID,0.078 THK	 $2.52 
01085073000A	WSHR,FL,0.766 ID,1.125 OD,0.250 THK	 $3.20 
19056806000A	WSHR,FL,04,0.312 OD	 $0.05 
190004370070	WSHR,FL,06,0.030 THK	 $0.06 
19056804000A	WSHR,FL,06,0.375 OD	 $0.02 
19056799000A	WSHR,FL,08,0.437 OD	 $0.03 
11013049000B	WSHR,FL,1.251 OD 1.750 OD,0.062 THK	 $2.85 
19056808000A	WSHR,FL,10,0.500 OD	 $0.02 
29016924000A	WSHR,FL,10,SPCL	 $0.04 
10271430150	WSHR,FL,25	 $0.45 
29016925000A	WSHR,FL,25	 $0.44 
19011713000A	WSHR,FL,25,0.110 THK	 $0.28 
19000680000A	WSHR,FL,25,0.500 OD,0.063 THK	 $0.21 
29010827000A	WSHR,FL,25,0.500 OD,0.125 THK	 $0.13 
10270030000	WSHR,FL,25,0.625 OD,0.062 THK	 $0.06 
29016840000A	WSHR,FL,25,0.625 OD,0.062 THK	 $0.12 
15009019000A	WSHR,FL,25,1.250 OD	 $0.32 
49244417000J	WSHR,FL,3.0 MM ID,0.5 MM THK	 $0.46 
4924441700DP	WSHR,FL,3.0 MM ID,1.0 MM THK	 $0.46 
4924441700BP	WSHR,FL,3.5 MM ID,0.25 MM THK	 $0.46 
4924441700BO	WSHR,FL,3.5 MM ID,0.5 MM THK	 $0.46 
19058689000A	WSHR,FL,37,0.812 OD	 $0.10 
4924441700AU	WSHR,FL,4.0 MM ID,0.25 MM THK	 $0.46 
4924441700AW	WSHR,FL,5.0 MM ID,1.0 MM THK	 $0.77 
29016927000A	WSHR,FL,50	 $0.67 
4924441700AV	WSHR,FL,6.0 MM ID,0.5 MM THK	 $0.46 
19059759000A	WSHR,FL,75,A WID	 $0.68 
4924441700DR	WSHR,FL,8.0 MM ID,0.13 MM THK	 $0.46 
4924441700DS	WSHR,FL,8.0 MM ID,0.25 MM THK	 $0.46 
19038670000A	WSHR,FL,M 03.18 ID,09.53 OD,1.52 THK	 $0.24 
19056827000A	WSHR,FL,M 03.20 ID,10.00 OD,0.50 THK	 $0.06 
19056838000A	WSHR,FL,M 04.00 ID,08.00 OD,0.30 THK	 $0.13 
29009777000A	WSHR,FL,M 04.32 ID,09.53 OD,00.76 THK,SPCL	 $12.74 
49256698000A	WSHR,FL,M 06.00 ID,18.00 OD,0.50 THK	 $2.75 
19041272000A	WSHR,FL,M 07.40 ID,14.00 OD,1.60 THK	 $0.12 
19056828000A	WSHR,FL,M 13.00 ID,24.00 OD,2.50 THK	 $0.13 
49252049000A	WSHR,FL,M02.0,OFF-WHT	 $0.12 
19056810000E	WSHR,FL,M02.5,REG	 $4.31 
19056810000D	WSHR,FL,M03.0,REG	 $1.68 
19056810000A	WSHR,FL,M04.0,REG	 $0.02 
19056810000B	WSHR,FL,M05.0,REG	 $0.02 
19056822000A	WSHR,FL,M05.0,SPCL	 $0.14 
19056810000C	WSHR,FL,M06.0,REG	 $0.02 
19056810000F	WSHR,FL,M08.0,REG	 $0.18 
29016371000B	WSHR,INTL EXTL LK,M05.0	 $0.11 
19056797000A	WSHR,INTL LK,06	 $0.05 
19057629000A	WSHR,INTL LK,08	 $0.05 
19056847000A	WSHR,INTL LK,25	 $0.32 
19056795000A	WSHR,INTL LK,75	 $0.30 
18001540015A	WSHR,INTL/EXTL LK,08	 $2.04 
19056807000A	WSHR,INTL/EXTL LK,10	 $0.11 
29016371000D	WSHR,INTL/EXTL LK,M03.0	 $0.30 
19033475000A	WSHR,INTL/EXTL LK,M04.0	 $0.25 
29016371000A	WSHR,INTL/EXTL LK,M04.0	 $0.15 
29007818000A	WSHR,SHLDR,0.118 ID	 $0.44 
29007844000A	WSHR,SHLDR,0.617 ID	 $0.11 
19056805000A	WSHR,SPLT LK,04	 $0.06 
19056800000A	WSHR,SPLT LK,06	 $0.04 
19056796000A	WSHR,SPLT LK,08	 $0.22 
19056798000A	WSHR,SPLT LK,10	 $0.04 
19056802000A	WSHR,SPLT LK,31	 $0.08 
29017009000A	WSHR,SPLT LK,31	 $0.31 
19058690000A	WSHR,SPLT LK,37	 $0.08 
19056815000C	WSHR,SPLT LK,M03.0	 $0.02 
19056815000A	WSHR,SPLT LK,M04.0	 $0.02 
19056815000B	WSHR,SPLT LK,M05.0	 $0.02 
10178800000	WSHR,TIMELOCK	 $2.47 
21014734000A	WSHR,WAVE SPR,0.459 ID,0.608 OD	 $4.19 
21014409000A	WSHR,WAVE SPR,0.640 ID,0.990 OD	 $0.72 
19040590000A	WSHR,WAVE SPR,M 07.40 ID,14.00 OD,0.80 THK	 $6.95 
39007137000J	WTHSTRP,NPRN/EPDM,1.180 X 1.420 X 34.88,BLK	 $29.91 
41018915000A	WTHSTRP,PILE,FLIP TOP	 $34.88 
BRP01041000A	W-TR9092	 $0.05 
49220983013A	WTS-FM-GRIP-SET	 $17.84 
49220983032A	WUF-CS-STEN-P_ASSY	 $117.14 
49211276144A	WUF-KUDO.R.S ASSY	 $305.64 
49211276005A	WUR-SHEET.PLY G	 $13.44 
19080432000A	WV-Q118A) Wall Mount Option for WVCS584	 $402.53 
11066537000A	Wwindscreen Microphone	 $13.10 
49211276124A	WZ-RUBBER-FIX BOSS	 $77.99 
TP821196001B	XAP COUPON PLUS OPR GUIDE	 $13.50 
TP820969001G	XAPCHECK PLUS OPR GUIDE	 $16.20 
TP820853001A	XAPCOM FOR WDOS OPERATING GUIDE	 $5.40 
TP820713001A	XAPCOUPON FOR WDOS OPERATING GUIDE	 $9.00 
TP820713001B	XApCOUPON PLUS VERSION 2.1.0 OPR	 $9.00 
FB006612000A	XAPDEPOSIT PLUS 2.2 MEDIA PKG (UPGRADE)	 $21.99 
FB006614000A	XAPDEPOSIT PLUS 2.3 MEDIA PKG (UPGRADE)	 $24.44 
FB006718000A	XAPDEPOSIT PLUS 2.4 MEDIA PKG (UPGRADE)	 $21.99 
TP821198001E	XAPIMAGE PLUS OPR GUIDE	 $25.20 
TP820870001A	XAPLOGO FOR WDOS OPERATING GUIDE	 $5.40 
TP820158001C	XAPWARE PLUS APPLICATION PROD	 $9.00 
11051153000A	XCEEDID CARD READER	 $340.54 
11051154000A	XCEEDID CARD READER W/KEYPAD	 $599.63 
BRP00620000A	XCLIT 1/8"X4" SLOTD BLAD SC DR	 $0.05 
19049456000A	XCVR,FIBER OPTIC,4-CHAN,VID,1310NM	 $2,850.12 
19046887000A	XCVR,INTFC MDL,SUPERSTACK III	 $712.53 
19046888000A	XCVR,INTFC MDL,SUPERSTACK III	 $452.19 
ULTIM1BNC000	XCVR,INTFC,MDL,10MB,COAX PORT	 $835.86 
ULTIM1ST0000	XCVR,INTFC,MDL,10MB,FIBER PORT	 $835.86 
ULTIM1TP0000	XCVR,INTFC,MDL,10MB,TP PORT	 $301.46 
ULXCVRBNC000	XCVR,MICRO,COAX,THIN NET	 $164.43 
ULXCVRFO0000	XCVR,MICRO,FIBER OPTIC,10MB	 $918.07 
19041787000B	XCVR,UNIV,ALRM,DENVER REGION	 $347.40 
19041518000H	XCVR,UNIV,ALRM,GA REGION	 $306.18 
19019157000A	XDCR,AUD,KHZ 02.000	 $2.45 
29015992000A	XDCR,AUD,KHZ 02.400	 $12.23 
21016229000A	XDCR,AUD,KHZ 04.500	 $10.26 
89029494000A	XETRON TROUBLE SHOOTING MANUAL	 $56.70 
TSN66739000A	XFMR	 $0.00 
19053159000A	XFMR (RTU 2050/1057)	 $72.35 
NCPTCANPOWER	XFMR AND PWR SPLY,PASSPOINT SYSTEM	 $257.61 
39002177000A	XFMR CD	 $200.53 
39002177000C	XFMR CD	 $119.94 
19048778000A	XFMR KIT	 $106.88 
11037222000A	XFMR PWR,110.00V	 $116.35 
19036648000A	XFMR,016.50V,0050VA,PLUG-IN	 $29.73 
UL030690000A	XFMR,110VAC,830MA,SCR TERM	 $41.11 
19036700000A	XFMR,115/12VAC	 $28.24 
19021108000A	XFMR,120.00V,012.00V,PLUG-IN	 $27.04 
UL300600000A	XFMR,120VAC,16WATTS,CLASS II	 $27.41 
19053267000A	XFMR,120VAC/18VAC,5A W/MTG BRKT	 $348.84 
NCX400000000	XFMR,12VDC,N-1000 PNL	 $29.32 
ULTR12D00000	XFMR,12VDC,PLUG-IN	 $27.41 
19041927000A	XFMR,24VAC,20VA,230V	 $13.52 
ULTR24D00000	XFMR,24VAC,PLUG-IN	 $27.41 
11018058000B	XFMR,AUD,CPLG,O 600.0,K 001.0	 $31.88 
19065364000A	XFMR,CL II,16.5VAC,40VA UL	 $49.13 
19047034000A	XFMR,CLASS 2,120VAC,16W	 $27.03 
21017122000A	XFMR,PLUG-IN,120.0V,8.0V	 $41.18 
19057356000A	XFMR,PLUG-IN,12V/40A	 $27.03 
19041964000A	XFMR,PLUG-IN,16.5VAC,W/GROUND SCREW	 $37.92 
39013037001A	XFMR,PLUG-IN,1600TC	 $82.22 
GL1208511000	XFMR,PLUG-IN,220V TO 16.5V,40VA	 $24.94 
19036669000A	XFMR,PLUG-IN,220VAC/24VAC	 $219.11 
ULCCTX242000	XFMR,PLUG-IN,24V,20VA	 $7.20 
19046614000A	XFMR,PLUG-IN,24VAC,40VA	 $14.87 
39013037002A	XFMR,PLUG-IN,4200	 $57.56 
19057133000A	XFMR,PWR,1.2A	 $172.66 
19036050000A	XFMR,PWR,120.00V,018.00V,0035VA,PLUG-IN	 $18.27 
19036053000A	XFMR,PWR,120.00V,018.00V,0045VA,PLUG-IN	 $36.90 
11037223000A	XFMR,PWR,220.00V	 $127.43 
29001434000A	XFMR,PWR,STPDN,115.00V,MULTTAP,0250VA	 $44.41 
19036227000A	XFMR,PWR,STPDN,117.00V,016.50V,0040VA,PLUG-IN	 $25.64 
29008598000A	XFMR,PWR,STPDN,120.00V,016.00V,0040VA,PLUG-IN	 $29.19 
31017885000A	XFMR,PWR,STPDN,120.00V,016.50V,0035VA,PLUG-IN	 $46.73 
19042166000A	XFMR,PWR,STPDN,120.00V,018.00V,0050VA,PLUG-IN	 $82.91 
29008947000A	XFMR,PWR,STPDN,120.00V,024.00V,0010VA,PLUG-IN	 $15.89 
39017454000A	XFMR,PWR,STPDN,120.00V,024.00V,0050VA,PLUG-IN	 $90.51 
28001041000A	XFMR,PWR,STPDN,120.00V,042.00V,0750VA	 $744.80 
29013785000A	XFMR,PWR,STPDN,120V,24V,10VA,PLUG-IN	 $10.40 
39006378000A	XFMR,PWR,STPDN,MULTTAP,016.00V,0004VA	 $44.69 
39005967000B	XFMR,PWR,STPDN,MULTTAP,016.00V,0024VA	 $456.76 
18020479000A	XFMR,PWR,STPDN,MULTTAP,MULTTAP	 $34.50 
19036161000A	XFMR,PWR,STPDN,XXX.XXV,016.50V,0025VA,PLUG-IN	 $10.40 
19042421000A	XFMR,PWR,TOA	 $487.81 
41020496000A	XFMR,REPLACEMENT,15VDC	 $100.72 
GL1208505000	XFMR,ULC FIRE MODULE	 $28.80 
19047364000A	XFMR,W/TRKR,OUTDOOR,NEMA 4X RATED,120VAC	 $1,370.25 
19047365000A	XFMR,W/TRKR,OUTDOOR,NEMA 4X RATED,120VAC,FIBER OPTIC	 $3,014.55 
19059827000A	XFMR,WALL,12VAC,800MA	 $40.55 
TP821222001A	XFS INTERFACE FOR CHECK PROCESSING AND CASH IN MODULES SEQUENCE DIAGRAM DOCUMENT	 $18.90 
TP821346001C	XFS INTFC SEQ DIAG DOC FOR THE  ENH NOTE ACPTR	 $23.40 
BUIB1103000A	XFS SERVICE PROVIDERS & XFS	 $0.80 
19042963000C	XFS Upgrade EULA	 $0.65 
TP821605001A	XFS3 Simulator, Version 5.0.0 Support Users Guide	 $51.30 
TP821801001B	XFS6.0.2 PROGRAMMER MANUAL III	 $39.58 
TM000038001D	XGA Rear Operator Display On-s	 $107.10 
TM000198001D	XGA REAR OPR DSPL ON-SITE RPR MNL	 $105.30 
19067948000A	XL LITE 2 DOOR PKG,NO SOFTWARE,INCLUDES XL PANEL IN NA ENCLOSURE,TWO DR CONTROLLER,LCD KEYPAD,MULLION G-PROX II ARMING STATION PROXIMITY RDRS W INTEGRATED PIN PAD LOCK	 $2,295.72 
11051155000A	XLR CHASIS CONNECTOR FEMALE	 $11.11 
19057927000A	XMFR,2.5A,OPEN FRAME	 $84.92 
19057436000A	XMSN,VID,SGL FIBER/SGL VID	 $376.82 
19057437000A	XMSN,VID,SGL VID/SGL DATA,SGL FIBER	 $791.33 
31018811000A	XMTR,2.4 GHZ,W/HSG	 $6,906.06 
11040059000A	XMTR,925MHZ	 $5,069.93 
NOCS13000000	XMTR,CAMR VID & TELESITE	 $4,176.52 
19058003000A	XMTR,COMMERCIAL BURG	 $140.28 
41015535000B	XMTR,DIG,CCTV	 $3,178.98 
19058122000A	XMTR,DOOR/WINDOW	 $87.20 
19058126000A	XMTR,DOOR/WINDOW,SLIM LINE	 $92.48 
19049463000A	XMTR,FIBER OPTIC,4-CHAN,VID,RCK MT	 $2,850.12 
19056753000A	XMTR,IP VID,AUD,SGL CHAN	 $627.58 
19058153000A	XMTR,KEY,WIRELESS	 $87.67 
19058154000A	XMTR,KEY,WIRELESS,W/VOICE	 $203.49 
19048161000A	XMTR,MPEG,4-SGL CHAN VID	 $1,630.60 
19058124000A	XMTR,MULTIPOINT	 $120.83 
39016447000A	XMTR,PASSIVE,1000FT,W/PASSIVE RCVR,W/ACTIVE RCVR	 $90.44 
19058125000A	XMTR,SHOCK PRSCR	 $110.69 
19058002000A	XMTR,SMALL,TWO ZONE,WIRELESS	 $81.37 
19059361000A	XMTR,TWO BUTTON,PANIC	 $97.84 
19049151000A	XMTR,VID,SGL CHANNEL	 $1,175.68 
49007390000B	XMTR,VID,SLOW SCAN	 $0.00 
TP821263001A	XP PRO UPGR COA PLACEMENT AND ACTIVATION INSTRUCTIONS	 $2.70 
11051157000A	XP95 A	 $108.91 
FBSPHX198N0A	XPRESSION Base Server License	 $4.89 
FBSPHX201N0A	XPRESSION Enhanced Transaction Gateway - Additional Node License	 $4.89 
FBSPHX200N0A	XPRESSION Enhanced Transaction Gateway - Includes First Node License	 $4.89 
FBSPHX199N0A	XPRESSION External System Standard Gateway Server License	 $4.89 
FBSPHX159N0A	XPRESSION Interactive Teller Terminal License	 $4.89 
FBSPHX157N0A	XPRESSION Self-Service Terminal License	 $4.89 
FBSPHX158N0A	XPRESSION Teller Assist Terminal License	 $4.89 
49218199000A	XPRT KIT,RMVBL,BNA	 $324.62 
49242431000G	XPRT,720MM LG,LFL 2HI	 $1,093.43 
49017850000B	XPRT,MOT,THRM RCPT PRNTR,58.0MM	 $56.66 
19042480000A	XSNT SUPPR,ESD,060.00V,0603	 $1.21 
19011137000A	XSNT SUPPR,VOLT	 $3.35 
28020258000A	XSNT SUPPR,VOLT	 $21.11 
19055585000B	XSNT SUPPR,VOLT,005.00V,POL,SMD	 $0.34 
29007791005A	XSNT SUPPR,VOLT,007.50V,BIPOL	 $1.62 
19038193000A	XSNT SUPPR,VOLT,012.00V,BIPOL,SMD	 $1.06 
19038191000A	XSNT SUPPR,VOLT,015.00V,POL,SMD	 $0.35 
29007791002A	XSNT SUPPR,VOLT,016.00V,BIPOL	 $1.41 
29007791001A	XSNT SUPPR,VOLT,016.00V,POL	 $1.08 
19038193000B	XSNT SUPPR,VOLT,024.00V,BIPOL,SMD	 $1.30 
29016539000A	XSNT SUPPR,VOLT,024.00V,POL,SMD	 $3.14 
19003053001A	XSNT SUPPR,VOLT,034.80V,BIPOL	 $3.09 
18020247000A	XSNT SUPPR,VOLT,036.00V,BIPOL	 $3.09 
29013323000A	XSNT SUPPR,VOLT,040.00V,BIPOL,SMC	 $1.31 
19003053005A	XSNT SUPPR,VOLT,040.00V,POL	 $3.35 
19038193000C	XSNT SUPPR,VOLT,045.00V,BIPOL,SMD	 $0.33 
89030085000A	xstr, bip, govo 3a fzt651ta	 $3.39 
89030084000A	xstr,bip,pnp fzt751ta	 $3.39 
19002078000A	XSTR,DARL,SIL,NPN	 $15.66 
19002079000A	XSTR,DARL,SIL,PNP	 $12.76 
89029924000A	XSTR,FET,NCH,TOOV 20A	 $17.22 
89029923000A	XSTR,FET,NCH500VD 14A	 $11.51 
19002073000A	XSTR,FET,SIL,N CHAN	 $3.14 
19002242000A	XSTR,FET,SIL,N CHAN,MOS,D2PAK	 $8.60 
29013193000A	XSTR,FET,SIL,N CHAN,MOS,DPAK	 $2.35 
19002244000A	XSTR,FET,SIL,N CHAN,MOS,SOT-223	 $1.21 
29013237000A	XSTR,FET,SIL,N CHAN,PWR,DPAK	 $3.06 
19002235000A	XSTR,FET,SIL,N CHAN,SOT-23	 $0.21 
19002267000A	XSTR,FET,SIL,N CHAN,SOT-23	 $0.86 
19002267000B	XSTR,FET,SIL,N CHAN,SOT-23	 $2.06 
19002277000A	XSTR,FET,SIL,N CHAN,SOT-23	 $1.28 
19002069000A	XSTR,FET,SIL,P CHAN	 $4.05 
19002072000A	XSTR,FET,SIL,P CHAN	 $2.67 
19002243000A	XSTR,FET,SIL,P CHAN,MOS,SOT-223	 $0.68 
29013327000A	XSTR,FET,SIL,P CHAN,SMT	 $0.47 
19002020000A	XSTR,LPWR,SIL,NPN	 $0.39 
19002035000B	XSTR,LPWR,SIL,NPN	 $0.19 
19002036002A	XSTR,LPWR,SIL,NPN	 $2.10 
19002070000A	XSTR,LPWR,SIL,NPN	 $0.59 
19002071000A	XSTR,LPWR,SIL,NPN	 $2.93 
19002202000A	XSTR,LPWR,SIL,NPN,HF,SOT-23	 $0.05 
19002205000A	XSTR,LPWR,SIL,NPN,HF,SOT-23	 $0.96 
19002218000A	XSTR,LPWR,SIL,NPN,HF,SOT-23	 $0.19 
19002245000A	XSTR,LPWR,SIL,NPN,HF,SOT-23	 $0.14 
19002274000A	XSTR,LPWR,SIL,NPN,HF,SOT-23	 $0.11 
19002279000A	XSTR,LPWR,SIL,NPN,HF,SOT-23	 $0.09 
19002280000A	XSTR,LPWR,SIL,NPN,HF,SOT-23	 $0.11 
19002209000A	XSTR,LPWR,SIL,PNP,HF,SOT-23	 $0.25 
19002278000A	XSTR,LPWR,SIL,PNP,HF,SOT-23	 $2.38 
19002281000A	XSTR,LPWR,SIL,PNP,HF,SOT-23	 $0.56 
19041369000A	XSTR,LT SENS,IR,SIL,NPN	 $2.38 
19002301000A	XSTR,LT SENS,IR,SIL,NPN,PLCC-2,RTANG	 $7.64 
19002282000A	XSTR,MOSFET,SIL,N CHAN,D2PAK	 $4.45 
19002294000A	XSTR,MOSFET,SIL,N CHAN,D2PAK	 $8.06 
19002275000A	XSTR,MOSFET,SIL,N CHAN,DPAK	 $5.88 
19002293000A	XSTR,MOSFET,SIL,N CHAN,DUAL,SO-8	 $3.17 
19002276000A	XSTR,MOSFET,SIL,P CHAN,DPAK	 $1.88 
19002302000A	XSTR,MOSFET,SIL,P CHAN,DPAK	 $3.70 
19002307000A	XSTR,MOSFET,SIL,P CHAN,PWR,SOT-23	 $0.71 
39009303178A	XSTR,NPN,50 V,0.15 A	 $0.68 
39009303036A	XSTR,NPN,50 V,2 A	 $2.72 
39009303177A	XSTR,NPN,50 V,2 A	 $2.30 
39009585007A	XSTR,NPN,60 V,35 A	 $33.45 
39009303173A	XSTR,PNP,50 V,0.15 A	 $0.77 
39009303176A	XSTR,PNP,50 V,0.15 A	 $0.77 
39009303175A	XSTR,PNP,50 V,2 A	 $2.95 
19002097000A	XSTR,PWR,SIL,NPN	 $13.10 
89030290000A	XSTR,SMT,NCH,SO8,30V,10A,RK441	 $5.18 
89030291000A	XSTR,SMT,NCH,SO8,30V,7A,RK9410	 $3.03 
89030292000A	XSTR,SMT,NCH,SOT23,30V,0,2A,2S	 $0.77 
89030289000A	XSTR,SMT,NPN,SOT23,40V,200MA,2	 $0.25 
19002005000A	XSTR,XXXX,SIL,NPN	 $0.28 
19021498000A	XTAL,QTZ,KHZ 032.768	 $15.84 
29013231000A	XTAL,QTZ,KHZ 032.768	 $1.26 
19041999000B	XTAL,QTZ,MHZ 007.3728,SMD	 $3.17 
19017809000A	XTAL,QTZ,MHZ 007.373	 $4.66 
19038190000A	XTAL,QTZ,MHZ 009.830,SMD	 $1.59 
19038948000B	XTAL,QTZ,MHZ 011.059	 $5.45 
19038190000B	XTAL,QTZ,MHZ 011.059,SMD	 $2.04 
29013192000A	XTAL,QTZ,MHZ 011.059,SMD	 $3.38 
89030294000A	XTAL,THM,14.31818MHZHC49/4	 $7.50 
89030295000A	XTAL,THM,25MHZ,HC49/4,PARALLEL	 $7.50 
19059189000A	XTRA LARGE ENCLOSURE WITH SHELF GRAY	 $509.76 
11065188000A	XX-050 KOMBI CHAIN LUBE	 $789.61 
11033296000C	'X'-'Y' CUSTOMER CUT KEY MEDSE	 $11.41 
11033296000B	'X'-'Y' MASTER KEYS FOR MEDSEL	 $6.34 
NZ0000001447	Yellow Spacer	 $4.38 
11051234000A	YMCKO 5 PANEL COLOR RIBBON	 $226.45 
00106872000B	YMCKO 800015-140 RIBBON 200/	 $67.50 
00050954000C	YMC-OP/BK THERMAL RESIN RIBBON	 $140.81 
11032001000A	YOKE	 $38.42 
11034996000A	YOKE BEARING FOR LAGARD 2503 L	 $2.67 
38010612000A	YOKE WELDMENT *3704	 $414.48 
38010612000B	YOKE WELDMENT *3705	 $497.95 
11051849000A	Z BRACKET W/SS INSWING DOOR	 $117.43 
11051161000A	Z HORN MULTI CANDELA WALL RED	 $75.10 
11051164000A	Z STROB MULT CANDELA CELING RD	 $53.56 
11051165000A	Z STROB MULTI CANDELA WALL RED	 $57.21 
49260575000A	Z-10 BELT	 $77.94 
89030630000A	Z84C15 OC ZILOG IPC QFP 16 MHZ	 $34.97 
89031371000A	ZALS TAP TO DUAL HARD DRV INST	 $4.89 
11051169000A	ZAS IS	 $1,693.63 
11051170000A	Z-BRACKET FOR MAGLOCK	 $161.85 
11051171000A	ZEBRA PRT RIBB COL CAD PRT RIB	 $161.86 
31016460000A	ZEE BRACKET	 $13.02 
89030055000A	zen 15vz 15.6 ma	 $0.51 
89030608000A	ZENER DIODE 12V SERIES SOT23	 $0.14 
82006120000A	ZENER, 1N751A 5.1V	 $0.58 
89030638000A	ZENERDIODE #BZX79C12	 $1.28 
49260544000A	ZERO GEAR SET	 $121.50 
TP820396019B	ZKAUTIL OS/2 VER 4.12/ 4.1.1	 $7.20 
11062315000A	ZML17A MONITOR POWER SUPPLY	 $54.05 
11051175000A	ZOND AMPLFER 20 WATT CLAS AB 2	 $912.02 
11051176000A	ZOND AMPLFER 40 WATT CLAS AB 2	 $1,346.30 
11051177000A	ZOND AMPLFER 40 WATT CLAS B 40	 $1,153.76 
11051178000A	ZOND AMPLFER 90 WATT CLAS B 90	 $1,818.14 
11051179000A	ZOND AMPLFER 95 WATT CLAS B 95	 $1,994.79 
19036040000A	ZONE DISPLAY	 $47.23 
11051172000A	ZONE ZIU PCB	 $634.98 
11051174000A	ZONED AMPLIFIER 20 WATT	 $791.35 
ULB301110000	ZPR-8 / Roam Module	 $630.32 
11051180000A	ZR8 RELAY MODULE	 $395.18 
11065763000A	ZREED SWITCH	 $908.60 
49260550000A	ZU-10 BELT	 $77.94 
		