PART #	PART NAME	PART COST
11049806000A	472	 $145.31 
MSN738880XXA	#1 TUMBLER, UNSLOTTED	 $2.11 
11042368000A	#10-32 X 1/4" PHILLIPS PAN HEA	 $22.33 
11038270000A	#2 cut lever-renter 54-022	 $1.92 
11038271000A	#3 cut lever-renter 54-023	 $2.62 
10286720000	#3 WOODRUFF KEY	 $0.40 
11037848000B	#315 firmware, rev 2	 $87.70 
11038272000A	#4 cut lever -renter #54-024	 $2.53 
11038273000A	#5 cut lever-renter #54-025	 $2.67 
11038280000A	#6 cut lever ,54-026 bag of 15	 $2.38 
11033977015A	#8-32 X 3/4 R.H.SELF TAP TYPE F SCREW-PHIL.NICKEL	 $0.26 
19083926000A	((CADTRS) Trim Ring for CDI2112SV, White	 $27.45 
19065473000A	(001144) TRAC-Vault, Vault Only	 $247.34 
19069346000A	(001481) TRAC-Cover-Black plastic cover w/ chain lanyard	 $10.96 
19065472000D	(001555) LID ONLY,TRAC-VAULT w/ systems code,TRAC-Vault, Lid Only with Chase Systems Code	 $468.63 
19065472000C	(001555) LID ONLY,TRAC-VAULT w/ systems code,TRAC-Vault, Lid Only with US Bank Systems Code	 $468.63 
19065470000D	(001558) TRAC-Vault - surface mount with Chase System Code	 $583.73 
19065470000C	(001558) TRAC-Vault - surface mount with US Bank System Code	 $642.11 
19074598000A	(001673-03)DISPLAY KEY,MODEM CRADLE	 $546.26 
19073895000A	(002062-02/002098)DisplayKEY + USB Cradle bundle	 $375.03 
19084593000A	(002070) TRACcess DisplayKEY + USB Cradle bundle	 $333.36 
19084592000A	(002177) TRAC-Vault BT Smart, Lid Only	 $1,005.38 
19085016000A	(002202)TRAC-Vault BT Smart, LRTS (recessed mount TRAC-Vault) w/tamper switch	 $1,766.81 
19084168000A	(0127C001) IS Digital Camera	 $402.75 
19083447000A	(0509-001) Q1765LE/ BUL/ 1080P/ IR/ IP66/ -40C	 $2,712.03 
19049070000A	(05-IQ2ALMDC-202) LincNet for Windows Software for Workstation configuration	 $1,226.38 
19049068000A	(05-IQ2LEDC-202) LincNet for Windows Server Software for a Standalone configuration	 $1,479.73 
19049069000A	(05-IQ2LEDC-402) LincNet for Windows Server Software for a Multi Workstation configuration	 $2,192.40 
19047605000A	(05-IQ2SAMDC-202) IQ200 w/ sam, 12VDC, w/ lg encl, w/ ps, chgr	 $1,226.38 
19081622000A	(0600422602) 6V 4.5AH SLA Battery	 $13.70 
19085704000A	(0635306-01) KEY BLACK (FACTORY)	 $78.19 
19085705000A	(0635306-02) KEY YELLOW	 $78.19 
19085706000A	(0635306-03)  KEY RED	 $78.19 
19085707000A	(0635306-04)  KEY BLUE	 $78.19 
19085708000A	(0635306-05) KEY TEAL	 $78.19 
19068980000A	(06-SSU00672) FIRE DRAWING BOX, RED	 $167.14 
19082401000A	(101-00018) ACS Wall Mount SkimGard Faceplate w/ Tamper Switch	 $1,193.85 
19071882000A	(1010-603-M-05)900 200 015 UNIVERSAL LARGE MOUNTING PLATE,REV 03/2012	 $52.16 
19066673000A	(10197-50) 50' CAT 5E PATCH W/O BOOTS VIOLET	 $26.45 
19053437000B	(1057 Kit 2) 1057 Alarm Kit, 16 inputs / 8 outputs, w/10,000 Card Holders, 1 Card Reader Interface	 $4,064.65 
19053266000A	(1064-10PD)  Pacom Enclosure, for 1064 Single Door CRI and I/O controller	 $73.71 
19045893000A	(1065-EFM) (300-050-008) Floor monitoring controller, low-level elevator control applications	 $693.56 
19071297000A	(1065W) White Door Contacts	 $6.30 
19081678000A	(1076D-M) Recessed Steel Door Contact w/Wire Leads, 1inch Diameter, DPDT, Brown, 1/2inch Gap Size. Double Pole-Double Throw	 $52.09 
SE1078CTM000	(1078CTM) 3/4 inch diameter, recessed terminal switch steel door, closed loop, mahogany	 $13.23 
19082957000A	(1078CW-M) Recessed Steel Door Contact	 $16.99 
19080872000A	(1078W-N) Recessed Steel Door Contact w/Wire Leads, 1 Inch Diameter, Wide Gap, White, 1" Gap Size. Closed Loop	 $15.79 
SE1084TWG000	(1084TWG) Surface terminal, single pull double throw, wide gap, grey	 $23.88 
SE1084TWM000	(1084TWM) Surface terminal, single pull double throw, wide gap, mahogany	 $16.07 
SE1085TWN000	(1085TWN) Surface terminal, closed loop, wide gap, natural	 $7.56 
SE1087TN0000	(1087TN) Surface terminal, single pull doulbe throw, natural	 $14.72 
19047589000A	(10RCKIT) Additional reader kit includes IQ-1000 controller w/ pwr supply, enclosure & 10 AWID proximity readers, kit does not contain proximity cards	 $6,851.25 
19084146000A	(110063001) Dual Reader Interface Module (Supports Wiegand; Magstripe; F2F; Supervised F2F Rdr).   12/ VDC; 2 Rdr interface;4 unsupervised inputs;	 $1,377.96 
19072308000A	(1107-W) UNIVERSAL WIRELESS MICRO WINDOW TRANSMITTER	 $68.36 
19055617000A	(11093) MONITOR AND VCR/DVR SHELF BOTH PRODUCTS ON ONE SIDE	 $378.19 
19081811000A	(1145-1-BP-PSV) Wireless 1 Button Key Fob, Prox Patch, Panic Supervision	 $89.22 
19069237000A	(1146-B) Wireless Two-button Key fob	 $73.57 
19080229000A	(116) SWITCH BUTTON C.C.	 $9.44 
19080201000A	(11WH) VIBRATION CONTACT IN WHITE (ALSO AVAILABLE IN BROWN)	 $19.00 
19067963000A	(120-0904E)XL LITE 4 DOOR PKG,NO SOFTWARE,PCK INCLUDES XL PANEL IN NA ENCLOSURE,2 X TWO DR CONTROLLER,1 X LCD KEYPAD,4 X MULLION G-PROX II ARMING STATION PROX RDRS W INTEGRATED PIN PAD LOCK CODE 1,25 KEYFOBS	 $3,624.64 
19067964000A	(120-2067)G-PROXTWIN CARDS,PVC,QTY 25,PROGRAMMED 40 BIT,SITE CODE 10,LOCK 1 PER 25	 $206.99 
19067965000A	(120-2068) G-PROXKEYS,NO LOGO,QTY 25,PROGRAMMED,40 BIT,SITE CODE 10,LOCK CODE 1 PER 25	 $187.21 
19073907000A	(120-3600E) Monitor xL Main Panel NA Enclosure	 $584.09 
19047582000A	(12SYSKIT) System kit includes linc-NET s/w, RS485 comm card, IQ controller w/ enclosure, pwr supply & 12 AWID proximity readers, kit does not contain battery or proximity cards	 $9,605.46 
19071673000A	(12V10A)11 AH SEALED LEAD ACID BATTERY-12VDC	 $98.93 
19080648000A	(1306P) Prox Patch, Sized to fit back of 1145-2-B	 $19.49 
DM1306PW000A	(1306PW) Standard 26 bit Wiegand - for use on non-DMP access systems	 $17.81 
19080260000A	(1324) TRANSFORMER, PLUG-IN, 12V,40VA	 $48.04 
19041889000A	(1324A) Direct image PVC label with adhesive back (use on 1326)	 $0.95 
19041891000A	(1324N) Direct image, non-adhesive PVC label (for use with 1326XAXXV)	 $0.95 
19042083000A	(1351) Prox pass - active proximity tag for vehicle access	 $40.64 
19083725000A	(1351LBSMN) PROXPASS ACTIVE TAG MATCHING#	 $53.53 
11046434000A	(13VD5.5-82.5) Lens, 1/3-inch format varifocal zoom, 5.5?82.5mm auto iris (direct drive), manual focus and zoom, f1.6?360, CS-mount.	 $387.34 
19065858000A	(13VD5-50) Lens, 1/3" 5-50mm DC Auto Iris	 $296.09 
11046436000A	(13VDIR7.5-50) Lens, 1/3" 7.5-50MM DC auto iris, IR-corrected, F1.3-360, CS-mount.	 $239.49 
19048124000A	(14421) RS-485 Datapport Option Kit	 $657.72 
19047583000A	(14SYSKIT) System kit includes linc-NET s/w, RS485 comm card, IQ controller w/ enclosure, pwr supply & 14 AWID proximity readers, kit does not contain battery or proximity cards	 $12,096.57 
19068272000A	(1560) TRAC Vault - recessed mount,w/tamper switch	 $685.13 
19068272000D	(1560) TRAC-Vault - recessed mount*, with tamper switch-w/ Chase system code	 $685.13 
19068272000B	(1560) TRAC-Vault - recessed mount*, with tamper switch-w/ Regions system code	 $685.13 
19068272000C	(1560) TRAC-Vault - recessed mount*, with tamper switch-w/ US Bank system code	 $685.13 
19068271000D	(1561) TRAC-Vault - surface mount, with tamper switch-w/ Chase system code	 $644.02 
19068271000B	(1561) TRAC-Vault - surface mount, with tamper switch-w/ Regions system code	 $644.02 
19068271000C	(1561) TRAC-Vault - surface mount, with tamper switch-w/US Bank system code	 $644.02 
19056404000A	(15854) NCR Intelligent Camera Interface Cable, for use when connecting to an NCR ATM equipped with an Intelligent Camera Interface.	 $205.54 
11043417000A	(16687) 4000 SERIES FAN REPLAC	 $263.09 
19047584000A	(16SYSKIT) System kit includes linc-NET s/w, RS485 comm card, IQ controller w/ enclosure, pwr supply & 16 AWID proximity readers, kit does not contain battery or proximity cards	 $13,365.42 
11043210000A	(17216) Audio Option Kit - Required to record audio on a 4000 DVR	 $822.15 
SE1835N00000	(1835N) Rare Earth Wide Gap Magnet, natural	 $4.19 
19068139000A	(19128) 4x10 Series Gen 1 DVR Power Supply Kit	 $271.31 
SE1946N00000	(1946N) Magnet for 1125 series, natural	 $3.67 
19080164000A	(199-PA) PET ALLEY LENS 1990/92	 $12.08 
19070832000A	(1C108A)  Black Box	 $821.12 
19084900000A	(1GANGCHIM) 3-Tone Indoor Chime 88DB	 $74.96 
19084978000A	(1GANGSIRN) Indoor/ Outdoor Siren 105 dB	 $54.13 
19045890000A	(200-000-006) 1047  CCU: manages communication for up to 200** Pacom field controllers (capacity depends on system configuration)	 $4,695.33 
19042358000A	(200-010-002) Blank Panel with decal - for 9U/19" base Station Assembly	 $106.65 
19084836000A	(2000PGGMN-26) iCLASS Contactless Smart Card, 2k bit with 2 application area	 $10.46 
19081704000A	(200-10103) ACS-1E-2R      ACS 1E 2nd Card Reader PCB	 $785.07 
19081705000A	(200-10110) ACS-1E-IO      ACS 1E Auxiliary Input/Output PCB	 $837.23 
19081703000A	(200-10126) ACS-1E-CNTL ACS-1E Controller and Standard Case	 $1,907.78 
19081706000A	(200-10137) ACS-1E-MO  ACS-1E Modem PCB	 $691.74 
19083718000A	(200-10177) Controller Accessory - ACS-1EV1-MOD Main Circuit Board w/ Modem Firmware	 $2,287.68 
19084945000A	(200-50017) ACS1E Software Dongle	 $520.88 
19084997000A	(2005M3SMART-PAC 3) Smart Pac III that includes a Built-in Bridge rectifier and resettable fuse, MOV, voltage regulation and an input voltage level plus unit status LED	 $158.30 
19082797000A	(21-650-0052) E80 Cooling Fan	 $82.35 
39005399000A	(2207A) Overhead door contact,	 $56.70 
19079745000A	(2225868) MultiSync EX231W 23 Inch Wide LCD	 $689.63 
19065792000A	(228PV4005-1211) Flow Sensor in 4" PVC Tee - 0.5-30 fps (?0.3FS)	 $72.08 
19069763000A	(23663-210) 4316C Spare System Cord Removed, No Dock	 $10,687.95 
19080643000A	(23-720-0061) microDVR II external power supply; US	 $439.20 
19068154000A	(24109) 4000 Series Gen 2, 3, and 4 DVR Power Supply Kit	 $271.31 
19068792000A	(24367) 750GB SATA HARD DRIVE REPACEMENT KIT	 $452.19 
19069225000A	(25128) 2TB SATA HARD DRIVE REPLACEMENT KIT	 $657.72 
19080610000A	(25134) 4000 C Series 2 TB SATA Hard Drive Kit 2 or Gen 3 4000 Series recorder	 $691.74 
19080611000A	(25192) PATA Controller to SATA Drive - Adaptor Kit Adaptors required to install a SATA hard-drive in a Gen 2 or Gen 3 4000 Series recorder. Set of 4 Adaptors	 $326.66 
19068953000A	(2540 CDMA) Cellular Backup CID, and Modem format. Full data/Full event reporting	 $819.41 
19068320000A	(2550 CFM) Fire rated Cellular Backup CID, SIA, and Modem format. Full Data/Full Event Reporting	 $682.39 
19080211000A	(264) MONEY CLIP, HOLD UP SWITCH	 $44.69 
19080212000A	(268) HOLD UP SWITCH WITH LOCK IN FLAG	 $56.03 
19067126000A	(270-GLR) (EST) 20 Glass Rods, SIGA-270 Series Stations	 $49.82 
19082587000A	(27218) Keyboard V. 3 with Joystick and jog control	 $1,638.77 
19080213000A	(273) INDICATOR SWITCH WITH DPDT CONTACTS	 $15.87 
19067127000A	(276-GLR) (EST)  20 Glass Rods, SIGA-276 Series Stations	 $50.95 
19074958000A	(28059) Hard Drive - 2 TB, 8000 Series, SATA Interface	 $1,043.10 
19074959000A	(28060) Hard Drive - 3 TB, 8000 Series, SATA Interface	 $1,564.65 
19074960000A	(28061) Fan	 $205.88 
19074962000A	(28063) Power Supply	 $411.75 
19074963000A	(28064) Docking Station	 $2,196.00 
19080230000A	(28-2) BRACKET CLIP MOUNT FOR 955 PLUNGER SWITCH	 $1.89 
19081448000A	(28933) Wall Mount Kit for 8704 Series	 $290.97 
19079746000A	(2931812) LG 32WL30MS-B - 32 Inch Class ( 31.5 Inch viewable ) LED-backlit LCD	 $1,541.67 
19082617000A	(2WT-BLX/10)  Photoelectric Smoke Detector with Fixed-Temperature Thermal Detector, 135 Degrees F	 $1,677.63 
19084656000A	(2WTR-B) I3 SERIES DETECTOR, 2-WIRE, 12/24 VDC, THERMAL, RELAY, WITH BASE	 $152.10 
19083490000A	(300 040 016) 8002R-S Field Controller PCB only	 $612.82 
19084577000A	(300 044 003) 8403R-001 64MB SODIMM RAM	 $1,916.82 
19082452000A	(300 044 103) 8401R-001 SODIMM 64MB Memory for 8001/8002 Series Controllers. Expands L Controllers onboard cardholders and transaction capacity	 $886.64 
29018008000A	(300 045 001) LCB-INOVONICS Inovonics wireless transceiver license	 $236.48 
19065964000A	(300 045 0011) LCB-INOVONICS Inovonics wireless transceiver license	 $212.06 
29018009000A	(300 045 002) LC8-HLI Controller High Level Interface license	 $0.00 
19065967000A	(300 045 004) LC8-GDVR Generic DVR Interface license	 $523.91 
29018011000A	(300 045 004) LC8-GDVR Generic DVR Interface license	 $0.00 
29018013000A	(300 045 006) LC8-BAUT GMS Building Automation license	 $0.00 
19065970000A	(300 045 007) LC8-DUALREP Dual communication reporting license	 $261.95 
29018152000A	(300 045 012) LC8-HLRIMODULE High level reader interface license for 8 additional access devices	 $1,187.49 
19082453000A	(300 046 101) 8501R-001-UL Pacom 16In/5Out Remote Ethernet-enabled I/O Expansion Module (PCB only). Supports two (2) of the  8000 SeriesI/O Expansion Modules	 $795.37 
19082454000A	(300 046 120) 8501 16In/5Out Remote Ethernet-enabled Expansion Module with Pacom Standard Large Enclosure	 $1,043.10 
19082455000A	(300 046 121) 8501 16In/5Out Remote Ethernet-enabled Expansion Module with Pacom Standard Large Enclosure and 8305 standard power supply	 $1,277.80 
DM3000000000	(300) Output harness for XR40	 $5.75 
19084654000A	(300382001) Spare Part - Power Supply, 12Vdc @ 6 Amps, No Battery, No Enclosure	 $680.60 
DM3010000000	(301) Replacement Enclosure Lock	 $3.83 
19083204000A	(301-1TP)  BNC 2PC PLG RG 58 59 PLM 10 PACK	 $22.48 
19073735000A	(3012) CLIP ON TAMPER SWITCH	 $7.69 
DM3020000000	(302) Two-Pin Jumper (Pkg 10)	 $3.83 
19086146000A	(3025TM) Self-adjusting Tamper Terminal Contact, Closed Loop, Brown, Plunger Self-Adjusts to Proper Reach. Screw-on Wire Terminals. Closed Loop.	 $17.88 
DM3060000000	(306) Tamper Harness	 $3.02 
19047528000A	(307-S) Tamper switch w/ harness and header connector	 $6.22 
DM3080000000	(308) 10K Ohm Replacement EOL Resistor	 $3.02 
DM3090000000	(309) 3.3K Ohm Replacement EOL Resistor	 $3.02 
19082644000A	(3090P) eForce Prox with Integrated Proximity Reader - HID 125 KHz and Wiegand Compatible	 $1,158.36 
19082608000A	(30LTHPM) Mount for BSP30-12LSS Solar Panel	 $145.27 
DM3100000000	(310) 1K Ohm Replacement EOL Resistor	 $3.02 
DM3110000000	(311) 1K Ohm Replacement EOL Resistor (Pkg of 10)	 $3.02 
19048782000A	(316) Grounding Bar Kit	 $21.09 
19084271000A	(31763) MegaPx ATM Camera, M12 standard lens, 2.8mm	 $0.00 
19047531000A	(318-R) Allows you to connect two batteries w/ ring-style battery leads to the panel	 $17.57 
DM3200000000	(320) 40VA Wire-in Transformer	 $37.55 
19084272000A	(32044) MegaPX ATM Camera, M12 Pinhole Lens, 3.7MM	 $0.00 
DM3210000000	(321) 40VA Plug-in Transformer	 $17.81 
DM3220000000	(322) 100VA Wire-in Transformer	 $90.72 
19072109000A	(324P)VAC 100 VA WIRE IN TRANSFORMER ENCLOSURE	 $167.93 
19079747000A	(3251132) ACCUSYNC AS172-BK - LED MONITOR - 17 INCH	 $411.72 
19047517000A	(327) 50VA 16.5 volt plug-in class II transformer for XR500 or XR500N control processor panels	 $17.24 
19071671000A	(330-4) Dual-ended 4-wire harness, 4 foot	 $18.33 
19071130000A	(340480) AVR SRV Module for VGA PS2 (2)	 $959.18 
19043130000A	(349-G) Medium panel enclosure for all DMP panels	 $80.02 
11045343000A	(349-R) Medium enclosure	 $80.02 
19043128000A	(349S-G) Medium panel enclosure battery shelf	 $80.02 
DM350A630000	(350A63) Large, Grade A Attack Enclosure, for all DMP Panels, Gray	 $136.76 
DM350B000000	(350B) Slide in 3-hole module bracket for Grade A enclosure	 $7.68 
DM350C630000	(350C63) Conduit backbox for 350 and 350A enclosures	 $26.50 
19048688000A	(350-G) LARGE ENCLOSURE	 $111.45 
19080460000A	(350H-G) Battery Enclosure with Lock & Key 17 Inch (W) x 16 Inch (H) x 3.5 Inch (D)	 $133.96 
19080461000A	(350HS-G) Battery Shelf for 350H enclosure	 $52.70 
11045344000A	(350-R) Large Enclosure	 $111.27 
DM3516300000	(35163) Universal Mounting Plate, Radionics to DMP	 $80.57 
19048779000A	(352P-G101) X-Large Enclosure, Gray, w/FP-0098-G Mounting Plate	 $534.12 
19048780000A	(352S-G ) X-Large Enclosure, Gray, w/5 Shelves	 $534.12 
19055364000A	(353-G) Wire Pull Box, 12 x 15 x 4, Gray	 $328.86 
19071158000A	(354995)  COMP2VGA, Composite VGA to VGA Converter	 $315.16 
19083128000A	(354A-G) ENCLOSURE FOR (2)714-XX MOUNTS IN 350/350A	 $72.47 
19047519000A	(357-10) 10 foot Cat-5 cable for the XR500N control processor panel	 $11.25 
19047518000A	(357-3) 3 foot Cat-5 cable for the XR500N control processor panel	 $2.70 
19047520000A	(357-X) 3 foot Cat-5 crossover cable for programming the XR500N control processor panel from a standard laptop ethernet port	 $7.83 
19083400000A	(3633-0053)Rio Pro, MC200 Cleaning Kit 10 Cards 1 Pen	 $135.55 
19083401000A	(3633-0054)Rio Pro, MC200 Cleaning Roller-1 and 5 Sleeves	 $88.80 
19083398000A	(3633-130)Rio Pro, MC200 YMCKO 5 Panel Dye Film for 300 Images	 $389.07 
19083399000A	(3633-137)Rio Pro, MC200 YMCKOK 6 Panel Dye Film for 250 Cards	 $455.70 
19073734000A	(364) 12V 1.3AH Battery, SLA	 $20.04 
19043129000B	(365) 12VDC 9.0 Ah battery	 $86.47 
DM3700000000	(370) Lightning Suppresser	 $99.76 
DM3740000000	(374) DMP Surge Voltage Suppresser	 $12.06 
19081037000A	(381-1) -  Coax Cable 10in. W/Brass Washers	 $35.42 
19069013000A	(381-12) SMA Extension Cable SMA 12 foot antenna extension cable For use with: 463G, 263G Cellular Communicators, and XT30, XT50 Series	 $64.40 
19081038000A	(381-2) -  Coax Cable 18in. W/Brass Washers	 $39.59 
19069014000A	(381-25) SMA Extension Cable SMA 25 foot antenna extension cable For use with: 463G, 263G Cellular Communicators, and XT30, XT50 Series	 $132.09 
19069015000A	(383)  Rubberduck Stub Antenna Dual Band 850/1900 Portable antenna mounts on the XR500 control panel enclosure. For use with: 463G, 263G Cellular Communicators, and XT30, XT50 Series	 $29.60 
19069018000A	(386)  Chrome 90 Degree Antenna Mounting Bracket Chrome 90 degree antenna mounting bracket with an 8/32 inch opening. For use with: 463G, 263G Cellular Communicators, and XT30, XT50 Series	 $15.42 
19069010000A	(387-1) 3dB Fiberglass Antenna w/Bracket This package includes FM2 pole mounting hardware	 $354.90 
19069011000A	(387-2) 2dB Attack Enclosure Antenna SMA Plug connector for use in conjunction with a Model 350A Attack Enclosure, or any 350 enclosure. QuadBand capable	 $104.59 
19069008000A	(387-25) SMA to N Cable, 25FT, LMR195 25 Foot SMA Extension Cable For use with: 387 Series Cellular antennas	 $147.99 
19069012000A	(387-3) 3dB MEG Antenna This antenna when coupled with a stainless steel exterior mounting bracket,with integrated ground plane	 $226.37 
19069006000A	(387-4) SMA to N Cable, 4FT, LMR195 4 Foot SMA Extension Cable For use with: 387 Series Cellular antennas	 $56.83 
19069007000A	(387-8) SMA to N Cable, 8FT, LMR195 8 Foot SMA Extension Cable For use with: 387 Series Cellular antennas	 $77.14 
DM3900000000	(390) Standard 462N Data Cable	 $37.00 
DM3920000000	(392) Secure Com II Data Cable	 $37.27 
19080161000A	(39-2GY) SURFACE MOUNT CONTACT	 $22.62 
DM3940000000	(394) Direct Programming Cable for 462N	 $37.27 
DM3950000000	(395) SCS-105 Data Cable	 $37.27 
DM3960000000	(396) PC to Ether Com XR Cable	 $34.80 
19068922000A	(399) Direct Connect Update/Programming Cable RS232 DB9 to 4 Position Connection to allow local uploading/downloading and flash updates	 $46.04 
19067129000A	(3-CHAS7) (EST) Chassis Assembly, 7 LRMs	 $803.21 
19084203000A	(3E-VP-HOSTED) 3 East Hosted VeraPass Management Software Repository - Quantity One (1) Per Kios	 $233.10 
19084204000A	(3E-VP-SSA) VeraPass Annual Support Services Agreement	 $599.40 
19067635000A	(400 000 009) LD-INOVONICS Inovonics wireless transceiver license. Enables 1057 and 1058 series Field Controllers to communicate with Inovonics EN and ES series transceivers	 $221.66 
19067636000A	(400 000 010)  LD-HLI Controller High Level Interface license. Enables 1057 and 1058 series Field Controllers for Pacom Signal Application or 3rd Party Application interaction	 $547.63 
29017987000A	(400 000 013) LD-INOVONICS Inovonics wireless transceiver license. Enables 1057 and 1058 series Field Controllers to communicate with Inovonics EN and ES series transceivers	 $222.04 
19067640000A	(400 000 023) UG-ALARM Alarm Panel Upgrade License	 $208.62 
19042860000A	(400 040 001) Pacom Control Panel Configuration Cable DB9F-RJ12	 $17.22 
19067643000B	(400 053 033) 8002-L-UENC-05 Pacom Controller-Networked Integrated Alarm/Access Base Controller w/ 6 exp. slots for Input/Output and Comms Modules	 $2,516.48 
19084902000A	(400-10055B) CCTV - Enclosure - Transaction Bandit Edge Mount Rear Conduit - Exterior Black Finish (RAL 9017) - Housing, Edge Bracket, 18 Inch Conduit, 90 Degree 3 Inch Elbow & Conduit Skirt - Camera's Sold Separately D1, SDI or IP	 $1,725.14 
19084802000A	(400-10055B)CCTV - Enclosure - Transaction Bandit Edge Mount Rear Conduit	 $1,725.14 
19084801000A	(400-10056B) CCTV - Enclosure - Transaction Bandit Front Mount - Exterior Black Finish (RAL 9017) Housing, 18 Inch Conduit and Conduit Skirt - Camera's Sold Separately D1, SDI or IP - Specialty	 $1,187.60 
19084803000A	(400-10061B)CCTV - Enclosure - Transaction Bandit Edge Mount Front Conduit - Exterior Black Finish (RAL 9017) _ Housing, Edge Bracket and 18 Inch Conduit -  Camera Sold Separately D1, SDI or IP - Specialty	 $1,516.79 
19084806000A	(400-50044B) CCTV - Enclosure - Transaction Bandit - Part - 18 Inch Extension Conduit -  Exterior Black Finish (RAL 9017) - Specialty	 $254.19 
19084805000A	(400-50045B) CCTV - Enclosure - Transaction Bandit - Part - Conduit 90 Degree Elbow -  Exterior Black Finish (RAL 9017) - Specialty	 $233.35 
19084804000A	(400-50046B) CCTV - Enclosure - Transaction Bandit - Part - Conduit Coupler -  Exterior Black Finish (RAL 9017) - Specialty	 $166.68 
19082057000A	(41040-1D)  Embedded Safe Solution cable for communication between DU/AD500 and ComboGard Pro safe lock	 $38.43 
19070274000A	(4185A-S-ST) RS-422/485 miniature data fiber modem 2x MM	 $1,348.02 
19080263000A	(4193SN) MICRO-MINIATURE TWO-ZONE V-PLEX ADAPTER, MAKES ANY HARDWIRED CONTACT DEVICE V-PLEX READY. BUILT-IN SERIAL NUMBER FOR ADDRESSING	 $30.11 
19047529000A	(431) A 6-wire harness that allows you to connect devices to the XR500 panel's two form C (SPDT) and eight open collector outputs.	 $9.19 
19065469000A	(43430) Neoprene Belt Clip for TRACkey	 $39.06 
19082024000A	(45753) Power Supply, 1 Channel, DC12V, 1A	 $32.94 
19071875000A	(4609M-101-102 LF) SIP RESISTOR PAK 1000 OHM	 $0.94 
19047516000A	(461) Interface adapter card is a mounting assembly that allows you to connect up to five DMP LX-Bus interface cards to the XR500 or XR500N control processor panels	 $111.27 
19080231000A	(470PB) PROBE FOR 470-12 WATER SENSOR	 $30.88 
19058142000A	(4939SN) AUTO SMART MAGNETIC CONTACT	 $31.21 
19047578000A	(4SYSKIT) System kit inlcudes Linc-NET s/w, RS485 comm card, IQ controller w/ enclosure, pwr supply & 4 AWID proximity readers, kit does not contain battery or proximity cards	 $5,256.28 
19073761000A	(4ZZZ)White Trim Rings	 $2.75 
19068489000A	(5000-011  - USPS) Metal box used to mount AXIS PS24 Outdoor Power Supply  - SERVICE ONLY  - USPS	 $0.00 
19081397000A	(500401) HDMI Econo Plus Extender Kit	 $472.11 
19061016000A	(5005-001) Smoked replacement bubble for model 216FD	 $59.61 
19063858000A	(501 630) 5000 SERIES FP ANSI 630 4 7/8 IN ANSI FACEPLATE STAINLESS STEEL	 $20.83 
19080264000A	(502) THERM OC 135DEG UL	 $31.48 
19080266000A	(504) THERM OC 190DEG UL	 $29.40 
19048768000A	(505-12PCB) 12VDC 5 Amp Power Supply, PCB Only	 $175.66 
19085209000A	(50881102)(lot) Interior, Plenum, CAT5e, Yellow, 1m	 $608.34 
19071116000A	(5125) UPS, 1340 Watt - UPS BATTERY - LEAD ACID	 $3,836.70 
19066837000A	(5200) ELECSTK BODY 12/24DC NFS ELECTRIC STRIKE BODY ONLY 12 OR 24VDC FS/NFS FIELD SELECTABLE	 $188.77 
19072274000A	(5200LBM) 5200, STK, 12/24DC, FS/NFS LBM	 $263.85 
19082249000A	(521007001) Microreader Junction Box Electronics Kit Only	 $82.32 
19080233000A	(52BR) SPACER FOR 39/7939 SURFACE MOUNT CONTACT IN BROWN	 $1.26 
19080232000A	(52WH) SPACER FOR 39/7939 SURFACE MOUNT CONTACT IN WHITE	 $1.26 
19082883000A	(53 TG-4B) Fifth Third 3G Cellular Communicator with Battery	 $411.75 
19084838000A	(5365E1P00) MINIPROX WIEGAND, DESIGNER BLACK, CABLE, LEAD	 $466.66 
19080867000A	(53-inCA60GNBPC) Goose Neck Bracket & Pendant Cap for in60 Dome	 $76.86 
19080866000A	(53-inCA60PC) Pendant Cap for in60 Dome includes a 3/4 Inch Adaptor Fitting	 $43.92 
19069431000A	(53-IW-KIT) In-Wall Gangbox camera, WDR Day \ Night, 2.9mm lens, 12VDC	 $668.68 
19069426000A	(53-MD4-DP12) Drop pipe, 12" X 3/4"	 $32.89 
19069427000A	(53-MD4-DP24) Drop pipe, 24" X 3/4"	 $49.33 
19069429000A	(53-MD4-DPBP) Drop ceiling backer plate	 $35.63 
19069430000A	(53-MD4-DPF)  Decorative flange	 $12.50 
19069428000A	(53-MD4-DPP) Drop pipe plate (threaded)	 $41.11 
19084736000A	(54326) C2G DISPLAYPORT TO HD ADAPTER CABLE - DISPLAYPORT CABLE - 6 FT	 $68.67 
19082961000A	(5455BGN00) ProxPro II 5455 125 kHz Wall Switch Proximity Reader (Pigtail and No Keypad) - Color: Gray	 $318.39 
19068494000A	(5500-051  - USPS) Lens 3-8mm Varifocal Auto Iris  - SERVICE ONLY  - USPS	 $203.49 
19084169000A	(5500-221) Power supply PS-K for AXIS Q7401, P1311, P7701, P8221, P1343, P1344, P1346 , P1347. No plug	 $98.06 
19074602000A	(5502-351) P33 Series Pendant Kit, White	 $76.83 
19083500000A	(5503-431)	 $56.28 
19082398000A	(5504-621) T91B61 Wall Mount	 $192.12 
19083499000A	(5504-631) T91B62 PARAPET MOUNT	 $367.80 
19083849000A	(5505-871) T94T01D Pendant Kit	 $145.80 
19083669000A	(5700-371) RJ45 Connector Push Pull Plug, IP66-rated RJ45 Connector Kit	 $96.05 
SE5709CW0000	(5709CW) ShatterPro/Shatterbox/ShatterSwitch hand held testerWhite	 $167.86 
19048645000A	(572) Alarm Lamp Red LED, Single Gang Wall Mount 12V DC	 $17.84 
19080125000A	(5800CO) CO DETECTOR	 $222.21 
19083795000A	(5811) One Zone Door/ Window Transmitter, Brown	 $72.75 
19080140000A	(5818MNL) RECESSED DOOR TRANSMITTER, LITHIUM BATTERY	 $100.88 
19080142000A	(5820L) SINGLE ZONE TRANSMITTER, LITHIUM BATTERY	 $98.14 
19080145000A	(5875) 5800 SERIES-RF LAMP MODULE	 $79.47 
19080147000A	(5878) WIRELESS WALL FOB, 6 BUTTON	 $67.94 
19080149000A	(5898BR) MAGNETS FOR 5800 SERIES, BROWN, PKG OF 10	 $32.67 
19080150000A	(5899B) 5800 MAGNETS FOR 5820L & 5815	 $24.68 
19084166000A	(5900-294) T8133 30W Midspan	 $153.69 
19083060000A	(5MPL2.8-12) Short Range Megapixel Lens for S5250BX-DN camera, C/CS Mount, 2.8-12mm, 1/2 In. Format, DC-Autoiris, 5 MP Rated, Wide F/1.2, Tele F/2.5	 $381.56 
11046789000B	(6118) iClass R30 Read Only, Clock-and-Data, Indoor/outdoor, Black Cover, Pigtail, Mullion Mount Size, 3.3inch x 3.3inch x .75inch, 64-bit authentication keys.	 $306.39 
19069591000A	(613P) Power Adapter, 100-240VAC in to 13.50VDC out	 $73.50 
11046788000B	(6148) iClass R15 Read Only, Clock-and-Data, Indoor/outdoor, Black Cover, Pigtail, Mullion Mount Size, 1.9? x 6.0? x 0.9?, 64-bit authentication keys.	 $318.17 
11046792000B	(6178) iClass R90 Long Range contactless Smart Card Reader, Clock-and-Data output, Indoor/outdoor, Black Cover, Pigtail, Mullion Mount Size, 12inch x 12inch x 1.25inch, 64-bit authentication keys.	 $930.95 
19071641000A	(625X)  LOOP DETECTOR +/24VAC	 $588.11 
19071368000A	(6291-1) Steel Substation	 $2,192.40 
19080234000A	(64WH) RETRACT SLIM DOOR CORD IN WHITE (ALSO AVAILABLE IN GRAY)	 $22.62 
19071606000A	(650-3600) MONITOR xL Board only	 $501.21 
19064458000A	(660-12V LBSM) 660 Cabinet Lock 12 VDC - Monitors Latch Bolt Position - Monitors Keeper Position	 $304.82 
19081420000A	(6644T1) Resistor Pack w/ Terminal Block (EOL)	 $10.98 
19080235000A	(69) DOOR CORD WITH DISCONECTING PLUG	 $41.48 
DM6955200000	(69552) Conduit Backbox for 690, 790 series keypads, 1-1/2", Ivory	 $30.42 
DM6956100000	(69561) Conduit Backbox for 690, 790 series keypads, 1-1/2", Black	 $30.42 
19056766000A	(695-W) CONDUIT BACK BOX 1-1/2 IN WHITE	 $30.01 
DM6965200000	(69652) Backbox for 690, 790 series keypads, 1/2", Ivory	 $30.42 
DM6966100000	(69661 )Backbox for 690, 790 series keypads, 1/2", Black	 $30.42 
19082442000A	(697) Plastic Keypad Wall Cover 9 X 9 Inches	 $25.25 
19072247000A	(698)PLASTIC KEYPAD WALL COVER 7.4 IN X 11 IN	 $14.00 
DM6990000000	(69900) Deskstand for 690, 790 series keypads	 $46.59 
19047587000A	(6RCKIT) Additional reader kit includes IQ-600 controller w/ pwr supply, enclosure & 6 AWID proximity readers, kit does not contain proximity cards	 $4,954.82 
19046566000A	(70-00743) V-station a/b fingerprint reader w/ LCD/ethernet 4000 prints	 $3,165.28 
19080215000A	(705-820) SPEAKER, 5 INCH DIAMETER, 20 WATT, 8 OHM	 $20.73 
19083440000A	(7060AN-W) LCD Display- Blue Display- with numeric keys- White	 $225.64 
19073733000A	(7073N-W) THIN LCD KEYPAD W/ 4 ZONES, INTERNAL PROXIMITY READER, DOOR STRIKE RELAY, WHITE	 $361.79 
19067382000A	(7100 310313) - El Strike 12v Fse 313 - Electric Strike - Fail Secure 12vdc - Dark Bronze	 $223.72 
19080236000A	(710AM) STROBE LIGHT WITH AMBER LENS	 $64.13 
19080237000A	(710RD) STROBE LIGHT WITH RED LENS	 $64.13 
19080238000A	(72) FLOOR TRAP	 $35.00 
19083441000A	(74120) 25Ft. CAT5e or CAT5 RJ45 Patch Cable Blue	 $16.78 
19080887000A	(74329) ATT SIM Card	 $8.24 
19080217000A	(745VSD3) MULTI-LANGUAGE VOICE SIREN DRIVER	 $59.02 
19080218000A	(745VSD3PK2) KIT, (1) 745VSD3 VOICE SIREN DRIVE, (1) 746-32 INDOOR SPEAKER	 $70.00 
19080219000A	(746) INDOOR SPEAKER, SURFACE MOUNT, 15 WATT	 $18.12 
19080221000A	(746-32) INDOOR SPEAKER, 15 WATT, 32 OHMS	 $18.91 
19080220000A	(746F) INDOOR SPEAKER, FLUSH MOUNT, 15 WATT	 $18.12 
19080222000A	(747F) INDOOR SIREN, FLUSH MOUNT, 2-TONE	 $34.56 
19080223000A	(747PD) INDOOR SIREN, 2 TONE, PIEZO DYNAMIC	 $33.16 
19080224000A	(747PDT) INDOOR SIREN, 2-TONE, PIEZO DYNAMIC WITH TAMPER	 $39.47 
19067141000A	(757A-WB) (EST) Backbox, Weatherproof	 $66.75 
19080254000A	(7620TR) HARDWIRED AC TRANSFORMER FOR 7720ULF	 $66.92 
19080255000A	(7625-3DB) HIGH GAIN OMNI-DIRECTIONAL 3DB ANTENNA FOR USE WITH ALARMNET A AND M PRODUCTS	 $185.26 
19080256000A	(7670F) MOUNTING BRACKET FOR USE WITH 7625-3DB ANTENNA	 $84.08 
19080257000A	(7720V2TR) 12VDC PLUG-IN TRANSFORMER	 $23.99 
DM7766100000	(77661) Backbox for 670, 770 series keypads, 1/2", Black	 $14.18 
DM7770000000	(77700) Cover, Clear w/Lock	 $124.97 
19058883000A	(778-W) (white) back plate - neither platinum or black keypads work with the back plate	 $37.84 
19080258000A	(7820-ANT) ELBOW CONNECTOR FOR ALARMNET A AND M RADIOS, MOUNTING KIT	 $48.04 
19080259000A	(7825) OUTDOOR ANTENNA FOR ALARMNET A AND M PRODUCTS ONLY. ANTENNA CABLE NOT INCLUDED	 $84.08 
19073443000A	(7847I)INTERNET COMMUNICATOR	 $298.72 
19084893000A	(7872-WSBX-CB) Touchscreen Keypad, Internal Prox, 4 Zones, White, Starbucks only	 $557.25 
19066624000A	(8000) ELEC STRIKE BODY 12/24VDC	 $385.99 
19083443000A	(8000C 630) 8000C ELECTRIC STRIKE KIT 12VAC/DC 24VAC/DC SELECTABLE FAIL SECURE/SAFE SELECTABLE INCLUDES 801, 801A	 $285.57 
11043154000A	(810-000917) Field Upgrade, NEtDVR 2, Add 8 Cameras Serial Number: , Email Address:	 $2,329.43 
11043155000A	(810-000918) Field Upgrade, NetDVR 2, Add 12 Cameras Serial Number: , Email Address:	 $2,877.53 
11043156000A	(810-000919) Field Upgrade, N2, 300 FPS Option	 $1,027.69 
19079748000A	(8101-AR-001-UL) LCD KEYPAD. 2 X 16 CHARACTER BACKLIT DISPLAY AND 8 AREA STAT	 $234.70 
19071783000A	(8101-INOV)KEYPAY PROGRAMMER,INSTALLER FOR INOVONICS FA SERIES	 $383.67 
19073941000A	(8300) Electric Strike Body 12/24 VDC	 $598.49 
19083444000A	(84052) HDP5000 YMCKK: Full-color ribbon with two resin black panels - 500 images	 $356.82 
19082519000A	(84053) DP Film for HDP5000, 1500 Prints	 $186.63 
19047889000A	(850-004566) Kit US/Europe modem (data/fax) V.34, 64p and RJ11 cable	 $548.10 
19060480000A	(850-004786) NetDVR II wall mount	 $137.25 
19048776000A	(861) Power Distribution / 4-Wire Bus	 $44.06 
19071235000A	(88-100) Transformer	 $236.21 
19048495000A	(883-03) Camera Mount, 3 inch black post, knob adjustment, bracket for wall or ceiling mounting. T-bar bracket for drop ceiling (PANAVISE)	 $34.46 
19070851000A	(8920)  AC/DC Adapter	 $109.62 
19047588000A	(8RCKIT) Additional reader kit includes IQ-800 controller w/ pwr supply, enclosure & 8 AWID proximity readers, kit does not contain proximity cards	 $6,220.94 
19047580000A	(8SYSKIT) System kit includes linc-NET s/w, RS485 comm card, IQ controller w/ enclosure, pwr supply & 8 AWID proximity readers, kit does not contain battery or proximity cards	 $7,719.99 
19080739000A	(900 200 014) ENCL-8000 Pacom large wall-mount enclosure	 $304.70 
19083606000A	(900 200 016) Small wall-mount enclosure with 8000 Series Backplate	 $208.62 
19084149000A	(900 200 053) 53 Only 8002-L-UL Controller (with Enclosure and Tamper Switch; w/o P/S) Including the following Controller Feature Licenses: LC8-HLI 8002 Controller HLI	 $3,184.20 
19084158000A	(900 200 053) 53 Only 8002-L-UL Controller (with Enclosure and Tamper Switch; w/o P/S) Including the following Controller Feature Licenses: LC8-HLI 8002 Controller HLI License LC8-GDVR 8002 Controller	 $1,512.50 
19045898000A	(900-200-006) Enclosure, small universal wall mount. UL listed. Used for Pacom I/O or CRI PCBs.  (NOT THE SAME ENCLOSURE as the P1001-ECL)	 $217.62 
19070881000A	(9010PS) Power Supply 6VDC 4amp	 $131.90 
19070882000A	(9011 PS)  Power Supply	 $113.05 
19073592000A	(9015-1903) Monitor Rack Mount	 $103.78 
19070275000A	(9114DR-S-ST) Compact digital video receiver Single channel video transmitters and receivers  9-bit uncompressed digital video High quality video =63 dBw SNR Compatible with NTSC and PAL standards	 $1,902.24 
19081568000A	(920NHRNEK0000C) R40 iClass 6120 Reader	 $357.40 
19084999000A	(920NTNNEK00000) HID iCLASS SE R40, iCLASS only (13.56 MHz) Wall Switch Smart Card Reader, Wiegand, Black, Pigtail	 $529.17 
19081593000A	(921NHRNEK0004M) HID RK40 iCLASS SE Reader	 $620.37 
19083057000A	(921NHRTEK0011G) RK40-H Wall Switch Keypad Reader	 $702.69 
19085000000A	(922NTNNEK0014G) RDR, RM40, ICLASS, SE E, LF OFF, HF STD/SIO/SEOS/MAG, WIEG, PIG, BLK, STD-1, LED RED, FLSH GRN, BZR ON, OPT TAMP, OPEN	 $966.70 
19083502000A	(922PTNTEK00424) Reader, RMP40, MULTICLASS, SE E, LF STD, HF STD/SIO/SEOS, MAG	 $691.71 
11065609000A	(9412GV4US)246 POINT INTRUSION	 $815.45 
19083580000A	(947-75WH) Wide Gap St.Dr Rec.3/ 4 inch	 $11.53 
19063854000A	(9500 630) GENISIS ELECSTK FIRE RATED 12/24VDC NON FAIL SAFE FIRE RATED STAINLESS STEEL	 $679.51 
19071274000A	(950W-GY) Surface Mount Door Contacts	 $41.11 
19070890000A	(9941-NMS) Network Management	 $2,603.48 
19080165000A	(995LR) LONG RANGE LENS - 995 PIR	 $7.85 
19080166000A	(995PA) PET ALLEY LENS - 995 PIR	 $7.85 
19066944000A	(A12 Type 31-DBL) Camera, 1/3" Wide Dynamic Color, 2.9-10mm DC Auto Iris, 520 TVL, 12VDC, Mini-Cube	 $739.94 
19070367000A	(A2-ATM-IP) 3VR IP ATM data ca	 $520.70 
19068881000A	(A3-16-4CIF) Replacement 16 channel 4CIF H.264 Video Card (P-Series Hybrid or ServerClass Hybrid)	 $2,795.31 
19065345000A	(A3-HD-1R) 1TB Hard Drive	 $904.37 
19066344000A	(A3-HD-2R) 2TB Hard Drive	 $1,644.30 
19074015000A	(A4Z1214CS-MPIR) 1/2.7 Inch 12.5-50mm f.14, manual iris, Day/Night IR	 $693.01 
19066343000A	(A5-VV-500) VideoViewer license	 $1,260.63 
19063638000A	(A7-NS-USB) USB Network Service Adaptor	 $109.62 
19065570000A	(A7-SRP-RL) Universal Wallmount Rails (P-Series)	 $219.24 
19065569000A	(A7-SRP-WM) Wall Mt Kit, Additional/Replacement 16 Analog Channel Video Cable (P-Series)	 $54.81 
19065568000A	(A7-VD-16) Additional/Replacement 16 Analog Channel Video Cable (P-Series)	 $82.22 
19082522000A	(AA35) AMPLIFIER MIX 3 CHANNEL INPUT	 $477.60 
19083448000A	(AA500) Alarm interface that allows users to connect AX.S Systemwith standard burglary systems supporting keyswitch functionality. By presenting their authenticated credential at the door reader, users can disarm and arm an alarm.	 $524.30 
11044209000A	(AB01X28) 8310 Angle brkt kit X 28 1X1X10 1/2"	 $57.56 
11044210000A	(AB03X28) 8310 Angle brkt kit X 28 1 1/2X1 1/2 X10 1/2"	 $64.13 
11044212000A	(AB21X28) 8320 Angle brkt kit X 28 1 1/2X1X21"	 $80.85 
19065583000A	(AC-1700ENCL) AC-1700 Large Enclosure. Holds up to 4 controllers.	 $411.75 
19065585000A	(AC-1700-MP) Mounting Plate - For a single AC-1700 controller board.	 $82.22 
19073778000A	(AC-2-DESS)ACS Enterprise Configuration, Database, Diagnostic Software, Single User	 $2,798.06 
19071035000A	(ACC36/12/2) AlphaCom-M Intercom Exchange with up to 12 stations	 $9,426.38 
19071036000A	(ACC36/24/4)  Alphacom	 $18,906.62 
19041678000A	(ACC603M) Mental Chain Necklace for Pendant	 $2.75 
19041680000A	(ACC605-BK) Beltclip for FA205 Transmitter (Black)	 $101.40 
11040099000A	(ACC610) 14 volt A.C. 20 V.A. Transformer	 $12.29 
19041911000A	(ACC623) Wristband for FA223S Pendant	 $9.45 
19041682000A	(ACC624) Holster (optional with FA204)	 $15.30 
19041684000A	(ACC630) Transfer Programmer	 $118.80 
19041685000A	(ACC640) NEMA 4 Plastic Enclosure	 $48.20 
19063784000A	(ACC644) Cable for EN7280 Security Interface	 $27.30 
19042072000A	(ACC662) Mirror for PIR	 $42.53 
19042074000A	(ACC664) MetalCage for PIR	 $21.74 
19063785000A	(ACC665) Wall/ Ceiling Bracket for E*1261 Motion Detector	 $8.92 
19063786000A	(ACC667) White Light filter for E*1261 Motion Detector	 $27.84 
19063787000A	(ACC668) Long Range Lens for E*1261 Motion Detector	 $6.76 
19063788000A	(ACC669) Long Range Lens 25 foot for E*1265 360 Degree Ceiling Motion	 $10.00 
19069454000A	(AC-CY1AEXKEY)EXTRA KEY FOR CY1A STANDARD MORTISE CYLINDER	 $13.01 
19070478000A	(AC-EL101)SINGLE ADDITIONALKEY FOR ALARM CONTROLS KA109A KEY SWITCH	 $17.02 
19079749000A	(AC-MER-CON-MR52) DUAL READER INTERFACE	 $1,043.10 
19079750000A	(AC-MER-CONT-2DR) DUAL READER INTERFACE - CONTROLLER (EP1502)	 $1,880.33 
19070476000A	(AC-RP7)SINGLE GANG SATIN STAINLESS STEEL WALLPLATE .250 IN DIAMETER RED,OPERATES ON 12 OR 24 VDC LED CURRENT DRAW 8 MA AT 12  VDC,12 MA AT 24 VDC 6 IN RED AND BLACK LEADS D HOLE FOR ACE KEYSWITCH OR EQUIV	 $20.58 
19049328000A	(AC-RP9L) Wall plate red and green LEDs 12 VDC	 $57.77 
19071549000A	(ACR-R-3COL-CT-S) 3 Inch ACS INSERT READER COLLAR W/TAMPER SWITCH - CLEAR - ANGLED VERSION - FOR SKIMGARD	 $830.38 
19080962000A	(ACS-2-BA-STKR-S) B of A Sticker Set Swipe - Special	 $34.32 
19071528000A	(ACS-2-BIN-TBL) ACS-2-BIN FILE / TABLE	 $359.01 
19071529000A	(ACS-2-DES-M) ENTERPRISE ACS-2 DATABASE MANAGEMENT/DIAGNOSTIC SOFTWARE (MULTI-USER)	 $22,378.92 
19071530000A	(ACS-2-DES-S) ENTERPRISE ACS-2 DATABASE MANAGEMENT/DIAGNOSTIC SOFTWARE (SINGLE USER)	 $4,254.51 
19071531000A	(ACS-2-ETH-P) ETHERNET PROGRAMMING AND SOFTWARE	 $627.58 
19074564000A	(ACS-2-KEY-270) 1 Key for ACS Controller (270)	 $22.92 
19074565000A	(ACS-2-KEY-642) 1 Key for ACS Controller (642)	 $22.92 
19082575000A	(AC-SC) AC-1700 SD Card - 1 GB w/ Latest Firmware	 $27.45 
19071536000A	(ACS-COL-C-2X1.75) INSERT READER COLLAR, 1.75 Inch X 2 Inch ACS CLEAR	 $465.89 
19073707000A	(ACS-CP-L)9 IN X 1.75IN COVER PLATE	 $151.25 
19073705000A	(ACS-CP-S)5.5 IN X 1.75 IN COVER PLATE	 $151.25 
19071537000A	(ACS-CR-AKS-IWC) IN-WALL CARD READER CASE WITH 5 Inch H X 7 Inch W FACEPLATE *INCLUDES GENERIC GRAPHIC *DOES NOT INCLUDE CARD READER OR KEYSWITCH	 $1,030.43 
19073708000A	(ACS-CR-CBL-100)CABLE,POWER & LOGIC,100 FT	 $82.35 
19044823000B	(ACS-CR-CBL-50) CABLE, POWER & LOGIC, 50 FEET	 $55.91 
19071539000A	(ACS-CR-COL-C-2X1.75-T) INSERT READER COLLAR WITH TAMPER SWITCH, 2 X 1.75, ACS CLEAR	 $654.98 
19070496000A	(ACS-CR-EXTC) Brushed Stainless Steel Surface Mount Card Reader Case 3 IN H x 4 3/4 IN W x  4 IN D	 $435.74 
19073706000A	(ACS-CR-PLT-4)ADAPTER PLATE	 $151.25 
19071542000A	(ACS-CR-SD-MT1) 3 Inch ACS INSERT READER COLLAR W/TAMPER SWITCH - CLEAR - ANGLED VERSION WITH SIDE MOUNTING BRACKET (ACS-R-3COL-CT AND ACS-CRC-COL-2X3-SD)	 $1,030.43 
19071544000A	(ACS-CR-SPCR-25-T) SPACER PLATE W/ TAMPER SWITCH - 0.25 Inch	 $323.38 
19071545000A	(ACS-CR-SPCR-25-T) SPACER PLATE W/ TAMPER SWITCH FOR SKIMGARD - 0.25 Inch	 $323.38 
19074488000A	(ACS-ENT-S) ACS Enterprise Configuration, Database, Diagnostic Software - Single-User - Multi-Site - Requires SQL LITE (Not Included)	 $5,152.37 
19074517000A	(ACS-MCR-IR) ACS Card Reader Insert (Standard Brushed Stainless Steel Powder Coat Available)	 $1,037.58 
19074528000A	(ACS-MKS-COL-C) Mortise Override Keyswitch Collar - Clear Anodized Aluminum Finish	 $274.50 
19074560000A	(ACS-PIEZO-MINI) Mini Piezo Buzzer	 $51.89 
19071547000A	(ACS-R-3COL-C) 3 Inch ACS INSERT READER COLLAR - CLEAR	 $375.45 
19071548000A	(ACS-R-3COL-CT) 3 Inch ACS INSERT READER COLLAR W/TAMPER SWITCH - CLEAR - ANGLED VERSION	 $830.38 
19071550000A	(ACS-R-FM-CT) ACS INSERT READER FLUSH MOUNT FLANGED COLLAR W/TAMPER SWITCH - CLEAR	 $750.90 
19071553000A	(ACS-RKS-SD-MT1) 3 Inch ACS INSERT READER/KEY-SWITCH COLLAR W/TAMPER SWITCH - CLEAR - ANGLED VERSION WITH SIDE MOUNTING BRACKET (ACS-RKS-3COL-CT AND ACS-RKS-COL-2X3-SD)	 $1,148.27 
19071554000A	(ACS-RKS-SD-MT-S) 3 Inch ACS INSERT READER W/ SKIMGARD AND KEY-SWITCH COLLAR W/TAMPER SWITCH - CLEAR - ANGLED VERSION WITH SIDE MOUNTING BRACKET	 $1,148.27 
19071555000A	(ACS-STKR-IR-S-H) STICKER, SKIMGARD INSERT READER (HORIZONTAL)	 $19.73 
19071557000A	(ACS-STKR-SR-A) STICKER SET, ACS CARD SWIPE (LEFT AND RIGHT)	 $34.25 
19074554000A	(ACS-SURG-8) 8 outlet, 15 amp w/ resettable circuit breaker, audible failure alarm, protection indicator light, 2160 joules, telephone line protection	 $102.39 
19074537000A	(ACS-UPS-255) Battery Backup UPS 350VA/255 watts	 $158.53 
19081213000A	(AD102KIT) Single Door Controller w/ Biometric Fingerprint Key (AR402SA1000P0E0),  designed for one entry point.	 $4,392.00 
19071374000A	(AD1305) Camera Housing, Indoor Corner Mount, 8 Inch max Camera \ Lens Length	 $507.00 
19079751000A	(AD301MD70FMKRHO626PD) AD301MD70 FMK RHO 626 PD	 $2,641.65 
19072339000A	(AD500R) Door hardware interface	 $781.31 
19081233000A	(AD500R) Door Hardware Interface w/ Enclosure used w/ AM300, provides connections for 2 Biometric Readers	 $592.07 
19072340000A	(AD500W) Door hardware interface	 $507.83 
19070946000A	(AD503-0) Receptacle for ZTMO711-0/16	 $64.64 
19070947000A	(AD711-0/16) Distribution units for splitting the system in two systems	 $2,154.60 
19071636000A	(ADC733) CAMERA, STANDARD RES COLOR, 12/24V, 330TVL	 $328.86 
19080997000A	(ADCA3DW0C2N) Dome, Vandal Resistant, 600TVL IP66 12/24V 3-9MM	 $463.91 
19071375000A	(ADCDHTR) Heater Module. Discover Series Cameras	 $115.10 
19071376000A	(ADCDMPOLE) Pole Mount Adapter, Discover Series Cameras, use with ADCDMWALL	 $123.33 
19071377000A	(ADCDMWALL) Wall Mount with Pendant Cap, Discover Series Cameras	 $164.43 
19071378000A	(ADCDSLC) Video Service Cable	 $68.52 
19071379000A	(ADCHMTPED) Pedestal Mount for Camera Housing with Cable Pass-thru	 $205.54 
19071380000A	(ADCWBTRC) Clear Bubble with White Trim Ring, Discover Series	 $82.22 
19070828000A	(ADDSNCVMK) Virtual Matrix Keybd Option for Network Client	 $1,859.18 
19068622000A	(ADI S-4) Supression kit (2)	 $37.82 
19068642000A	(ADI WPSE) WinPak PC software 1-user, unlimited readers, badging etc.	 $1,753.08 
19068643000A	(ADI WPSEK) WinPak PC software 1-user hardware (USB) key for raid server	 $332.05 
19068644000A	(ADI WPSEU5) WinPak PC software 5-user, unlimited readers, badging etc.	 $3,582.41 
19068645000A	(ADI WPSEU5K) WinPak PC software 5-user hardware (USB) key for raid server	 $332.05 
19068621000A	(ADI X-4) Power transformer	 $34.43 
49239378000A	(ADT7485AARMZ-R7) IC,Temp Sensor,L1/R1 Deg C,G,MSOP-10,SMD,T21,TEMP SENS	 $15.29 
19072256000A	(AE203R)ENCLOSURE ACCESSORY RED	 $30.50 
19073920000A	(AEST16522)Outdoor Fingerprint	 $46.67 
19083208000A	(AG4Z2812FCS-MPIR) A Series 3 Megapixel, 1/2.7 in. 2.8-10mm F1.2 Varifocal, HD Series, DC Auto-iris (CS Mount) Day/Night IR	 $214.83 
PLAH10000000	(AH1000) Manually adjustable pan/tilt head for EH4700 series enclosures. Use with WM2000 wall mount or PM2000/PM2010 ceiling/pedestal mount.	 $36.00 
19068557000A	(AH1000) Mount, Manually adjustable pan/tilt head for EH4700 series enclosures. Use with WM2000 wall mount or PM2000/PM2010 ceiling/pedestal mount.	 $70.98 
19068558000A	(AH2000) Mount, Manually adjustable pan/tilt head for EH5700 series, EH6740-1, EH8106/EH8108, EHX*E series, HT10V, MT10P enclosures.	 $83.15 
19083527000A	(AJ-MCWSA) Plastic Desk Stand	 $54.87 
19082864000A	(AK-03025) RMDC-PS5-MD-16F-UL-FAI - Rack Mount Power Supply with Fire Alarm Interface	 $1,841.87 
19058875000A	(AL1024ULACMCB) Power controller, eight (8) independently controlled 24VDC fail-safe and/or fail-secure outputs with a total of 10 amp continuous supply current	 $860.93 
19081424000A	(ALTV1224DC1) 12/24VDC @4AMP,16 FUSED OUTPUT	 $316.29 
19068158000A	(ALTV2416300UL) Power Supply, 16 fused output, 24VAC at 12.5 amp or 28VAC at 10 amp, UL Listed, Wall Mount, CCTV	 $327.68 
19068159000A	(ALTV2416300ULCB) Power Supply, 16 circuit breaker output, 24VAC at 12.5 amp or 28VAC at 10 amp, UL listed, Wall Mount, CCTV	 $327.68 
19068156000A	(ALTV2416ULX) Power Supply, 16 fused output, 24VAC at 7 amp, UL listed, Wall Mount, CCTV	 $268.57 
19066861000A	(ALTV2416ULX3) Power Supply, 16 Channel, 120VAC Input, 24-28VAC Output, 7.0 Amp Total Output	 $383.67 
19068162000A	(ALTV24323UL) Power Supply, 32 fused output, 24VAC at 12.5 amp or 28VAC at 10 amp, UL listed, Wall Mount, CCTV	 $403.97 
19068163000A	(ALTV24323ULCB) Power Supply, 32 circuit breaker output, 24VAC at 12.5 amp or 28VAC at 10 amp, UL listed, Wall Mount, CCTV	 $403.97 
19068597000A	(ALTV244ULCB) Power Supply, 4 channel, 24VAC, wall mount  **  SERVICE ONLY - USPS  **	 $128.39 
19068160000A	(ALTV248175UL) Power Supply, 8 fused output, 24VAC at 7 amp or 28VAC at 6.25 amp, UL listed, Wall Mount, CCTV	 $198.68 
19068161000A	(ALTV248175ULCB) Power Supply, 8 circuit breaker output, 24VAC at 7 amp or 28VAC at 6.25 amp, UL listed, Wall Mount, CCTV	 $220.61 
19082562000A	(AM0-5G10) airMAX Antenna- 5GHz Outdoor 10 DBI	 $353.81 
19082563000A	(AM0-5G13) airMAX Antenna - 5GHz Outdoor 13 DBI	 $469.70 
TM000125001D	(AMI) API PRGMR REF MNL	 $151.20 
19081752000A	(ANN_LED) LED Annunciator Module	 $529.76 
49239384000A	(AOD472) MOS N,25V,50A,9.5m@4.5V,G,TO252-3,SMD	 $4.97 
19071077000A	(AP669) CEILING MOUNT	 $219.46 
19071078000A	(AP-669-BP) MOUNTING PLATE FOR AP669	 $17.26 
19082865000A	(APD8F-BD)Power Distribution Board	 $392.51 
19081216000A	(AR402SA2000P0E0)Biometric fingerprint reader BLACK - 3000 users Fingerprint Key. Wiegand or RS485.	 $1,671.71 
TP821447001A	(ARM) PRGMR'S MNL	 $13.50 
19080820000A	(ASB-32CL) Aluminum Door Spacer for Mag Lock	 $54.87 
19061272000A	(ASM-32BK) Aluminum spacer bracket M32 black - 8 IN	 $51.48 
19061273000A	(ASM-32BK) Aluminum spacer bracket M32 clear - 8 IN	 $50.48 
19063855000A	(ASP-14 RED BTTN) PNEU TIME DELAY EX PSHBTTN RD PNUEMATIC TIME DELAY EXIT PUSHBUTTON RED	 $484.94 
19071123000A	(AT-MC101XL) Fiber to Ethernet Fiber Modem	 $534.67 
19071708000A	(ATM-WINACC)WINDOR ATM CAMERA BRACKET ADAPTER	 $115.29 
19083575000A	(AT-X210-9GT) Standalone Enterprise Edge Switch 8 X 10/100/1000T + 1 SFP	 $1,458.50 
19080167000A	(AURORA-T) PIR MOTION SENSOR, 40LBS PET IMMUNE, 35' WITH TAMPER	 $50.79 
19072165000A	(AV1115DN) 1.3 MP,2H.264/MJPEG,TRUE D/N,CS MOUNT,12VDC/24VAC/POE	 $1,087.54 
19075024000A	(AV2115DN) 1080p, MP,  H.264/MJPEG, True D/N, CS mount,  12VDC/24VAC/PoE	 $1,173.49 
19081023000A	(AV-ACS777) Mount for LCD Monitor	 $87.29 
19083207000A	(AVS) 2 Way Voice Station for Vista	 $382.38 
19073933000A	(Axial) Axial SW	 $4,117.50 
11065355000A	(Axistar M7001) ENCODER,IP,SGL CHAN,PTZ CONTROL	 $575.51 
11065387000A	(AXISTAR-M3203)AXIS M3203 WIT	 $761.86 
19058263000A	(AX-SMP5) High-current PWR SPLY converts low voltage AC input to 6 VDC, 12 VDC or 24 VDC at 4 AMP of continuous supply current	 $90.86 
19071244000A	(AX-T28140D) Open Frame Transformer	 $105.84 
19083442000A	(B022-002-KT-R) 2 Port KVM Switch, Desktop with two cables - PS/2	 $120.75 
19083917000A	(B299) SD12 Popex Module for B9512G/ B8512G	 $199.97 
29014255000A	(B328) Swivel mounting bracket	 $16.36 
29014256000A	(B3353) Swivel mount for 774/932 series	 $16.36 
29014293000A	(B338) Ceiling mount for Bosh PIRs	 $10.47 
UTB4U000000A	(B4U) Detector Base - Standard, for 4 Inch sq. box	 $14.25 
19083918000A	(B600) Retrofit (ZONEX) Module for B9512G/ B8512G	 $199.97 
19085987000A	(B8512G) Integrated Intrusion/Fire/Access Control Panel, Supports up to 99 Points, 8 Door Access	 $1,624.13 
19083716000A	(B942) Touch Screen Keypad, SDI2 Bus Compatible, Black	 $510.54 
19083717000A	(B942W) Touch Screen Keypad, SDI2 Bus Compatible, White	 $496.82 
19083714000A	(B99) USB CABLE FOR B SERIES PROGRAMMING AND SERVICE	 $41.18 
19042862000A	(BAT601B) Box of four 4.5V battery packs for the C200 and FA200	 $44.17 
11040098000A	(BAT607) 3.0 volt Lithium Used in FA204	 $9.36 
11040095000A	(BAT608) 3.0 volt 0.8 amp hour Used in FA203, FA205, FA212, FA214, ACC631	 $9.09 
19065571000A	(BAT610) Battery for High Traffic Motion Detector	 $22.30 
11047352000A	(BAT850) Lith-Ion Battery Assy for EN5000	 $79.06 
11046406000A	(BB4-PG-E) Spectra IV SE Back Box, environmental pendant, gray. Built-in memory to store camera and location specific dome settings. Pendant 10.6-inch overall Length including dome.	 $634.76 
19049419000A	(BB5-PCA-GY) Pendant mount conduit adapter for Spectra DF8 and DF5 domes	 $54.00 
19083724000A	(BBL2-V33-V43FD-BK-S) Smoked bubble and trim ring assembly replacement for V3320FD-DN and V4320FD-DN only	 $71.37 
19067142000A	(BC-1) (EST) Battery Cabinet	 $455.78 
19068004000A	(BCH-IR3.6N) Camera, Hi-Res Day/Night, 3.6mm, Indoor/Outdoor with 24LED IR for up to 50feet, 480 TVL, 12VDC, Silver body	 $161.69 
19074841000A	(BCHIR312NA) Bullet Camr, IR 3.3-12mm 540TVL, Day/ Night, 20 IR LED	 $443.10 
19068003000A	(BC-IR3.6N) Camera, Std-Res Day/Night, 3.6mm, Indoor/Outdoor with 24LED IR for up to 50feet, 330 TVL, 12VDC, Silver body	 $120.58 
19069527000A	(BE650G)APC BACK-UPS ES 650 GREEN 650VA UPS,EXTERNAL,650 VA POWER CAPACITY,4.2 MIN BATTERY RUN TIME (UP TO),390 WATT POWER PROVIDED,AC 120V	 $230.91 
19074387000A	(beanies) SUPER B WIRE CONNS UNFILLED FOR CRIMPING WIRES, WHITE TUBING PK/1000 ROHS	 $189.90 
19048163000A	(BH-1C) Corner mount adapter for BH-1 housing	 $40.55 
19083719000A	(BKCM202)  Camera Mount, Max Load 9.3 lbs, Beige	 $16.47 
19072173000A	(BKCM206) Mounting Bracket for Box Camera	 $13.71 
19070247000A	(BKPCWM) Wall Mount Arm - Lightweight Metal Construction 3/4 Inch NPT Threads	 $98.66 
19082550000A	(BLJUNC) Junction Box for Digital Watchdog B1,B2 CAMS	 $79.58 
19070949000A	(BLM611-iCLASS) Door station Vario Typ E	 $426.61 
19070950000A	(BM611-0) Blank Module	 $107.73 
19070952000A	(BMET300) 100 user for BMET300	 $2,572.60 
CHBNC1120000	(BNC-112) Video cable for 112 series board cameras	 $19.19 
19070953000A	(BPEO1 MBB1 A) Wall mounts by pass switch. Make before break	 $323.19 
SEBR60100000	(BR6010) Ceiling/wall mount. Swivel bracket for SEPR633/SEPR643	 $32.13 
19068559000A	(BS1750) Mount, Universal for cameras weighing up to 7 pounds. T-rail clip for use in false ceiling applications. Adjustable swivel head with set screw for final positioning of swivel assembly.	 $34.47 
19082607000A	(BSP30-12LSS) 30 Watt Unbreakable Solar Panel	 $427.76 
19044834000A	(BS-RCKMDM-CH) - Scalable CC1600-Series rack mountable card cage	 $1,332.23 
19044836000A	(BS-RCKMDM-MD) - Rack mount modem (33.6K) for BS-RCKMDM-CH. Order at least two for each rack. Rack accomodates up to 16 modems.	 $780.88 
19044835000A	(BS-RCKMDM-PS) - Rack mounted power supply card for BS-RCKMDM-CH (rack chassis)	 $641.16 
19071038000A	(BTCV850-0) Deluxe station for 2 wire bus system	 $1,292.76 
19070956000A	(BVS650-01) Video BUS Transmitter	 $3,468.91 
19070958000A	(BVVS650-0) Riser Splitter for 2 wire bus system	 $514.51 
19070959000A	(BVVU650-0) Video splitter In 2 wire bus system	 $1,225.45 
19071079000A	(BW108) INSTRUMENT BOX 11 X 11 X 3	 $50.79 
19071080000A	(BW109) INSTRUMENT BOX 7 X 12 X 3	 $48.18 
19071081000A	(BW3000) LOCK FOR UTILITY CAN	 $11.18 
19081179000A	(BW-3000/E001) Cam-Lock w/ E001 keys	 $8.93 
19071295000A	(BW97) Enclosure 6 Inch X 6 Inch	 $32.89 
19071255000A	(BW-BW100G) Tan enclosure	 $92.44 
19063875000A	(BZL-M12) Protective Bezel, M12 SEE enclosures	 $374.08 
19063874000A	(BZL-SCE-M15) Protective Bezel for M15 SCE enclosures	 $374.08 
19070961000A	(C1000B) Universal Door Entry system Video Switch	 $6,463.80 
11046410000A	(C10DN-6) Camera, 1/3" Hi-res	 $671.27 
11046411000A	(C10-UM) Universal Camera Mount for C10 Series	 $52.73 
19056743000A	(C12DCR-500) Power Supply, 12VDC, tinned leads	 $18.78 
CHC24AC40000	(C24AC-40) Power supply, 24VAC - 40VA	 $13.71 
19075005000A	(C70230DCPS) 0.33 IN. 4x Varifocal Day/Night Auto-Iris Lens (2.7 to 13mm)	 $154.18 
19055479000A	(CA VIEW) PC playback viewer for use with BX2 Continuous Archive caddies	 $1,644.30 
19071397000A	(CA2) Wall Mount VLP/20/16 Beige	 $198.94 
19071309000A	(CAB-RPS2300) Spare RPS Cable for Redundant Power System	 $356.24 
19055478000A	(CA-CDY-600)  pair of matched caddies for BX2 Continuous Archive	 $2,052.64 
19083582000A	(CAIR01) Data / PoE Repeater, 150 M	 $271.76 
19063735000K	(CAM/VDAB2/A - Kroger) Wall/ceiling mount poles and bracket kit for VSDN22X/A	 $235.68 
19063734000K	(CAM/VSDN22X/A - Kroger) Dome, 3.8 Inch vandal dome,22X optical zoom, Day/Night, endless 360 degree PAN, 64 presets, 12VDC/24VAC	 $1,648.13 
19064518000A	(CAM1500ATM) Camera and universal bracket to fit ATMs	 $504.25 
19069436000A	(CAMDN-ANA-200-EXTP) Extension Pole for CAMDN-ANA-200-PDT	 $41.11 
19069435000A	(CAMDN-ANA-200-PDT)  Pendant Mount for CAMDN-ANA-200 (including 1 extension pole)	 $109.62 
19069523000A	(CAM-HC1CH30) Camera for Height Strip, Color, 540TVL, 3.0mm lens, 12VDC	 $252.56 
19080377000A	(CANISTER/2000) 2TB HDD Kit for WJ-HD616/716 DVR and WJ-ND400 NVR series	 $686.25 
19080378000A	(CANISTER/3000) 3TB HDD Kit for WJ-HD616/716 DVR and WJ-ND400 NVR Series	 $1,084.28 
19072036000A	(CBC3400LFIR) Mini IR MAX Envirocam 1/3 Inch CCD, Day/Night, 3.6mm lens, 420 TVL, 24 LEDs with 50ft IR Range, DC12V	 $219.24 
19072037000A	(CBC3500LFIR ) Mini IR MAX Envirocam 1/3 Inch CCD, Day/Night, 3.6mm lens, 540 TVL, 24 LEDs with 50ft IR Range, DC12V	 $260.35 
19072038000A	(CBC3500LIR) Mini IR MAX Envirocam 1/3 Inch CCD, Day/Night, 4-9mm DC Auto Iris lens, 540 TVL, IP65, 18 LEDs with 65ft IR Range, DC12V	 $342.57 
19072039000A	(CBC3516L) CAMERA, 0.33 IN, BULLET, COLOR, 550 TVL, 1 LUX, F1.2, 3.5-16 MM VARIFOCAL LENS, EXTERNAL FOCUS & ZOOM, DC12V	 $315.16 
19080777000A	(CBC3600LFIR) Bullet, True Day/Night, 600TVL, 3.6mm, 24 LED / 50ft Beam, IP66, DC12V	 $233.33 
19070558000A	(CBCCB) Corner and Pole mount	 $35.63 
19070557000A	(CBCJB) Junction box for surface mounting CBC series Envirocams	 $43.85 
19081544000A	(CBI2112IR) 2 Mega Pixel Vandal Bullet IR, 1080p, 3.3-12mm, 13 Super IR LEDs / 65-82ft beam throw, IP66, DC12V / POE	 $782.33 
29018088000A	(CBIH116IR) INEX NETWORK MEGA PIXEL BULLET CAMERA, 1/3" MOS, IP66, 1280X1024 DUAL STREAMING, 36 IR LEDS, 100FT BEAM THROW, 12VDC (1A),  3.6-16MM AUTO IRIS LENS.	 $959.18 
19083408000A	(CBL-1)Parallel Printer Cable	 $53.46 
19066749000A	(CBNC-R) Connector, Right Angle BNC Male to Female	 $8.23 
19070790000A	(CC800-A1081) Non-Adhesive DYMO badges (250 per roll)	 $984.11 
19070791000A	(CC800-A-AC) CCURE800 Integration Add-on License Link visitors to cardholder	 $38.37 
19070792000A	(CC800-AAM-2)  Licenses of Autostart to Achieve Redundancy	 $2,455.49 
19070797000A	(CC800ESPLUS-DR) CCURE 8000 Enterprise Plus Disaster Recovery	 $3,425.63 
19070773000A	(CC800-M-PRM)PassagePoint Intranet/Internet Module License for Profession	 $1,340.93 
19081538000A	(CCC2635WM) Wall Plate Camera, 600TVL, 1.5mm, DC12V	 $219.60 
19085322000A	(CCC3100WD) 1/3 Inch, Miniature Box Camera, 1000 TVL, Day/Night, WDR, Beige, DC12V / AC24V	 $729.23 
19064238000A	(CCC3350PIR) Covert PIR Camera, 1/3inch Std-Res Color, 380 TVL, 0.5 Lux,  5mm Lens, Operational PIR, 33 feet range, White Housing, Ceiling\Wall Mount, 12VDC	 $342.57 
19064259000A	(CCC3548D) Camera, 1/3inch Hi-Res Color, 4-8mm DC Auto Iris Lens, for Public View Monitor (Service Part)	 $383.67 
19064260000A	(CCC3548WBD) Camera, 1/3inch WDR Color, 4-8mm DC Auto Iris Lens, for Public View Monitor (Service Part)	 $602.91 
19074584000A	(CCC3602JCBK) Camera, 1/3" Door Jam Cam, 600TVL, 1.0 Lux (F1.2), 2.8 mm, Black, DC12V	 $546.26 
19083670000A	(CCC3620NWDC) 1/3 in. Wide Dynamic Range Mini Cube Sony CMOS, 600 TVL, 3.3mm Semi-pinhole lens, DC12V	 $620.88 
19082258000A	(CCI2100K) 2 Mega Pixel Indoor Box Camera, Direct IP, 1080p, Day/Night, DC12V / PoE, 2.8-12mm, and Wall Mount iNEX Direct IP integrated	 $1,520.96 
19066757000A	(CD3000WPW)Flex-Dome indoor wall bracket for Surface Indoor Flex Domes,Plastic,White(to match wall)	 $27.41 
19064262000A	(CD3500CMK) Mount Kit, Drop Ceiling Support Plate for LCD with CDBH and CDCP	 $375.45 
19064261000A	(CD3500M) Mount, Drop Ceiling Metal Support Plate for LCD, 1 1/2inch NPT	 $342.57 
19081547000A	(CDAJB10) Junction Box for CDI2112IR / CDI2112XIR / CDI2112VTIR	 $32.94 
19084466000A	(CDASS18) Sun Shield, Adapter Plate, for CDI2118PZ	 $145.85 
19064263000A	(CDBH) Bushing, 1 1/4inch to 1 1/2inch NPT	 $16.22 
19066755000A	(CDC2500MCR)Corner Mount Bracket for CDMKVM Wall Mount	 $123.33 
19072042000A	(CDC2550LX) StarDome FasTrax II Dome Controller, 2 Line LCD	 $1,164.72 
19072041000A	(CDC2600CL) STARDOME PENDANT MOUNT, 1.3FT TOTAL LENGTH, FOR USE WITH CDC2450MTO (OUTDOOR DOME ONLY)	 $137.03 
19083927000A	(CDC3128VWDU) Vandal Dome, WDR, 1000 TVL, 2.8-12mm DC Auto Iris, UTP, Video test cable, Cool Gray, DC12V / AC24V	 $540.77 
19064619000A	(CDC3400PDBCAM) Camera, Hi-Res Color, Replacment for Height Strip (CDC3400PDB)	 $383.67 
19064613000A	(CDC3500CA) Camera Module, Day \ Night, 4-9mm DC Auto Iris, Maximizer, for Flex Dome Series, 550 TVL	 $315.16 
19064612000A	(CDC3500TEST) Cable, Flex-Dome video test port  -  SERVICE PART Only	 $32.44 
19064614000A	(CDC3510CA) Camera Module, 1/3inch Hi-Res Digital Day\Night, Maximizer, 540 TVL, 2.9-10mm DC Auto Iris Lens, for Flex Dome Series	 $411.08 
19066739000A	(CDC3510MFB) Dome, Hi-Res Day	 $424.78 
19064630000A	(CDC3510MVA) Dome Camera, 1/3inch Hi-Res Day\Night, Maximizer, 540 TVL, White Housing, Vandal Resistant, Indoor\Outdoor Surface Mount, 2.8-12mm DC Auto Iris Lens	 $520.70 
19067765000A	(CDC3512MFPX) Flex-Dome, Indoor, Pendant Mount, Extreme Performance Maximizer, Day/Night, 2.8-12mm IR Corrected Varifocal DC Auto Iris, 600 TVL, OSD programming, DNR, DIS, Digital Zoom, Video Test Cable, Beige, DC12V / AC24V	 $493.29 
19068688000A	(CDC3512MFWVX) Flex-Dome, Vandal, Extreme Performance Maximizer with WDR, Day/Night, 2.8-12mm IR Corrected Varifocal DC Auto Iris, 580 TVL	 $833.40 
19064615000A	(CDC3520CA) Camera Module, 1/3	 $666.72 
19064230000A	(CDC3549MVA)  Dome Camera, 1/3inch Hi-Res Day\Night, Maximizer, 540 TVL, White Housing, Vandal Resistant, Indoor\Outdoor Surface Mount, 4-9mm DC Auto Iris Lens	 $479.59 
19064617000A	(CDC3550CA) Camera Module, 1/3inch Pixim Wide Dynamic High-Res Color, Maximizer, 520 TVL, 7.5-50mm DC Auto Iris Lens, for Flex Dome series	 $520.70 
19070562000A	(CDC3610MFE-IR) Dome, 3-Axis, Vandal, Flush & Surface Mount, Color, 550 TVL, Day/Night, 36 LED, 2.8-10.5 mm Varifocal, DC Iris, ICR Lens, IP66,DC12V / AC24V, 115ft beam throw	 $829.23 
19070563000A	(CDC3612FE) Dome, 3-Axis, Vand	 $770.90 
19074656000A	(CDC3613FEWH) Dome, 3-Axis, Vandal, Flush & Surface Mount, Color, 580 TVL, WDR + DNR,  Day/Night, 2.8-12 mm Varifocal, DC Iris, ICR Lens, OSD, IP66, DC12V / AC24V, pre installed heater and blower kit, for coverage down to -30?	 $628.61 
19074658000A	(CDC3613FEWHU) Dome, 3-Axis, Vandal, Flush & Surface Mount, Color, 580 TVL, WDR + DNR,  Day/Night, 2.8-12 mm Varifocal, DC Iris, ICR Lens, OSD, IP66, DC12V / AC24Vpre installed UTP module & heater and blower kit, for coverage down to -30?	 $650.57 
19074657000A	(CDC3613FEWU) Dome, 3-Axis, Vandal, Flush & Surface Mount, Color, 580 TVL, WDR + DNR,  Day/Night, 2.8-12 mm Varifocal, DC Iris, ICR Lens, OSD, IP66, DC12V / AC24V, pre-installed UTP module	 $568.22 
19074659000A	(CDC3651FEW) Dome, 3-Axis, Vandal, Flush & Surface Mount, Color, 600 TVL, DNR, WDR,   Day/Night, 7.5-50mm Varifocal, DC Iris, ICR Lens, OSD, IP66,DC12V / AC24V	 $713.70 
19074662000A	(CDC3651FEWHU) Dome, 3-Axis, Vandal, Flush & Surface Mount, Color, 600 TVL,DNR, WDR,   Day/Night, 7.5-50mm Varifocal, DC Iris, ICR Lens, OSD, IP66, DC12V / AC24Vpre installed UTP module & heater and blower kit, for coverage down to -30?	 $818.01 
19074661000A	(CDC3651FEWU) Dome, 3-Axis, Vandal, Flush & Surface Mount, Color, 600 TVL, DNR, WDR,   Day/Night,7.5-50mm Varifocal, DC Iris, ICR Lens, OSD, IP66, DC12V / AC24V, pre-installed UTP module	 $699.98 
19068684000A	(CDCFLEXIT) Trim Ring assembly for Indoor Flex Domes with retaining bar and screws,cool gray color	 $13.71 
19070552000A	(CDCFLEXITB) Trim Ring for Flex Domes with retaining bar and screws, Black color	 $13.71 
19072226000A	(CDCFLEXVTW) Trim Ring assembly for Vandal Flex domes with retaining bar and screws, White color	 $13.71 
19064264000A	(CDCP) Coupling, 1 1/2inch to 1 1/2inch NPT	 $16.22 
19068524000A	(CD-DVI3000) VGA to DVI adapter  ** SERVICE ONLY  - USPS **	 $42.48 
19082255000A	(CDI2109VIR) 2 Mega Pixel Direct IP Vandal Dome, 1080p, 3-9mm, 18 IR LEDs / 65ft beam, IP66, DC12V / PoE  iNEX Direct IP integrated	 $1,558.46 
19083727000A	(CDI2110IRF) 2 Mega Pixel DirectIP Indoor Dome, 1080p, 3-10mm Remote Focus, 18 IR LEDs / 65ft beam, PoE/DC12V, 4.8W / 5.6W with IR	 $834.48 
19084885000A	(CDI2110RFJW) 2 Mega Pixel DirectIP Indoor Dome, 1080p, 3-10mm Remote Focus, PoE/DC12V	 $1,187.60 
19085321000A	(CDI2110VIRFW) 2 Mega Pixel DirectIP Vandal Dome, WDR, Remote Focus, 1080P, 3-10mm, 28 IR LEDs / 65ft beam, PoE / DC12V	 $1,770.98 
19084882000A	(CDI2112SVK) Kit: 2 Mega Pixel Vandal Flush / Surface Dome, D-WDR, 1080p, 2.8-12mm, IP66, PoE / DC12V with Trim Ring	 $770.90 
29018092000A	(CDIH116IR) iNEX Network mega pixel indoor dome camera, 1/3 IN MOS, 1280x1024 dual streaming, POE, .02 lux, 5.8 IN base, 12VDC, 3.6-16mm lens, 24 IR LED's	 $890.67 
19071754000A	(CDIH116PMF) Pendant mount for CDIH116IR & CDIH116VIR only	 $137.03 
19071755000A	(CDIH116WMF) WALL MOUNT FOR CDIH116IR & CDIH116VIR ONLY	 $137.03 
19069564000A	(CDMKV) Mounting Kit, Wall Mount with Cable Feed-Thru for IRVA Series Vandal Dome	 $74.00 
19074664000A	(CDMKVFE) Wall Bracket Mounting Kit,  E Series Extreme Environmental Vandal Dome	 $123.53 
19066157000A	(CDMKVM) Flex-Dome outdoor surface wall mount	 $70.47 
19072227000A	(CDMKVMW) Mounting Kit, Wall for CDC35xxMFV Series Vandal Domes, White	 $74.00 
19084948000A	(CDMPMD11) Pendant mount for CDI2110VIRFW and CDI51360DV	 $250.02 
19083495000A	(CDMWM10-P) Wall mount for CD12109VIR/CD12109VIRH with Parapet Adapter	 $131.76 
19084947000A	(CDMWMD11) Wall mount for CDI2110VIRFW and CDI51360DV	 $250.02 
19083928000A	(CDMWMS10) Outdoor Wall mount for CDI2112SV	 $137.25 
19071127000A	(CDW 90170) Universal KVM Switch Box Cable Kit 8'	 $178.14 
19073634000A	(CE700A)ATEN LOCAL & REMOTE KVM EXTENDER 2 USB	 $545.49 
19083929000A	(CE-CM-LX-12) Ceiling Mount, Adjustable from 6' to 11' 6", Truss Mount, White, UL Listed	 $161.96 
19066610000A	(CE-CM-LX-12-B)CEILING MT,TELESCOPING POLE	 $161.69 
19084156000A	(CE-CM-SX-3-B) Ceiling Mount, Adjustable from 1 Ft. 6 in. to 2 Ft. 8 in., Truss Mount, Black, UL Listed	 $131.76 
19084883000A	(CE-M27-IPA-B) 27 in. HD-SDI PVM w/ 1080p Camera, 2.8~12mm Lens, DC24V, Black, SD-Card Player, UL Listed Built-in Axis P1204 IP Camera w/	 $5,812.97 
19079756000A	(CE-M8SD-B) 8 INCH PVM W/ BUILT-IN DVR, 600 TVL CAMERA, 3.6MM LENS, DC24V	 $1,314.86 
19069508000A	(CE-P26B-W) 26 INCH Public View Monitor PIXIM Wide Dynamic 540 TVL Camera Built-in PIR Detector Advanced Sleep Mode	 $1,915.61 
19066609000A	(CE-PS200)DC24V 6.0AMP MON PWR SPLY	 $82.22 
19070277000A	(CE-S320-B) Multiple Monitor Power Supply  DC24V  320 Watt Output  Converts 110VAC to DC24V	 $341.69 
19083201000A	(CE-VT270-C) 27in. LCD, Metal Cabinet, VGA, HDMI, 3 BNC, 100-240VAC/24VDC, UL Listed	 $1,561.91 
19082203000A	(CE-VT968) 19 inch LCD, VGA, Composite, DC12V - UL Listed	 $620.37 
19068535000A	(CFAPPBL1) Fiber Adapter Patch Panel 1 RU  **  SERVICE ONLY  - USPS  **	 $50.24 
19068538000A	(CFAPPBL2) Fiber Adapter Patch Panel 2 RU  **  SERVICE ONLY  - USPS  **	 $63.04 
19068544000A	(CFT-125) Adjustable Thermostat for Enclosure Fan  ** SERVICE ONLY  - USPS  **	 $162.57 
19080341000A	(CHG2511) Adapter Pole Mount for use with CDMKVMW	 $74.12 
19083721000A	(CIA2) Communications Interface Adapter Modem	 $480.38 
19071141000A	(CIFCM-8) PS/2 Keyboard, PS/2 Mouse VGA video, micro. Conn. -8 feet	 $95.92 
19080173000A	(CK-DT7000HSK) LENS KIT, DT735 HIGH SECURITY	 $16.58 
19080174000A	(CK-DT7000LRK) LENS KIT, DT7000, LONG RANGE	 $16.58 
19080175000A	(CK-DT7000PAK) LENS KIT, PET ALLEY	 $16.58 
19080203000A	(CK-FG1608) COMBINATION GLASSBREAK DETECTOR AND MAGNETIC CONTACT	 $78.53 
19080179000A	(CK-IS215T) PIR, 40' X 40' WITH TAMPER SWITCH	 $38.40 
19080180000A	(CK-IS215TCE-MIC) PIR, 40' X 40' WITH TAMPER SWITCH AND TEMPERATURE COMPENSATION WITH AUDIO	 $67.94 
19080182000A	(CK-IS216T) ENTRY PIR, 40' X 40', UV WITH TAMPER	 $41.04 
19080183000A	(CK-IS216TCUR) CURTAIN PIR, RANGE 33' X 5.5'	 $51.34 
19080185000A	(CK-IS2500HSK) LENS KIT, HIGH SECURITY, 35', 10 /PK	 $15.07 
19080186000A	(CK-IS2500PAK) LENS KIT,  PET ALLEY	 $16.58 
19080190000A	(CK-IS2535) PET IMMUNE PIR DETECTOR, RANGE 40' X 40', SELECTABLE LEVELS OF PET IMMUNITY (0, 40 OR 80 LBS.)	 $49.41 
19080191000A	(CK-IS2535T) PET IMMUNE PIR DETECTOR, RANGE 40'  X 40', SELECTABLE LEVELS OF PET IMMUNITY(0,40 OR 80 LBS), WITH TAMPER	 $52.16 
19080192000A	(CK-IS2535TC) PET IMMUNE PIR DETECTOR, RANGE 40' X 40', SELECTABLE LEVELS OF PET IMMUNITY (0, 40 OR 80 LBS.), WITH FORM "C" RELAY AND TAMPER RESISTANCE	 $61.90 
19080193000A	(CK-IS2560) WIDE AREA PIR DETECTOR, RANGE 60' X 85'	 $57.65 
19080194000A	(CK-IS2560T) WIDE AREA PIR DETECTOR, RANGE 60' X 85', WITH TAMPER	 $61.77 
19080195000A	(CK-IS2560TC) WIDE AREA PIR DETECTOR, RANGE 60' X 85' WITH FORM "C" RELAY AND TAMPER RESISTANCE	 $70.96 
19083526000A	(CK-IS3035) Wired PIR, 35Ft., Tamper, 80 lb Pet Immunity	 $54.87 
19080162000A	(CK-MPS51C) OVERHEAD DOOR CONTACT, 2" GAP, FORM C, SILVER	 $52.84 
19080163000A	(CK-MPS80WGW) INDUSTRIAL SURFACE MOUNT, 2" GAP, WIDE GAP	 $6.64 
19080196000A	(CK-SMB10) MOUNTNG BRACKET, 5 PACK	 $50.59 
19080197000A	(CK-SMB10C) CEILING MOUNT SWIVEL BRACKET, 5 PACK	 $61.82 
19080198000A	(CK-SMB10T) TAMPER SWIVEL, 5 PACK	 $67.39 
19080261000A	(CK-SN33L) BATTERY,LITHIUM THIONYL	 $14.00 
19064624000A	(CLS1431D) Lens, 1/3inch 1.4-3.1mm, f1.4 DC Auto Iris	 $232.95 
19059404000A	(CM112-V39A) Board camera, 1/4 inch std-res color, 3-9mm auto iris lens, 32mm x 32mm	 $298.72 
19071290000A	(CM-1130) KeyBox with Keyswitch	 $148.37 
PLCM13000000	(CM1300) Manually adjustable head for wall mount applications. Supports up to 25 lbs.	 $14.18 
19068560000A	(CM1300) Mount, Manually adjustable head for wall mount applications. Supports up to 25 lbs.	 $85.18 
19068561000A	(CM1450) Bracket, Camera - Wall Mount, Supports up to 7 lbs.	 $64.89 
PLCM1750000K	(CM1750) 5 inch universal for cameras weighing up to 7 pounds. Ceiling, pedestal or wall mount. Manually adjustable swivel head w/ set screw/ Identical to CM1750S except 2 inches longer.	 $38.37 
19068562000A	(CM1750) Mount, 5-inch universal for cameras weighing up to 7 pounds. Ceiling, pedestal or wall mount.	 $50.70 
19049377000A	(CM1750EXT) 4-inch extension tube for CM1750 & TB1750 mounts	 $18.00 
SECM36100000	(CM3610) Mounting bracket for SEPR361	 $5.67 
PLCM40000000	(CM400) Corner adapter for LWM41 Legacy, IWM or IWM24 wall mounts for Legacy and Intercept series or Spectra and DF5 pendant series. Supports up to 75 lbs.	 $52.20 
PLCM6700MXB4	(CM6700-MXB4) Matrix Switch, 16 Video Inputs and 4 Video Outputs, Controls, PTZ, Multiplexers and Other Devices.	 $1,710.42 
19083493000A	(CM6700-MXB4) Matrix Switcher/ Controller	 $2,281.07 
19083722000A	(CM728PS) Mullion Camera, 700 TVL, Day/ Night, 2.8 mm, Silver	 $636.81 
19070918000A	(CM9700-VPP) Video Patch Panel, 32 Channel	 $471.25 
19070920000A	(CM9760- CDU-T) Code Distribution Unit	 $1,007.14 
19069825000A	(CM9760-DFL) Card, Matrix looping downframe card and cable assembly used to connect multiple bays together for expansion purposes.	 $405.59 
19069823000A	(CM9760-RPC) Card, Matrix rear panel (BNC) card. Provides 16 BNC connectors used to connect camera inputs to matrix bay.	 $425.87 
19069827000A	(CM9760-RPM) Card, Matrix rear panel (BNC) card, 16 BNC connectors to connect monitor to matrix bay, interfaces video output signals from the video output card.	 $425.87 
19070922000A	(CM9780-DFC) High Density 32 Channel Down Frame Card	 $590.11 
19070925000A	(CM9780-RPM) 16 Output  Rear Panel Monitor Card	 $481.73 
CHCMB2000000	(CMB-2) 6 inch Camera mounting bracket w/drop ceiling clip (white)	 $34.25 
19072114000A	(CMB712-L38)600 TVL COLOR BOARD CAMERA W/3.8MM LENS,NTSC,12VDC	 $239.00 
19064265000A	(CMC1000AK) Ceiling Mount Adapter Kit, for CMC1000 series, Adapter for 1inch NPT	 $54.05 
19064266000A	(CMC1000CP) Ceiling Plate for CMC1000 series for 1inch NPT	 $54.05 
19064253000A	(CMC1400N) Monitor, 14inch Color CRT, 400 TVL, Looping	 $479.59 
19081308000A	(CMC19MBW) Wall  Mount, 10 Inch - 24 Inch LED Monitor, 25 Lbs max, 75 X 75MM / 100 x 100mm VESA, Black	 $96.08 
19064268000A	(CMC2000MB)Wall Mount, 15 in t	 $95.92 
19066897000A	(CMK-05) Mount, Telescoping Ceiling Mount for LCD Displays (55 lb. capacity)	 $189.10 
19064249000A	(CMM0900N) Monitor, 9inch B & W CRT, 800 TVL, Looping	 $197.32 
19064250000A	(CMM1200N) Monitor, 12inch B & W CRT, 800 TVL, Looping	 $211.02 
19064251000A	(CMM1400N) Monitor, 14inch B & W CRT, 800 TVL, Looping	 $274.05 
19064252000A	(CMM1700N) Monitor, 17inch B & W CRT, 800 TVL, Looping	 $443.96 
19084147000A	(COSMO-2W) 2-WIRE,12/24 V,CO/SMOKE Combo	 $175.65 
19084148000A	(COSMOD2W) 2-Wire Interface Mod Required For Cosmo2w	 $89.22 
19064631000A	(CP2410-36) ATM Camera Power Supply, Single Output, 24VAC, 36VA	 $54.05 
41027380000A	(CP2410-40) Power Supply, 1 Channel, AC24V, 40 VA	 $39.10 
19084717000A	(CP2412DC) Power Converter, 24 VAC to 12 VDC, Output Current 1.5A, Input Voltage 20-28 VAC	 $39.10 
41027305000A	(CP2412DC) Power Converter, 24 VAC to 12 VDC, Output Current 1.5A, Input Voltage 20-30 VAC	 $41.05 
19064631000B	(CP24-ATM) ATM Camera Power Supply, 1 Ch.,  24 VAC, 36 VA	 $54.05 
19083471000A	(CR123/8) Replacement 3V Lithium battery. Pack of 8	 $51.89 
19083472000A	(CR123FIRE/10) Fire Replacement 3V Lithium battery. Pack of 10	 $73.57 
19064608000A	(CR16000S-N) DVR shell for service, 16-Channel, NO HARD DRIVE, DVD, 120 Field/Sec Recording  -  SERVICE PART	 $3,288.60 
19068824000A	(CR2000S) Hard Drive 2TB, 32MB, 7200 SATA	 $520.70 
19083715000A	(CR3SNWD) 1/3 IN Box Cam, Day/Night Mode 690 HTVL, Wide Dynamic Range, Pixim	 $461.16 
19069149000A	(CR4000E) Service model - 4-Channel Digital Video Recorder, H.264, Up to 120 ips Recording, Time & Date Search, RS-232, RS-485, 4 Channels Two Way Audio, USB, Text interface, IP, Linux OS,RAS+, iPhone compatible	 $890.67 
19084578000A	(CR4000ET-1TB) Recorder, Full HD Coax Digital Video, 4 Channel, Use with TVI Cameras, H.264, Up to 60 IPS @ 1080p,4 Ch Audio,1 TB,USB	 $1,245.93 
19071897000A	(CR4000INT) - Network Video Encoder, iNEX  4 Ch, Dual H.264 & MPEG4 Codec, D1 Resolution, 2-Way Audio, RAS+ Premium Software	 $959.18 
19064609000A	(CR4000S-N) DVR shell for service, 4-Channel, NO HARD DRIVE, DVD, 120 Field/Sec Recording  -  SERVICE PART	 $2,123.89 
19064601000A	(CR500S) 500 GB Hard Drive, SATA  -   SERVICE PART	 $271.31 
19084884000A	(CR8000XDI-3TB) XDi Series 8 channel NVR Recorder, Built in 8 port PoE switch, Smart phone compatible, HDMI & VGA out, eSATA, 3TB	 $5,417.10 
19045878000A	(CRDENTROL-001) (300-063-001) Pacom Card Enrollment Station - without reader	 $890.64 
19045879000A	(CRDENTROL-HID) (300-063-002) Pacom Card Enrollment Station with built-in HID Prox reader	 $1,047.82 
19067398000A	(CR-ICRP40PIV)Black 125kHz HID and 13.56MHz.Reads HID 125kHz prox,FIPS 201 PIV,DESFire FASC-N and HID iCLASS cards.1.0 to 4.25" read range.Wallswitch mount, 3.30"x4.80"x.95"	 $425.38 
19068220000A	(CR-S50FDW)  Corner Mount Adapter for Outdoor Fixed Dome S50xxFDW IP Cameras.  Fits with the Wall Mount Adapter	 $180.87 
19064604000A	(CRXPFAN) Replacement fan for CR series DVR  - SERVICE PART	 $62.51 
19069581000A	(CS000828) AFL ST Quick Termination Fast	 $25.79 
19072084000A	(CVC62ILTB)4.3MM FIXED LENS,BLACK HOUSING,WP600 LINE INTENSE LIGHT,CAM	 $244.77 
19072085000A	(CVC62ILTW)4.3MM FIXED LENS,WHITE HOUSING,WP 600 LINE INTENSE LIGHT,CAM	 $219.96 
19061270000A	(CWB-32BK) Concrete/wood bracket M32 black -8 IN	 $62.33 
19061271000A	(CWB-32BK) Concrete/wood bracket M32 clear -8 IN	 $61.10 
19041708000A	(D135A) Low Battery Cut-Off Module	 $21.74 
19072108000A	(D344-TF)DUCT TUBE FILTERS 20/PK	 $56.46 
19066671000A	(D3PWD211)  Plastic Indoor Dome Camera, 3-inch, Pixim, Wide Dynamic color camera, 540TVL, 1/3 IN imager, 2.8-11mm AI lens, 24V/60Hz, white	 $523.44 
19083202000A	(D4S) Indoor Surface Mount Dome	 $112.52 
19079757000A	(D5286-P23DA) PNEUMATIC 2 - 60 SEC. DELAY (FORM Z) SWITCH WITH 4 FT. PUSH PLATE	 $415.04 
19048225000A	(D6641) Telephone  line card	 $963.37 
19048218000A	(D6672) D6600 COM1 EXPANSION KIT	 $67.57 
19071856000A	(D7412GV4-C) D7412GV4 WITH TRANSFORMER, D8103 STANDARD ENCLOSURE, LOCK AND KEY	 $521.53 
19036190000A	(D8004) Transformer cover	 $68.04 
19036162000A	(D8103) Panel Enclosure for Video Equipment (BOSCH)	 $62.10 
19036178000A	(D8109) Enclosure Fire	 $75.28 
19042298000A	(D8229) Wiegand Access Keypad	 $505.26 
19041513000A	(D9412-GV2) D1900-ATK Communications Control Package	 $885.46 
11065869000A	(D9412GV4-USA)246 POINT INTRUS	 $817.10 
19073593000A	(Dbleim5be-pr-1) 1-1ft violet cat 5 patch cord	 $2.49 
19084981000A	(DBPROGCHG) 10 Dollar Programming per Camera	 $41.67 
19068531000A	(DC # 07708) Enclosure, 24"X30" Nema 4 for Truck gate  ** SERVICE ONLY  - USPS  **	 $1,440.07 
19068533000A	(DC # 07709) Floor Stand Kit for DC#07708  ** SERVICE ONLY  -  USPS  **	 $497.65 
19068532000A	(DC 07708IT1) Panel, 21"X27" back panel  ** SERVICE ONLY  - USPS  **	 $269.67 
19080823000A	(DC-32SS)  Dress Cover for Face Mount Mag Lock	 $135.88 
19083191000A	(DC53427HYE) Intel Next Unit of Computing Kit Core i5 3427U 1.8 GHz	 $1,081.50 
19080156000A	(DCID) DIALER CAPTURE MODULE	 $48.04 
19080157000A	(DCID-EXT) EXTERNAL DIALER CAPTURE MODULE	 $56.28 
19069317000A	(DD423) Replacement Camera Assembly, Spectra IV dome drive with 540-line day/night camera featuring 23X optical and 12X digital zoom, auto-focus, NTSC	 $2,301.75 
19083494000A	(DD436) Spectra IV SE Dome Drive, Day/Night, 35X Optical Zoom	 $4,787.25 
19061503000A	(DD4C22) Spectra IV SE dome drive with high resolution color camera featuring 22X optical and 12X electronic zoom, auto-focus and light sensitivity to .02 Lux at 1/2 sec shutter. NTSC.	 $5,038.57 
19061507000A	(DD4CBW18) Spectra IV dome drive with high resolution day/night camera featuring 18X optical and 10X digital electronic zoom	 $3,356.29 
PLDF50000000	(DF5-0) Fixed dome, in-ceiling, 5 inch, smoked dome, no camera	 $221.05 
19083131000A	(DF5-BKT) Mount Bracket Kit	 $79.23 
19056863000A	(DF5KW-0V3A) 1/3 inch, high-res day/night (CCC1390H-6), 3-8mm DC auto iris lens (13VD3-8), flush mount dome housing/ smoked dome (DF5-0), 12VDC/24VAC	 $1,164.05 
PLDF5S100000	(DF5S) In-ceiling with clear lower dome and opaque liner. Plenum rated "short" back box for drop ceiling applications where the drop space is limited.	 $298.72 
PLDF5SO00000	(DF5S-0) In-ceiling w/ smoked lower dome (1/2 f-stop light loss). Plenum rated short back box for drop ceiling applications where the drop space is limited.	 $282.28 
21021627000A	(DF8A-0) Dome Housing, Flush Mount with opaque black lower dome with a smoked viewing window. Plenum rated formed aluminum back box. (1/2 f-stop light loss).	 $257.55 
19048340000A	(DF8-PG-E1) 8 inch outdoor dome housing, pendant mount, gray w/ clear dome, no camera	 $908.53 
19069711000A	(DHR-XS050-A) Hard Drive expansion \ replacement kit  500GB    SERVICE PART	 $293.24 
19069712000A	(DHR-XS100-A) Hard Drive expansion \ replacement kit  1 TB    SERVICE PART	 $454.92 
19071763000A	(DIE-HDMI-2M) HDMI cable	 $18.69 
19066539000A	(DM/CAM/DVDN5/B) 1/3" Day/Night(ICR), 540TVL, 0.5lux(color)/0.002lux(DSS), 4-9mm DC iris lens, 3 axis lens mount, spot video out, 12VDC/24VAC	 $748.16 
19066543000A	(DM/CAM/DWMC5/A) Plastic wall mount bracket for DMC5A & B only	 $21.92 
19065045000A	(DM/CAM/VDAF1/A) VSD22X Ceiling flush mount adapter	 $142.51 
19065044000A	(DM/CAM/VDNPT1A) VSD22X 1 Inch and 1 1/4 Inch pipe adapter kit	 $82.22 
19066540000A	(DM/CAM/VDWM1/A) Wall Mount bracket for DVDN4/A, DVDN5/A, VDN4IR/A, VSD10X, DM/CAM/SDAO/A and DM/CAM/SDAI/A	 $137.03 
19066541000A	(DM/CAM/VDWM2/A) Wall Mount bracket for 22 X vandal dome VSD22X/A & B	 $137.03 
19066542000A	(DM/CAM/VFDH202E) Heater Accessory for DVDN5/B	 $54.81 
19066536000A	(DM/CMVU-HYPERD) HyperD IP Camera. 12VdDC/ PoE, 0.3 lux, WDR, 540TVL, (no lens)	 $822.15 
19066537000A	(DM/CMVU-VDN/N) IP Vandal Dome camera with 3-9mm lens, Day/Night, 540TVL, 0.7 Lux (Color)/ 0.07 Lux (Mono)	 $1,233.23 
19066538000A	(DM/CMVU-VHYPERN) HyperD IP Vandal Dome w/heater, 1/3", 480TVL WDR, 1 lux, varifocal 3-9mm, AI, 12/24V, 122x160mm	 $1,315.44 
19067441000A	(DM/ICED-SERV) Video service lead for internal dome	 $13.71 
19065930000A	(DM/ICEVS-CMU39N) Vandal Dome,1/3",Colour / Mono,540 TVL,0.7 lux,varifocal 3-9mm,AI,12/24V,104x148mm	 $712.53 
19065931000A	(DM/ICEVS-HYPEN) Surface Mount Vandal Dome,1/3",480TVL WDR,1 lux,varifocal 3-9mm,AI,12/24V,122x160mm	 $904.37 
19069297000A	(DM-SD08MIN-A) DVR, 8 channel, 500 GB, 60P , 4 CIF, USB	 $4,247.78 
19066148000A	(DOME6-I-C) Indoor 6" vandal resistant top mount version (MP8P & MP8D only)	 $594.69 
19066149000A	(DOME6-I-W) Indoor 6" vandal resistant wall mount version (MP8P & MP8D only)	 $594.69 
19066150000A	(DOME6-O-CH) Outdoor 6" vandal resistant w/heater, blower, top mt (MP8P & MP8D only)	 $876.96 
19066151000A	(DOME6-O-WH) Outdoor 6" vandal resistant w/heater, blower, wall mt (MP8P & MP8D only)	 $876.96 
19068097000A	(DR16HD) DVR, 16 Channel with DVD writer, no hard drive  ** SERVICE PART **	 $2,603.48 
19068102000A	(DR16-RC1) Remote Control for 8 and 16 Channel DVR	 $60.29 
19068839000A	(DR4HD) 4 Channel DVR with DVD Writer, no hard drive ** SERVICE ONLY **	 $1,397.66 
19068836000A	(DR4HL) DVR, 4 Channel no Hard Drive, H.264   ** SERVICE ONLY **	 $685.13 
19068843000A	(DR8HD) 8 Channel DVR with DVD Writer, no hard drive ** SERVICE ONLY **	 $2,055.38 
29014241000A	(DS11031) Flush mount glass break with microprocessor	 $65.77 
29014246000A	(DS1535) ATM Sensor	 $198.28 
19084944000A	(DS-2CE56C5T-AVFIR) Indoor Varifocal IR Dome Camera, 720P	 $295.82 
19072222000A	(DS-SW-CAM)CAMERA LICENSE FEE	 $239.30 
19066774000A	(DST15) Metal sampling tube, Duct widths 1' to 2'	 $12.33 
19083866000A	(DT8050) PIR, Dual Tec	 $119.21 
19069191000A	(DTF-1FF) - Single Outlet Wallmount Surge Protector with Retention Screw, w/RJ11 Modular Jacks	 $27.41 
19069195000A	(DTK-120HW) - 120V Hardwired Surge Protector, Parallel Installation	 $84.96 
19069193000A	(DTK-120SR) - 120V - 20A Series Connection Protection for Fire & Control Panels, UL SPD Type 2	 $194.58 
19069196000A	(DTK-1F) - Single Outlet Wallmount Surge Protector with Retention Screw	 $21.92 
19063692000A	(DTK-2MHLP24BWB ) 24V, 2 Pair, Field Replaceable Suppression Module with Hardwired Base	 $153.47 
19063704000A	(DTK-4LVLPCR) 4 Pair Card Reader Protection- 1 Pair each 12V Power, 24V Power, 5V Data, 1V Signal	 $109.62 
19063700000A	(DTK-4VP) Four Channel BNC Video Protection	 $235.30 
19063703000A	(DTK-8FF) 8 Outlet Power Strip 6 foot cord with  RJ11 Telephone Line Protection	 $46.59 
19069194000A	(DTK-APK1) - Security Control Panel Protection Kit, Includes (1) DTK-1F 120V AC Power Protector, and (1) DTK-MRJ31XSCPWP RJ Modular, Dialer Protector	 $76.73 
19069192000A	(DTK-BU600PLUS) - 7 Outlet, 600VA Battery Backup w/RJ11 Modular Jack, 6" AC Power Cord	 $213.76 
19063698000A	(DTK-DP4P) PTZ Camera Protection - BNC Coax Video In/Out, 12/24V Power & 2 Pair data	 $221.99 
19063702000A	(DTK-DRP16) 16 Channel Digital Video Recorder Protector - (Power/Video/Battery Back-Up) - BNC Coax Video In/Out	 $1,370.25 
19063699000A	(DTK-IBNC28) Video Line Protection - BNC "In Line" Connection	 $101.40 
19063706000A	(DTK-MRJ31XSCPWP) - Dialer Protector - RJ31X dialer circuits, with Patch Cord.	 $68.52 
19063695000A	(DTK-MRJ45C5E) IP / Networking Individual Protector 4 pair - RJ45 In/Out Modular Jack	 $109.02 
19063693000A	(DTK-MRJPOE) PoE Individual Protector - RJ45 Connection I/O	 $128.81 
19063697000A	(DTK-PVP27B) Fixed Camera Protection - BNC Coax Video In/Out with 12/24V Power	 $94.28 
19069197000A	(DTK-PVPIP) - IP Video Power and Data Surge Protector, RJ45 In/Out, 6.8V Clamping	 $178.14 
19063694000A	(DTK-RM12POE) PoE Rack Mount Protector 12 Port, 2U, RJ45 Connection In/Out	 $1,066.74 
19063696000A	(DTK-RM16C5) IP / Networking Rack Mount Protector- 16 Port RJ45 In/Out	 $828.05 
19063701000A	(DTK-RM16NM) 16 Channel Rackmount Video Line Protection, BNC Coax In/Out	 $548.10 
19049002000A	(DVRXEDVD1) External DVD writer DIVAR-2 - Divar accessory only	 $1,285.30 
11047245000A	(DW-171) LCD wall mount w/tilt and swivel for ZM-L17A, ZM-L19A or LCD-19	 $79.48 
19071324000A	(DWA-140) Range Booster N USB NetworkAdapter	 $150.73 
19042718000B	(DX4010V2) Serial output module	 $175.39 
19054955000A	(E03601QUS201C) Keyboard, 101 key (ARROW ELECTRONICS)	 $54.05 
19067342000A	(E100-PWR) EdgeVR 100 Power supply SPS AC 100-240V 220W	 $526.18 
19067815000A	(E100-WM) Wall Mount Kit for EdgeVR 100 Series	 $213.76 
19068893000A	(E200-KIT-WM) Wall Mount Kit for EdgeVR 200 + S1800 Edge Devices	 $279.53 
19067343000A	(E200-PWR) EdgeVR 200 Power supply SPS AC 100-240V 270W	 $526.18 
19072407000A	(E200-RM)SPARE RACK MOUNT BRACKETS FOR EDGE VR 200	 $54.81 
19080853000A	(E200-Shell) Edge VR-200 Shell Program Package with (0) HDD	 $10,269.05 
19067816000A	(E200-WM) Wall Mount Kit for EdgeVR 200 Series	 $246.65 
PLE202000000	(E2020) Ceiling mount for EH2020. 2-foot x 2-foot ceiling panel, white, for use in suspended ceiling applications. Replaces existing ceiling tile. Includes 360-degree locking rotating plate.	 $70.98 
19059546000A	(E2100) Ceiling mount for EH2100. 2-foot x 2-foot ceiling panel, white, for use in suspended ceiling applications. Replaces existing ceiling tile. Includes 360-degree locking rotating plate.	 $83.15 
19073358000B	(E300-RM) SPARE RACK MOUNT BRACKETS FOR EDGEVR 300	 $55.73 
19080853000B	(E300-Shell) Edge VR-300 Shell Program Package with (0) HDD	 $10,269.05 
PLEM35120000	(E3512) Wall mount for EH3512 housing	 $135.87 
19082184000A	(E50-PWR) EdgeVR50 Spare Power Supply	 $120.78 
19081354000A	(E80-KEY) EdgeVR 80 Spare Keys	 $41.18 
19082276000A	(E80-SR8-CBL) SR-8 Data Cable to EdgeVR 80 (DB-9 Female to stripped wires)	 $54.90 
49263467000A	(EA-100109) USB Sngle Key Programmer for WEB Configuration	 $1,232.10 
19070966000A	(ECI6488-8S) Distribution units for splitting the system in two systems	 $340.43 
19083524000A	(ECO-SM560) 5.6-Inch Service Monitor includes: Sun Visor, Power Adapter , Ni-MH Battery, 12V Power Outlet Cable, Protective Case w/ Strap	 $754.88 
19080268000A	(ECP-ISO) ECP ISOLATOR FOR FIRE/BURG	 $31.48 
19071233000A	(ED-730) Edwards Buzabel Enclosed Combo Bell-Buzabel	 $39.65 
TP820595001C	(EDC) 3.1.0 OPERATING GUIDE	 $11.70 
19065923000S	(ED-CASE-CONVDP5) CRU SATA Tray	 $205.54 
19065921000S	(ED-CASE-I3M5DP5) PATA Caddy	 $205.54 
19065922000S	(ED-CASES35DP30) SATA Caddy	 $205.54 
19065924000S	(ED-HDD160G0-S3M5) 160GB SATA Hard Drive	 $205.54 
19065925000S	(ED-HDD250G0-S3M5) 250GB SATA Hard Drive	 $257.61 
19065926000S	(ED-HDD320G0-S3M5) 320GB SATA Hard Drive	 $295.97 
19065927000S	(ED-HDD500G0-S3M5) 500GB SATA Hard Drive	 $383.67 
19059549000A	(EH1000) Enclosure, indoor. Low profile wedge-style for drop ceiling applications. Hinged lower ABS plastic cover with tamper-resistant screw. Aluminum back box.	 $210.52 
19065855000A	(EH1512) Camera Housing, Indoor \ Outdoor, Small, Die-Cast Aluminum, Wall Mount	 $141.96 
19065853000A	(EH1512-2)  Camera Housing, Indoor \ Outdoor, Small, Die-Cast Aluminum, 24V Heater & Blower	 $133.85 
19065854000A	(EH1512-2MTS)  Camera Housing, Indoor \ Outdoor, Small, Die-Cast Aluminum, 24V Heater & Blower, Wall Mount & Sunshield	 $182.52 
PLEH20200000	(EH2020) Enclosure, indoor. Low profile wedge-style for drop ceiling applications. Security rated with hinged lower cover and two tamper proof screws. Aluminum back box, Maximum camera length 8"	 $184.55 
19059545000A	(EH2100) Enclosure, indoor. Low profile wedge-style for drop ceiling applications. Hinged lower ABS plastic cover with Phillips head screw. Aluminum back box.	 $200.76 
19068563000A	(EH2100P) Housing, Low profile "wedge" style for drop ceiling applications. Hinged lower ABS plastic cover with Phillips head screw. Plenum rated aluminum back box.  Max camera length 10", plenum rated	 $259.58 
19068564000A	(EH3010) Housing, Indoor extruded aluminum, 11.50-inch enclosure lenth, maximum camera and lens length 8"	 $166.29 
19068565000A	(EH3508) Housing, Indoor \ Outdoor, small aluminum rectangular style with front hinged lid and rear link-lock latch. 8-inch length.	 $162.23 
19071393000A	(EH3512/FMT) Enclosure 12 Inch Environmental Rectangular Aluminumn 24vac & EM3512 Mount	 $348.81 
19068566000A	(EH3512-1) Housing, environmental, small aluminum rectangular style w/ front hinged lid and rear latch, 120VAC Heater & Blower.	 $415.74 
19068567000A	(EH4718) Housinsing, indoor \ outdoor. Medium aluminum rectangular style with front hinged lid and rear link-lock latch. 18-inch length.	 $290.00 
19068568000A	(EH4718-2) Housing, Medium aluminum rectangular style with front hinged lid and rear link-lock latch. 24 VAC thermostat controlled 60-watt heater and 8-watt blower. 18-inch length.	 $541.47 
19074339000A	(EKEYBSCTRAC) TRACess eKEY Keyholder Annual Support Fee - per key	 $115.29 
19042861000A	(EL06MS-14 RJ-11) RJ-11 6 wire modular cable, 14 inches long	 $12.31 
19083625000A	(EL-CSS-1000) PASSPORT READER, SCANSHELL 1000	 $2,196.00 
19083624000A	(EL-ITC-DCM) INTELLICHECK DCM	 $2,333.25 
19083723000A	(EL-ITC-DCMUSB) ITELLICHECK DCM USB CABLE	 $406.23 
19082538000A	(ELK-800) Paging Audio Amplifier	 $98.79 
19083626000A	(EL-TOP-1X5) TOPAZ SIGNATUREGEM LCD 1X5 SIGPAD (SIGNATURE BLOCK ONLY)	 $892.13 
19083627000A	(EL-TOP-4X5) TOPAZ SIGNATUREGEM LCD 4X5 SIGPAD (UP TO 10 SCREENS OF TEXT PLUS SIGNATURE)	 $1,509.75 
19083628000A	(EL-TOP-PEN) REPLACEMENT PEN FOR TOPAZ SIGNATURE PADS	 $123.53 
PLEM1009U000	(EM1009U) Medium-duty ceiling/pedestal mount, 9-inch height, with adjustable swivel head and cable feedthrough hole. Supports up to 40 lbs. For enclosures with 2-inch mounting hole pattern.	 $51.98 
PLEM1015U000	(EM1015U) Medium-duty ceiling/pedestal mount, 15-inch height, with adjustable swivel head and cable feedthrough hole. Supports up to 40 lbs. For enclosures with 2-inch mounting hole pattern.	 $66.15 
19068569000A	(EM1015U) Mount, Medium duty ceiling/pedestal mount, 15" height, with adjustable swivel head and cable feedthrough hole. Supports up to 40 lbs. For enclosures with 2-inch mounting hole pattern.	 $123.71 
PLEM14500000	(EM1450) Light duty wall mount for use with EH3500 series enclosures.	 $64.89 
19065856000A	(EM1512) Mount, Wall Mount with Feedthrough for EH1512	 $40.01 
PLEM1900U000	(EM1900U) Medium duty 90 degree wall mount w/ manually adjustable swivel head and cable feedthrough hole. Extends 15.45 inch from wall. Supports up to 40 lbs. 2 inch mounting hole pattern	 $75.60 
19068570000A	(EM1900U) Mount, Medium duty 90-degree wall mount with manually adjustable swivel head and cable feedthrough hole. Extends 15.45" from wall. Supports up to 40 lbs. 2-inch mounting hole pattern.	 $152.10 
PLEM20000000	(EM2000) Medium-duty 90-degree J mount for mounting to a vertical pipe or pole. Manually adjustable swivel head. For enclosures with 2-inch mounting hole pattern.	 $72.90 
19068571000A	(EM2000) Mount, Medium duty 90-degree "J" mount for mounting to a vertical pipe or pole. Manually adjustable swivel head. For enclosures with 2-inch mounting hole pattern.	 $148.04 
PLEM24000000	(EM2400) Light-duty wall mount with cable feedthrough hole and manually adjustable swivel head. Use with EH3010/EH3014 or EH4010/EH4014/EH4018 enclosures and light- to medium-weight cameras.	 $52.20 
19068572000A	(EM2400) Mount, Light duty wall mount with cable feedthrough hole and manually adjustable swivel head.	 $103.43 
CHEM2H000000	(EM2-H) Housing for Board Cameras	 $28.35 
PLEM30000000	(EM3000) Light duty ceiling J mount for use with EH3010, EH3014, EH4010, EH4014 enclosures, or light to medium weight cameras. Supports up to 20 lbs.	 $75.60 
19068573000A	(EM3000) Mount, Light duty ceiling "J" mount for use with EH3010, EH3014, EH4010, EH4014 enclosures, or light- to medium-weight cameras. Supports up to 20 lbs.	 $152.10 
19068574000A	(EM4400) Mount, Light duty wall mount with manually adjustable swivel head and cable feedthrough hole. Use with EH3010/EH3014 or cameras. Supports up to 15 lbs.	 $87.20 
19048585000A	(EM-801-F3) HK II Memory Upgrade from 512 to 9,728 users	 $745.42 
19048586000A	(EM-803-F3) HK II Memory Upgrade from 512 to 32,512 users	 $753.64 
19068528000A	(E-MCR-05) Rack, 12 slot for the M/E-PSW-FX-01  ** SERVICE ONLY - USPS  **	 $819.08 
11047343000A	(EN4216) 16 Point / 9 Output Receiver	 $285.27 
TP821337001B	(ENA) QUICK REF GUIDE	 $58.50 
19058636000A	(ENCL-1058A) 1058 Enclosure, UL approved w/ decal. Will also hold up to 2 Qty 12v 7 ah batteries	 $159.71 
19080731000A	(ENC-WM 676) wall mount for 16 port encoder used on E32 package	 $205.88 
19070003000A	(EOL-47) End of Line Resistors  - 47K (P260072)	 $10.41 
19047602000A	(EOLP) Supervised end of line resistor pack (qty 25)	 $153.47 
19084540000A	(ER8500C) IP CAMERAS OVER COAX - RACK MOUNT RCVR -8 PORT  W/GIGABIT POE+ SWITCH - UP TO 1,640 FEET	 $1,187.60 
19071280000A	(ERM-NEMA) Nema Box for ERM, typical size 12 Inch x 10 Inch x 4 Inch , PVC to include 2 ERMs, 2 power supplies and 2 modem	 $205.54 
19070724000A	(ES450-K4) Keyswitch Faceplate with Rim Cylinder Hardware, NO KEYSWITCH	 $411.08 
DMES50100000	(ES501) Transformer Enclosure	 $37.27 
DMES50200000	(ES502) Transformer Enclosure	 $37.27 
19079759000A	(ESTAR004) ISTAR EDGE, SUPPORTS FOUR READERS, WITH ENCLOSURE 64MB RAM	 $2,367.57 
19084541000A	(ET1500C) IP CAMERAS OVER COAX TRANSMITTER- EXTENDER W/POE INJECTOR - UP TO 1,640 FEET	 $1,187.60 
19082010000A	(EV5105N1S) 600T 1.5MM Outer C	 $268.98 
19067679000A	(EVR-3RDCAM-30) 30 additionnal EdgeVR licenses for 3rd party IP cameras. All EdgeVR systems already contain a license for two 3rd party IP cameras. Applicable to only one EdgeVR 200	 $7,399.35 
19067344000A	(EVR-DRAWER) EdgeVR HDD DRAWER	 $82.22 
19067340000A	(EVR-FAN-LEFT) EdgeVR Left side FAN 0.33 12V 3800RPM	 $49.33 
19067341000A	(EVR-FAN-RIGHT) EdgeVR Right side FAN 0.14A 12V 2800RPM	 $57.56 
19067345000A	(EVR-KEY) Spare front panel keys for EdgeVR series recorders	 $27.41 
19068894000A	(EVR-SR8-CBL) EdgeVR Serial Cable for SR8 device : For use when upgrading from a N1/N2 to an Edge-100/200 and the SR-8/16 will remain in place	 $95.92 
19071422000A	(EX17008) ETHERWAN 8 PORT POE COMMERCIAL GRADE NETWORK SWITCH	 $586.80 
19066885000A	(EXDOM45) Dome Bubble, Replacement for WZ45N	 $45.22 
19071386000A	(EXMB.028B) Cable Managed Wall Bracket	 $60.29 
19070843000A	(EXPS.016) Power supply 120 VAC, For ZX55	 $328.86 
19069579000A	(F1-RM24XA) Rack Mount Enclosure, 12-24 Port, Wall Mount for Fiber, Beige	 $436.40 
19069580000A	(F1-ST6LM) ST Style 6 pack Plate for fiber wall & rack mount, beige with MM adapters	 $49.02 
19071308000A	(F5U021V)  USB 4 Port HUB	 $76.71 
19054953000A	(F8E204) Mouse, 2 button, scroll, serial (ARROW ELECTRONICS)	 $40.55 
19082523000A	(FA136T87) 6 IN CX W/70V XFM	 $122.16 
19082524000A	(FA516) BAFFLE ASSEMBLY	 $35.66 
19082525000A	(FA956) ENCLOSURE SHALLOW 6 IN SPEAKER	 $59.02 
19070874000A	(FAN-10) Fan, 10 inch, 115V with Cord	 $176.60 
19068536000A	(FAP6WST)) Fiber Adapter Patch with 6 ST Adapters   **  SERVICE ONLY  - USPS  **	 $77.50 
19082526000A	(FATR6) ENCLOSURE SHALLOW 6 IN SPEAKER	 $53.53 
11044215000A	(FB01X28) 8310 Filler bar x 28 1/4x3/4x10 1/2"	 $35.63 
11044216000A	(FB02X28) 8310 Filler bar x 28 3/8x3/4x10 1/2"	 $38.37 
11044217000A	(FB03X28) 8310 Filler bar x 28 1/2x3/4x10 1/2"	 $41.11 
11044218000A	(FB04X28) 8310 Filler bar x 28 5/8x3/4x10 1/2"	 $43.85 
11044219000A	(FB21X28) 8320 Filler bar x 28 3/8x3/4x21"	 $69.89 
11044220000A	(FB22X28) 8320 Filler bar x 28 1/2x3/4x21"	 $72.62 
11044221000A	(FB23X28) 8320 Filler bar x 28 5/8x3/4x21"	 $75.37 
11044222000A	(FB24X28) 8320 Filler bar x 28 1/2x5/8x21"	 $72.62 
19070660000A	(FCH-64) Camera, 1/3 Inch Hi-Res B&W, 580 lines, advanced BLC 12VDC/24VAC	 $243.91 
19082727000A	(FD2-DV10-6) 1/3 Inch CCD 650 TVL Indoor Fixed Dome , Varifocal, Day/ Night	 $693.81 
19082671000A	(FD2-DWV10-6) Fixed Dome Camera, True D/N WDR, 650TVL	 $875.07 
19082574000A	(FD2-V10-6) Indoor Fixed Dome Color Cam, 2.8-10.5qmm Varifocal 650 TVL	 $304.70 
19058180000A	(FG-1625SN) VPLEX - GLASS BREAK WITH 25' RANGE	 $172.62 
19081731000A	(FL-DBKEYBNK1) KeyBank Fire Kit #1: 1 MS9200UDL, 1 ANN80, 2 Monitor Modules, 2 Pull Stations, 10 Smoke Detectors, 3 Heat Detectors	 $4,020.19 
19082377000A	(FL-IPDACT2UD) IPDACT2 IP Module and 2UD	 $936.02 
19079760000A	(FM1200V-HW) FLUIDMESH 1200 VOLO, SINGLE MIMO RADIO DEVICE, 1 MBPS ETHERNET	 $1,229.76 
19079761000A	(FM3100M-HW) FM3100 MITO SINGLE MIMO RADIO DEVICE 10MBPS THROUGHPUT	 $3,294.00 
19068534000A	(FMT1)  Rack Mount Fiber Tray 1 RU  **  SERVICE ONLY  - USPS  **	 $261.32 
19068537000A	(FMT2) Rack Mount Fiber Tray 2 RU  **  SERVICE ONLY  - USPS  **	 $294.90 
TP820709007A	(FRENCH) ENV SUPPLY OP GUIDE	 $9.00 
TP820092007A	(french) plan/site prep 1070ix	 $18.00 
TP820130007A	(french) planning & site prep	 $18.90 
TP820000007C	(french) prep guide 1072ix ext	 $18.00 
TP820309007A	(french)1077ix D/U SITE PREP	 $17.10 
TP820718007A	(FRENCH)OPTEVA 760 PLAN & SITE	 $19.80 
19080269000A	(FSA-24) FIRE SYSTEM ANNUNCIATOR. DISPLAYS UP TO 24 ZONES. ADD-ON ACCESSORY THAT PROVIDES THE ABILITY FOR A FIRE RESPONSE UNIT TO IDENTIFY QUICKLY AND EASILY THE POINT/ZONE OF A FIRE	 $434.78 
19080270000A	(FSA-8) FIRE SYSTEM ANNUNCIATOR. DISPLAYS UP TO 8 ZONES. ADD-ON ACCESSORY THAT PROVIDES THE ABILITY FOR A FIRE RESPONSE UNIT TO IDENTIFY QUICKLY AND EASILY THE POINT/ZONE OF A FIRE	 $271.73 
19080271000A	(FSAKSM) FIRE SYSTEM ANNUNCIATOR KEY SWITCH MDLE	 $69.48 
19071281000A	(FSP-400-V-TV) NEMA 4 Enclosure, Total coverage 400m (1320ft)	 $342.57 
19083742000A	(FSS-AXP1204-01) Swivel wall mount for a FB-AXP1204	 $115.29 
19067154000A	(G1RT-FIRE) (EST) Trim Plate, FIRE, 2 gang or 4" square boxes, Red	 $6.34 
19061510000A	(G3512-2KWR3AK) Camera & housing kit, 1/3" Hi-res WDR Day/Night (CCC1390H-6), 3-8.5mm DC auto iris (13VDIR3-8.5), Outdoor housing w/24VAC Heater (EH3512-2), Wall Mount (EM1450), sunshield (SS3512)	 $1,500.70 
19061511000A	(G3512-2KWR75AK) Camera & housing kit, 1/3" Hi-res WDR Day/Night (CCC1390H-6), 7.5-50mm DC auto iris (13VDIR7.5-50), Outdoor Housing w/24VAC Heater (EH3512-2), Wall Mount (EM1450), sunshield (SS3512).	 $1,630.00 
19073728000A	(G8054) 50 BLACK PILOT SCREWS & CLIPS used for V4221 table top rack	 $1.70 
19069592000A	(GEA-102) Wall Mount, Legend, Cast Aluminum	 $214.77 
19069593000A	(GEA-105) Corner Mount Adapter, Legend	 $135.52 
TP820120019A	(GERMAN VERSION THERMAL RECEIP	 $6.30 
TP799662019A	(german) advanced passbk prtr	 $6.30 
TP820709019A	(GERMAN) ENV SUPPLY OP GUIDE	 $9.00 
TP799561019B	(german) idm op guide	 $5.40 
TP799562019B	(german) idm op guide	 $5.40 
TP820039019C	(german) op guide ix rear-load	 $18.90 
TP799611019A	(german) passbk prt oper guide	 $6.30 
TP820092019A	(german) plan/site prep 1070ix	 $18.00 
TP820130019A	(german) planning & site prep	 $18.90 
TP799616019C	(german) statement prtr op	 $8.10 
19064425000A	(GI-4561) ATM tilt switch	 $14.94 
19071310000A	(GLC-GE-100FX) SFP Transceiver Module	 $476.82 
19068986000A	(GLC-SX-MM) PROLINE SFP (MINI GBIC) TRANSCEIVER MODULE - 1000 BASE-SX - PLUG IN MODULE - UP TO 1800 FT - 850MM	 $281.12 
19066156000A	(GLNEW)  Cable  - Exxon   Service Part	 $74.54 
19066154000A	(GLPAS) Cable, interface for Gilbarco (DB9 application)  - Service Part	 $111.11 
19066155000A	(GLPASIBM) Cable, Exxon \ Mobil  (DB15 application)  -  Service Part	 $73.91 
19083860000A	(GS110TP-200NAS) ProSafe GS110TPv2 Smart Switch, 8 Ports, Managed, Desktop	 $739.14 
19081968000A	(GSM3DB50KT) Honeywell Antenna Kit with 7626 Cable	 $417.47 
19071765000A	(GTH-00001) USB KB	 $24.99 
19070971000A	(GU611-2/1-0) Flush-mount housing in dimensionally stable plastic	 $2,582.93 
19070972000A	(GU611-3/1-0) Flush backbox for 3 modules	 $8,614.09 
19070973000A	(GU611-4/1-0) Flush-mount housing in dimensionally stable plastic	 $5,168.63 
19070875000A	(Guard-10) 10 inch Fan Guard	 $62.35 
19066893000A	(H2Z0414C-MP) Lens, 1/2" 4-8mm Manual Iris,Megapixel	 $260.35 
19058639000A	(H3Z4512CS-IR) Lens, 1/2 inch 4.5-12MM, Manual Iris, IR Corrected, F1.2	 $205.68 
19066889000A	(H3Z4518CS-MPIR) Lens, 1/2" 4.5-13.2mm Manual Iris, Megapixel, Day/Night IR Corrected, 3 MP	 $463.15 
19082296000A	(H4F02UT#ABA) HDMI to VGA Display Adapter - Video Adapter	 $185.29 
19081962000A	(HAM-CON US Bank) Heater Blower Enclosure with a Concealed Cable Bracket	 $250.02 
19081515000A	(HAMCON) Enclosure incl cable management bracket / heater	 $189.41 
19074894000A	(HB2) MOUNTING BOX-SURFACE	 $71.18 
11046821000A	(HB73) Bullet Camera 0.33IN,IR,Day/Night,550TVL,3.8-9.5MM,silver,12VDC,Weatherproof	 $547.00 
19075032000A	(HB75) IR Bullet In/Outdoor Camera, 3.8 - 9.5 mm VFAI Lens Super Hi Res, S/W D/N Mini Dome Cam, 600 TVL, 1/3 Inch Sony Super HAD CCD, , 18 LED's; Vandal Resistant,  12 VDC	 $274.47 
19083743000A	(HB75H) IR Bullet In/Outdoor Camera, 2.8 - 12 mm Varifocal Lens	 $219.57 
11044094000A	(HBC5BK) Camera mounting bracket, 5 3/4 in., black	 $16.30 
19073960000A	(HBD95S) Day/ Night bullet cam, IR Illumination, 5-50MM	 $1,026.08 
19065915000S	(HC-40X40X20-5) Fans, Chassis	 $7.16 
19065918000S	(HC-60X60X25-12) Fans, Chassis	 $5.41 
19060153000A	(HCBWDHR00) Camera, 1/3" WDR color, ultra compact cube, NO LENS,  - Compatable with Honeywell Fixed Quick Change Lenes (2.9, 3.9, 6.0, 8.0 or 12mm), lens sold seperatly	 $604.64 
19074605000A	(HCCM674M) CAM .33 IN CCD,SDN, 650TVL, OSD, NTSC	 $570.69 
19065158000A	(HCD544) 1/3" CCD High Resolut	 $689.45 
19060142000A	(HCM384L) Camera, 1/3 inch, std-res B/W, 380 TVL, 0.05 LUX BLC, 12VDC/ 24VAC	 $188.38 
19060143000A	(HCM574L) Camera, 1/3 inch, hi-res B/W, 570 TVL, 0.07 LUX BLC, 12VDC/ 24VAC	 $299.68 
11046807000A	(HCS544) Camera, 1/3 inch, hi-res Day Night, 540 TVL, 0.30 LUX CLR/ 0.1 LUX BW, DNR, 12VDC/24VAC, UL	 $413.21 
19058519000A	(HCSP1) Surge suppression module for 24VAC power and video	 $95.51 
11046521000A	(HD14C4HR6) Integrated Dome Assembly, Hi Res, 480TVL, Color, 2.6 - 6mm VFAI lens, Clear Dome with liner, 12/24V, Polycarbonate, Indoor / Outdoor, Surface Mount	 $794.75 
11046522000A	(HD14C4HR9) Integrated Dome Assembly, Hi Res, 480TVL, Color, 4 - 9mm VFAI lens, Clear Dome with liner, 12/24V, Polycarbonate, Indoor / Outdoor, Surface Mount	 $810.31 
19069223000A	(HD16-PK1) Pendant Mount Kit HD16	 $124.48 
19061044000A	(HD16TD480) Dome Assembly, High Resolution , 480TVL, Day/Night, Clear Dome with liner, UTP, 12/24V, Indoor / Outdoor, Surface or Flush Mount, NTSC	 $1,137.31 
11046516000A	(HD28C4HR9) Integrated Dome Assembly, Hi Res, 480TVL, Color, 4 - 9mm VFAI lens, Clear Dome with liner, Coax, 12/24V, Metal, Indoor / Outdoor, Surface  Mount, NTSC	 $841.18 
11046518000A	(HD28D4HR9) Integrated Dome Assembly, Hi Res, 480TVL, True Day/Night, 4 - 9mm VFAI lens, Clear Dome with liner, Coax, 12/24V,Metal, Indoor / Outdoor, Surface  Mount, NTSC	 $984.00 
19068424000A	(HD3CHS) Dome, 1/3 inch Hi-Res	 $402.86 
19082077000A	(HD3DS) Mini Dome, 600 TVL, TDN, DNR 2.8-12V NTSC	 $429.16 
19084543000A	(HD41H) FIXED DOME CAMERA, 700T, 2.8-12MM, 12V	 $132.09 
19070387000A	(HD4DIRS) Rugged Mini-Dome,Surface or Flush Mount	 $621.55 
19060151000A	(HD4-WK) Wall mount kit for  HD4VC4HR	 $149.63 
19067337000A	(HDD-1000) 1000GB Standard formatted drive EdgeVR	 $1,260.63 
19084312000A	(HDD-KIT-12TBR5) EdgeVR, 12 TB RAID 5 replacement kit. This includes four (4X) 4000GB drive and mounting screws	 $9,667.44 
19072185000A	(HDD-KIT-2000R) Edge VR,2TB Raid-1 Replacement / Upgrade Kit	 $3,821.04 
19067339000A	(HDD-RAID-1000) 1000GB RAID 1 configured drive, can be used for replacing 1 RAID drive only. Where both drive need replacing unit must be returned to Verint	 $1,630.60 
19070327000A	(HDD-RAID-2000)EDGE VR,2000 GB SINGLE (1X)REPLACEMENT DRIVE FOR RAID SYSTEMS,INCLUDES MOUNTING SCREWS	 $2,959.74 
19081176000A	(HDD-RAID-4000) EdgeVR, 4000GB single (1x) replacement drive for RAID systems. This includes mounting screws.	 $3,343.41 
19067338000A	(HDD-RAID-500) 500GB RAID 1 configured drive, can be used for replacing 1 RAID drive only. Where both drive need replacing unit must be returned to Verint	 $808.45 
19084740000A	(HDMIDVIMM6) HDMI TO DVI-D VIDEO CABLE ADAPTER 6 FT.	 $56.55 
19079762000A	(HD-NVR2-2ND-PS) SECONDARY REDUNDANT POWER SUPPLY INSTALLED IN AN HD NVR SERVICE	 $452.93 
19083792000A	(HDR-P-MICRO) High-definition video receiver/decoder micro form factor for use with Verint Enterprise VMS, Windows 7 SP1 without monitor	 $2,995.16 
19058520000A	(HDSP1) Surge suppression module for 24VAC power, video & data	 $210.63 
19064842000C	(HDXWM2B) Wall Mount,  Indoor/Outdoor PTZ Domes  - Black	 $272.13 
19061268000A	(HEB-3BK-8) Header ext bracket 3 in black - 8 IN	 $74.11 
19061269000A	(HEB-3CL-8) Header ext bracket 3 in clear - 8 IN	 $74.11 
19058469000A	(HEC12/14-PK) Pendant Mount Kit for C12/C14	 $39.73 
19058470000A	(HEC12/14-WK) Wall Mount Kit for C12/C14	 $153.11 
19058410000A	(HEC14C) Enclosure Module, Polycarbonate Housing, Coax Interface, Clear Polycarbonate Dome, use Fixed or Varifocal Lenses, Surface or Flush mount.	 $251.94 
19058411000A	(HEC14CT) Enclosure Module, Polycarbonate Housing, Coax Interface, 1/2 Tint Polycarbonate Dome, Use Fixed or Varifocal Lenses, Surface or Flush mount.	 $244.04 
19058432000A	(HEV28RC) Enclosure Module, Round Dome, Coax Interface, Clear Polycarbonate Dome, Surface Mount, Indoor/ Outdoor	 $293.43 
19058435000A	(HEV28RCT) Enclosure Module, Round Dome, Coax Interface, 1/2 Tint Polycarbonate Dome, Surface Mount, Indoor/ Outdoor	 $293.43 
19058471000A	(HEV28R-PK) V28R Pendant Kit - Includes Conduit Adapter Plate and Gasket	 $126.61 
39015432000A	(HG3Z1014FCS) 1/3 inch, 10-30MM varifocal, dc auto iris f1.4	 $335.85 
19058640000A	(HG3Z4512AFCS-IR) Lens, 1/2 inch 4.5-12MM, Video Auto Iris, IR Corrected, F1.2	 $267.57 
19056760000A	(HG3Z4512FCS-IR) 1/2 inch 4.5-12.5mm f1.2 DC auto iris, IR Corrected	 $271.31 
19058390000A	(HHC12WM) Camera housing kit, 12.5 internal length, outdoor, includes HHMW13 mounting bracket	 $174.72 
19058393000A	(HHMC21J) Pendant J mount for HHC12 series housing	 $98.76 
19058394000A	(HHMPMA) Pole mount adapter for HHM series wall mount	 $49.94 
19058395000A	(HHMW13) Wall mount adapter for HHC12 series housings, 30 lb max	 $73.44 
19074457000A	(HJC4000) Keyboard/ Controller, UltraKey	 $1,083.73 
19074458000A	(HJC5000) Keyboard/ Controller, UltraKey Lite	 $1,591.00 
19070227000A	(HJK7000) Keyboard / Joystick with Color Touchscreen, 100-240VAC, RS232, RS422, RJ11 4 X Ribbon Cable	 $3,556.62 
21021649000A	(HKHCS54D5DB) Camera & Housing kit, 1/3 inch, 540 TVL Day Night DNR (HCS544)	 $793.04 
21021646000A	(HKS544D271) Camera kit, 1/3 inch, 540 TVL Day Night DNR (HCS544), 2.7-13.5mm DC auto iris lens (HLD27V13DNL), wall/ceiling  mount (HBC5WT)	 $543.73 
21021645000A	(HKS544D288) Camera kit, 1/3 inch, 540 TVL Day Night DNR (HCS544), 2.8-8mm DC auto iris lens (HLD28V8F95L), wall/ceiling  mount (HBC5WT)	 $500.69 
21021647000A	(HKS544D550) Camera kit, 1/3 inch, 540 TVL Day Night DNR (HCS544), 5-50mm DC auto iris lens (HLD5V50F13L), wall/ceiling  mount (HBC5WT)	 $631.90 
19059430000A	(HLD25V6F12) Lens, 1/3 inch, 2.5-6mm DC auto iris, F1.2	 $218.77 
19058387000A	(HLD29V8DNL) Lens, 1/3 inch, 2.9-8mm DC auto iris, F0.95, 230mm long lead, 4 pin connector, IR Corrected	 $147.67 
19058388000A	(HLD5V50DNL) Lens, 1/3 inch, 5-50mm DC auto iris, F1.3 to F360, 230mm long lead, 4 pin connector, IR Corrected	 $292.90 
19059429000A	(HLM28V8F95) Lens, 1/3 inch, 2.8-8mm manual iris, F0.95	 $79.01 
19058385000A	(HLM5V50F13) Lens, 1/3 inch, 5-50mm manual iris, F1.3	 $166.90 
19058404000C	(HLQ060) Quick Change Lens Module, Silent Witness Cameras Only, 6.0mm	 $31.21 
19058404000F	(HLQ120) Quick Change Lens Module, Silent Witness Cameras Only, 12.0.mm	 $32.71 
19058466000A	(HLQAV1) Quick Change Lens Module, Modular Cameras Only, Auto-Iris Varifocal 4-9mm (not usable w/ i10C or C12)	 $148.19 
19058467000A	(HLQAV2) Quick Change Lens Module, Modular Cameras Only, Auto-Iris Varifocal 2.8-6.0mm (not usable w/ i10C or C12)	 $148.19 
19058468000A	(HLQAV3) Quick Change Lens Module, Modular Cameras Only, Auto-Iris Varifocal 9-22.0mm (not usable w/ i10C or C12)	 $148.19 
19083744000A	(HM-0162) MN101 Panel Key	 $2.75 
19069299000A	(HMLCDE2PSU) Power Supply for Honeywell HMLCDE2 monitors	 $115.10 
19059434000A	(HMLCDFM) Fixed wall mount for LCD monitors	 $53.35 
19059435000A	(HMLCDTM) Tilting wall mount for LCD monitors	 $81.81 
19071421000A	(HNS-NP031AA) HP ENVY 133 HDMI TO VGA ADAPTER	 $281.27 
19081464000A	(HOMINIDOMESMA) Pendant Mount	 $233.33 
19082640000A	(HPT12DC500) Single Output DC Plug-In Transformer 12VDC @ 500mA Built in thermal protection and UL recognized Class 2. Output is a 2.1 mm coax plug which is center positive	 $25.23 
19049816000A	(HPTV2404UL) Multi-camera power supply, 4 outputs @ 24VAC x 1 Amp Total, UL Listed	 $121.01 
19073609000A	(HSS37NB)HEIGHT STRIP CAM.33 IN, 350 TVL	 $983.37 
19083578000A	(HSS-L2D-000) DUAL ALARM CONTACT, CLOSED LOOP	 $527.01 
19074026000A	(HSW-H37) 700 TVL Height Strip Camera w/ 3.7mm, White Housing	 $588.10 
19060155000A	(HSWRKBLK) Replacement black lens for Exitview camera	 $37.11 
19060156000A	(HSWRKIMP) Replacement "foot measurement" lens for Exitview camera	 $37.11 
19071398000A	(HT-7185DNV) Vandal Resistant Housing	 $1,130.27 
19071184000A	(HUB-3B) Hold Up Button, Momentary, DPDT	 $51.94 
19070684000A	(HWB1-28RA20) Camera & Housing Kit, 1/3 Inch True Day \ Night, 2.8-12mm DC A\I, Indoor	 $915.33 
19071941000A	(HWB1-5M17)HWB-1 W/T10Z0513CS&YCH-04  5-50MM MANUAL IRIS & HI RES DIGITAL  D/N CAMERA	 $693.35 
19070685000A	(HWB1-84RA20) Camera & Housing Kit, 1/3 Inch True Day \ Night, 8.5-40mm DC A\I, Indoor	 $1,027.69 
19070686000A	(HWB2-28RA20) Camera & Housing Kit, 1/3 Inch True Day \ Night, 2.8-12mm DC A\I, Indoor \ Outdoor	 $983.84 
19070687000A	(HWB2-84RA20) Camera & Housing Kit, 1/3 Inch True Day \ Night, 8.5-40mm DC A\I, Indoor \ Outdoor	 $1,096.20 
19074993000A	(HWB2-84RA21) HWB-2 w/ TG5Z8513FCS-IR & YCX-05N (8.5-40mm IR DC A/I & D/N cam.)	 $937.20 
19074787000A	(HWB4) LARGE HOUSING W/HEATER & BLOWER, WALL BRACKET FOR CS MOUNT CAMERAS	 $805.60 
19081218000A	(IC8) 8 input relay board for input expansion on AD500R or AD500W	 $870.17 
11047268000B	(ICD609-TYPE92-D) Dome, 1/3inch True Day\Night, 540TVL - Color, 570TVL - B & W, 9-22mm DC Auto Iris Lens, Whte housing, Surface Mount, Indoor, 12VDC/24VAC	 $638.54 
19069517000A	(ICD-B1111) Camera,  1/3 Inch Hi-res True Day / Night, 2.8-11mm, 48 LED IR, Indoor / Outdoor Bullet, 12VDC, 600 TVL	 $575.51 
19065043000A	(ICED-APOLE) 1 Inch NPT Pipe Adapter  for DM/ICED- cameras	 $43.25 
19075007000A	(ICED-DNU39N) 0.33 IN. CCD, DAY/NIGHT, 540TVL, 0.7LUX (COLOR)/0.15LUX (MONO), 3 Axis Lens Mount, BLC, SPOT Video Out 12VDC / 24VAC	 $530.61 
11046798000A	(ICLASS CP575) iClass CP575 Fingerprint Enrollment Kit: Create New Card Profile, Program a Card Profile, Program a Single Card, Program User Fields (for a previously programmed card), Read Cards (previously programmed if key is known).	 $3,562.65 
11055452000A	(ICS110-PG) Mount, Camclosure IS, White Indoor Pendant Adapter	 $62.87 
19058605000A	(ICS310-AP) Adapter plate for 4 square electrical box to mount IS310 series cameras	 $22.00 
19058608000A	(ICS310-COND) Conduit adapter box for IS310 series cameras, allows 3/4" conduit entry to rear of enclosure	 $54.00 
19068214000A	(IC-S50FD) Recess ceiling mount kit for use with Indoor Fixed Dome S50xxFD IP Cameras only	 $156.21 
TP820901001C	(IDMBD) OPERATING GUIDE	 $9.00 
19083334000A	(IETAMPER)Tamper Switch Accessory for all Readers.  Requires an additional power supply	 $45.84 
19079763000A	(IFS-MC3504T2S) 4-PORT GIGABIT ETHERNET TO 2-SFP INDUSTRY	 $724.68 
19083203000A	(IGSMHS4G) 4G Radio Line Security Communicator	 $535.28 
19083522000A	(IK-HS9483SS) Optional Sun Shade for PAC-ODH & PAC-OD2H	 $68.63 
19067316000A	(IK-RMK-08) Rack mount kit for ULM-153 / 173 & 193 monitors	 $235.68 
19080593000A	(IK-YV10X5HR4A-SA2L) LENS 5.5 mm - 50 mm Megapixel (10x)- CS mount-  F1.6, IR  (TDN)	 $186.66 
19080836000A	(IK-YV2.8X2.8SA-SA2L) 1/3IN 3.0MP 2.6-8.0mm F1.2	 $258.35 
19071249000A	(IM-12120) 12Volt 12Ah Battery	 $58.90 
19071248000A	(IM-1270) 12Volt 7.2Ah Battery	 $31.49 
19071247000A	(IM-RJ31XSET) RJ31X Phone Jack	 $5.45 
19074921000A	(in30S1N1L25) 1/3 Inch PIXIM Micro ATM Camera, 690HTVLe, 2.5mm lens, 12VDC	 $403.52 
19074924000A	(in30S1N1L38) 1/3 Inch PIXIM Micro ATM Camera, 690HTVLe, 3.8mm lens, 12VDC	 $403.52 
19082515000A	(in61T3N2D28V12) 1/3in CCD TDN, WDR Outdoor Vandal Resistant Dome Camera. 650TVL, Vari-Focal 2.8-12mm 12VDC/24VAC, Service Jack, OSD Joystick	 $472.14 
19074926000A	(inADAC24) Power Convertor 24AC to 12VDC Max 500mA	 $21.96 
19074927000A	(inADAC241A) Power Convertor 24AC to 12VDC Max 1000mA	 $38.43 
19082623000A	(inCA61GNB) Goose Neck Bracket	 $76.86 
19074928000A	(inCASVC) Service Lead for Video output used with in44, in51, in60 Cameras	 $13.73 
19082334000A	(INS-8023AF-O) 802.3af POE unit Outdoor	 $42.82 
19080454000A	(inUTC-ZF) UTC With Zoom and Focus, Controller for Camera Programming	 $52.16 
19082323000A	(IPENC) Enclosure	 $142.71 
19082324000A	(IPSPLT) Splitter	 $32.91 
19071148000A	(IQA-BBL) Outdoor Vandal Dome Replacement Bubble & Trim Ring	 $84.08 
19071272000A	(IR-3000)WIRELESS PIR SENSOR SIZE 3.75 IN X 2.75 IN X 2.5 IN,FREQUENCY 433.92 MHZ CODE COMBINATIONS 256 BATTERY TYPE 9 VOLT ALKALINE (NOT INCLUDED) WIRELESS RANGE 600 FT	 $123.33 
19048192000A	(IRC) Infrared Remote Control	 $82.22 
19070666000A	(IRL-DMB) Dual Mounting Bracket for IRL & WL Series IR Illuminators	 $369.97 
19070664000A	(IRL-M3) IR illuminator 30 degree, 164 Foot Range, 12VDC/24VAC	 $1,011.25 
19070665000A	(IRL-M6) IR illuminator 60 degree, 115 Foot Range,  12VDC/24VAC	 $1,011.25 
19058660000B	(IRL-PB-2) Propak bracket for IRL series	 $128.81 
19082033000A	(IRL-X12) LED Infared Illuminator, 120 degree, 197ft range, IP67, 12VDC/24VAC	 $2,034.12 
19061502000A	(IS09-PW) Mount, Camclosure? IS, White Indoor Pendant \ Wall	 $93.29 
19061138000A	(IS110-CH12) Minidome, Camclosure? IS, 1/3" High-res Color, 12mm, Indoor \ Outdoor, Surface Mount, Smoked Dome, 540 TVL, 12VDC or 24VAC	 $610.43 
19061138000B	(IS110-CH3) Minidome, Camclosure? IS, 1/3" High-res Color, 3mm, Indoor \ Outdoor, Surface Mount, Smoked Dome, 540 TVL, 12VDC or 24VAC	 $610.43 
19061138000C	(IS110-CH3.6) Minidome, Camclosure? IS, 1/3" High-res Color, 3.6mm, Indoor \ Outdoor, Surface Mount, Smoked Dome, 540 TVL, 12VDC or 24VAC	 $610.43 
19061138000E	(IS110-CH6) Minidome, Camclosure? IS, 1/3" High-res Color, 6mm, Indoor \ Outdoor, Surface Mount, Smoked Dome, 540 TVL, 12VDC or 24VAC	 $610.43 
19061138000F	(IS110-CH8) Minidome, Camclosure? IS, 1/3" High-res Color, 8mm, Indoor \ Outdoor, Surface Mount, Smoked Dome, 540 TVL, 12VDC or 24VAC	 $610.43 
11046445000A	(IS110-CWV22) 1/3" WDR Color Dome, 9-22mm Auto Iris lens, Indoor \ Outdoor Surface Mount, White with Smoked Dome, 12VDC / 24VAC, Coax & UTP	 $719.93 
11046447000A	(IS110-DWV22) 1/3" WDR Day \ Night Dome, 9-22mm Auto Iris lens, Indoor \ Outdoor Surface Mount, White with Smoked Dome, 12VDC / 24VAC, Coax & UTP	 $1,042.37 
19061140000A	(IS110-ENC) Minidome, Camclosure? IS, Indoor \ Outdoor, Surface Mount, ENCLOSURE ONLY	 $172.38 
19061141000A	(IS110-LD) Minidome, Camclosure? IS, SMOKED LOWER DOME ONLY	 $54.00 
19061142000A	(IS111-CH12) Minidome, Camclosure? IS, 1/3" High-res Color, 12mm, Indoor \ Outdoor, Surface Mount, Clear Dome, 540 TVL, 12VDC or 24VAC	 $610.43 
19061142000B	(IS111-CH3) Minidome, Camclosure? IS, 1/3" High-res Color, 3mm, Indoor \ Outdoor, Surface Mount, Clear Dome, 540 TVL, 12VDC or 24VAC	 $610.43 
19061142000C	(IS111-CH3.6) Minidome, Camclosure? IS, 1/3" High-res Color, 3.6mm, Indoor \ Outdoor, Surface Mount, Clear Dome, 540 TVL, 12VDC or 24VAC	 $610.43 
19061142000F	(IS111-CH8) Minidome, Camclosure? IS, 1/3" High-res Color, 8mm, Indoor \ Outdoor, Surface Mount, Clear Dome, 540 TVL, 12VDC or 24VAC	 $610.43 
19061779000A	(IS111-CWV9) Dome, Camclosure IS, Wide Dynamic Range Color, 3-9.5mm, Indoor \ Outdoor, Surface Mount, White \ Clear Dome	 $719.93 
11046451000A	(IS111-DWV22) 1/3" WDR Day \ Night Dome, 9-22mm Auto Iris lens, Indoor \ Outdoor Surface Mount, White with Clear Dome, 12VDC / 24VAC, Coax & UTP	 $1,042.37 
19061144000A	(IS111-LD) Minidome, Camclosure? IS, CLEAR LOWER DOME ONLY	 $54.00 
19061145000A	(IS150-CH12) Minidome, Camclosure? IS, 1/3" High-res Color, 12mm, Indoor \ Outdoor, Flush Mount, Smoked Dome, 540 TVL, 12VDC or 24VAC	 $610.43 
19061145000B	(IS150-CH3) Minidome, Camclosure? IS, 1/3" High-res Color, 3mm, Indoor \ Outdoor, Flush Mount, Smoked Dome, 540 TVL, 12VDC or 24VAC	 $610.43 
19061145000C	(IS150-CH3.6) Minidome, Camclosure? IS, 1/3" High-res Color, 3.6mm, Indoor \ Outdoor, Flush Mount, Smoked Dome, 540 TVL, 12VDC or 24VAC	 $610.43 
19061145000E	(IS150-CH6) Minidome, Camclosure? IS, 1/3" High-res Color, 6mm, Indoor \ Outdoor, Flush Mount, Smoked Dome, 540 TVL, 12VDC or 24VAC	 $610.43 
19061145000F	(IS150-CH8) Minidome, Camclosure? IS, 1/3" High-res Color, 8mm, Indoor \ Outdoor, Flush Mount, Smoked Dome, 540 TVL, 12VDC or 24VAC	 $610.43 
19061149000B	(IS151-CH3) Minidome, Camclosure? IS, 1/3" High-res Color, 3mm, Indoor \ Outdoor, Flush Mount, Clear Dome, 540 TVL, 12VDC or 24VAC	 $610.43 
19061149000C	(IS151-CH3.6) Minidome, Camclosure? IS, 1/3" High-res Color, 3.6mm, Indoor \ Outdoor, Flush Mount, Clear Dome, 540 TVL, 12VDC or 24VAC	 $610.43 
19061149000E	(IS151-CH6) Minidome, Camclosure? IS, 1/3" High-res Color, 6mm, Indoor \ Outdoor, Flush Mount, Clear Dome, 540 TVL, 12VDC or 24VAC	 $610.43 
19061149000F	(IS151-CH8) Minidome, Camclosure? IS, 1/3" High-res Color, 8mm, Indoor \ Outdoor, Flush Mount, Clear Dome, 540 TVL, 12VDC or 24VAC	 $610.43 
19061151000A	(IS151-LD) Minidome, Camclosure? IS, CLEAR LOWER DOME ONLY	 $54.00 
19069067000A	(IS20-DNV10F) Dome, Hi-Res True Day \ Dight, 2.8-10mm, Indoor Flush Mount with Smoked Dome, Camclosure 2 IS2X Series, 540 TVL, 12VDC / 24VAC	 $616.50 
19069314000A	(IS20DWS-FK) Flush Mount Kit for Camclosure  2 IS2X Day/Night Wide Dynamic Range Domes	 $131.81 
19069315000A	(IS20-FK) Flush Mount Kit for Camclosure  2 IS2X Series Indoor Domes	 $131.81 
11046679000A	(IS210-CHV9) Camera & Housing Kit, 1/3" Hi-res color, 3-9mm auto iris lens, Camclosure Wedge shaped Indoor/Outdoor enclosure, light gray, 12VDC/24VAC	 $685.65 
19069067000B	(IS21-DNV10F) Dome, Hi-Res True Day \ Night, 2.8-10mm, Indoor Flush Mount with Clear Dome, Camclosure 2 IS2X Series, 540 TVL, 12VDC / 24VAC	 $616.50 
11046686000A	(IS310-CH12) Camera & Housing Kit, 1/3" Hi-res color, 12mm fixed iris lens, Camclosure rugged bullet design Indoor/Outdoor enclosure, light gray, 12VDC/24VAC	 $693.57 
11046687000A	(IS310-CH3) Camera & Housing Kit, 1/3" Hi-res color, 3mm fixed iris lens, Camclosure rugged bullet design Indoor/Outdoor enclosure, light gray, 12VDC/24VAC	 $656.00 
11046690000A	(IS310-CH8) Camera & Housing Kit, 1/3" Hi-res color, 8mm fixed iris lens, Camclosure rugged bullet design Indoor/Outdoor enclosure, light gray, 12VDC/24VAC	 $665.17 
19069074000A	(IS50-DNV10S) Dome, Hi-Res True Day \ Night, 2.8-10mm, Indoor \ Outdoor Surface Mount with Smoked Dome, Camclosure 2 IS2X Series, 540 TVL, 12VDC / 24VAC	 $590.14 
19069075000B	(IS50-DWSV8F) Dome, Hi-Res Wide Dynamic Range True Day/Night, 3.8-8mm, Indoor/Outdoor Flush Mount with Clear Dome, Camclosure 2 IS2X Series, 540 TVL, 12VDC / 24VAC	 $1,446.20 
19069316000A	(IS50-FK) Flush Mount Kit for Camclosure 2 IS5X Series Indoor Domes	 $131.81 
19061152000A	(IS90B-CH12) Minidome, Camclosure? IS, 1/3" High-res Color, 12mm, Indoor, Surface \ Flush Mount, Black Housing  \ Smoked & Clear Dome, 540 TVL, 12VDC or 24VAC	 $433.98 
19061152000B	(IS90B-CH3) Minidome, Camclosure? IS, 1/3" High-res Color, 3mm, Indoor, Surface \ Flush Mount, Black Housing \ Smoked & Clear Dome, 540 TVL, 12VDC or 24VAC	 $433.98 
19061152000C	(IS90B-CH3.6) Minidome, Camclosure? IS, 1/3" High-res Color, 3.6mm, Indoor, Surface \ Flush Mount, Black Housing \ Smoked & Clear Dome, 540 TVL, 12VDC or 24VAC	 $433.98 
19061152000E	(IS90B-CH6) Minidome, Camclosure? IS, 1/3" High-res Color, 6mm, Indoor, Surface \ Flush Mount, Black Housing \ Smoked & Clear Dome, 540 TVL, 12VDC or 24VAC	 $433.98 
19061152000F	(IS90B-CH8) Minidome, Camclosure? IS, 1/3" High-res Color, 8mm, Indoor, Surface \ Flush Mount, Black Housing \ Smoked & Clear Dome, 540 TVL, 12VDC or 24VAC	 $433.98 
11046461000A	(IS90B-CWV22) 1/3" WDR Color Dome, 9-22mm Auto Iris lens, Indoor Flush or Surface Mount, Black with Clear & Smoked Dome, 12VDC / 24VAC, Coax & UTP	 $624.62 
11046462000A	(IS90B-DNV22) 1/3" Day \ Night Dome, 9-22mm Auto Iris lens, Indoor Flush or Surface Mount, Black with Clear & Smoked Dome, 12VDC / 24VAC, Coax & UTP	 $778.73 
11046463000A	(IS90B-DWV22) 1/3" WDR Day \ Night Dome, 9-22mm Auto Iris lens, Indoor Flush or Surface Mount, Black with Clear & Smoked Dome, 12VDC / 24VAC, Coax & UTP	 $890.27 
19061790000A	(IS90B-DWV9) Dome, Camclosure? IS, Wide Dynamic Range Day \ Night, 3-9.5mm, Indoor, Surface or Flush Mount, Black \ Smoked and Clear Dome	 $890.27 
19061499000A	(IS90B-P) Mount, Camclosure? IS, Black Indoor Pendant	 $42.59 
19061154000E	(IS90-CH6) Minidome, Camclosure IS, 1/3 Inch High-res Color, 6mm, Indoor, Surface \ Flush Mount, White Housing \ Smoked & Clear Dome, 540 TVL, 12VDC or 24VAC	 $433.98 
19061154000F	(IS90-CH8) Minidome, Camclosure IS, 1/3 Inch High-res Color, 8mm, Indoor, Surface \ Flush Mount, White Housing \ Smoked & Clear Dome, 540 TVL, 12VDC or 24VAC	 $433.98 
19061714000K	(IS90-CWV9) Dome, Camclosure. Hi-res wide dynamic range color, 3-9.5mm auto iris lens, Indoor, surface or flush mount, white, smoked and clear dome, (NTSC/PAL), 12/24V, BNC or UTP	 $624.62 
11046466000A	(IS90-DNV22) 1/3" Day \ Night Dome, 9-22mm Auto Iris lens, Indoor Flush or Surface Mount, White with Clear & Smoked Dome, 12VDC / 24VAC, Coax & UTP	 $778.73 
11046467000A	(IS90-DWV22) 1/3" WDR Day \ Night Dome, 9-22mm Auto Iris lens, Indoor Flush or Surface Mount, White with Clear & Smoked Dome, 12VDC / 24VAC, Coax & UTP	 $890.27 
19061501000A	(IS90-P) Mount, Camclosure? IS, White Indoor Pendant	 $41.99 
11046468000A	(IS-CHV22) Camera Module, Camclosure? IS, Hi-Res Color, 9-22mm Lens, CAMERA ONLY, NO ENCLOSURE	 $388.47 
19080500000A	(ISC-PDL1-WA18G) 60 Ft. Professional Series Tritech Detector, Antimask	 $185.18 
11046469000A	(IS-CWV22) Camera Module, Camclosure? IS, Wide Dynamic Range Color, 9-22mm Lens, CAMERA ONLY, NO ENCLOSURE	 $492.80 
19066945000A	(ISD-A12-OP-1)  Control Board for A12 cameras	 $30.15 
19086145000A	(ISD-A14-29_AA) Camera Kit with ACDC Power and Bracket	 $658.55 
29018064000B	(ISD-A15) ISD-A15 Camera only	 $948.08 
19072057000A	(ISD-A15-D2)ISD-A15 Camera Diebold Logo, 2.8mm -12mm Lens & CMB-1W	 $833.11 
19080596000A	(ISD-A15-D2F) KIT: ISD-A15-PL Camera, 2.7-13.5 mm Lens & Mount	 $565.47 
29018060000A	(ISD-A33-92BLACK-DBL) ISD-A33 Camera, 9-22mm  Lens, Black Housing	 $691.72 
29018068000A	(ISD-A35-31BLACK-DBL) ISD-A35 Camera, 2.9-10mm Lens, Black Housing	 $833.40 
11046470000A	(IS-DNV22) Camera Module, Camclosure? IS, Day \ Night, 9-22mm Lens, CAMERA ONLY, NO ENCLOSURE	 $786.85 
11046471000A	(IS-DWV22) Camera Module, Camclosure? IS, Wide Dynamic Range Day \ Night, 9-22mm Lens, CAMERA ONLY, NO ENCLOSURE	 $815.24 
19070746000A	(ISOPROX II 26BI) Proximity Cards	 $14.13 
19047607000A	(IS-PCSC-CWS-01) Linc-PLUS Client Workstation License - per remote workstation	 $1,986.87 
19047608000A	(IS-PCSC-SVR-SQL) Linc-PLUS MS-SQL Database option - does not include MS-SQL Server Software	 $4,521.83 
19082075000A	(IS-SS) Audio Door Station, Flush Mount	 $579.17 
19081430000A	(ITS-D6686-UL) Conettix IP Ethernet Adaptor for D6600 (IPv6 and IPv4) - 120VAC	 $1,317.60 
19083857000A	(IUT601) Universal Indoor Transmitter	 $54.90 
PLIWMGY00000	(IWM-GY) Wall mount with cable feedthrough designed for use with Intercept or Spectra and DF5 pendant series	 $88.20 
39014438000A	(JB-1) Ceiling J bracket	 $64.26 
11044053000A	(K380-001) Battery Pack	 $38.86 
11044054000A	(K380-012) Battery Pack - 12 pack	 $410.67 
19069081000A	(KA32) Monitor, 32 Inch TFT LCD, NTSC/PAL , 500TVL , VGA/Composite Input 1&2	 $2,307.69 
19069082000A	(KB42SC2CN) Monitor, 42 Inch TFT LCD, NTSC/PAL , 500TVL , VGA/Composite Input 1&2	 $2,943.30 
PLKBDKIT0000	(KBDKIT) Keyboard wiring accessory for KBD100, KBD200, KBD300 and KBD400 keyboards.	 $40.56 
19047455000A	(KBD-SFTCFG) Configuration s/w for KBD series keyboards	 $808.45 
11042958000A	(KBS 3A) Digital Keyboard	 $808.45 
19063980000A	(KCW-D/B) Video Demodulator, Converts 2 wire to BNC for Connection to Standard Video Monitor	 $597.85 
19066942000B	(KIT-ISD-A12-36AC-D) Camera, 1/3" Wide Dynamic Color, 3.6mm fixed Lens, 520 TVL,  Mini-Cube, with 24VAC converter	 $652.50 
19066942000A	(KIT-ISD-A12-36-D) Camera, 1/3" Wide Dynamic Color, 3.6mm fixed Lens, 520 TVL, 12VDC, Mini-Cube	 $638.54 
19066943000A	(KIT-ISD-A12-43-D) Camera, 1/3" Wide Dynamic Color, 4.3mm fixed Lens, 520 TVL, 12VDC, Mini-Cube	 $602.91 
19081908000A	(KIT-WFB-EMERG550) Wells Fargo Emergency Kit	 $2,810.64 
19070976000A	(KR611-3/1-0) Trim frame for 3 modules	 $107.73 
19070866000A	(KTD-312) RS232 interface module/data merger	 $621.77 
19070871000A	(KTD-400) Keypad Controller for Mini-Matrix with PTZ Control	 $783.21 
19083192000A	(KV0004A) 4 Port Keyboard Mouse	 $1,373.19 
19043109000A	(L102) Lens, 2.5mm button type, for 1074ix cameras	 $48.65 
19043110000A	(L103) Lens, 2.9mm button type, for 1074ix cameras	 $37.84 
19068212000A	(L2.9-8)   VGA Quality Lens, 2.9-8mm, F0.95, IR-Corrected for Verints VGA Body Cameras	 $115.10 
19081337000A	(L3-1004ANT) Mag Mount Antenna Dual Band	 $100.20 
19068213000A	(L5-50DN)  Lens 5-50mm, F1.6, IR-Corrected for Verints VGA Body Cameras	 $246.65 
19084167000A	(LA223WH) Plug-In Chime, 1 Button	 $102.09 
TP820118002A	(latin spanish) install instr	 $20.70 
TP820129002B	(latin spanish) instl instr	 $18.90 
TP820124002A	(latin spanish) prep guide	 $18.00 
TP820128002B	(latin spanish)set-up instr	 $25.20 
TP799616002C	(latin-spanish) statement prtr	 $8.10 
TP820032002A	(latin-spanish)1062ix cust	 $31.50 
TP820001002A	(latin-spanish)1062ix instl	 $18.90 
TP799615002A	(latin-spanish)depositor oper	 $7.20 
19068577000A	(LB1000DC) Lockbox, horizontal for VCR \ DVR's with 12VDC heater and fan	 $511.05 
19068578000A	(LB1000MT) Wall mount for LB1000 series lockboxes	 $77.07 
19068579000A	(LB1012)  Lockbox, Horizontal for top or front loading large size VCR's. Removable shelf. 120 VAC.  large capacity, 120VAC, 60HZ	 $525.29 
11044213000A	(LB10X28) 8310 L brkt kit x 28 2 1/2x2x10 1/2"	 $93.18 
19068580000A	(LB2000) Lockbox, Vertical for tower type computers	 $525.24 
11044214000A	(LB20X28) 8320 L brkt kit x 28 2 1/2x2x21"	 $186.35 
19042887000A	(LC1/D) - 5 foot panel color dye film YMCKO - 350 images	 $210.81 
19080063000A	(LC2) 6 foot 3-wire line cord	 $9.55 
19042887000K	(LC3/D) - 6 foot panel color dye film YMCKOK - 300 images	 $257.61 
19042887000B	(LC3/D) - Black resin dye film 1000 images	 $21.09 
19042887000J	(LC3/D) - Black with overcoat dye film 600 images	 $131.54 
19042887000D	(LC3/D) - Blue resin dye film 1000 images	 $48.65 
19042887000F	(LC3/D) - Gold resin dye film 1000 images	 $121.68 
19042887000E	(LC3/D) - Green resin dye film 1000 images	 $48.65 
19042887000C	(LC3/D) - Red resin dye film 1000 images	 $48.65 
19042887000G	(LC3/D) - Silver resin dye film 1000 images	 $121.68 
19042887000H	(LC3/D) - White resin dye film 1000 images	 $48.65 
DMLCD5200000	(LCD 52) Keypad Housing, Models 690, 693, 790, 791, 793, Ivory	 $17.81 
19082637000A	(LCD-10X2) Dual rack mount 10.4-inch LCD Display	 $2,994.80 
19048931000A	(LCD-1B) Configurable Wall Mount for monitors	 $94.64 
11046365000A	(LCD-R) Keypad Housing, Models 690, 693, 790, 793, Red	 $17.81 
19083103000A	(LE-070) Verifact A Omni-Directional, Low Impedance Microphone with Built-in Preamp	 $258.00 
19071635000A	(LED-1908-HDR) MONITOR, 19 IN LED, 1280 X 1024, COMPOSITE, HDMI & PC INPUTS	 $1,308.15 
19084594000A	(LED-19E) LED CCTV Monitor, 19 in.	 $1,312.61 
11046366000A	(LED-R) Keypad Housing, Models 692, Red	 $17.81 
19047606000A	(LINC-PLUS) Linc-PLUS base software package	 $10,687.95 
19042859000A	(LINKSYS EZXS88W) EtherFast 8-port 10/100 switch	 $101.04 
49239380000A	(LM358DRG4) IC,OP Amplifier,9mV,G,SOIC-8,SMD	 $0.80 
19071332000A	(LNL CTX-6) Large Enclosure	 $328.86 
19085007000A	(LNL-1100-20DI) Input Control Module; 12 VDC; 20 zone input module RoHS	 $1,325.11 
19083932000A	(LNL-1320-2RP) Dual Reader Interface Module (Supports Wiegand; Magstripe; F2F; Supervised F2F Rdr).   12/ VDC; 2 Rdr interface;4 unsupervised inputs;	 $1,325.11 
19083933000A	(LNL-1320-S2RP) Dual Reader Interface Module (Supports Wiegand; Magstripe; F2F & SF2FRdr) 12 VDC; 2 Rdr interface; 4 supervised inputs	 $1,325.11 
19071331000A	(LNL-CTX)  Small Enclosure	 $178.14 
19055229000A	(LP-CS) Clam Shell style prox badge, w/ laser etched card number, 26 bit default format (others available), pre-punched in portrait orientation, min. order qty of 100	 $5.15 
19074712000A	(LS 14500/700060) AA CELL LITHIUM - PERIPHERALS BATTERY	 $13.75 
TP820594001B	(LSC) VERSION 2.1.0 OPR GUIDE	 $5.40 
19069182000A	(LTC 0465/21) Camera, 1/3 Inch True Day/Night, 540 TVL, 12VDC/24VAC	 $668.68 
19064058000K	(LTC 0485/21) Camera, 1/3 in. hi-res color, 540 TVL, DSP, 12VDC/24VAC, high sensitivity	 $818.59 
39016909000B	(LTC 0485/21) Camera, 1/3 in. hi-res color, 540 TVL, DSP, 12VDC/24VAC, high sensitivity	 $794.75 
19073683000A	(LTC 3664/31) CS LENS, 1/3-INCH, 3 TO 8MM, IR CORRECTED, DIRECT DRIVE, 650 TVL, F/1.0 TO F/360, 4 PIN	 $155.25 
19055627000A	(LTC 5231/90) Distribution amplifier, 1 input, 4 outputs, half rack, 120VAC, 60 Hz	 $424.11 
19055628000A	(LTC 5234/90) Distribution amplifier, 4 input, 12 outputs (3 per unit), half rack, 120VAC, 60 Hz	 $989.58 
19047209000A	(LTC 5414/60) Power supply, 4 camera, 120VAC, 60 Hz input, 24VAC, 12VA isolated each output	 $376.36 
19064060000K	(LTC 5416/60) Power supply, 16 camera, 120VAC, 60 Hz input, 24VAC, 10.5VA each output	 $366.96 
19047210000A	(LTC 5418/60) Power supply, 8 camera, 120VAC, 60 Hz input, 24VAC, 12VA isolated each output	 $537.66 
19047449000A	(LTC 8059/00) Allegiant master control software package, windows 95/NT-based	 $832.71 
11045461000A	(LTC 8100/90) Allegiant Matrix Switcher, 8 Looping Inputs X 2 Monitor Outputs, Bi-phase Outputs & Alarm Contacts, 120-230 VAC, 50/60HZ.	 $1,370.25 
11045462000A	(LTC 8200/90) Allegiant Matrix Switcher, 16 Looping Inputs X 5 Monitor Outputs, Bi-phase Outputs & Alarm Contacts, 120-230 VAC, 50/60HZ.	 $1,637.17 
11045463000A	(LTC 8300/90) Allegiant Matrix Switcher, 32 Looping Inputs X 6 Monitor Outputs, Bi-phase Outputs & Alarm Contacts, 120-230 VAC, 50/60HZ.	 $3,631.17 
19047406000A	(LTC 8505/60) Spare power supply for LTC 8501/60 bay, 120VAC, 60 Hz	 $1,918.35 
19047466000A	(LTC 8506/00) Cable, PC to console port, for Allegiant Systems	 $123.33 
11045464000A	(LTC 8508/01) Cable, 34 Pin Ribbon by 16 Male BNCs	 $274.05 
19047407000A	(LTC 8511/00) Spare CPU module for LTC 8501 bay	 $2,411.64 
19064061000K	(LTC 8521/00) Video input module for LTC 8500, 8 video inputs per card	 $508.09 
19047392000A	(LTC 8540/00) Alarm interface, 64 alarm inputs, 8 relay closures	 $1,370.25 
19064062000K	(LTC 8555/00) Compact full function keyboard, variable speed joystick	 $1,961.79 
11045465000A	(LTC 8555/02) Keyboard, Compact Full Function, Variable Speed Joystick, Zoom Lens Control, RS232 Protocol	 $2,192.40 
39016642000A	(LTC 8560/60) Receiver/driver, 120VAC pan/tilt voltage, 120VAC supply, no auxiliaries, 60 Hz	 $1,000.29 
39016643000A	(LTC 8561/60) Reciver/driver, 120VAC pan/tilt voltage, 120VAC supply, w/ auxiliaries, 60 Hz	 $1,575.79 
39016644000A	(LTC 8562/60) Receiver/driver, 24VAC pan/tilt voltage, 120VAC supply, no auxiliaries, 60 Hz	 $1,000.29 
39016646000A	(LTC 8563/20) Receiver/driver, 24VAC pan/tilt voltage, 24VAC supply, no auxiliaries, 50/60 Hz	 $1,000.29 
39016647000A	(LTC 8564/20) Receiver/driver, 24VAC pan/tilt voltage, 24VAC supply, w/ auxiliaries, 50/60 Hz	 $1,575.79 
39016645000A	(LTC 8566/60) Receiver/driver, 24VAC pan/tilt voltage, 120VAC supply, w/ auxiliaries, 60 Hz	 $1,575.79 
19064064000K	(LTC 8568/00) Signal distribution unit, 32 separate biphase outputs	 $1,044.41 
19047399000A	(LTC 8571/60) Code merger, allows 2 biphase devices to control 64 outputs, 120VAC, 60 Hz	 $2,589.78 
19064065000K	(LTC 8601/60) Allegiant CCTV Switching Bay, CPU & power supply, 120VAC, 60 Hz	 $4,629.25 
11045466000A	(LTC 8610/01) CPU Module for  LTC 8601/60 Matrix Switch Bay	 $4,494.42 
19047393000A	(LTC 8712/60) Allegiant console port expander, half rack, 120VAC, 60 Hz	 $1,685.41 
19047394000A	(LTC 8713/60) Alarm port expander for up to 4 LTC 8540/00 units, half rack, 120VAC, 60 Hz	 $1,685.41 
19047395000A	(LTC 8714/60) Keyboard port expander for up to 8 allegiant keyboards, half rack, 120VAC, 60 Hz	 $1,918.35 
19047396000A	(LTC 8715/60) Port expander for multiple LTC 8714/60 units, half rack, 120VAC, 60 Hz	 $1,685.41 
39016649000A	(LTC 8768/00) Signal distribution unit, 64 separate biphase outputs	 $1,452.47 
19047405000A	(LTC 8770/60) Switcher/follower unit, 24 relay contact, half rack, 120VAC, 60 Hz	 $1,356.55 
19047403000A	(LTC 8785/60) Data converter unit, converts VAR, speed code to fixed spped code, 120VAC, 60 Hz	 $1,644.30 
19047444000A	(LTC 8802/60) Monitor expansion bay & data receiver module, for LTC 8800, 120VAC, 60 Hz	 $8,755.90 
19047467000A	(LTC 8808/00) Video interconnect (patch) panel, for 8200, 8300, 9600, 8800, 8900 systems	 $548.10 
19047469000A	(LTC 8809/00) 16 conductor ribbon cable, for 8100, 8200, 8300, 8600, 8800, 8900 systems, 6 ft.	 $268.16 
19047468000A	(LTC 8809/01) 16 conductor ribbon cable, for 8100, 8200, 8300, 8600, 8800, 8900 systems, 3 ft.	 $254.04 
19049451000A	(LTC 8809/02) 16 conductor ribbon cable, for 8200, 8300, 8600, 8800 & 8900 Systems, 10.5 feet long	 $342.57 
11045484000A	(LTC 8810/01) CPU Module for LTC 8800 Series Matrix Switch	 $7,029.39 
11045485000A	(LTC 8816/01) Date Receiver Module	 $5,645.43 
19047445000A	(LTC 8821/00) Video input module for LTC 8800, 32 video inputs per card	 $3,562.65 
19064066000K	(LTC 8834/00) Video output module for LTC 8600 & 8800, 4 video outputs per card	 $2,159.38 
19047147000A	(LTC 9083/01S) Sunshield, for LTC 9480 series housings	 $54.05 
11045488000A	(LTC 9210/01) Mount, Column, 8-Inch, 20 lb. Max Load, Feed Thru Option, Indoor \ Outdoor, Light Gray	 $68.52 
19083152000A	(LTC 9213/01) POLE MOUNT ADAPTOR WITH STAINLESS STEEL STRAPS FOR WALL MOUNTS (SUGGEST USING TC9311PM3T BANDING TOOL)	 $79.06 
19047300000A	(LTC 9303/01) Housing, max security, corner mtg, w/ key lock	 $424.78 
19047311000A	(LTC 9312/00) Dome housing, indoor, 12 inch, tinted, drop ceiling mount	 $246.65 
19047310000A	(LTC 9348/00) Dome housing, indoor, 8.5 inch, tinted, ceiling mount, metal backbox	 $268.16 
19047150000A	(LTC 9384/00) Sunshield, for LTC 9384 & 3 inch pressurized housings	 $95.92 
19047151000A	(LTC 9385/00) Sunshield, for LTC 9385 series housings	 $109.62 
19047132000A	(LTC 9385/20) Housing, outdoor (NEMA 4), 4.5 inch dia. & camera/lens up to 13.5 inch, 24VAC, 50/60 Hz	 $753.64 
19047301000A	(LTC 9405/01) Compact housing, max security, wall or ceiling mount, 0.37 iinch view window, w/ key lock	 $356.27 
19047313000A	(LTC 9480/20) Housing, outdoor (NEMA 4) for camera/lens to 7 inch, 3 inch dia., 24VAC, 50/60 Hz, heater	 $164.43 
19047322000A	(LTC 9488/20) Housing, outdoor (NEMA 4) for camera/lens to 14 inch, 24VAC, 50/60 Hz, heater	 $301.46 
19047325000A	(LTC 9488/61) Housing, outdoor (NEMA 4) for camera/lens to 13 inch, 120VAC, 60 Hz, heater/blower	 $342.57 
19064063000K	(LTC8557/60) Kit for Remote Keyboard, Up to 5000 Feet, 120VAC, 60HZ.	 $225.82 
19071283000A	(LTN-COAX) Lightning Surge Protection	 $150.73 
19071284000A	(LTN-COAX-CAP) Lightning Surge Protection Cap	 $68.52 
19081937000A	(LVF-5000C-D0550) 5mm- 50mm f/1.6 Zoom Lens for CS Mount	 $562.55 
19083154000A	(LVF-5000C-D0550) 960H 1/3-INCH, 5 TO 50MM, DC-IRIS, CS-MOUNT, F1.6, IR-CORRECTED	 $217.13 
19083156000A	(LVF-5003N-S3813) 3 MEGAPIXEL C LENS, 1/2-INCH, 3.8-13MM, SR-IRIS	 $219.05 
19083157000A	(LVF-5005C-S0940) 5 MEGAPIXEL CS LENS, 1/2.5-INCH, 9-40MM, IR-CORRECTED, SR-IRIS	 $427.12 
19083158000A	(LVF-5005C-S1803) 5 MEGAPIXEL CS LENS, 1/2.5-INCH,1.8-3MM, IR-CORRECTED, SR-IRIS	 $427.12 
19079764000A	(LX-802N) EXTERIOR MOTION DETECTOR WITH BRACKET	 $203.10 
19074843000A	(M/E-PSW-FX-02) 10/100 Bridging Mini Stand-Alone Media Converter 10/100BASE-TX (RJ-45) [100 m/328 ft.]  to 100BASE-FX 1300nm multimode (ST) [2 km/1.2 miles]	 $389.38 
19080735000A	(M2KP-4DRKIT500B-ML 676) M2000 4 Door Kit - (1) M2KPXNplus 110Vac, (4) M/R-J Boxes, (4) T520SW Readers black Mullion USA elect box mount	 $4,676.66 
11047214000A	(M3514-MP) Lens, 2/3" 35mm f1.4 w/locking iris & focus, megapixel	 $271.31 
19083618000A	(M452P) Double Maglock 1200LB, 12/24V, Aluminum	 $1,937.97 
11047215000A	(M7528-MP) Lens, 2/3" 75mm f2.8 w/locking iris & foucs, megapixel	 $353.53 
19083402000A	(M9003-189)Resin Black Only Ribbon (300, Sprinter and Turbo printers)	 $381.07 
19042893000A	(M9004-761 Med) Medium 10 cards/2 pens/3 cleaning rollers	 $64.86 
19042888000B	(M9005-753) Key only	 $411.08 
19042888000A	(M9005-762) Holokote set up and key, custom logo	 $904.37 
19042892000A	(M9005-772) 5 tacky rollers - cleaning system	 $63.24 
19042891000A	(M9005-794) Printhead assembly	 $1,149.09 
19042892000B	(M9005-M946) Bulk - 10 per pkg.	 $21.90 
19058756000A	(MA1417GR) Monitor mount for 14 to 17 inch monitors	 $268.83 
TP820597001B	(MAC) 2.3.0 OPERATING GUIDE	 $5.40 
TP820853001B	(MAC) 2.3.0 XApCOM PLUS VER 2.1.0 OPR GUIDE	 $5.40 
19084998000A	(MAG-212-12-SMA-M) 8dB (10dBi) Military Grade Mag Mount Cellular Broadband Antenna SMA-M	 $162.47 
19080060000A	(MB1) Flush Mounting Box	 $71.18 
19074701000A	(MB601) MOUNTING BRACKET FOR DCV 651: 2IN. - 6IN. KIT	 $38.30 
19048237000A	(MC1600WT) Wall/ceiling camera mount, white	 $14.18 
11047251000A	(MC2-120-FPS-UPG) System filed upgrade license for 120 FPS from 60FPS	 $295.97 
11047252000A	(MC2-180-FPS-UPG) System filed upgrade license for 180 FPS from 120FPS	 $438.48 
11047254000A	(MC2-HR-UPG) High resolution field upgrage license	 $295.97 
11047255000A	(MC2-UP-CAM2) Upgrade license for additional two camera inputs (where supported)	 $479.59 
11047256000A	(MC2-UP-CAM4) Upgrade license for additional four camera inputs (where supported)	 $1,027.69 
11047248000A	(MC2-VCL-UPG) Vid-Center field upgrade license for multi-system connectivity - microDVR II	 $235.68 
LXMCRRTUHR00	(MCR-RT-UG-HR) Field upgrade to high res imaging (640x480): Must recalculate storage requirements (field upgrade)	 $783.00 
LXMCRRTUMOT0	(MCR-RT-UG-MOT) Field upgrade - motion option: For installed retail microDVR units only	 $391.50 
19074583000A	(MCS16-10SB) Indoor muliple power supply, 120/240 VAC input, 16 fused 24/28 VAC outputs, power swith / LED, circuit breakers	 $546.42 
19068581000A	(MCS16-20SB) Camera power supply, 120V IN - 24 VAC OUT, 16 outputs @ 20 AMP total, self resetting	 $565.80 
19074024000A	(MCWB-2.9N) 1/3 Inch Color mini, 600TVL WDR, 2.9mm DC, D/DN, 12VDC	 $534.38 
19064010000A	(MCW-S\A) Desk Stand for Video Monitor Station, Adjustable 45/60 Degrees	 $50.04 
19083847000A	(MD4-DP12) 12 in. Drop Pipe	 $32.94 
19083846000A	(MD4-DPBP) Drop Ceiling Backer Plate	 $54.17 
19083848000A	(MD4-DPP) Drop Pipe Plate (Threaded)	 $41.18 
19083845000A	(MD4-PC) Pendant Cap, Black	 $32.94 
19081963000A	(MD4-PWM US Bank) Pendant Wall Mount for Indoor MiniDomes	 $54.17 
19080071000A	(MD4-PWM) Wall Pole Mount / Pendant Cap	 $58.34 
19084189000A	(MD4SN28V10WD) 4 Inch Indoor Dome, Color, Wide Dynamic, Day/Night, AI/VF 2.8-10mm, 12VDC/24VAC, Casing Color Black	 $439.20 
19069502000A	(MD4SN9V22WDRS) 4 INCH INDOOR DOME,COLOR,WIDE DYNAMIC,DAY/NIGHT,AI/VF 9-22MM,12VDC/24VAC	 $507.00 
19068007000A	(MDC-3.6N) Dome, Std-Res Day/Night, 3.6mm, Indoor, Surface Mount, 330 TVL, 12VDC, White Housing	 $115.10 
19068008000A	(MDCH-3.6N) Dome, Hi-Res Day/Night, 3.6mm, Indoor, Surface Mount, 480 TVL, 12VDC, White Housing	 $180.87 
19073906000A	(MDCH-39NA-II-BL) 540 TVL Color Dome, Digital D/N, 3-9mm, 12VDC/24VAC, Black	 $403.57 
19068006000A	(MDCH-IR3.6N) Dome, Hi-Res Day/Night, 3.6mm, Indoor/Outdoor with 24 LED IR for up to 50 feet, Surface Mount, 480 TVL, 12VDC, White Housing	 $208.28 
19068005000A	(MDC-IR3.6N) Dome, Std-Res Day/Night, 3.6mm, Indoor/Outdoor with 24 LED IR for up to 50 feet, Surface Mount, 330 TVL, 12VDC, White Housing	 $172.66 
19070845000A	(MDCL-25) Composite Lead with plug for power/data/video	 $438.94 
19083915000A	(MDOME10XHD) Compact Indoor/ Outdoor PTZ IP Camera, True Day/ Night	 $1,100.05 
19071387000A	(MDPS-115) Power Supply 115VAC	 $945.48 
19082566000A	(MDR-60-48) Mean Well Power, 48V, 1.25A, DIN Rail Mount	 $164.70 
19070089000A	(MFC-A) Multifunction Fire Cabinet, 8 Inch X 14 Inch X 3.5 Inch, RED, Supports (1) -MP1, (2) - MP2 or -MP2L, or (1) URSM, -UIO2R, UIO6, UIO6R, -REL	 $143.29 
19070979000A	(MFM611-10) Master handset	 $344.74 
19071674000A	(MG1RT-FIRE)GENESIS 1 GANG TO 4 IN TRIM,W/FIRE MARKING	 $8.52 
19070981000A	(MISC99) Sheet Metal Vario	 $150.82 
19068582000A	(MM1000) Mount, Universal wall mount for 9" and 12" monitors. Adjustable horizontally and vertically. Supports up to 40 lbs.	 $148.04 
19068583000A	(MM22) Mount, Ceiling \ Pedestal for medium duty housings up to 40 lbs.	 $97.34 
19047195000A	(MM3000) Monitor mount, ceiling, for LTC 2009, 2012, 2910	 $164.43 
19071037000A	(MOW-80) Receptacle for Master	 $68.95 
19066144000A	(MP2A) 1/2" 2 Megapixel CS-Mount IP Camera, with A/I input, POE	 $1,603.20 
19071438000A	(MP-31)POLISHED CHROME PLATED BRASS PLATE 1.25 IN W X 2.25 IN LONG .250 DIA BLUE LED,OPERATES ON 12 OR 24 VDC LED CURRENT	 $34.79 
19066141000A	(MP3DN) 1/2" 3 MP, H.264 or MJPEG, CS Mount, POE, True D/N	 $1,726.52 
19066145000A	(MP5A) 1/2" 5 Megapixel CS-Mount IP camera, POE	 $1,877.25 
19066142000A	(MP5DN) 1/2" 5 MP, H.264 or MJPEG, CS Mount, POE, True D/N	 $1,863.54 
19071260000A	(MPI-11) Siren Driver	 $49.64 
19068211000A	(MPL15-50) - 3 Mega Pixel Rated Lens, 15-50mm, F1.5 for Verints Mega Pixel Body Cameras	 $411.08 
19068210000A	(MPL2.8-12)  - 3 Mega Pixel Ra	 $279.53 
19081558000A	(MPL3.3-12) 3.3-12mm varifocal day/night megapixel rated lens	 $150.98 
19082031000A	(MPL3312A) Varifocal 3.3-12mm, 1/2.5, f1.4 CS-mount, IR corrected	 $255.26 
19071627000A	(MPLS) Mounting Plate Bracket, Single Gang Box, Low Voltage	 $4.19 
19042138000A	(MPU416L) Latching Display Micro for FA416D, FA416DR and FA464DR	 $19.57 
19068585000A	(MR3000) Mount, for use with 9" to 14" monitors with 10.125" to 16.25" width and 11.5" to 17.62" height.	 $196.71 
19068586000A	(MR3050) Mount, for use with 14" to 19" monitors with 14" to 21" width and 15" to 20" height. Supports up to 65 lbs. Adjustable horizontally and vertically.	 $271.75 
19068587000A	(MR4050) Mount, for 19-31 inch monitor, ceiling or wall mount, adjustable, supports up to 150 lbs.	 $346.79 
19068588000A	(MRCA) Ceiling adapter for domes and MR3000, MR3050, MR4000 and MRU monitor mounts.	 $64.89 
19068010000A	(MRIB) MATCH Reader Interface Board Accepts up to 2 Readers & 2 ScramblePads for dual technology entry & exit control of 1 door	 $319.79 
19073576000A	(MSS-K22) Surface Mount Contact - Open-Loop , 1/2 Inch Gap, 2 1/2 Inch L X 1/2 Inch W X 1/2 Inch H, Terminals, Screw Mounting	 $21.96 
19069524000A	(MT-HC) Height Strip L-Bracket, Turn Unit 90 Degrees Left or Right, White	 $93.39 
19070830000A	(MV99p-30) Multiplexer, Multivision Pro, duplex, 9 chnl, color, 512x464, 120 VAC, NTSC	 $4,772.77 
AA000135000I	(MVS) INSTALLATION MNL	 $134.10 
PLMX4009CS00	(MX4009CS) Multiplexer, Color, Simplex 9-channel, Looping Inputs, 2 Monitor Output, NTSC, 120V.	 $2,670.83 
11044179000A	(N) Power Transfer Device (Keedex / K-DLA) Standard HDW	 $41.28 
19073636000A	(N2-1000)NET II OR MICRO II 1000GB SINGLE (1X)FORMATTED DRIVE FOR NON RAID SYSTEMS	 $636.84 
19067798000A	(N2-FRU-R1) NetDVRII Field Replacement Unit - RAID	 $9,043.65 
19063839000A	(N2-LPB) Local Playback for netDVR II	 $123.33 
19063842000A	(N2-PTZ-UPG) Enable PTZ control for a netDVR II	 $137.03 
19083788000A	(N2-UG-CAM-4) Field upgrade for additional 4 video inputs	 $331.16 
19073440000A	(N7703)9V POWER SUPPLY FOR 5839 KEYPAD	 $30.11 
19082561000A	(NB141207-1HF) 14x12x7 Inch 120VAC Weatherproof Enclosure Fan/Heater Controller	 $621.80 
19082560000A	(NB181608-1HF) 18x16x8 inch 120VAC Weatherproof Enclosure w/Heater and Cooling Fan	 $945.63 
49239371000A	(NCP5359DR2G) IC,MOSFET Driver,G,SOIC-8,SMD,PWM cntrl driver	 $3.83 
49239370000A	(NCP5392MNR2G) IC,PWM Controller,G,QFN-40,SMD,Fan Cntrl PWM	 $12.01 
19083796000A	(NE-24 Blue) 57mm Continuous LED	 $137.22 
LXNFNATMSER0	(NET-FN-ATM-SER) 25-pin data tee for each serial ATM interface for Financial netDVR, serial ATM interface (1 per ATM)	 $261.00 
LXNETFNYFLP1	(NET-FN-ATM-YELP-1) One DTE/DCE single circuit serial ATM interface for BB&T. 1 ATM Y flip interface for Financial netDVR, 25 foot interface	 $522.00 
LXNETFNUGASE	(NET-FN-UG-ATM-SER) Additional Serial ATM interface (field upgrade for Financial netDVR): price per additional muti-circuit 25-pin data tee interface, sr-16 required	 $261.00 
19069432000A	(NETWAY1) PoE Injector for IP Extender	 $97.04 
19083160000A	(NIN-733-V03PS) FLEXIDOME HD 720p60 starlight VR 3-9MM SR-LENS, SDXC CARD SLOT, SMB	 $1,401.74 
MSN89973000A	(NLA)          DECAL,5/8WX6 7/	 $2.66 
19073799000A	(NP7-12) 12VDC 7AH battery sealed lead acid	 $35.66 
19071873000A	(NR8P)  CEILING INTERCOM SPEAKER	 $83.50 
11044070000A	(NRXENC) Metal Enclosure w/Tamper	 $219.24 
19071236000A	(NT-BK125LWH) NuTone Two-note Door Chime	 $45.58 
49239381000A	(NTD4806NT4G) MOS N,30V,76A,9.4m@4.5V,G,TO252-3,SMD	 $7.64 
49239382000A	(NTD4809NHT4G) MOS N,30V,58A,12.5mOhm@Vgs=4.5V,TO-252-3,G	 $2.67 
19071234000A	(NT-PB12NWH) NuTone Doorbell Button	 $12.33 
19065278000A	(NV-1642) 16 channel active hub, for rack mount application, signal up to 1500 feet with passive or 2000 feet with active transceiver, includes power supply	 $3,425.63 
19065286000A	(NV-16PS10-PVD) 16 channel power supply integrator hub, power, video & data via UTP & RJ45, selectable 24V or 28V	 $1,403.14 
19065289000A	(NV-16PS13-PVD) 16 channel passive receiver hub, power, video & data via CAT5e, selectable 24V or 28V	 $3,288.60 
19065273000A	(NV208A-M) Passive transceiver - up to 750 ft w/ passive receiver or 3000 ft w/ active receiver/ hub, transient protection	 $64.86 
19065283000A	(NV-216A-PV)  Single channel power & video transceiver via UTP & RJ45	 $95.92 
19065284000A	(NV-226J-PV)  Single channel power & video transceiver via UTP & RJ45, converts 24V to 12V	 $137.03 
19065276000A	(NV-3213S) 32 channel passive transceiver hub, for rack mount application, signal up to 1000 feet w/ other passive transceivers or 3000 feet with active receiver	 $2,521.26 
19065282000A	(NV-3272) 32 channel active receiver hub, up to 3000 feet w/ passive transceiver and 1 mile with active transmitter	 $10,139.85 
19065285000A	(NV-4PS10-PVD) 4 channel power supply integrator hub, power, video & data via UTP & RJ45, selectable 24V or 28V	 $479.59 
19065290000A	(NV-4PSRMBK) Rack mount kit for NV-4PS13-PVD	 $79.48 
19065274000A	(NV-813S) 8 channel passive transceiver hub, for rack mount application, signal up to 1000 feet w/ other passive transceivers or 3000 feet with active receiver	 $630.32 
19065277000A	(NV-842) 8 channel active hub, for rack mount application, signal up to 1500 feet with passive or 2000 feet with active transceiver, includes power supply	 $1,712.82 
19065288000A	(NV-8PS13-PVD) 8 channel passive receiver hub, power, video & data via CAT5e, selectable 24V or 28V	 $1,644.30 
19065291000A	(NV-BNC-8) Coax jumper cables 2 feet long, (package of 8)	 $79.48 
19083125000A	(NV-EC1701U-KIT1) Ethernet over 2-Wire Transmission System; (2) NV-EC1701U, (1) NV-PS48-60W	 $1,158.39 
19065292000A	(NV-RJ45A) RJ45 \ screw terminal block adapter (package of 2)	 $10.81 
19049802000A	(NV-RM8/10) Rack panel kit, supports up to (10) individual or (2) 4-port transsceivers	 $87.70 
19065293000A	(NV-WMBK) Wall mount bracket for Hubs	 $79.48 
19066628000B	(NX-148E-RF) 192-Zone Prog LCD Keypad w/Int 48-Zone Wireless Receiver	 $201.55 
19066629000B	(NX-590E) Network Module The NX-590E Network Ethernet Module and Osborne-Hoffman Network Receiver	 $477.51 
19063490000A	(O6-IGP1W) White wall plate for V33 saf-T-Sync Guardian light	 $4.78 
19064424000A	(O6-IVSLM12G) Duress lamp 12 VDC green	 $33.44 
29014271000A	(OA1202) 120 foot optical array module for DS794	 $28.50 
19083914000A	(OA-72CS) Ceiling Mount PIR, Recessed Mount, 12/ 24V	 $738.38 
19083324000A	(OAMAP30)OP30/OS30 SINGLE GANG ADAPTER PLATE	 $43.59 
19084715000A	(OBE-17-IBA) EVO Mini pendant mount with back box, black	 $363.74 
19084716000A	(OBE-17-IWA) EVO Mini pendant mount with back box, white	 $363.74 
19081219000A	(OC8) 8 output relay board for output expansion on AD500R or AD500W	 $619.00 
29014272000A	(OLB913) Barrier lens for DS915	 $14.03 
29014273000A	(OLC913)  Dualcorridor lens for DS915	 $14.03 
29014276000A	(OLMB773) Wide angle lens for DS915	 $14.03 
29014274000A	(OLR913) Long range lens for DS915	 $14.03 
29014275000A	(OLR943) Long range barrier lens kit	 $14.42 
29014277000A	(OMB773) Barrier lens for DS775/776Z/777Z	 $15.68 
29014278000A	(OMLR773) Long range lens for DS775/776Z/777Z	 $14.85 
11065339000A	(OM-SBUX-4CSV)Genetec SV-16 Network Security Appliance with 4 camera connections 160GB Hard drive.? esdmanufacturing@diebold.com	 $3,069.36 
11065340000A	(OM-SBUX-5CSV)Genetec SV-16 Network Security Appliance with 5 camera connections 160GB Hard drive.? esdmanufacturing@diebold.com	 $3,069.36 
11065340000B	(OM-SBUX-5CSV)Genetec SV-16 Network Security Appliance with 5 camera connections 500GB Hard drive.  SV-16v2.  esdmanufacturing@diebold.com	 $3,069.36 
19068596000A	(OR-KSST) Connectors for fiber patch panel   ** SERVICE ONLY - USPS **	 $13.67 
19071518000A	(OR-PHD5E6U24) Cat5e Pnl 24P HD CLAR	 $370.95 
19083584000A	(OR-PHD5E6U48) 48 Port Patch Panel	 $672.53 
19071517000A	(OR-TJ5E00) CAT5E JACK INSERT (OFF WHITE)	 $12.83 
19068496000A	(P33  - USPS)  Pendant Kit - mount the AXIS P3343, AXIS P3343-V, AXIS P3344 and AXIS P3343-V on T91A Brackets or on standard 1.5" NPT threaded brackets.  -  SERVICE ONLY  -  USPS	 $80.16 
19084735000A	(P568-006) 6FT HIGH SPEED HDMI DIGITAL AUDIO VIDEO GOLD CABLE	 $22.92 
19066970000A	(P8221) Network I/O and audio module.Eight digital ports configurable as inputs or outputs.Two-way audio - simplex,half or full duplex.Built-in pre-amp,Line and speaker output.Serial port RS-232/422/485.PoE enabled	 $696.09 
PLPA40200000	(PA402) Pole adapter for LWM41 Legacy, IWM or IWM24 wall mounts for Legacy and Intercept series or Spectra and DF5 pendant series. Minimum pole diameter - 3 inches	 $60.30 
19069516000A	(PAC-A12-OD) Camera & Housing Kit, 1/3 Inch Hyper Dynamic Color, 2.9-10mm, Indoor / Outdoor Mini Housing, 12VDC	 $874.22 
19068873000B	(PAC-D509-OD2HS) Camera Housing Kit, 1/3 Inch Digital Day/Night, 7.5-50mm DC Auto Iris, Housing w/heater & blower, Mount, sunshield & Xfmr  540TVL - Color, 570TVL - B & W, 12VDC/24VAC	 $1,085.24 
19068873000A	(PAC-D509-ODHS) Camera Housing	 $1,022.21 
19083521000A	(PAC-ISDA15TDN-OD2H) ISD-A15TDN, 5.5-50 mm Lens & 15.9" Housing with heater & blower.	 $1,174.86 
19074702000A	(PAN864) MAGNETIC BASE FOR MB 601 MOUNTING BRACKET	 $31.57 
19080661000A	(PAPM374) Pole mount adaptor, silver	 $101.35 
19080379000A	(PAPM3B) Pole mountbracket, without straps, beige	 $111.34 
19080662000A	(PAPM6) Pole Mount Adapter for PWM20G	 $155.58 
49239420000A	(PARADE PS8101QFN48G)IC,B0,G,QFN-48,SMD,Video opto cplr	 $22.86 
19081041000A	(PB4L-2) Pushbutton Stainless w/ LED 1in Stainless Steel	 $153.17 
19083406000A	(PBLK3BLB)Replacement Bulb for PBLK3 Lighting Kit	 $278.48 
19068216000A	(PB-S50FDW)  Pendant Mount Head Junction for Outdoor Fixed Dome S50xxFDW IP Cameras	 $139.77 
19083407000A	(PB-TRI-POD)Tripod for PBCAM14 Camera	 $232.44 
19073589000A	(PC2RK) 2 WIRE HORN/STROBE CEILING STD OUTDOOR	 $122.16 
19047597000A	(PC73) Standard Clamshell proximity card (qty 1) - minimum order quantity of 100	 $4.05 
19047598000A	(PC74) ISO standard printable proximity card (qty 1) - minimum order quantity of 100	 $8.11 
19047599000A	(PC76) Key tag w/out key ring (qty 1) - minimum order quantity of 100	 $6.76 
19070989000A	(PCM 640-0) Power converter module - 24VDC to 12VDC	 $2,577.76 
PLPCM1000000	(PCM100) Integral pre-wired feed-thru wall/ceiling mount for 3500S-2, 3500H-2 and 3600H-2 cameras.	 $75.03 
19080380000A	(PCM484S) Outdoor corner mount bracket for WV-CW & WV-SW series cameras, beige	 $415.38 
19080663000A	(PDM9) Recessed ceiling mount housing for WV-CS584, ceiling tile included	 $155.58 
49239372000A	(PI3PCIE2612-AZFE) IC,Multiplexer,3-3.6V,G,TQFN-56,SMD,PCI MUX	 $11.48 
19080664000A	(PID9) Recessed ceiling mount housing for WV-CS584, low profile	 $349.71 
19044766000A	(PK32) Programming Key - small programming device	 $18.92 
19070932000A	(PK-PH6) Mounting Bracket for the PK-SDI-76XLR	 $124.23 
19080382000A	(PLA22T3DN) 0.33 Inch S-Mount 2.2mm, F=1.2, wide-angle lens	 $184.13 
19080665000A	(PLAHS1770) 1/2 Inch Lens, auto iris, 7-70mm, metal mount	 $272.64 
19080811000A	(PLAMP0550) 1/3 Inch Megapixel lens, 5-50mm, auto iris	 $392.54 
19082295000A	(PLAMP0922) 9-22MM Megalpixel 1/3 Inch Lens	 $231.25 
19080666000A	(PLAMP2808)2.8-8mm, Auto DC Iris F1.2, Megapixel Lens	 $292.62 
19080814000A	(PLAMP2812) 1/3 Inch Megapixel lens, 2.8-12mm, auto iris	 $290.97 
19083585000A	(PLCD19P) 19IN 1280X1024 PREMIUM LCD MONITOR	 $1,918.73 
19068219000A	(PL-S50FDW)  Pole Mount Adapter for Outdoor Fixed Dome S50xxFDW IP Cameras. Fits with the Wall Mount Adapter	 $156.21 
19080387000A	(PLZ15/33) 0.33 Inch C-Mount 15-50mm, F=1.5, vari-focal lens	 $251.77 
19080389000A	(PLZ5/10) 5.0 - 50.0mm vari-focal length, auto iris lens, day/night, aspherical	 $238.37 
19082493000A	(PM2-V33-43FDW) Pendant Mount Adapter for V3320FDW-DN and V4320FDW-DN, terminates 1/4-turn adapter to mate with WM-V5620PTZ wall mount. Not for FD or RD models.	 $145.85 
19071399000A	(PM3)  Pole Mount Adapter	 $153.93 
19068001000A	(PMA1) Pole Mount Adapter for ZC5WM1 & ZC5WM2	 $106.88 
19082551000A	(PMBBU) Pole Mount Bracket for Digital Watchdog Bullet CAMS	 $63.11 
19073716000A	(PMCL-19ARM)RACK MOUNT KIT FOR 19 IN MONITOR	 $158.18 
19083543000A	(PMCL524BL) 24 in. 1080p Industrial LED Monitor	 $1,421.91 
19065848000A	(PMCL547F) Monitor, 47" HDTV LCD, 1920 X 1080, DVI, Looping BNC, RGB, S-Video, Picture In Picture, Audio, 5MS Response	 $6,073.77 
19061798000A	(PMCL-V100) Adapter plate, VESA FDMI 100mmx100mmX100mm (converts to 100mmX100mm hole pattern)	 $99.37 
19065850000A	(PMCL-WMF) Mount, Flat Wall Mount for 42,47,52 Full HD Monitors	 $253.49 
19065851000A	(PMCL-WMTF) Mount, Tilt Wall Mount for 42,47,52 Full HD Monitors	 $354.90 
19058602000A	(PMCL-WW) Wall mount for ALL Pelco LCD flat panel monitors	 $139.92 
19073381000A	(PM-S50FD) Pendant Mount adaptor to connect to a standard 3/4in NPT pipe	 $169.18 
19071243000A	(PN-336FPMC06) 20 Inch Flat Screen Camera Monitor Mount Combo	 $207.57 
19083919000A	(POE-24-12W-G) POE Adapater	 $29.34 
19080390000A	(POH1000) 10 Inch Outdoor bullet style housing, includes wall mounting bracke	 $215.54 
19074686000A	(PP1) 4 D-CELL LITHIUM BATTERIES LSH 20 (NOTE: D-CELL LITHIUM BATTERIES MUST INCLUDE $100.00 SHIPPING CHARGES WHEN SHIIPING VIA AIR)	 $168.49 
19068589000A	(PP350) Mount, Outdoor Parapet Wall Mount for Spectra and DF5 domes	 $685.46 
PLPP35000000	(PP3500) Parapet wall mount for Spectra/ DF5 outdoor domes	 $565.80 
19074687000A	(PP4) 12V DCPOWER ADAPTER W/ 4 E95 VP	 $47.76 
19068590000A	(PP450) Mount, Outdoor Parapet Wall Mount for DF8 domes	 $736.16 
19080394000A	(PPM484S) Outdoor pole mount bracket for WV-CW & WV-SW series cameras, beige	 $376.83 
19080671000A	(PPRM30G) Parapet Mount for POD7C (inside wall)	 $887.84 
19080672000A	(PPRM30GB) Parapet mount bracket with extension, beige	 $887.84 
19068217000A	(PP-S50FDW) Pendant Mount Pipes Kit for Outdoor Fixed Dome S50xxFDW IP Cameras. Includes 6 X 9.25in (235mm) pieces	 $49.33 
19071259000A	(PR-H508PW) Security Siren	 $31.52 
19072151000A	(PRI 602-01USB) Programming interface for USB	 $900.07 
19083390000A	(PRIMA/007)Retransfer film for Prima 2e series (PRIMA/100 and PRIMA/101) only printer 1000 images	 $964.83 
19083388000A	(PRIMA402)Prima 4 Duo - Reverse Transfer Printer - Double-sided	 $22,105.43 
19083389000A	(PRIMA452)Prima 4 Inline Laminator - Double-sided	 $16,071.20 
19080658000A	(PRMK08) Rack-mount kit for PLCD8C monitor	 $168.44 
19080114000A	(PROXTG-BK) PROX TAG FOR PROX KEYPAD, BLACK. ALSO AVAILABLE IN GRAY	 $13.70 
19071239000A	(PR-TV4WX) Indoor Camera Mount - White	 $20.25 
19068221000A	(PS122) 12 VDC ENERGY STAR qualified power supply for S5000 Series, NA, EU or UK fit	 $38.37 
19080272000A	(PS24) 24 VOLT POWER SUPPLY	 $321.14 
19068225000A	(PS2440-EU) - Power supply; 220V IN; 24V AC OUT; 1.5A; 50Hz; DESKTOP (BUILT-IN POWER CORD); Europe; CE, GS; ROHS	 $49.33 
19068226000A	(PS2440-UK) - Power supply, 220V IN, 24VAC OUT, 1.5A, 50Hz, DESKTOP (BUILT-IN POWER CORD), United Kingdom; CE, GS; ROHS	 $49.33 
19042743000A	(PS-24CT-T) 24VAC center tap power supply - 400 MA	 $67.57 
19065860000A	(PS-24VA6A-PB) Power supply that converts 120VAC to 24VAC, 6Amp output, includes 6 foot power cord and metal box	 $189.10 
19071124000A	(PS-3005) Power Supply, 5VDC - 3AMP Din Rail	 $167.86 
19080035000A	(PS48VDC-38A-US) POWER SUPPLY 48V DC and 380MA	 $56.25 
19067594000A	(PSD100) Audio Sound Discrim / White	 $152.35 
19068222000A	(PSPOE) - Power over Ethernet injector for IP cameras.	 $164.43 
19068224000A	(PSPOE-EU) - Power over Ethernet Injector for IP camera with EU power cord	 $164.43 
19068223000A	(PSPOE-UK) - Power over Ethernet Injector for IP camera with UK power cord	 $164.43 
19080673000A	(PSRCW2000B) Bracket, Rooftop Parapet Mount, HD, Black	 $809.33 
19046617000B	(PSU-T-18V40VA) Pacom Transformer Power Supply 120V/18V/40VA+C640	 $24.57 
19084626000A	(PSW-5)1000MA (1 AMP) 12VDC POWER SPLY	 $36.21 
19042895000G	(PVC card CR100) - 30 mil PVC blank cards/100 CR100	 $25.68 
19042895000D	(PVC card) - 30 mil PVC gold holopatch cards/100	 $80.02 
19042895000E	(PVC card) - 30 mil PVC HiCo holopatch cards/100	 $131.54 
19042895000F	(PVC/A card) - 14 mil adhesive-back gold holopatch card/100	 $106.88 
19042895000B	(PVC/A card) - 30 mil 60/40 PVC/POLY blank cards/100	 $60.27 
19042895000C	(PVC/A card) 0 30 mil 60/40 PVC/POLY HiCo mag cards/100	 $83.03 
19069202000A	(PVM-26CH211) Public View Monitor, 26" LCD, Hi-Res Color Camera, 2.8-11mm, Black Metal Construction, Remote, 1366x768, Picture in Picture, HDMI, VGA, BNC Looping, VESA Mount, Power Adapter Included	 $1,677.19 
19083322000A	(PW5K1CVT1)RS232 to RS485 Converter	 $951.12 
19083321000A	(PW5K1DCC)PW-Series Daisy Chain Cable Use with PW5K2ENC1 and PW5K2ENC2	 $275.02 
19083318000A	(PW5K1ENC3)PW-Series Remote Enclosure includes plug-in 110V Transformer, Power Supply and Battery	 $905.28 
19083319000A	(PW5K1ENC4)Single Reader Enclosure includes plug-in 110V Transformer, Power Supply and Battery	 $538.58 
19083316000A	(PW5K2ENC1)PW-Series High Density Enclosure (Power Supply, Daisy Chain Cable, and Battery not included)	 $790.69 
19083317000A	(PW5K2ENC2)PW-Series High Density Enclosure for 19 in.  rack installations. Power Supply, Daisy Chain Cable and Battery not included	 $790.69 
19083320000A	(PW5K2ENC5)PW-Series High Density Stand Alone Card Rack	 $527.13 
19083323000A	(PW6K2E2PS)Power Supply for PW5K2ENC1 and PW5K2ENC2 high density enclosures	 $1,317.81 
19080674000A	(PWBT1621) Ground Loop Isolation Transformer	 $405.38 
19070893000A	(PW-BT24100) Power Supply, 24VAC, 100AH	 $205.54 
19080675000A	(PWM20GS) Goose neck wall mount bracket, silver	 $202.69 
19080400000A	(PWM484S) Outdoor wall mount bracket for WV-CW & WV-SW Series	 $298.32 
19080676000A	(PWM800) Wall/pole mount bracket, black, medium duty	 $85.64 
19071311000A	(PWR-2955-A) Din Rail Power Brick, 24V	 $813.90 
CHPWS2400000	(PW-S24) 12 VDC/24 VAC power board for all 112 series board cameras	 $68.52 
19070847000A	(Px100-P1) Protocol options; Manchester, bi-phase, Pelco Coaxitron	 $685.13 
19068527000A	(PX2211MW) Monitor,  22 Inch Wide Screen, 16:10 Ratio WSXGA+ D-Sub 15/HDMI  ** SERVICE ONLY - USPS **	 $724.70 
19081938000A	(PXL2230MW) 21.5in LCD Monitor, 1920 X 1080	 $1,033.71 
19082559000A	(PZM-11LLWR) Weather Resistant PZM 11LLWR Microphone	 $359.57 
PLQD104M0000	(QD104M) Monochrome video processor. Displays full-screen or quad views of four camera inputs. All camera inputs have looping outputs. Also includes five alarm inputs, one per camera, plus one for the quad input. EIA, 120VAC.	 $697.62 
19068932000A	(R2416UL) Power Supply, 16 fused output, 24VAC at 7 amp, UL listed, Rack Mount, CCTV	 $502.20 
19068941000A	(R2432600ULCB) Power Supply, 32 circuit breaker output, 24VAC at 25 amp or 28VAC at 20 amp, UL listed, Rack Mount, CCTV	 $807.98 
19068934000A	(R248ULI) Power Supply, 8 fused output, 24VAC at 12.5 amp or 28VAC at 10 amp, UL listed, Rack Mount, CCTV	 $501.26 
19068914000A	(RA-100Z) REMOTE ANNUNCIATOR	 $35.66 
19067440000A	(RACK-KIT-BX2) Rack Kit for BX2	 $27.41 
19067438000A	(RACK-KIT-DS2) Rack Kit for DS2AD and DS2PD	 $27.41 
19067439000A	(RACK-KIT-SD) Rack Kit for SD	 $27.41 
19072060000A	(RC-ISD2012)Remote Control TOOL  for ISD-A33, ISD-A35, ISD-A14, ISD-A15	 $137.25 
11044421000A	(RDH-6) Housing, 6" flush mount indoor dome for compact CS mount cameras (fits ZC-YHW701N WDR Camera and varifocal lens)	 $216.50 
19082619000A	(RFANTKT-10) RF antenna (900 MHz 6dBi Omnidirectional Antenna ) + Pigtail + 10ft. N-Male to N-Male Coax Cable	 $668.80 
19082620000A	(RFANTKT-20) RF antenna (900 MHz 6dBi Omnidirectional Antenna ) + Pigtail + 20ft. N-Male to N-Male Coax Cable	 $756.31 
19081429000A	(RFDL-11-A) Radion PIR/Microwave TRITECH 35 FT. BY 35 FT. 100 LB Pet Immunity	 $219.60 
19043709000A	(RH1B-U-DC-12V) Heavy duty 12VDC Idec RH series relay	 $13.11 
19071383000A	(RHOSW) Wall Mount, Dome, Ultra (indoor) / Optima (indoor/outdoor) Series	 $260.35 
19071384000A	(RHOWPA) Pole Mount Adapter, Dome, use with RHOSW or RHOLW	 $246.65 
19042884000A	(Rio2 Starter Kit) - 200 PVC Blanks, 1 roll LCI/D, Med Cleaning kit	 $334.34 
19041224001A	(RL)CABLE,10FT SERIAL MODEM	 $0.00 
19068529000A	(RMBM) Adapter to Mount M/E-PSW-FX-01 in the E-MCR-05  **  SERVICE ONLY  - USPS  **	 $62.62 
19070663000A	(RMK-08)  Rack Mount Kit, Tilting 19 Inch for ZM-L8A, ZM-L17/19A, & ZM-L20-HR	 $189.10 
19069719000A	(RMK-201H) Rack mount kit for LCM-201H-DBL monitor	 $84.96 
19071143000A	(RMK-38) 19 Inch Rack Mount Kit	 $95.89 
19070273000A	(RP22-009)ALARM LAMP IN ALARM CONTROLS RP22 SWITCH PLATE	 $245.02 
19081361000A	(RP-29) Alert Light - Satin Stainless Steel Wallplate w/green LED, Single Gang Box	 $38.54 
19071439000A	(RP-36)SINGLE GANG SATIN STAINLESS STEEL WALLPLATE .250 IN DIAMETER BLUE LED,OPERATE ON 12 OR 24 VDC LED CURRENT DRAW 8 MA AT 12 VDC	 $37.29 
19043708000A	(RTM-8P) Relay terminal module - 8 relay sockets on one PC board	 $140.96 
19067067000A	(RTS151) Remote Test Station,Duct Smoke Detector	 $62.90 
19073640000A	(RTS151-KEY)AUTOMATIC FIRE DETECTOR ACCESSORIES DESIGNED TO TEST DUCT SMOKE DETECTORS	 $93.30 
19064017000A	(RY-18L) Relay Door Release Module, Form C, 12-18VDC Input	 $35.30 
19064019000A	(RY-AC) External Signaling Relay, to Connect Doorbell, Buzzer or Other Signaling Device	 $102.64 
19064020000A	(RY-PA) Door Release Relay, 12VDC, Normally Open	 $38.78 
19069439000A	(S1801e-POE) Single Channel PoE Encoder H.264 compact, high performance and high-resolution 1-port video encoder with MicroSD slot (SD card not included) and PoE support (PoE injector not included)	 $1,109.91 
19068107000A	(S1950E-T) MPEG-4 based compact,high resolution encoder with 1 audio input: 12V DC power supply included	 $929.03 
19070125000A	(SA-232) Serial Interface, RS232, 4 Terminal Connections for Supervised / Unsupervised Printers and connections to PC's	 $141.28 
19065919000S	(SA-40X40X10-5) Fans, Chassis	 $8.79 
19065917000S	(SA-60X60X25-12) Fans, Chassis	 $6.08 
19065914000S	(SA-DVDRW-SLIM-S) DVD Burner	 $202.80 
19065920000S	(SA-PCB-CONVERT3) PATA to SATA Conversion Board	 $32.44 
19084755000A	(SBP-300WM) ) Accessory, Wall Mount Gooseneck style - Ivory	 $148.14 
19080244000A	(SC110) MOUNTING PLATE FOR SC100	 $36.23 
19080245000A	(SC111) MOVEABLE MOUNTING PLATE KIT	 $96.05 
19080246000A	(SC112) KEYHOLE PROTECTION KIT	 $126.24 
19080247000A	(SC113) INTERNAL TEST TRANSMITTER	 $65.85 
19080248000A	(SC114) ARMOURED CABLE KIT, 5.9 FT	 $74.09 
19080249000A	(SC115) EXTERNAL TEST TRANSMITTER	 $161.93 
19080250000A	(SC116) WALL RECESS MOUNTING KIT	 $227.81 
19080251000A	(SC117) FLOOR RECESS MOUNTING KIT	 $260.75 
19080252000A	(SC118) SPACER FOR SC112	 $35.66 
19069078000A	(SC-19) Monitor, 19 Inch TFT LCD, Silver, 500 TVL, 5ms, 300cd/m2, (2)BNC, (1)VGA, (1)DVI	 $698.83 
19069161000A	(SCC-C6413)  Dome, 25X Day \ Night PTZ, Indoor	 $1,904.65 
19083579000A	(SCD-2010F) Analog Flat Dome, 1/3 Super HAD CCD, 600TV Lines, Electronic Day Night, 3mm Fixed Lens, Surface Mount, 12 VDC	 $239.64 
19080580000A	(SCO-2080R) Analog IR Bullet Camera, 1/3 Inch Super HAD IT CCD, 600 TV Lines, True Day Night (ICR), HLC, SSNR III (2D+3D), DIS, 2.8-10mm Auto Iris, 24 VAC/12 VDC, IP66	 $1,247.18 
DMSCS1000000	(SCS-1) Line Card	 $677.37 
DMSCS1010000	(SCS-101) Network Interface Card	 $1,106.89 
DMSCS1062000	(SCS-1062) Main Processor Card	 $5,103.91 
DMSCS1100000	(SCS-11) Modem Power Card	 $310.69 
DMSCS1200000	(SCS-12) Multibus Power Card	 $842.49 
DMSCS1300000	(SCS-13) Transformer Card	 $621.55 
DMSCS2040000	(SCS-204)Host Cable	 $64.40 
DMSCS2080000	(SCS-208) Power Cord	 $112.91 
DMSCSRACK00A	(SCS-RACK) Upgrade from an old SCSI	 $2,603.48 
DMSCSSPARES0	(SCS-Spare) Spare Circuit Board Package	 $6,373.31 
19080677000A	(SCT08P) 8ch. Camera control code converter	 $1,754.27 
19066718000A	(SD423-PB-0) Spectra IV PTZ Dome, 23X Hi-res Color, Indoor, Pendant Mount, Black \ smoked dome, auto-flip, window blanking, 64 presets	 $2,650.55 
19070612000A	(SD427-SMW-0-GSA)SURFACE MOUNT 27X DAY/NIGHT(NTSC) LOWER DOME SMOKED BACK BOX COLOR WHITE	 $3,699.02 
19081292000A	(SD429-PG-1) Spectra IV SE 29X Pendant PTZ	 $4,292.14 
19070613000A	(SD435-PG-E0-GSA)PENDANT,ENVIRONMENTAL 35X DAY/NIGHT (NTSC) BACK BOX COLOR LIGHT GRAY LOWER DOME SMOKED,HEATER AND FAN, AND THE ENVIRONMENTAL PENDANT ALSO INCLUDES A SUN SHIELD	 $5,217.97 
19083794000A	(SD436-PG-E0) Spectra IV SE 36X Environ Pendant Grey Smoke NTSC	 $5,435.76 
19061191000B	(SD4C22-SMW-1) Spectra IV PTZ Dome, 22X Hi-res Color, Indoor, Surface Mount, White housing \ Clear dome, auto-flip, window blanking, 256 presets	 $3,425.24 
19061069000A	(SD4CBW-F1) Spectra IV SE, PTZ Dome, 23X Day \ Night, Indoor, Flush Mount, Black housing \ clear dome, wide dynamic range, auto-flip, window blanking, 256 presets	 $4,554.83 
19072223000A	(SDDRV-030DVD-US)2RU DS NETWORK VIDEO RECORDER 3TB AND DVD US PWR CORD	 $8,821.67 
UTSDT240000A	(SD-T24) SuperDuct, Air sample tube, 24 inch	 $17.41 
UTSDT600000A	(SD-T60) SuperDuct, Air sample tube, 60 inch	 $19.05 
19084901000A	(SDU-500) UPS, 500 VA, 300Watts, Din Rail Mount	 $1,436.16 
19071251000A	(SF-6500) Manual Pull Station Cover	 $59.36 
19068545000A	(SFF-USPS) VMS, Small Form  Base System  **  SERVICE ONLY  - USPS  **	 $9,043.65 
19047453000A	(SFT-INTSRV) Integration server software package	 $1,356.55 
19070144000A	(SIGA-AB4G) Audible (Sounder) Base, Mounts to 4 Inch Square X 2 1/8 Inch Box	 $102.56 
19083862000A	(SISPM1040-182D-LR) 8 Port POE Switch, Managed	 $4,651.21 
19084532000A	(SLA-F-M1550DN BOA) LENS,1/2.7 ,3MP,VARI-FOCAL(15-50MM)	 $751.73 
19083787000A	(SLA-F-M1550DN) Lens, 1/2.7 in., 3MP, Vari-Focal (15-50Mm), Auto Dc Iris	 $494.07 
19084533000A	(SLA-F-M226D BOA) LENS 3MP DC-IRIS 2.2-6MM	 $547.96 
19069204000A	(SM17P-B) Monitor, 17" LCD, 1280X1024, VGA, BNC, Audio, Power Adapter included, Black Plastic Housing	 $531.44 
19069205000A	(SM19M-B) Monitor, 19" Black Metal Housing, 1280X1024, HDMI, VGA, Looping BNC, S-Video, Audio, Power Adapter Included	 $1,294.10 
19069206000A	(SM19P-B) Monitor, 19" LCD, 1280X1024, HDMI, VGA, Looping BNC, S-Video, Audio, Power Adapter included, Black Plastic Housing	 $606.42 
19083850000A	(SMX3000RMLV2U) APC Smart-UPS X 3000 Rack/Tower LCD	 $6,265.04 
19084549000A	(SNB-6004 BOA) IP BOX CAMERA, 2MP, INDOOR, WDR	 $9.33 
19084548000A	(SND-6084 BOA) IP FIXED DOME, 2MP, INDOOR, 3-8.5MM, WDR	 $9.75 
19084550000A	(SND-6084-R) 2 MEGAPIXEL HD INDOOR NETWORK IR DOME CAMERA, 1080P 3-8.5MM	 $117.63 
19082236000A	(SN-FIRE2) Fire Alarm Control Panel Sign, 8 X 11	 $6.32 
19048818000A	(SN-UNL24) Unlatch mortised electric strike 24 VDC, 6 wire	 $390.71 
11044223000A	(SP01X28) 8310 Spacer x 28 1/4x1 1/2x10 1/2"	 $35.63 
11044224000A	(SP02X28) 8310 Spacer x 28 3/8x1 1/2x10 1/2"	 $38.37 
11044225000A	(SP03X28) 8310 Spacer x 28 1/2x1 1/2x10 1/2"	 $41.11 
11044226000A	(SP04X28) 8310 Spacer x 28 5/8x1 1/2x10 1/2"	 $43.85 
19071628000A	(SP071009310100) Hard Drive, 500gb SATA for American Dynamics ADD6R0DV	 $1,315.44 
11044227000A	(SP20X28) 8320 Spacer x 28 1/4x1 1/2x21"	 $67.14 
11044228000A	(SP21X28) 8320 Spacer x 28 3/8x1 1/2x21"	 $69.89 
11044229000A	(SP22X28) 8320 Spacer x 28 1/2x1 1/2x21"	 $87.15 
11044230000A	(SP23X28) 8320 Spacer x 28 5/8x1 1/2x21"	 $75.37 
TP820709002A	(SPANISH) ENV SUPPLY OP GUIDE	 $9.00 
BUFI0689000A	(SPI) UPGR FOR OPTEVA 500 FL TERMINALS	 $16.50 
BUFI0692000B	(SPI) UPGR FOR OPTEVA 520 RL,OPTEVA 560	 $13.52 
BUFI0687000B	(SPI) UPGR FOR OPTEVA 720 FL TERMINALS	 $12.14 
BUFI0686000A	(SPI) UPGR FOR OPTEVA 750 TERMINALS	 $9.86 
19059050000A	(SPM4-W) Spectra Mini pendant mount adapter, white	 $52.00 
19080077000A	(SPTX) Small Form Pluggable Module	 $244.67 
19071062000A	(SR-1045TN) INDUSTRIAL PLASTIC HOUSING CLOSED LOOP CONTACT	 $13.95 
19071064000A	(SR-1920) MAGNET	 $33.89 
19071065000A	(SR-1921) MAGNET FOR 1078	 $7.81 
19071066000A	(SR1921C) MAGNET FOR 1078C/CW	 $7.81 
19071067000A	(SR-1982) UNIVERSAL MAGNET F/2200 SERIES	 $21.56 
19071068000A	(SR-2204AL) OVERHEAD DOOR MINI SURFACE MOUNT SPDT	 $41.99 
19071299000A	(SR-3025TM) Plunger Self-Adjusting / Closed Loop Mahogany	 $121.08 
19071072000A	(SR-8083N) SWIVEL MOUNT BRACKET	 $50.79 
19065857000A	(SS1512) Sun Shroud for EH1512 Series Enclosures only	 $40.01 
19068592000A	(SS3512) Sunshield, for EH3512 housing	 $52.73 
19066702000A	(SSC-CD49) Minidome Color Camera with 480 Lines (Wide-D) 3.6x optical zoom (1.5x digital zoom)	 $754.57 
19071632000A	(SSCN21A) DOME, DIGITAL DAY / NIGHT, 2.8-10.5MM, SURFACE MOUNT	 $589.18 
19082951000A	(SSU00689) SRD SYSTEM RECORD DOCUMENTS CABINET, RED	 $150.95 
19066199000A	(ST31000525SV) SV35 SERIES 7200.4  3.5INCH 1000GB 7200RPM 32CCH SATA	 $247.46 
19066197000A	(ST3250311SV ) SV35 SERIES 7200.4  3.5INCH 250GB 7200RPM 8CCH SATA	 $120.85 
19072219000A	(ST650P-S)PEERLESS SMARTMOUNT UNIVERSAL TILT WALL	 $198.11 
19069165000A	(STB-270B) Wall Setup Box for use with STB-270PWV & STB-300PW	 $219.24 
19069164000A	(STB-300PW) Wall Mount for use with SPU-3700/3750T & SNP-3370TH/3301H	 $82.22 
19069163000A	(STB-340PCM) Corner Mount for use with STB-270PWV & STB-300PW	 $84.96 
19069160000A	(STB-40PF) Pendant Coupler	 $54.81 
19084531000A	(STB-4150V BOA) ACCESSORY, WALL/CEILING MOUNT FOR BOX CAMERAS	 $59.17 
19071028000A	(STL05047211-FS00ZN01) Steel panel with ADA	 $471.60 
19070954000A	(STL31718 NACH BEILI)  Door station Master room Steel Typ D3	 $538.65 
19070996000A	(STL9.9664/530708) Door station Steel Typ B	 $3,865.36 
19083782000A	(SUB-CR4000S) Hard Drive, 4TB, 64MB, 6 GB/S SATA (For use with CREVS4R for XDi 10 Series only)	 $1,098.00 
19070630000A	(SUD-2080F) ANALOG UTP DOME,1/3 IN SUPER HAD CCD,600 TV LINES,TRUE DAY NIGHT,2.8-10MM VARIFOCAL LENS,BUILT IN UTP TRANSMITTER & BNC OUT,FLUSH MOUNT,24 VAC/12 VDC/28 VAC	 $502.88 
19071633000A	(SUD-3080F) DOME, WDR DAY \ NIGHT, 2.8-11MM, UTP, 12/24V	 $699.89 
19068543000A	(SV1631DUSB) KVM Switch, 16 channel, USB with On Screen Display  ** SERVICE ONLY  - USPS  **	 $1,301.74 
19071634000A	(SV-1700P2-PM-RT) MONITOR, 17 IN LCD, PANEL MOUNT, RESISTIVE TOUCH,  VGA, HD15 & DVI-D	 $4,081.29 
19083856000A	(SV32) Power Supply	 $96.08 
19068542000A	(SV831DUSB) KVM Switch, 8 channel, USB with On Screen Display  ** SERVICE ONLY  - USPS  **	 $753.64 
19084576000A	(SVD08MD) 8 Inch LCD Video Monitor, 500 TVL, 800 X 600	 $712.52 
19072043000A	(SW-0181)Reset Tool for Fire Keypad and Pull Station	 $4.11 
19048687000A	(SW560A) A/B/C/D Switch (BLACK BOX)	 $127.04 
19059051000A	(SWM4-W) Spectra Mini pendant-wall mount adapter, white	 $93.29 
PLSWMGY00000	(SWM-GY) Gray wall mount for Intercept or Spectra and DF5 series pendant domes. Mounts directly to a vertical load-bearing surface	 $87.20 
19048353000A	(SWM-PA-GY) Gray pole adapter for the SWM-GY. Mounts Spectra or DF5 pendant domes using two stainless steel straps and an attachment plate. Provides cable feedthrough.	 $50.70 
19084311000A	(Sy-QuadRS485-PCB) Synergis Access Control Hardware	 $650.05 
39014012000A	(T2314FICS) 2.3mm f1.4 w/I	 $101.12 
31018395000A	(T2616FICS) 2.6mm f1.6 w/iris	 $86.00 
39014004000A	(T2Z1816CS) 1.8-3.6mm F1.6 W/I	 $192.78 
19066890000A	(T3Z0312CS-MPIR) Lens, 1/3" 3-8mm Manual Iris, Megapixel,Day/Night IR Corrected, 3 MP	 $238.43 
19060603000A	(T3Z2910CS) Lens, 1/3" 2.9-8.2mm, manual iris, f1.0	 $68.38 
11044381000A	(T3Z2910CS-IR) Lens, 1/3" 2.9-8.2mm f1.0 with iris and focus, Day/Night IR	 $79.48 
11044380000A	(T4Z2813CS-IR) Lens, 1/3" 2.8-12mm f1.0 with iris and focus, Day/Nght IR	 $95.92 
19049137000A	(T5Z8513CS-IR) Lens, 1/3 inch, 8.5-40mm, f1.3, manual iris, day/ night, IR corrected	 $191.84 
19068490000A	(T91A61 - USPS) Wall Bracket for Q6032 -E-PTZ, P33 Pendants, 216 Pendants  - SERVICE ONLY  - USPS	 $203.49 
19068491000A	(T91A63 - USPS) Ceiling Bracket for Q6032 -E-PTZ, P33 Pendants, 216 Pendants  - SERVICE ONLY  - USPS	 $244.59 
19068493000A	(T91A67 - USPS) Pole Bracket for Q6032 -E-PTZ, P33 Pendants, 216 Pendants  - SERVICE ONLY  - USPS	 $203.49 
19042886000A	(Tango2 Starter Kit) - 200 PVC Blanks, 1 roll LCI/D, Med cleaning kit	 $374.90 
29014258000A	(TC6000) 15 foot test cable	 $16.23 
19047437000B	(TC8235GIT) Ground loop isolation transformer	 $666.22 
19047174000A	(TC9202) Mount, indoor, 9.6 inch to 16.3 inch, 22 LB max load, aluminum/black finish	 $82.22 
19068339000A	(TC9210U) Mount, Indoor, Universal Wall \ Ceiling Grid, 10LB Max Load, Off-White Finish	 $45.84 
19068340000A	(TC9210US) Mount, Indoor, Universal Wall / Ceiling Grid, 10LB Max Load, Aluminum Finish	 $30.15 
19047198000A	(TC9217MM-W) Monitor mount, wall, for LTC 2017, 2810, 2813, 2914, 2917	 $369.97 
19082333000A	(TC-CON) Tough Cable Connectors	 $118.92 
19068991000A	(TD-20U) WIRELESS PIR SENSOR FOR THE OPT	 $267.63 
19071285000A	(T-DC-SUPPLY) T Module / Inject In-Line DC Power and Data into a Transmitting line cable	 $232.95 
PLTF9000000K	(TF9000) Camera power supply for 24 VAC cameras, 120 VAC to 24 VAC (Class 2), 50 vA	 $58.81 
CHTG10Z0513A	(TG10Z0513AFCS) 1/3 inch 5-50 mm f1.3 A/I (Video type)	 $317.63 
CHTG2616FCS0	(TG2616FCS) 1/3 in. 2.6mm, DC auto iris w/ 4 pin connector	 $139.77 
CHTG2625AFCS	(TG2625AFCS-P) 2.6mm F2.5 Video Auto Iris	 $545.36 
19048155000A	(TG2625FCSL-P) 1/3 inch 2.6mm pinhole DC auto iris, F2.5, long cable (31cm)	 $507.00 
CHTG2Z1816AF	(TG2Z1816AFCS) 1/3 inch, 1.8-3.6mm, video auto iris	 $335.85 
19066888000A	(TG3Z0312FCS-MPIR) Lens, 1/3" 3-8mm Auto Iris, Megapixel,Day/Night IR Corrected, 3 MP	 $243.91 
11044383000A	(TG3Z2910FCS-IR) Lens, 1/3" 2.9-8.2mm f1.0 A/I Day/Night IR	 $106.88 
19048153000A	(TG3Z3510FCS-IR) 1/3 inch, 3.5-10mm DC auto iris F1.0 for day/night cameras	 $172.66 
19083496000A	(TG4G0004) 3G Primary/ Backup Cellular Communicator, ATT	 $494.07 
19083497000A	(TG4V0004) 3G Primary/ Backup Cellular Communicator, Verizon	 $507.80 
39015435000B	(TG4Z2813AFCS-IR) Lens, 1/3" 2.8-12mm f1.3 A/I, Day/Night IR	 $216.50 
19066892000A	(TG4Z2813FCS-MP-IR) Lens, 1/3" 2.8-12mm DC Auto Iris,Megapixel,Day/Night IR Corrected	 $191.84 
11044231000A	(TJ10X28) Top Jamb Kit x 28 for 8310	 $150.73 
11044232000A	(TJ20X28) Top Jamb Kit x 28 for 8320	 $301.46 
19073897000A	(TMDKNTTWFEE)Trusted Vendor DisplayKEY Annual Network Fee	 $115.29 
19071286000A	(TNC-FFZONE-TERM-TX-BTX-COAX-MOD) TX Zone termination / lead out/ terminates zones / buried applicatons module for coaxial DC power network & transmitter	 $479.59 
29014259000A	(TP161) Trimplate for DS150i/DS160	 $2.62 
19080797000A	(TP2440) Transformer, 24VDC, 40VA Plug-in	 $19.32 
19083086000A	(TPE-113GI) 1-PORT POE INJECTOR GIGABIT	 $70.00 
19084539000A	(TPE-115GI) POE + GIGABIT INJECTOR	 $1,533.46 
19083576000A	(TPE-T80H) 8 Port Switch, POE+ (125W), 10-1000 Mbps	 $422.70 
19083843000A	(TP-SW5G-MULTI) 12-56V 5 port PoE Layer 2 Switch	 $621.30 
19081012000A	(TR6) 6 outlets 6 Foot cord 1500 joules Protect	 $78.24 
19071357000A	(TR602-1) Transformer for DRMIELM/COM/PPM	 $237.01 
19083445000A	(TS5400R1604) BUFFALO TeraStation 5400r - NAS server - 16 TB	 $7,068.35 
19067796000A	(TT1500) Biometric Time & Attendance System	 $7,396.43 
19070853000A	(TT203) Lens, 3mm	 $671.43 
19082564000A	(UBAM) Airmax Universal Mounting Bracket	 $32.94 
11045610000A	(UHI-OG-0) Housing, Indoor, for Camera & Lens up to 12.5 inches long	 $191.84 
11045611000A	(UHI-OGS-0) Housing, Indoor, for Camera & Lens up to 12.5 inches long, with Sunshield	 $205.54 
11045612000A	(UHI-SBG-0) Housing, Indoor, with Mount, Feed-Through Wiring	 $147.99 
11045613000A	(UHO-HBGS-10) Housing, Indoor \ Outdoor with Heater, Blower & Sunshield, IP66 \ NEMA-4X Rated,  24 VAC, 50/60HZ, Feed-Thru Wiring	 $338.72 
11045614000A	(UHO-HBGS-60) Housing, Indoor \ Outdoor with Heater, Blower & Sunshield, IP66 \ NEMA-4X Rated,  120 VAC, 50/60HZ, Feed Thru Wiring	 $328.86 
11045615000A	(UHO-HBPS-10) Housing, Indoor \ Outdoor with Heater, Blower & Sunshield, IP66 \ NEMA-4X Rated, 24 VAC, 50/60HZ, with Outside BNC & Power Connectors	 $383.67 
11045616000A	(UHO-HGS-10) Housing, Indoor \ Outdoor with Heater, Sunshield, IP66 \ NEMA-4X Rated,  24 VAC, 50/60HZ, Feed-Thru Wiring	 $274.05 
19083523000A	(ULE-217) 21.5-inch HDTV Full HD professional monitor	 $1,883.07 
19066865000A	(UML-080-90) Monitor, 8.4 Inch LCD, 500 TVL, 800 X 600 Resolution, VGA, CBVS, Audio, 120/230VAC, 50/60 Hz	 $983.84 
19066866000A	(UML-082-90) Monitor, 8.4 Inch LED, 500 TVL, 800 X 600 Resolution, VGA, DVI, HDMI, CBVS, Audio, 120/230VAC, 50/60 Hz	 $1,203.08 
19066868000A	(UML-102-90) Monitor, 10.4 Inch LED, 500 TVL, 800 X 600 Resolution, VGA, DVI, HDMI, CBVS, Audio, 120/230VAC, 50/60 Hz	 $1,285.30 
19064069000K	(UML-172-90) Monitor, 17 inch LCD, 1280 X 1024 resolution, VGA, DVI, HDMI, CVBS, Audio, 120/230VAC, 50/60 HZ	 $1,837.30 
19064070000K	(UML-190-90) Monitor, 19 inch LCD, 400 TVL, 1280 X 1024 resolution, VGA, CVBS, Audio, 120/230VAC, 50/60 HZ	 $1,721.85 
11047319000A	(UML-202-90) Monitor, 20 inch LCD, 1600 X 1200 resolution, VGA, DVI, HDMI, CVBS, Audio, 120/230VAC, 50/60 HZ	 $2,526.34 
19064072000K	(UML-202-90) Monitor, 20 inch LCD, 1600 X 1200 resolution, VGA, DVI, HDMI, CVBS, Audio, 120/230VAC, 50/60 HZ	 $2,526.34 
19066869000A	(UMM-LCDUB-RM) Rack Mount Kit, Dual 8.4-INCH and Single 8.4 to 19-INCH	 $178.14 
11045618000A	(UMM-LW-30B) Monitor Mount, Wall, Swivel & Tilt, for LCD Monitors 20 Inch and Smaller EXCEPT Model MON150CL, Max Weight 26.5 lbs. .	 $205.54 
19070855000A	(UNICMA1) Aluminum Corner Mount Adapter	 $144.64 
19070857000A	(UNI-INL7C20) Camera Housing, Indoor for SNC-RX550N & SNC-RZ25N	 $516.58 
29015600000A	(UP-20) Video printer, 4 x 6 dye sublimation (SONY)	 $3,781.89 
19064073000K	(UPA-2450/60) Power Supply, 24VAC, 50VA	 $61.25 
19046489000A	(UPC-21L) Pritner paper, ink, 4 x 6, 200 prints (SONY)	 $356.27 
19066802000A	(USB-4COM-PRO) Converter, USB to Serial, 4 ports, RS232, RS422 & RS485	 $709.30 
19066803000A	(USB-8COM-PRO) Converter, USB to Serial, 8 ports, RS232, RS422 & RS485	 $1,289.66 
MSZ17416010A	(USE N68778) SWITCH-P/BUTT-RED	 $27.39 
19084317000A	(UVC-6130-1-N) Ultraview, Color Box Camera, WDR, True D/N, 24VAC/12VDC, NTSC	 $633.38 
19083126000A	(UVD-6130VE-2-N) Ultraview 650TVL Color Outdoor Dome, WDR, True D/N, Vandal, VF2.8~10mm, 24VAC/12VDC, Heater, NTSC	 $559.95 
19072213000A	(UVD-EVRDNR-VA2)ULTRA VIEW DAY/NIGHT RUGGED DOME,540 TVL,UTP,BNC,2.8MM-10.0MM AI IR CORRECTED,12VDC/24 VAC	 $1,116.76 
19072048000A	(UVD-XP4DNR-VA2)ULTRA VIEW D/N	 $926.75 
19072082000A	(UVD-XP4DNR-VA9)ULTRAVIEW XP4 SERIES TRUE DAY/NIGHT RUGGED DOME,540 TVL,690 HTVL-E,UTP,BNC,WDR,9.0MM-22.0MM AI,12VDC/24VAC,NTSC	 $1,421.57 
19080105000A	(V128BPE-KT1) KIT CONTAINS: VISTA-128BPE, 6160, 4100SM	 $713.67 
19080106000A	(V128BPE-KT2) KIT CONTAINS: VISTA-128BPE, 6160V	 $798.77 
19080088000A	(V128FBP924KT) UL LISTED COMMERCIAL FIRE/BURG CONTROL PANEL- SUPPORTS UP TO 128 ZONES, 150 USER CODES. INCLUDES HONEYWELL POWER SUPPLY HPF602ULADA 24 VDC, 6 AMP	 $1,699.13 
19080108000A	(V128FBP-KT18) KIT CONTAINS: V128FBP-9, 6160, 4100SM	 $1,067.78 
19080107000A	(V128FBP-KT2) KIT CONTAINS V128FBP-9,  5140DLM SUPERVISED DIALER,  6160CR-2 & 24-VOLT POWER SUPPLY	 $1,479.53 
19080089000A	(V128FBPT) TURBO FIRE/BURG 12V CONTROL PANEL- SUPPORTS UP TO 128 ZONES	 $1,342.28 
19080090000A	(V128FBPT924KT) UL LISTED COMMERCIAL FIRE/BURG TURBO CONTROL PANEL- SUPPORTS UP TO 128 ZONES. INCLUDES HONEYWELL POWER SUPPLY HPF602ULADA 24 VDC, 6 AMP	 $1,836.38 
19080093000A	(V250FBP-9) UL COMMERCIAL FIRE/BURG 12V CONTROL PANEL- SUPPORTS UP TO 250 ZONES	 $1,471.29 
19080094000A	(V250FBP924KT) UL LISTED COMMERCIAL FIRE/BURG CONTROL PANEL- SUPPORTS UP TO 250 ZONES,  8 PARTITIONS.  INCLUDES HONEYWELL POWER SUPPLY HPF602ULADA- 24VDC, 6 AMP	 $1,998.33 
19080095000A	(V250FBPT) TURBO FIRE/BURG 12V CONTROL PANEL- SUPPORTS UP TO 128 ZONES	 $1,677.17 
19080096000A	(V250FBPT924KT) UL LISTED COMMERCIAL FIRE/BURG TURBO CONTROL PANEL- SUPPORTS UP TO 128 ZONES. INCLUDES HONEYWELL POWER SUPPLY HPF602ULADA 24 VDC, 6 AMP	 $2,135.58 
19080097000A	(V32FB-9COM) UL LISTED COMMERCIAL FIRE/BURG 12V CONTROL PANEL PACKAGED IN MERCANTILE CAN - SUPPORTS UP TO 32 ZONES. MUST USE 6160CR-2	 $960.75 
19080098000A	(V32FBPT) TURBO FIRE/BURG 12V CONTROL PANEL- SUPPORTS UP TO 32 ZONES. MUST USE 6160CR-2	 $1,045.82 
19080099000A	(V32FBPT24KT) TURBO FIRE/BURG 12V CONTROL PANEL- SUPPORTS UP TO 32 ZONES.  INCLUDES HONEYWELL POWER SUPPLY, HPF602ULADA,  24 VDC, 6 AMP	 $1,567.37 
19071643000A	(V661-D-312N) DOME, WDR DAY  \ NIGHT, 2.8-12MM, INDOOR \ OUTDOOR, SURFACE \ FLUSH MOUNT	 $630.32 
19071642000A	(V661-N) CAMERA, WDR TRUE DAY \ NIGHT, 12/24V, 600 TVL	 $463.15 
29014260000A	(VAS1) Mounting plate	 $15.81 
29014261000A	(VAS2) Recess mount box	 $125.18 
29014262000A	(VAS3) Waterproof box	 $134.80 
29014263000A	(VAS4) Steel plate for tack welding	 $37.14 
29014264000A	(VAS5) Floor mounting box	 $180.57 
29014265000A	(VAS6) Moveable mounting kit	 $165.47 
19082405000A	(VBN-4075-C21) BOA Dinion Box Camera 1/3 Inch 960H Electronic Day/Night NTSC LV	 $408.19 
19083164000A	(VBN-5085-C21) BOA Dinion Box Camera 1/3 Inch 960H, True Day/ Night, WDR, NTSC LV	 $607.19 
19083865000A	(VC-1BAQ) Converter BNC 2 2 VGA	 $287.48 
19070936000A	(VCH31DB) Mini-Dome, Indoor Flush Mount, Black	 $146.02 
19071001000A	(VCO 640-01) Distribution units for splitting the system in two systems	 $13,779.23 
19082527000A	(VCY3BKG) 6IN SPLTTR 2/RCA TO STEREO PLUG	 $3.16 
19083513000A	(VDA 455SMB) BOA SURFACE MOUNT BOX FOR FLEXIDOME-ANALOG VANDAL MODELS	 $61.77 
19064088000K	(VDA-445WMT) Wall Mount for Flexidome VF, XT+, XF and DN Series	 $125.27 
19059934000A	(VDA-455SMB) Surface mount box for Flexidome-XT+, XF and DN series	 $56.46 
19066870000A	(VDA-455TBL) Tinted Bubble for FlexiDome Series	 $49.33 
19083163000A	(VDA-455TBL) TINTED DOME, FOR FLEXIDOME SERIES	 $39.53 
11045624000A	(VDA-455UTP) BNC to UTP Transceiver Module for Flexidomes	 $70.57 
19064075000K	(VDA-455UTP) BNC to UTP Transceiver Module for Flexidomes	 $70.57 
19069319000A	(VDA-CMT-DOME)  Corner mount for VDA series domes	 $141.14 
19083161000A	(VDA-PLEN-DOME) PLENUM-RATED IN-CEILING MOUNT KIT FOR IP FLEXIDOMES NDC-455, NDN-498, NDN-921, AND NIN SERIES	 $115.02 
19083151000A	(VDA-PMT-AIDOME) INDOOR PIPE MOUNT FOR VDX-2XX ANALOG DOME CAMERAS (NOT COMPATIBLE WITH VDI-245)	 $56.96 
19069320000A	(VDA-PMT-DOME) Pendant mount for VDA series domes	 $98.80 
19083150000A	(VDA-WMT-AIDOME) INDOOR WALL MOUNT FOR NUC-200xx, NDC-274, NDC-274-Px, NDC-284-Px, NUC-500xx MICRODOME CAMERAS (NDA-ADTI-DOME REQUIRED)	 $56.96 
19069318000A	(VDA-WMT-DOME)  Wall mount for VDA series domes	 $175.01 
19083162000A	(VDA-WMT-DOME) WALL MOUNT FOR FLEXIDOME	 $92.10 
19083127000A	(VDC-275-20) FLEXIDOME AN indoor 4000	 $359.57 
19059924000A	(VDC-455V04-20) Dome, Flexidome-XT+, Hi Res Color, 4-9mm,  540TVL, 12VDC/24VAC, indoor \ outdoor flush mount, white \ clear with liner	 $635.11 
19066871000A	(VDC-480V03-20) Dome, 1/3" Hi-Res Color, 3-9.5mm Auto Iris, Indoor Flush Mount, FLEXIDOME-XF, 540TVL, 12VDC/24VAC, White, Clear with Black Liner	 $835.86 
19066873000A	(VDC-480V04-20) Dome, 1/3" Hi-Res Color, 3.7-12mm Auto Iris, Indoor Flush Mount, FLEXIDOME-XF, 540TVL, 12VDC/24VAC, White, Clear with Black Liner	 $808.45 
19066874000A	(VDC-480V04-20S) Dome, 1/3" Hi-Res Color, 3.7-12mm Auto Iris, Indoor Surface Mount, FLEXIDOME-XF, 540TVL, 12VDC/24VAC, White, Clear with Black Liner	 $863.26 
19066875000A	(VDC-480V09-20) Dome, 1/3" Hi-Res Color, 9-22mm Auto Iris, Indoor Flush Mount, FLEXIDOME-XF, 540TVL, 12VDC/24VAC, White, Clear with Black Liner	 $835.86 
19066876000A	(VDC-480V09-20S) Dome, 1/3" Hi-Res Color, 9-22mm Auto Iris, Indoor Surface Mount, FLEXIDOME-XF, 540TVL, 12VDC/24VAC, White, Clear with Black Liner	 $890.67 
19064086000K	(VDC-485V04-20) Dome, Flexidome-XF, Hi Res Color with Nightsense, 3.7-12mm,  540TVL, 12VDC/24VAC, indoor \ outdoor flush mount, white \ clear with liner	 $917.39 
19070276000A	(VD-HTR) HEATER KIT Retrofit any of the VDP or VDM vandal housings Thermostatic Controlled Heater Kit for the VDP or VDM series of housings	 $154.18 
19071459000A	(VD-HTROS)HEATER KIT RETRODITS THE CURRENT SERVICE JACK,THERMOSTATIC CONTROLLED HEATER KIT FOR THE V6 AND EFFIO PLATFORM CAMERAS	 $101.40 
19083149000A	(VDN-295-20) INDOOR TRUE DAY/NIGHT DOME CAMERA, 2.8-10.5MM, VARIFOCAL LENS, 960H, 720TVL SENSOR RESOLUTION, WDR, NTSC	 $428.34 
19065883000A	(VDN-498V03-21) Dome, 1/3" Wide Dynamic Day \ Night, 9-22mm, White Flush Mount, FLEXIDOME 2X, 540TVL, 12VDC/24VAC	 $1,087.98 
19084314000A	(VDN-5085-V321) FLUSH MOUNT FLEXIDOME 960H TRUE D/N WDR 2.8-10.5MM NTSC	 $930.28 
19082618000A	(VDP20SN28V10WDRSB) VDP Series Vandal Dome, Color, Day/Night, Auto Iris 2.8-10MM Lens, WDR, Black	 $507.83 
19069506000A	(VDP20W) HOUSING ROUND VANDAL DOME POLYCARBONATE WHITE (SURFACE/FLUSH) Indoor/outdoor use Compatible with all GC Series camera/lens modules IP 66 rating	 $101.40 
19084190000A	(VDP24SN28V10WD) Vandal Dome, Color, Wide Dynamic, Day/Night, AI/VF 2.8-10mm, 24VAC, Heater Installed	 $535.28 
19083190000A	(VER-D2R5-2) DINION CAPTURE 7000 DUAL LICENSE PLATE READER WITH LED CAMERA, 54-92FT CAPTURE RANGE, NTSC, W/BRACKET	 $7,131.48 
19065875000A	(VEZ-221-ICTS) Dome, 10X 530TVL Color PTZ, Autodome Easy II, Indoor Surface Mount, Charcoal Housing \ Smoked Bubble, 24VAC	 $1,973.16 
19066878000A	(VEZ-221IWCS) Dome, Mini-PTZ, 10X Color, AUTODOME EASY II, Indoor Surface Mount,  White, Clear Bubble, 24VAC, 530 TVL	 $1,973.16 
19065876000A	(VEZ-221-IWTS) Dome, 10X 530TVL Color PTZ, Autodome Easy II, Indoor Surface Mount, White Housing \ Smoked Bubble, 24VAC	 $1,973.16 
19065877000A	(VEZ-A2-PC) Mount, for Autodome Easy II Mini PTZ, Pipe Mount, Charcoal	 $98.80 
19065878000A	(VEZ-A2-PW) Mount, for Autodome Easy II Mini PTZ, Pipe Mount, White	 $98.80 
19065879000A	(VEZ-A2-WC) Mount, for Autodome Easy II Mini PTZ, Wall Mount, Charcoal	 $127.43 
19065880000A	(VEZ-A2-WW) Mount, for Autodome Easy II Mini PTZ, Wall Mount, White	 $127.43 
19066879000A	(VEZ-SBUB-CL) Bubble, AUTODOME EASY II, Polycarbonate, Clear	 $54.81 
19066880000A	(VEZ-SBUB-TI) Bubble, AUTODOME EASY II, Polycarbonate, Smoked	 $54.81 
11045638000A	(VG4-161-EC00M) Dome, Hi-Res Color, 2.7-13.5mm, Indoor \ Outdoor, Pendant \ Mast Mount, 24 VAC, Coax \ UTP, White with Clear Bubble	 $2,110.19 
19060917000A	(VG4-161-ECE0P) Fixed dome, IP,  color, 2.7-13.5mm, Pipe mount, 24 VAC, Clear Bubble, 100 series - Indoor \ Outdoor	 $2,959.74 
19060918000A	(VG4-161-ECE0R) Fixed dome, IP,  color, 2.7-13.5mm, Roof mount, 24 VAC, Clear Bubble, 100 series - Indoor \ Outdoor	 $3,370.82 
19060919000A	(VG4-161-ECE0W) Fixed dome, IP,  color, 2.7-13.5mm, Wall mount, 24 VAC, Clear Bubble, 100 series - Indoor \ Outdoor	 $3,096.77 
19060920000A	(VG4-161-ECE1C) Fixed dome, IP,  color, 2.7-13.5mm, Corner mount, 120 VAC, Clear Bubble, 100 series - Indoor \ Outdoor	 $3,370.82 
19060921000A	(VG4-161-ECE1M) Fixed dome, IP,  color, 2.7-13.5mm, Mast mount, 120 VAC, Clear Bubble, 100 series - Indoor \ Outdoor	 $3,370.82 
19060932000A	(VG4-161-ETE0P) Fixed dome, IP,  color, 2.7-13.5mm, Pipe mount, 24 VAC, Smoked Bubble, 100 series - Indoor \ Outdoor	 $2,959.74 
19060933000A	(VG4-161-ETE0R) Fixed dome, IP,  color, 2.7-13.5mm, Roof mount, 24 VAC, Smoked Bubble, 100 series - Indoor \ Outdoor	 $3,370.82 
19060934000A	(VG4-161-ETE0W) Fixed dome, IP,  color, 2.7-13.5mm, Wall mount, 24 VAC, Smoked Bubble, 100 series - Indoor \ Outdoor	 $3,096.77 
19060903000A	(VG4-161-PCE1W) Fixed dome, IP, Color, 2.7-13.5mm, Pendant \ Wall mount, 120 VAC, Clear Bubble, 100 Series - Indoor	 $2,959.74 
19060903000B	(VG4-161-PTE1W) Fixed dome, IP, Color, 2.7-13.5mm, Pendant \ Wall mount, 120 VAC, Smoked Bubble, 100 Series - Indoor	 $2,959.74 
19060925000A	(VG4-163-ECE0C) Fixed dome, IP,  color, 5.0-50mm, Corner mount, 24 VAC, Clear Bubble, 100 series - Indoor \ Outdoor	 $3,370.82 
19060926000A	(VG4-163-ECE0M) Fixed dome, IP,  color, 5.0-50mm, Mast mount, 24 VAC, Clear Bubble, 100 series - Indoor \ Outdoor	 $3,370.82 
19060927000A	(VG4-163-ECE0P) Fixed dome, IP,  color, 5.0-50mm, Pipe mount, 24 VAC, Clear Bubble, 100 series - Indoor \ Outdoor	 $3,096.77 
19060928000A	(VG4-163-ECE0R) Fixed dome, IP,  color, 5.0-50mm, Roof mount, 24 VAC, Clear Bubble, 100 series - Indoor \ Outdoor	 $3,507.84 
19060935000A	(VG4-163-ETE0C) Fixed dome, IP,  color, 5.0-50mm, Corner mount, 24 VAC, Smoked Bubble, 100 series - Indoor \ Outdoor	 $3,370.82 
19060936000A	(VG4-163-ETE0M) Fixed dome, IP,  color, 5.0-50mm, Mast mount, 24 VAC, Smoked Bubble, 100 series - Indoor \ Outdoor	 $3,370.82 
19060937000A	(VG4-163-ETE0P) Fixed dome, IP,  color, 5-0-50mm, Pipe mount, 24 VAC, Smoked Bubble, 100 series - Indoor \ Outdoor	 $3,096.77 
19060938000A	(VG4-163-ETE0R) Fixed dome, IP,  color, 5.0-50mm, Roof mount, 24 VAC, Smoked Bubble, 100 series - Indoor \ Outdoor	 $3,507.84 
19060902000A	(VG4-163-PCE0W) Fixed dome, IP, Color, 5.0-50mm, Pendant \ Wall mount, 24 VAC, Clear Bubble, 100 Series - Indoor	 $2,959.74 
19060904000A	(VG4-163-PCE1W) Fixed dome, IP, Color, 5.0-50mm, Pendant \ Wall mount, 120 VAC, Clear Bubble, 100 Series - Indoor	 $3,096.77 
19060902000B	(VG4-163-PTE0W) Fixed dome, IP, Color, 5.0-50mm, Pendant \ Wall mount, 24 VAC, Smoked Bubble, 100 Series  - Indoor	 $2,959.74 
19060904000B	(VG4-163-PTE1W) Fixed dome, IP, Color, 5-50mm, Pendant \ Wall mount, 120 VAC, Smoked Bubble, 100 Series - Indoor	 $3,096.77 
11046273000A	(VG4-A-9543) Autodome Modular (G4) Pendant Pipe Mount, White	 $141.14 
11046274000A	(VG4-A-PA0) Autodome Modular (G4) Pendant Arm, 24 VAC (NO TRANSFORMER), White	 $282.28 
11046276000A	(VG4-A-PA1) Autodome Modular (G4) Pendant Arm, 120 VAC (NO TRANSFORMER), White	 $423.41 
11046290000A	(VG4-MCPU-200) 200 Series Dome CPU Module (BASIC PTZ)	 $423.41 
19071630000A	(VG4-SBOX-120VAC) POWER SUPPLY BOX, AUTODOME MODULAR (G4) FOR PSU1 AND PA1, 120 VAC, WHITE	 $268.16 
11046301000A	(VG4-SBUB-CCL) Autodome Modular (G4) Polycarbonate Bubble for In-Ceiling Housing, Clear	 $141.14 
19064097000K	(VG4-SBUB-CTI) Bubble, Smoked, Replacement for VG4 series In-Ceiling domes	 $141.14 
19066881000A	(VG4-SBUB-PCH-A) Bubble, Hi-Res Acrylic for Autodome G4 Series Pendant Mount, Chrome	 $548.10 
19066882000A	(VG4-SBUB-PGL-A) Bubble, Hi-Res Acrylic for Autodome G4 Series Pendant Mount, Gold	 $548.10 
19064098000K	(VG4-SBUB-PGLI) Bubble, Gold, Replacement for VG4 series Pendant domes	 $548.10 
19080742000A	(VGA-BUBBLE-PCLA) Autodome Pendant, Clear, Highres Acrylic Bubble	 $131.76 
19081728000A	(VGA-FIBER-AN) Fiber Optic Kit	 $1,484.36 
19080091000A	(VISTA-250BPE) COMMERCIAL BURG 12V CONTROL PANEL- SUPPORTS UP TO 250 ZONES	 $1,021.14 
19080092000A	(VISTA-250BPT) TURBO COMMERCIAL BURG 12V CONTROL PANEL- SUPPORTS UP TO 250 ZONES	 $1,169.37 
19080104000A	(VISTAKEYPAC) KIT INCLUDES VISTAKEY, POWER SUPPLY BOARD	 $766.65 
19083538000A	(VKN-5085V10-20) Outdoor Prepackaged Camera, Dinion 960H, True D/N, DWDR	 $1,517.96 
19084834000A	(VLBX-5.5) REGULAR VTR LOCKBOX W/FAN	 $804.23 
19081869000A	(VLR-4075-V521) IP Vandal Proof Corner Camera, 1/3 IN Extended DAY/NIGHT, 550/570TVL, 850NM IR, 2.5MM LENS, NTSC	 $1,301.71 
19071006000A	(VM 202EX) Voice Mail  4 PORT 65 HR	 $690.34 
19058481000K	(VMC-8614F) Monitor, 14 inch super hi-res color, 800 TVL, NTSC or PAL, audio, looping, 1 BNC inputs/ outputs, 1 S-Video input. White housing	 $684.72 
19071004000A	(VMO511-2) 2 Line Terminal	 $3,016.44 
19071009000A	(VMP FLASH) Voice Mail	 $1,571.99 
19084205000A	(VP-FR-D) Fingerprint Reader - Desktop: USB Fingerprint Reader - External, with Case	 $999.00 
19084208000A	(VP-FR-K) Fingerprint Reader - Kiosk: USB Fingerprint Reader - Internal, No Case	 $865.80 
19084199000A	(VP-KIT-RP-1) VeraPass USB Programming Kit:   1 USB Key Programmer, 1 Remote Programmer Application, 1 System Dongle (Annual SSA Required)	 $5,161.50 
19084210000A	(VP-KP) USB Single Key Programmer	 $1,065.60 
19084207000A	(VP-MFP-1) Multi-Factor Programmer Unit: 1 Programmable Key, 1 Key Retention Unit, 1 Fingerprint Reader, 1 Proximity Card Reader; Supports VeraPass Software Version 2015 or later	 $22,977.00 
49254741000A	(VP-MS) Mgt. S/W 1 reader, 1 USB	 $1,332.00 
19084201000A	(VP-MS) VeraPass Management Software: Minimum One (1) Per Customer without Fingerprint Reader	 $66.60 
19084200000A	(VP-MS-FP) VeraPass Management Software: Minimum One (1) Per Customer (Includes Fingerprint Read	 $1,332.00 
19069700000A	(VP-PC) PENDANT CAP Maitains IP rating of VDP20W vandal dome 3/4 Inch NPT threads The pendant cap for the VDP20W connects directly to 3/4-inch threaded conduit	 $68.52 
49254742000A	(VP-REP) On-Site Repository	 $8,325.00 
49254743000A	(VP-REP-EE) EnterpriseRepository	 $3,330.00 
19084202000A	(VP-REP-EE) VeraPass Repository Enterpri	 $66.60 
49254745000A	(VP-UPS) UPS	 $870.44 
19069582000A	(VS988S3FISC) Patchcord, 3mm Single Mode Fiber, 3 meters long, ST connectors	 $22.62 
29014268000A	(VSA10) Tamper resistant metal junction box	 $86.05 
29014269000A	(VSA14) Remote test transmitter 12 VDC	 $47.28 
29014270000A	(VSA15) Hand held test unit	 $147.20 
29014266000A	(VSA7) Keyhole protection kit	 $111.95 
29014267000A	(VSA8) Space for keyhole kit	 $15.81 
19065908000S	(VS-AED70US12) Power Supply	 $191.84 
19065905000S	(VS-ATX250WINT/A) Power Supply	 $180.87 
19065906000S	(VS-FSP250W-INT) Power Supply	 $150.73 
19065907000S	(VS-FSP500W-INT) Power Supply	 $526.18 
19065904000S	(VS-PSU65W-EXT) Power Supply	 $109.62 
19082866000A	(VTI-4075-V321) OUTDOOR DAY/NIGHT IR BULLET CAMERA, 2.8-12MM, 100FT, 960H, 720TVL SENSOR, NTSC, 12VDC	 $481.64 
19079774000A	(VZ-097RTC) 10 IN. PREMIUM PROFESSIONAL GRADE LCD BLACK MONITOR, 1280X1024	 $705.47 
19071962000A	(VZ-26PVMX-24)26 IN PUBLIC VIEW HD MONITOR COMMERCIAL GRADE/LCD BUILT IN PIXIM WDR CAMERA BLINKING MESSAGE - RECORDING TIMED SWITCHING CAPABILITY BETWEEN 2 CAMERAS	 $2,811.75 
49239385000A	(W25X32VSSIG) Flash,2.7-3.6V,32M,SPI,G,SOIC-8,SMD,BIOS	 $22.86 
19073607000A	(WA20P-9.12) UPGRADE CHIP F/ V20P & FA168CPS	 $164.43 
19058212000A	(WAVE2) TWO-TONE SIREN - 106 db	 $25.49 
19080226000A	(WAVE2EX) INDOOR SOUNDER, PIEZO TYPE	 $34.32 
19058213000A	(WAVE-2EX) PIEZO SOUNDER	 $29.05 
19080227000A	(WAVE2PD) INDOOR SIREN, 2-TONE, PIEZO DYNAMIC	 $28.83 
19080228000A	(WAVE2PDT) TWO-TONE PIEZO DYNAMIC SIREN WITH TAMPER RESISTANCE	 $35.69 
19081939000A	(WayPoint-10A) Outdoor Power Supply Provides 24VAC / 28VAC Distributed via One or Two Outputs	 $470.87 
19049333000A	(WB800) Waterbug alert, 12 or 24 volt AC/DC, form C relay output that can be connected to alarm panels, bells, dialers, etc., includes 4 supervised surface sensors	 $663.62 
19083542000A	(WD5003ABYZ) HD - 500 GB - SATA 6Gb/s	 $233.33 
19067352000A	(WDAC-4288WD) Camera, 1/3 IN Wide Dynamic Range Day/Night, 540 TVL, 12VDC / 24VAC	 $555.92 
19066334000A	(WDADP-1AMP) Power Supply, 12VDC plug in with 2.1mm Barrel Plug	 $32.44 
19067354000A	(WDB-5457DT)Camera, 1/3IN High Res Color Bullet Camera with 3.6mm Pinhole Lens,12VDC	 $189.10 
19081177000A	(WD-CLAMPMT) Clamp Mount for Vision Direct 2 Way CCTV Operator Unit	 $189.41 
19081708000A	(WDD-33W18C)  High Res. Color 180 Degree Dome Camera - DC-12 Volt	 $546.26 
19082198000A	(WDD-33W6FDN) High Res. (650 TVL) WDR Day/Night Indoor Mini-Dome Camera with Fixed 3.6mm Lens  - DC-12 Volt	 $271.76 
19071490000A	(WDD-7505CN)HIGH RESOLUTION INDOOR ARMORDOME (CC-20 VERSION)CAMERA WITH FIXED 3.6MM LENS DC-12 VOLT	 $342.57 
19071491000A	(WDD-750RING) Rubber O-Ring for WDD-7505CN	 $8.23 
19082824000A	(WDDF-2405F) 1/3in High Res. Color  AC-24 Volt Armordome / 570 Lines / 4-9mm Lens	 $463.91 
19058226000B	(WDF-1200FDC)  FDIC placard covert camera, color w/  3.7mm Pinhole Lens, 24VAC, gold print	 $545.36 
19068550000A	(WD-FDIC-PLATE) Front plate for FDIC Camera - updated as of Oct 2010	 $54.81 
19057814000A	(WDH-2400SG) Camera, 1/3" Hi-Res Color, Covert fits in Single Gang Box, 420 TVL, 24VAC	 $682.39 
19069702000A	(WDH-2488SWD-2.9mm) Camera, 1/3 Inch Wide Dynamic Range, 2.9mm fixed lens, Covert, Single Gang Box with White Cover, 24VAC	 $764.60 
19069768000A	(WDH-3200CC) 1/4 IN COLOR ULTRA MINI COVERT CAMERA W/FIXED 3.6MM CONICAL PINHOLE LENS	 $189.10 
19067355000A	(WDH-3200PT) Camera, 1/3IN Color Miniature Camera with 3.6mm Pinhole Lens, 12VDC	 $161.69 
19073746000A	(WDH-3939WD)3mm fixed lens,12 VDC only	 $449.91 
19068338000A	(WDKP) Programming Tool,Aigis WDR Camera	 $24.67 
39015320000C	(WDL-074X) Wide Angle Adapter Lens .7X	 $125.01 
19082858000A	(WDL-074X) Wide Angle Lens Adapter for the WDAC-1212X - 12x Zoom Camera	 $82.35 
19069707000A	(WDL-12.0ML) Lens, 12.0mm for Gang box camera	 $27.41 
19069708000A	(WDL-16.0ML) Lens, 16.0mm for Gang box camera	 $27.41 
19069703000A	(WDL-2.3ML) Lens, 2.3mm for Gang box camera	 $27.41 
19084982000A	(WDL-2700IPPVM) 27 Inch IP 2.1 Megapixel HD Public View Monitor	 $2,496.03 
19084983000A	(WDL-2700M) 27 Inch HD LCD Security Monitor	 $1,454.28 
19084984000A	(WDL-2700PVM) 27 Inch Analog HD Public View Monitor	 $2,079.33 
19067353000A	(WDL-2982AD) Lens, 1/3IN 2.9-8.2mm, DC Auto Iris	 $87.70 
19069704000A	(WDL-3.6ML) Lens, 3.6mm for Gang box camera	 $27.41 
19069705000A	(WDL-6.0ML) Lens, 6.0mm for Gang box camera	 $27.41 
19069706000A	(WDL-8.0ML) Lens, 8.0mm for Gang box camera	 $27.41 
19084583000A	(WDL-EPVM10) 10 Inch Compact HD Enhanced Public View Monitor with Built-In DVR	 $1,454.28 
19084581000A	(WDL-EPVM7) 7 Inch Compact HD Enhanced Public View Monitor with Built-In DVR	 $1,037.58 
19084582000A	(WDL-EPVM8) 8 Inch Compact HD Enhanced Public View Monitor with Built-In DVR	 $1,245.93 
19083095000A	(WDP-81DM2M) Fixed 3MP Resolution, 3.7mm F=1.8	 $683.51 
19081751000A	(WDS-800C) Color Smoke Detector Camera (Top Down View Only)- 3.6mm Lens / DC-12V	 $381.56 
19068855000A	(WDT-TINTCOVER) TINTED GLASS COVER FOR WDT-4185CT TOWER CAMERA	 $41.18 
19071968000A	(WDVESA-LA552)SWING ARM BRACKET (VESA) FOR LCD SECURITY MONITORS	 $189.10 
19057741000A	(WDVSES-30CLNMT) Queuing Monitor Ceiling Mount	 $369.97 
19057707000A	(WI-1012) Extra probe for use with WI-1172 vehicle detection device	 $343.66 
19080678000A	(WJ-CA65L07K) Expansion cable (0.7m) for WJ-SX650	 $1,348.89 
19080679000A	(WJ-CA65L20K) Expansion cable (2m) for WJ-SX650	 $1,484.50 
19080680000A	(WJ-CA68) Loop through cable for WJ-SX650	 $539.56 
19080391000A	(WJ-GXE500) H.264 4 channel Encoder	 $521.00 
19080392000A	(WJ-HD616/2000T2) 16 Channel H.264 Digital Video Recorder, 2 TB Capacity	 $246.94 
19080393000A	(WJ-HD716/2000T2) 16 Channel Real-Time H.264 DVR, 2 TB Capacity	 $535.28 
19080690000A	(WJ-PB65E010) Network interface, 10/100-BaseT for WJ-SX650 matrix	 $1,427.40 
19070905000A	(WJ-PB85T08) 8-Channel Video Processor Board F/WJ-SX850	 $2,448.14 
19070906000A	(WJ-PB85Y08) 8-Channel Video Loopthrough Board for WJ-BX850	 $364.49 
19080395000A	(WJ-SX650) Mid-range analog matrix switcher	 $189.85 
19068530000A	(WMBM) Bracket, Wall mounting for M/E-PSW-FX-01  ** SERVICE ONLY  - USPS  **	 $51.96 
19068218000A	(WM-S50FDW)  Wall Mount (Gooseneck) Adapter for Outdoor Fixed Dome S50xxFDW IP Cameras. Requires the PM-S50FDW Enclosure	 $131.54 
19083741000A	(WM-V33-43FD) Wall Mount Adapter for all V3320/V4320 FD models (plastic L-shape bracket). Not for FDW or RD models. Not for outdoor installations. Does not require pendant mount.	 $59.02 
19083130000A	(WM-V33-43FDW) Wall-mount (Gooseneck) adapter for V3320FDW & V4320FDW. NOTE: Also requires PM2-V33-43FDW to complete the Wall-Mount. See Mounting Guide.	 $183.92 
19083129000A	(WM-V5620PTZ) Wall-mount adapter for V5620PTZ-18DW. NOTE: If using  Indoor version of PTZ (18ID), also requires PM-V5620PTZ to complete the Wall-Mount. See Mounting Guide	 $183.92 
DMWR00050000	(WR0005) Replacement Reader Harness for 693, 791, 793 (5 pin)	 $6.63 
DMWR00120000	(WR0012) Replacement Harness for 770, 771, 790, 791, 793 (12pin)	 $11.51 
19048691000A	(WR-0228) Cord, 12 Ft Power w/Right Angle Plug, 16/3SJT 300V (UL) E31793	 $19.46 
DMWR05120000	(WR0512) 5 ft. Replacement for 770,790 Series (12 pin)	 $17.02 
19080396000A	(WV-ASM200) Management software for multi-recorder multi-site system	 $168.44 
19080397000A	(WV-ASM970) IP Matrix Server Software for PMPU System Managerment Server	 $142.74 
19080699000A	(WV-CF5S)  Smoke Dome for WV-SF33X and WV-SF53X series	 $22.95 
19080399000A	(WV-CF634) Fixed Analog Dome Camera, Super Dynamic 6 with 650 color TVL,True D/N, ABF, 2.8-10mm varifocal lens	 $202.69 
19080657000A	(WV-CW4S) Smoke dome cover for WV-CW504 camera series	 $159.21 
19080659000A	(WV-CW5H) Heater unit for WV-CW504 camera series	 $51.39 
19080412000A	(WV-CW6S) Smoke Dome for WV-SW155/WV-SW152	 $127.04 
19080424000A	(WV-LZ62/8S) Lens, 1/3 Inch, Variable Focal Length Zoom, 5-40mm, AI	 $405.38 
19080429000A	(WV-NW502S/22) Super Dynamic megapixel vandal-resistant fixed dome network camera with 2.2mm lens	 $2,753.45 
19080430000A	(WV-Q105) Direct ceilling mount for WV-CS584 dome camera	 $184.13 
19080431000A	(WV-Q115) Mounting base for WV-CW504F flush camera	 $117.05 
19080704000A	(WV-Q120Back mounting box for WVSW314, WVSW316, WVSW316L	 $127.04 
19080433000A	(WV-Q126) Embedded ceiling mount bracket for the WV-SC386 and WV-CS584 indoor PTZ Camera	 $279.77 
19080705000A	(WV-Q154C) Wall Mount Brackets for WV-SC385 (for clear dome)	 $376.83 
19080706000A	(WV-Q154S) Wall Mount Brackets for WV-SC385 (for smoked dome)	 $376.83 
19080707000A	(WV-Q155C) Embedded Ceiling Mount Brackets for WV-SC385 (for clear dome)	 $376.83 
19080708000A	(WV-Q155S) Embedded Ceiling Mount Brackets for WV-SC385 (for smoked dome)	 $363.99 
19069444000A	(WV-Q168)RECESSED CEILING MOUNT FOR WV-CF294/284 FIXED DOME CAMERAS	 $152.18 
19080423000A	(WV-Q169) Recessed ceiling mount for vandal-resistant cameras (all WV-SW and WV-CW cameras)	 $22.84 
19080435000A	(WV-Q174) Recessed ceiling bracket for WV-SF330 series network cameras	 $135.60 
19080709000A	(WV-Q175) Recessed ceiling mount for WV-CF504	 $148.45 
19080710000A	(WV-Q204/1S) Mounting bracket for WJ-GXD400 (1 unit only)	 $202.69 
19080660000A	(WV-Q204/2S) Mounting bracket for WJ-NT304 & WJ-GXE900 (per 3 units)	 $184.13 
19080713000A	(WV-SF132) VGA (640x480) H.264 Dome Network Camera	 $649.47 
19080436000A	(WV-SF332) SVGA (800x600) H.264, Fixed Dome IP Camera w/Simple D/N, Focus Assist, ABS, Face Detection, SDHC/SD Memory Card Slot	 $1,012.02 
19080718000A	(WV-SF539) Indoor Fixed Dome 3 Megapixel/1080P Mechanical Day/Night IP CAMERA	 $1,471.65 
19080426000A	(WV-SW155) HD (1,280x960) H.264 Vandal-Resistant Network Camera w/ Super Dynamic	 $2,413.74 
19080437000A	(WV-SW155) HD (1,280x960) H.264 Vandal-Resistant Network Camera w/ Super Dynamic	 $1,090.53 
19080427000A	(WV-SW316L) 720P HD Outdoor Network Camera with Super Dynamic with IR LED, IP66,VIQS, ABF, Day/Night(IR), Motorized Verfocal Lens	 $2,477.97 
19080438000A	(WV-SW316L) 720P HD Outdoor Network Camera with Super Dynamic with IR LED, IP66,VIQS, ABF, Day/Night(IR), Motorized Verfocal Lens	 $2,413.74 
19066883000B	(WZ45NV312-0-NU) Dome, 1/3" Day \ Night with 18 IR LED's, 3-12mm Auto Iris, Indoor \ Outdoor Surface Mount, 12VDC/24VAC, 520 TVL, Silver with Clear Bubble and Black Liner, UTP Module	 $838.04 
19080262000A	(XF30) TRANSFORMER FOR2.5A OPEN FRAME	 $119.32 
19072138000A	(XFXS)BIOMETRIC READER OUTDOOR NO BUILT IN PROX NECESSARY	 $1,866.60 
19071747000A	(XHG-3329-B) Black In Ceiling Mount	 $167.45 
19071746000A	(XHG-3329-W) White In Ceiling Mount	 $167.45 
19082237000A	(XHG-6229N2) In Ceiling Mount Adaptor FOR ISD-A33,35,DM11,VR11	 $145.49 
TP821415001C	(XMS) V 4.01 OPR MNL FOR SUPVR	 $47.70 
TP821414001A	(XMS) VERSION 4.01, RPRT OPN & ADMIN	 $52.20 
DMXR200UPDAT	(XR200UPDAT) Latest firmware for the XR200 alarm panels	 $8.23 
19067416000A	(XT50CDNPCB) Panel, Board only, with Cellular Modem, Dialer, Network, and Wireless Receiver	 $650.32 
19072319000A	(XTLBAT) REPLACEMENT BATTERY FOR XTL	 $5.45 
19074022000A	(YCB-08) 1/3 Inch Color, 600 TVL, Digital D/N, OSD, 12VDC/24VAC	 $265.85 
19082994000A	(YCB-08-KIT3) YCB-08 w/5-50mm A/I Lens & Bracket	 $416.22 
19081291000A	(YCB-08KIT3-DIEBOLD) YCB-08 with 5-50mm A/I Lens, bracket	 $416.22 
19070659000A	(YCH-04 KIT 3)  Camera Kit, 1/3 Inch Digital Day \ Night (YCH-04)  with 5-50mm A/I Lens, Mounting Bracket	 $631.84 
19070662000A	(YCX-05WN) Camera, 1/3 Inch Hi-Res Wide Dynamic Range True Day \ Night, 700 TVL,  12VDC/24VAC	 $545.36 
19080822000A	(Z-32SS) Z Bracket for Mag Lock	 $205.85 
19071016000A	(ZAD312-0) Service point	 $538.65 
19081227000A	(ZC-5025NXA) 1/3 Inch Color, 700 TVL, Digital WDR, Digital D/N, 2.3-5mm A/I varifocal	 $641.81 
19081344000A	(ZC5-WM2A) Outdoor Wall Mount for ZC-OH5	 $120.84 
19065864000A	(ZC7-PM1) Indoor Pendant Mount for 4000/5000/7000/8000 Series Domes	 $62.16 
19065865000A	(ZC7-WM1) Indoor Wall Mount for 4000/5000/7000/8000 Series Domes	 $106.88 
19073957000A	(ZC-8312NBA-BL) 1/3 Inch Color, 600 TVL, Digital D/N, D-WDR, 3.3-12mm A/I varifocal, black	 $362.53 
19070679000A	(ZC8-FM2) Flush Mount adaptor ring for ZC-DT8000 Domes	 $49.33 
19070678000A	(ZC8-PM2) Pendant Mount for ZC-DT8000 Domes	 $71.25 
19074043000A	(ZC8-WM2A) Outdoor Wall Mount for ZC-DT8000 Domes	 $150.37 
19066896000A	(ZCA-DCS70) Smoked Dome Bubble for 7000 Series Domes	 $27.41 
19048156000A	(ZCA-LB101) Mounting bracket for ZC-L1210NHA/EHA	 $52.70 
19048157000A	(ZCA-LB101T) Mounting bracket for ZC-L1210NHA/EHA w/ preinstalled NVT module	 $108.25 
19070667000A	(ZCA-SD8) Smoke Dome Cover for ZC-D8000 Domes	 $24.67 
19070668000A	(ZCA-SM8) Service Monitor Cable for 8000 Series Domes  - SERVICE PART	 $13.71 
19067996000A	(ZC-D4312NHA-BL) Dome, 1/3 Inch Hi-Res Color, 3.3-12mm Auto Iris, Indoor Surface/Flush Mount, 540TVL , 12VDC / 24VAC, Black Housing	 $620.88 
19074035000A	(ZC-D5212NXA-BL) 1/3 Inch Color, 540 TVL, 2.8-12mm A/I varifocal, black	 $588.09 
19072233000A	(ZC-D5550NXAT).33IN COLOR,700 TVL,DIGITAL WDR,DIGITAL D/N,5-50MM A/I VARIFOCAL	 $747.97 
19084315000A	(ZC-DN5212NXAT) 1/3 Inch 700 TVL, True D/N Dome w/2.8-12mm & NVT Module	 $1,096.55 
19071978000A	(ZC-DN5840NX)700 TVL DIGITAL WDR TRUE DAY/NIGHT DOME,8.5-40MM AUTO IRIS VARIFOCAL	 $846.82 
19073959000A	(ZC-DN5840NXA) 1/3 Inch Color, 700 TVL, Digital WDR, True D/N, 8.5-40mm A/I varifocal	 $776.07 
19067998000A	(ZC-DT4312NHA) Dome, 1/3 Inch Hi-Res Color, 3.3-12mm Auto Iris, Indoor Surface/Flush Mount, 540TVL , 12VDC / 24VAC, White Housing, Tamperproof	 $829.23 
19074039000A	(ZC-DT8312NBA) 1/3 Inch Color, 600 TVL, Digital D/N, Digital WDR, 3.3-12mm A/I varifocal	 $416.22 
19069538000A	(ZC-DW4312NHA-BL-TD) Dome, 1/3	 $1,137.59 
19070675000A	(ZC-DW5212NXA-BL) Dome, 1/3 Inch Hi-Res Wide Dynamic Range Color, 2.8-12mm A\I, Indoor Surface Mount, Black Housing, 700 TVL,  12VDC / 24VAC	 $764.60 
19070676000A	(ZC-DW5550NXA) Dome, 1/3 Inch Hi-Res Wide Dynamic Range Color, 5-50mm A\I, Indoor Surface Mount, White Housing, 700 TVL,  12VDC / 24VAC	 $874.22 
11047228000A	(ZC-FM3) Flush Mount adapter for 4000/5000/7000/8000 Series Domes	 $68.52 
19067994000A	(ZC-NH258Nm) Camera, 1/3 Inch Super Hi-res Digital Day/Night, MIST, 540 TVL, 12VDC / 24VAC, Off-White Body	 $709.79 
11044414000A	(ZC-OH5) Camera Dome Housing	 $189.10 
19071885000A	(ZCOH5-D84NXA) 1/3 IN Color, 700 TVL, Digital WDR, True D/N, 8.5-40mm A/I varifocal	 $929.03 
19070671000A	(ZCOH5-DW21NXA) Dome, 1/3 Inch Hi-Res Wide Dynamic Range Color, 2.8-12mm A\I,  Outdoor Surface Mount, White Housing, 700 TVL	 $929.03 
19071018000A	(ZHSB650-0) DIN rail accessory for BWS/BVVU/BAA/BSE-5pcs	 $840.29 
19071019000A	(ZMF611-10) Master handset	 $861.84 
19070683000A	(ZM-L19A2) Monitor, 19 Inch LCD,  1280X1024, BNC & VGA inputs, HDMI	 $846.82 
19064696000A	(ZM-L20A-HR) Monitor, 20inch LCD, 2 Megapixel (1600 x 1200) resolution, Audio, Picture in Picture, Video, Audio, S-Video, DVI, HDMI and VGA inputs,	 $1,986.87 
19084313000A	(ZM-L22) 22 Inch LED Monitor	 $1,218.85 
19071020000A	(ZMO 640-0) Master handset	 $2,195.10 
19058655000A	(ZM-TS1) VESA Wall Mount w/ Tilt & Swivel for 17 inch LCD Monitor	 $78.38 
19068092000A	(ZNR-2GBRAM) Ram, 2GB for ZNR server  **  SERVICE PART  **	 $328.86 
19068096000A	(ZNR-DVDRW) DVDRW for ZNR server  ** SERVICE PART  **	 $178.14 
19068095000A	(ZNR-FAN) Fan for ZNR server  **  SERVICE PART  **	 $54.81 
19068087000A	(ZNR-HDD2TB) Hard Drive, 2TB for ZNR server ** SERVICE PART **	 $520.70 
19068088000A	(ZNR-HDD500GB) Hard Drive, 500GB for ZNR server ** SERVICE PART **	 $548.10 
19068093000A	(ZNR-LOCK) Lock, for ZNR server  **  SERVICE PART  **	 $109.62 
19068091000A	(ZNR-NIC) Network Card for ZNR server   ** SERVICE PART  **	 $205.54 
19068094000A	(ZNR-POWERSUPPLY) Power Supply for ZNR server  ** SERVICE PART  **	 $479.59 
19068090000A	(ZNR-VIDEOCARD) Video Card for ZNR server  **  SERVICE PART  **	 $479.59 
19068089000A	(ZNR-WIN7OS) Operating System Windows 7 for ZNR server  ** SERVICE PART **	 $726.24 
19071288000A	(ZONE-DEC-DC) TX Zone Decoupler / DC Pass / Terminates two adjacent zones/ all applications	 $822.15 
19071289000A	(ZONE-DEC-TX) TX Zone Decoupler / No DC Pass / Terminates two adjacent zones / all applications	 $822.15 
19071022000A	(ZSIC3000-0) Desktop mount for SIC3000	 $338.71 
19071023000A	(ZT 711-01/16) Master handset	 $227.53 
19071024000A	(ZTCV650-0) Desk mount for I-Dor series station for BTCV650-0	 $98.25 
19071026000A	(ZTMO 711-0) Master handset	 $51.71 
19071027000A	(ZTMO711-0/16) Desk mount for MOM/MOC711	 $93.09 
31016706000A	*---GEAR  18098,99	 $18.47 
GR808113201A	*PRELIMINARY COPY* DATA COM. G	 $22.50 
30003070000	*STUMP GRD FOR 03-1361L/R	 $0.11 
28000954000A	*TRANSFORMER  32V  VAT 9  SEE	 $536.53 
11043777000A	.500 X .500 BRZ BUSHING - 80UC	 $13.95 
MSN67730000A	@BATERY 3.6V/60MAH NICAD	 $7.24 
NZ0000001132	@BATT.DIE 24V ATM 5685	 $197.32 
MSN64889000A	@BATTERY 1 1/2 V ALKALINE-D CE	 $2.56 
11035758000A	@BATTERY 12V 6AH B1260 FIFO	 $35.63 
89029246000A	@BATTERY 234V FIFO 305 VCR	 $16.31 
ULB30055000A	@BATTERY 6 VDC	 $41.11 
MSN66385000A	@BATTERY 6V/30 AMP LEAD ACID	 $210.41 
11040596000A	@BATTERY BACK-UP 9930	 $21.55 
28000613000A	@BATTERY BOX ADEMCO	 $38.92 
MSZ89172350A	@BATTERY BOX-SMALL, 2788	 $12.29 
19015274000A	@BATTERY CABLE MODIFIED	 $1.03 
11035793000A	@BATTERY CHARGER CARD 05-0012	 $172.66 
19019902000A	@BATTERY CHARGER-8V	 $477.81 
11031609000A	@BATTERY EXCERCISER ADAPTER KI	 $31.11 
29001465000A	@BATTERY LEAD ACID 12V 1.5AH	 $106.87 
19011728000A	@BATTERY LEAD ACID 2V 2.5AH	 $10.24 
05000547000A	@BATTERY LIFE TESTER	 $377.39 
29001113000A	@BATTERY NICAD 21.6VDC 6AH	 $682.41 
29003672000A	@BATTERY NICAD 9.6V .15AH	 $41.38 
11038067000A	@BATTERY PACK TC3960 VCR	 $87.70 
11033714000A	@BATTERY VSS302 NICAD FIFO	 $13.57 
SEBS1270000E	@BATTERY,12V,7.2 AH	 $46.18 
MSN68562000A	@BATTERY,6V LEAD ACID*EAGLE-PI	 $39.15 
MSZ89172430A	@BATTERY/ALRM BOX LRG 4002	 $159.64 
89030038000A	@BATTERY-DATABRICK	 $25.34 
11038467000A	@CAPUSULE OF VIBRATITE VC#3-2	 $1.24 
MSN61979000A	@CLEANER, METAL - CREME SCOUR	 $42.84 
NZ0000002678	@GAS SPRING (STRUT)	 $219.24 
89028813000A	@GREASE GYYR#FWL-9 (CAN)	 $18.77 
11031635000A	@HEAD CLEANING KIT 7400 FOR DI	 $20.03 
11032185000A	@HUMISORB BAG	 $0.26 
19015848000A	@LUBRICANT NYE OIL 2OZ. TAB	 $122.83 
11031636000A	@MS-242NAS QUIK-FREEZE ANTISTA	 $76.19 
00050499000B	@MULTI-SURFACE CLEANER ATM KIT	 $48.65 
31011997034A	@OIL LESS BEARING 5,NISCA PRTR	 $3.03 
89029574000A	@OIL SEAL    AG6730	 $2.08 
MSN69559000A	@RELAY,500V/2A MERCURY	 $0.00 
MSN69561000A	@RELAY,500V/2A MERCURY*CLARE#H	 $0.00 
MSN69560000A	@RELAY,500V/2A MERCURY*MID-TEX	 $81.42 
11035699000A	@SMOKE DETECTOR TEST SPRAY	 $21.24 
00050499000A	@STAINLESS STELL CL/POLISH ATM	 $10.40 
11030694000A	\'14594\' TUMBLER	 $4.02 
18010229000A	\'14952\'PLATE	 $6.32 
03001374L000	\'7226\' LID	 $14.93 
21013803L00A	\'DETENT\'	 $1.82 
21013930000A	\'KEY\'	 $0.97 
21013935000A	\'MAGNETIC CATCH\'	 $2.66 
11032631000A	\'PLUNGER\'	 $8.04 
21013837000A	\'STUD\'	 $19.76 
21013840000A	\'STUD\'	 $15.10 
31010482000H	00129*FOLLOWER-WOOSTER	 $2.19 
19000462000C	00325*GREEN BOOT	 $2.05 
19001033000A	00345*IC, DM7486N - SN7486N - C7486L	 $3.47 
49001354000A	00412*SUPPORT UPPER PRINT	 $7.98 
MSZ17721410A	0060009300 REED SWITCH	 $20.92 
30014940000	00661*LINK	 $9.56 
39003365000A	00662*CABLE,DOOR,SC600	 $50.04 
39001051000C	00672*BANK END TRANS. CAR	 $329.19 
10823060000	00676*CHANNEL	 $4.41 
11031127000A	00685*MICRO SWITCH	 $54.14 
18000835000A	00687*SPEAKER COVER	 $0.95 
21013073000A	00748*DIAL ASSM KYLCKNG	 $81.38 
28000946000A	00752*BRCKT CBLE MTG P-ORNOW 28-946-B	 $8.26 
21014377000A	00772*GRAVITY HINGE	 $51.30 
01052653000C	00777*KEY	 $1.23 
10850720000	00789*THRUST BEARING	 $7.76 
10854100000	00790*OIL SEAL	 $17.49 
11032602000A	00862*BULLET CATCH	 $3.79 
MSZ17712530A	0090005175 O RING,REC	 $5.74 
17002126000A	00905*DIAL SPACER	 $1.82 
31000234000A	00910*L H DOOR PIECE	 $0.21 
31000234000G	00911*DOOR HINGE LH	 $1.06 
10572150000	01032*RELAY	 $534.40 
11005931000B	01034*MODEL R P.A.ONLY	 $625.62 
11017952000H	01048*RESONANT FILTER	 $69.17 
18020252000A	01056*LINING PROT.PLATE	 $0.42 
38000230000G	01082*INTERFACE MODULE	 $348.63 
49002361000A	01125*MTG PLATE	 $93.90 
10865570000	01129*PLUG TV111	 $2.11 
29001725000A	01145*BANK END ASSY DIEB	 $250.15 
18001413000A	01170*SPACER PLATE	 $0.75 
18001471000A	01174*KAXLE PIN	 $1.64 
28020357000A	01210*TUBE SUPPORT ASSY	 $35.20 
28020447000A	01217*TELLER CABLE ASSY	 $35.71 
28020497000A	01218*SUPPORT ANGLE	 $13.16 
29006135000A	01224*CAM, LOCK	 $5.72 
38001173000A	01237*MTG CHANNEL	 $11.20 
28020226000A	01305*FLANGED INLET	 $26.16 
48020576000A	01316*TRAY SIDE	 $30.51 
38020126000A	01380*FALSE UNIT	 $173.66 
18020710000A	01393*STAND OFF 1/4 RND	 $1.90 
28020745000E	01419*LABEL	 $9.32 
38020788000A	01461*LABEL,CONTROL PANEL	 $8.44 
48021140L00A	01472*BRACKET	 $10.76 
48021140R00A	01473*BRACKET	 $10.76 
01085901000A	01481*PUSH BUTTON	 $9.90 
11018216000A	01482*TOP PLATE	 $7.02 
38010471000A	01508*SAFETY SWITCH	 $125.13 
11032430000A	01645*WIRE RETAINER	 $1.84 
39004933000A	02781*CA, LGC, ALARM	 $99.54 
39005937000B	02931*LIFT ARM	 $2.54 
39006882000A	02937*SPRING, FEED	 $112.85 
39006057000A	03053*CA,LGC,MODEM	 $20.92 
39006058000A	03054*CA,LGC,MODEM EXTN	 $23.83 
38000570000A	03388*BOX RECEPTABLE	 $12.47 
49001619000A	03441*CCA-ELAPSE TIMER	 $276.26 
19012827000A	03452*VP700 SYMPTN	 $0.45 
19012041000A	04227*FASTNER-PLUNGER	 $0.72 
19012041000B	04228*FASTNER-GROMMET	 $4.52 
19017549000A	04232*PROM KIT,MPS,ALP/NM	 $125.93 
39002328000A	04245*CABLE-BUS A/N PRNT	 $34.47 
FK0615100100	06151001 COTTER PINS (6)	 $1.31 
11065481000A	0710-0663-0100 SATA DATA DRIVE	 $988.88 
19065395000A	1 1/2" Pipe Ceiling Adapter with wire access for Pendant domes  - USPS only	 $45.22 
11049641000A	1 1/4" 180 DEGREE NOZZLE BRASS	 $305.16 
11048859000A	1 1/4" MORTISE CYLINDER	 $98.96 
11051698000A	1 2RPS READER BOARDS	 $1,301.74 
11049627000A	1 CHANNEL TRANCVR FOR UTP PASS	 $62.87 
11038269000A	1 cut lever-renter -54-021	 $1.94 
19063728000B	1 GB SECURE USB W/448 BIT SECURE ENCRYPTION	 $70.87 
11049631000A	1 PAIR 30 VOLT TERM STRIP-DATA	 $60.10 
11049632000A	1 PAIR SUPPRESSOR 75V	 $58.04 
19064293000A	1 PAIR-30V-TERMINAL STRIP-16-22 AWG	 $71.12 
00050475000A	1 PART JOURNAL ROLL -REACT- 6P	 $4.16 
41027413000A	1" Angles and Glazing Tape 8' Window	 $1,028.79 
11049624000A	1" BRASS NOZZLE 180 DEGREE	 $199.18 
11065179000A	1" BROWN CONTRAC ONLY,NO MAGNE	 $7.73 
19064962000A	1" LACING BAR FOR CABLE MANAGEMENT  "USPS only"	 $6.48 
11049630000A	1" NOZZLE 180 DEGREES	 $199.18 
19060245000A	1.0A SLO-BLO FUSE (RELAYS),PKG 10	 $27.41 
19059144000A	1.62K OHM STRAIGHT IN-LINE PACKAGE RESISTOR PACK	 $2.21 
11049633000A	1/2" BRASS NOZZLE 360 DEFREE	 $199.18 
11051627000A	1/2" THICK LID WITH HINGE	 $1,904.94 
11043743000A	1/3" B&W CAMERA 570 RES 24VAC	 $481.07 
11051688000A	1/4 IN SPACE BR KIT, 8371	 $34.01 
MSN69760000A	1/4 X 6 BIT, CARB.H.D.	 $34.12 
11038487000A	1/4" B\W PTZ Mini Dome	 $3,948.45 
11043486000A	1/4" STEEL BALL	 $1.32 
11051628000A	1/4" THICK LID WITH HINGE	 $1,774.60 
MSK9411400BA	1/4-28X1-1/4 SHC SCREW NYLON PATCH	 $0.31 
19065184000A	1/4IN 6.0mm F/2.5 LENS	 $64.89 
19074384000A	1/8 in - 5/8 in Beam Clamp	 $2.58 
10605550000	1/8DIA X 5/8 ROLL PIN	 $0.14 
TP799757000A	1/LINK 3.2 PROG DIRECTORY CICS	 $11.70 
TP799757I01A	1/LINK 3.2 PROG DIRECTORY CICS	 $11.70 
TP799319000A	1/LINK 3624 TERMINAL DRIVER RE	 $25.20 
TP799460000A	1/LINK 473X TERMINAL DRIVER RE	 $20.70 
TP799236000A	1/LINK ANALYSIS & REPORTING RE	 $36.90 
TP799395000A	1/LINK CARD MANAGEMENT SYSTEM	 $40.50 
TP799780001D	1/link desktop cust.specificat	 $18.00 
TP799808001A	1/LINK DESKTOP HOST DECAL REF	 $17.96 
TP799730001D	1/link desktop oper. guide	 $47.70 
TP799731001C	1/link desktop software	 $25.20 
TP799732001D	1/link desktop tech ref manual	 $113.40 
TP790979000A	1/LINK NUCLEUS REFERENCE GUIDE	 $58.50 
TP799453000A	1/LINK REPORT GENERATOR (DRG)	 $40.50 
TP799459000A	1/LINK STORAGE REQUIREMENTS RE	 $7.20 
TP799527000A	1/LINK SYSTEM PLANNING GUIDE	 $7.20 
11049634000A	10 190017 522	 $6,370.65 
11049635000A	10 AMP 12VDC 16 FUSD OUTPT PWR	 $793.04 
11049636000A	10 IN BELL 24 VDC RED	 $67.23 
41017645000B	10 INCH COSMETIC SKIRT	 $57.47 
39000180000A	10 PPS GENERATOR - CCA/CABLE ASSY	 $132.00 
11051649000A	10" BELL 120 VAC 60HZ	 $404.23 
11051648000A	10" BELL 24 VAC 60HZ	 $395.45 
NZ0000002730	10" VGA COLOUR MONITOR	 $0.02 
TM000534001A	10.4" CONSUMER DSPLY RPR MAN.	 $2.89 
TM000458001A	10.4-inch Open Frame LED Display (49-240457-000A) with Optional Touch Screen On-site Repair Manual	 $108.00 
BUFI0929000A	10.4-Inch Rear Touch Screen Field Upgrade	 $8.48 
TP799ISOBLUE	100 SHEETS, BLUE PAPER, 3 HOLE	 $4.89 
TP799160000A	1000 IBM 2780/3780 MULTI-PT MA	 $12.60 
TP799161000A	1000 IBM 2780/3780 PT-TO-PT MA	 $14.40 
TP799506000A	1000 MDS PLS STUDY GUIDE	 $4.88 
TP799112000A	1000 SYS. PROGRAMMER REF MANUA	 $45.00 
TP799247000A	1000 SYSTEM DATAPAC	 $11.70 
TP790927000A	1000 SYSTEM OPERATING GUIDE	 $35.10 
TP799233000A	1000 SYSTEM TINET PROTOCOL MAN	 $11.70 
TP799299000A	1000 UNIV TERM MODE DEV STAT R	 $36.00 
TP799046000A	1001 CONCENT. HDWRE INSTALL&OP	 $15.30 
TP799047000A	1001 CONCENTRATOR PROGRAM MANU	 $12.60 
19042619000A	1002 and 1003 upgrade cable assembly	 $114.56 
19042617000A	1002 and 1003 upgrade kit to Pacom 1058	 $160.99 
19042618000A	1002 and 1003 upgrade mounting kit	 $45.73 
00151164000A	100374 BLACK GLITTER LANYARD	 $8.10 
00151163000A	100375 PINK GLITTER LANYARD	 $8.10 
00151165000A	100377 GOLD GLITTER LANYARD	 $8.10 
00151161000A	100378 GREEN GLITTER LANYARD	 $8.10 
00151162000A	100379 AQUA GLITTER LANYARD	 $8.10 
00151153000A	100425 LONDON LANYARD	 $11.70 
00151175000A	100427 NEW YORK LANYARD	 $11.70 
00151176000A	100428 PARIS LANYARD	 $11.70 
11065006000A	1006-F-12/24D-630-J-630 COMBO	 $0.08 
11065463000A	1008102 USROBOTICS USR3453C CO	 $770.55 
19074374000A	100ft patch cord cat6 white	 $58.33 
BUFCO316000A	101/112mm two color receipt pr	 $1.60 
19053208000A	1011 NIP FRMW EPROM,MOSLER DP TO MPCC	 $132.23 
TP820583001A	1040 Customer Setup	 $9.90 
TP820541001A	1040 INSTALLATION GUIDE	 $11.70 
TP820611001A	1040 plan/site prep guide	 $8.10 
TP799021000A	1042 PROGRAMMING MANUAL	 $36.90 
TP799023000A	1042 PYMT TERM INSTALL GUIDE -	 $13.50 
TP799022000A	1042 TERMINAL MAINTENANCE GUID	 $6.30 
19046716000A	1047 CPU SPARE	 $4,799.38 
11065195000A	10-5000550-000A DRW,SRVE,SN,DM	 $238.65 
11065611000A	10-501004-000C HELIX 1.0 OD 20	 $33.97 
11065203000A	10-501020-000B CCA KIT,CNTR,DW	 $179.32 
11066050000A	10501236000A, BRKT WDO STIF SC	 $12.15 
TP820599001B	1053xt Express Delivery with EP Processor Reference Manual - Highly Confidential - Contact Dean Stewart	 $14.40 
11049506000A	10-55 SERIES DH SPRINGS	 $0.09 
TP799583000A	1055I (IMT) PLANNING/SITE PREP	 $12.60 
TP799591000A	1055I FREE STANDING IMT INSTAL	 $6.30 
TP799649000A	1055I IMT OPERATIONS GUIDE	 $16.20 
11047874000A	1057 RTU W/HLI LICENSE	 $3,187.73 
11047877000A	1058NA RTU W/HLI LICENSE	 $1,718.30 
11047878000A	1058NA RTU W/INOV & HLI LICENS	 $1,919.75 
11047880000A	1058NC RTU W/HLI LICENSE	 $1,967.15 
00051040000B	1060 USING edc	 $108.68 
TMPEDI310000	1060/1061 PEDESTAL INST. MANUA	 $89.10 
00050783000D	1062 BLACK BRAILLE INSTR PLAQU	 $34.02 
TP820039001C	1062/72IX R/L ATM'S OP GUIDE	 $18.00 
TP820033001C	1062IX F/L ATM W/IX SAFE OP GD	 $15.30 
TP820003001C	1062IX INT W/IX SAFE,PLAN&SITE	 $25.20 
39010962XXXB	1062ix, contour fascia lock	 $12.58 
00050801LYNK	1064 NW PANEL-LYNK	 $51.98 
00050783000H	1064I BRAILLE(GREY) STD INST.P	 $34.02 
TP820667001A	1064IX BOTTOM MOUNT CASH DISPENSER INSTALLATION INSTRUCTIONS	 $34.20 
TP820666001A	1064IX BOTTOM MOUNT CASH DISPENSER OPERATING GUIDE	 $13.50 
TMEFCD03000B	1064IX INTERIOR CASH DISP.	 $137.70 
TP820007001B	1064IX INTERIOR F/L, OP GUIDE	 $25.20 
TP820130001B	1064IX PLAN&SITE PREP GUIDE,SA	 $20.70 
TP820676001A	1064ix, PLAN&SITE PREP GUIDE	 $18.00 
MSN94434000A	1065, TAMPER CABLE	 $9.70 
19053232000B	1065A DIALUP PCB REV 7 & LOWER	 $1,481.91 
TMMDSS00TABW	1070 CABLING - MANUAL TM-MDSS2	 $0.45 
TMMDSS00TABX	1070 FASCIA - MANUAL TM-MDSS24	 $0.45 
TMMDSS00TABY	1070 GENERAL INFORMATION TABS	 $0.45 
11038366000C	1070 ix rl fld upgrade kit	 $247.40 
TMEFCD05000B	1071IX R/L SERVICE MANUAL	 $195.30 
00050783000E	1072 BLACK BRAILLE INSTR PLAQU	 $40.64 
BUFIS601000A	1072/1073 TERMINALS HEAT OPT B	 $0.90 
00050783000C	1072I GREY BRAILLE INSTR PLAQU	 $32.40 
TP799430I01B	1072I WU PLANNING & SITE PREP	 $16.20 
TP820000001D	1072ix exterior site & prep gd	 $18.90 
TP799434IB01	1073 D-UP ATM PLANNING/SITE PR	 $12.60 
FB002080000D	1073ix AntiSkim Card Reader Insert Upgrade W/Gate	 $202.03 
TP799438000A	1074 ISLAND ATM PLANNING&SITE	 $11.70 
TP799439000A	1074 ISLAND ATM UNPACKING INST	 $0.45 
11037929000A	1074 REMOTE JOURNAL PRINTER EX	 $215.46 
11038297000A	1074 remote printer express bu	 $215.46 
BUFI0269000A	1074(4788) ECKI CCA UPGR INSTL	 $0.66 
ADTM91100000	1074I ISLAND	 $22.50 
TP820687001B	1074IX ATM OPERATING GUIDE	 $17.10 
TM107404001A	1074IX INSTALLATION INST.	 $121.50 
TP820685001B	1074IX PLANNING & SITE PREP.	 $18.90 
TMEFCD17000A	1075ix ext w/u fascua repair	 $132.30 
TMEFCD16000A	1075ix ext w/u service manual	 $197.10 
TP820531001B	1080 SPTS PROGRAMMER'S REF MN	 $67.50 
TP820582001A	1080 ST PRTR TERM INSTL/USER G	 $11.70 
TP820588001A	1080 ST PRTR TERM SPTS LOG REF	 $36.00 
19036283000A	1081B SLAVE READER, LED	 $622.10 
TP799391000A	1092A AC INTELLIGENT TERM PROD	 $1.42 
TP799390000A	1092A INTELLIG. ACT OPERATING	 $21.60 
19074369000A	10ft patch cord cat6 white	 $9.40 
11049639000A	10W ATTENUATOR	 $95.92 
49260498000B	11 MM RAIL DUAL CASSETTE	 $3.28 
11049640000A	1-1/2" BRASS NOZZLE 180 DEGREE	 $199.18 
MSN88336000A	1-1/4 lg extension spring	 $4.01 
11049643000A	110 3613D	 $1,987.83 
11049644000A	110 3616A	 $603.05 
11049645000A	110 3650	 $548.73 
11049646000A	110 CD SPAKR/STRB 70V-4 CON RD	 $131.09 
11051642000A	110 CD STROBE-120 VAC WHITE	 $213.81 
11049650000A	110 CD TEMP HORN STRB 24VDC WH	 $77.36 
11049651000A	1100 0075B	 $91.81 
19063126000A	1100XH-W H PWR DMP WIRELESS ALRM RCVR	 $209.45 
11049652000A	110CD RE-ENTRNT SPK/STR 70V-RD	 $150.60 
11049653000A	110CD RE-ENTRNT SPK/STR 70V-WH	 $159.09 
11049654000A	110CD SYNC STROBE	 $69.25 
11049655000A	110CDW 60CDC STRB CNE SPKR 25V	 $107.54 
11036926000A	110-V 15 AMP POWER PROT. W/RS2	 $301.46 
BRP00850000A	111631032 PCB STKR BOARD	 $0.05 
BRP00834000A	112518052 CBL ASSY SA7 PWR/MOL	 $0.05 
TM000065001C	112MM 2COLOR GRP REPAIR MANUAL	 $116.10 
TM000065001B	112MM 2COLOR RECPT PRNTR	 $116.10 
00051375000E	112mm BLK/BLUE RCP,W/O TOF,1X2	 $83.70 
00051375000D	112mm BLK/BLUE RCPT,W/TOF,1X2	 $89.10 
00051375000H	112mm BLK/GREEN Rcpt w/o TOF	 $83.70 
00051375000G	112mm BLK/GREEN Rcpt w/TOF	 $89.10 
11041286000A	112SXR200 CHIP FOR WELLS FARGO	 $89.06 
MONS59900000	1132 TIMELOCK               CA	 $122.18 
58016242000A	11876 CUST UNIT MOD KIT	 $57.77 
TMBOFA30TABS	11X17 INDEX TABS FOR TM-MDSF91	 $20.32 
11049657000A	12 A27020 000 02	 $511.07 
11065166000A	12' COIL CORD	 $5.18 
11049658000A	12 E27120 000	 $236.81 
11065011000A	12 OR 24/VDC 6AMP UL LISTED W/	 $753.64 
11035877000A	12 PIN ALARM CONNECTOR     VSS	 $51.66 
11049660000A	12 SWTCH & LED MOD SELEC BYPSS	 $453.34 
11049672000A	12 VLT 7.5AH SEALD LD ACD BATT	 $33.71 
11049673000A	12 VLT 75AH SEALD LD ACID BATT	 $539.85 
11049661000A	12 VOLT 1.3AH SEAL LD ACD BATT	 $20.53 
11049662000A	12 VOLT 10 AH SEAL LD ACD BATT	 $57.52 
11049663000A	12 VOLT 12 AH SEAL LD ACD BATT	 $63.12 
11049664000A	12 VOLT 18 AH SEAL LD ACD BATT	 $97.70 
11049665000A	12 VOLT 2 AH BATTERY	 $27.38 
19082494000A	12 Volt 28.0 Amp. Hr. Battery	 $183.89 
11049666000A	12 VOLT 35 AH SEAL LAD ACD BAT	 $171.28 
11049667000A	12 VOLT 4 AH SEAL LD ACD BATT	 $21.90 
11049668000A	12 VOLT 44AH SEAL LED ACD BATT	 $273.74 
11049669000A	12 VOLT 5 AH SEAL LED ACD BATT	 $27.05 
11049620000A	12 VOLT 55AH SEALD LD ACD BATT	 $356.24 
11049621000A	12 VOLT 65AH SEALD LD ACD BATT	 $924.64 
11049671000A	12 VOLT 7AH SEALD LD ACD BATT	 $31.49 
11051274000A	12 VOLT 8 AH SEAL ACID BATTERY	 $92.33 
19059139000A	12 VOLT AC REGULATED SUPPLY (12V DC 1.5 AMP OUTPUT)	 $32.89 
11036466000A	12 VOLT POWER SUPPLY	 $261.00 
IKPM127AR000	12" B\W VIDEO MONITOR RACK MOU	 $626.40 
11049659000A	12" PUSH BUTTN CRD W/18PIN CON	 $86.17 
11065010000A	12/24 DC UL PS W/ACM8	 $526.18 
11049675000A	120 VLT PWR EXP TRANS FOR 1004	 $124.29 
SEECD120WSN0	120 VOLT WALL SWITCH PIR W/ADJ	 $93.06 
SEEDC120WSW0	120 VOLT WALL SWITCH PIR W/ADJ	 $93.06 
11049676000A	1200LB MAG DOOR LOCK 12/24 VDC	 $296.60 
11051197000A	1200LBS MAG LOCK ALARM CONT CR	 $411.79 
11049677000A	1200LBS MAGLOCK ENFORCER	 $342.57 
TP799981001C	12045-B INSTL & PARTS MANUAL	 $6.30 
19041906000A	120-8510) Transformer, 16.5 VAC	 $66.47 
11066423000A	120IN Mic Ext Cable	 $178.57 
19064292000A	120V-15A PARALLEL PROTECTOR	 $97.78 
11049683000A	120VAC 15A MAX, INTERNAL FUSE	 $260.35 
11049678000A	120VAC 15AMP HW FOR SIEMENS FA	 $271.31 
11049679000A	120VAC CONCEALED WIRING	 $181.61 
11049680000A	120VAC PHOTELECTR SMOKE ALARMS	 $68.36 
11049681000A	120VAC SURGE PROTECTOR	 $209.65 
11049682000A	120VAC W/9VDC BATT BKUP PHOTO	 $80.14 
11051634000A	12-24 PORT WALL MT ENCLOS FIBR	 $290.49 
11049685000A	12-24V 15-75 STROBE	 $72.78 
19064575000A	125 KHZ MINI MULLION PROX RDR	 $163.61 
TP799162000A	1251/1252 AUTO FUEL STAT RF MA	 $13.50 
00148989000A	125KHZ FLEX PASS PROX CARD	 $3.60 
89026565000A	1260010INERTIA WHEEL TYPE 11	 $3.47 
89026566000A	1262010INERTIA WHEEL TYPE 11	 $3.47 
NZ0000002869	128K MEMORY SIMM	 $65.77 
TP799721000A	12-POS ALARMING VIDEO SWITCHER	 $6.30 
11051690000A	12V DC POWER SUPPLY, 2.5	 $158.13 
IKFO42000000	12VDC 30MA OUTPT TO PWR FBR OP	 $227.07 
11051273000A	12VLT 26 AH SEALD LEAD ACD BAT	 $257.11 
41022344000A	13 TOOTH HARDENED RC40 SPROCKET,P/N 40BS13HT	 $103.42 
NZ0000002623	13 watt florescent lamp	 $12.98 
BLTC28139000	13" color monitor 120/220v	 $536.32 
39001063000A	13096*CCA-STATION ENTRY LOCK	 $304.52 
49000851000A	13111*CCA CAR LOGIC	 $553.26 
11065464000A	1312443 LANTRONIX INDUSTRIAL D	 $695.01 
TP821270001A	131-66,-86 PREASSEMBLED FXD WDO INSTL AND PTS MNL	 $8.10 
21020400000A	131-67 GUIDE BLOCK	 $29.35 
21020397000A	131-67 SLIDER PANEL TRACK	 $279.68 
21020401000A	131-67 SLIDER STOP	 $110.66 
21020399000A	131-67 STRAP ANCHOR PLATE	 $11.41 
21020398000A	131-67 STRIKE PLATE	 $173.78 
21020412000A	131-67 WEATHERSTRIP FRAME EXTR	 $3.30 
21020413000A	131-67 WEATHERSTRIP JAMB EXTER	 $75.35 
21020414000A	131-67 WEATHERSTRIP JAMB INTER	 $97.75 
TMMDSS10I01B	1323/1324 DISPENSET ON-SITE SE	 $12.87 
19013795000A	1330 FEED MOD LOOM TTS TAS TAB	 $372.89 
AA0004400000	134-10 PASSIVE INFARED	 $121.50 
AA0004530000	134-14 DIGITAL DIALER MANUAL	 $94.50 
11051198000A	1386 PRINTABLE PROX CARD	 $7.95 
11065167000A	14' LINE CORD	 $5.18 
11049689000A	14 THHN BLU 1C SOL	 $129.54 
11049690000A	14 THHN STRANDED PURPLE	 $142.07 
11038265000A	14" Replacement Dome - Pelco	 $272.21 
11049691000A	1400 VA UPS,INTRACTVE,4 OUTPUT	 $449.50 
00151154000A	140002 EBONY & IVORY LANYARD	 $9.00 
00151181000A	140020 LEOPARD PRINT LANYARD	 $9.00 
00151182000A	140024 ROCKIN DOT LANYARD	 $9.00 
00151156000A	140030 CHOCOLATE ARGYLE RIBBON	 $9.00 
00151157000A	140031 BERRY RICKRAK RIBBON	 $9.00 
00151158000A	140033 POWER OF PINK RIBBON	 $9.00 
11049692000A	14-1C SOL THHN BLK	 $129.54 
00151180000A	143001 PAISLEY REVERSIBLE	 $9.90 
11049695000A	14AWG 2 COND NON-SHLD FPLP WIR	 $487.95 
11051247000A	14AWG 2 COND SOLID OS FPLR RED	 $1,079.76 
11051201000A	14AWG 2 CONDU SOL UNSHLD FPLR	 $496.52 
11049694000A	14AWG 2 CONDUCTOR SOLID N/S FP	 $103.56 
11049688000A	14AWG 2C SOLID OS FPLP RED	 $596.17 
11049697000A	15 75 CD CHIME STR RED UI 1971	 $169.12 
11049698000A	15 75 SYNCH STRB 24 VDC RED	 $69.25 
11049699000A	15 75 SYNCH STRB RED UI1975 CD	 $69.31 
11049700000A	15 75 SYNCH STRB WHT UI1975 CD	 $71.42 
11049703000A	15 CD SYNCH STRB RED UI1971 15	 $69.31 
NZ0000002221	15 FASCIA"	 $0.00 
BRP00924000A	15 IN LCD TOUCHSCREEN	 $0.05 
49215731000A	15 TOOTH,M1 GEAR	 $11.78 
11049705000A	15 WATT HORN WITH TRANSFORMER	 $161.28 
NZ4450628329	15" fascia	 $0.00 
NZ0000003877	15" XGA AUTOSCALING LCD ST BRI	 $1,669.50 
00013724G00G	15"MONITOR,CUST,2WAY CCTV	 $6,364.68 
19074379000A	1-5/16 in J-Hook Galvanized	 $4.70 
11051672000A	15/75 CD SPEAKER/STROBE 70V	 $109.49 
11049707000A	15/75CD RE-ENTRNT SPK/STRB 23V	 $199.29 
11049708000A	15/75CD SYNCHRONIZED STROBE	 $73.64 
11051640000A	15/75CD SYNCHRONIZED STROBE	 $79.78 
11049709000A	150 WATT AMP	 $1,311.69 
89029999000A	1500 uf 16v electroltic-radial	 $1.68 
11049710000A	1501 AQ	 $134.10 
FK1501400000	15014000 INNER DR LK CABLE OLD	 $41.99 
FK1502070000	15020700 COMMUNICATION CABLE	 $68.24 
FK1502130000	15021300 PEIZO	 $47.24 
FK1502590100	15025901 INNER DR LK CABLE NEW	 $138.22 
11049711000A	1504 N5	 $76.73 
29003086000A	15664*CABLE, DOOR	 $5.63 
19000093000A	15682*VOLTAGE CONVERTER	 $56.10 
19000801000A	15698*CAMERA ASSY 16MM	 $979.70 
39001116000A	15751*CCA PREMISE        E	 $114.62 
11051651000A	15CD BELL/STROBE	 $89.34 
19074370000A	15ft patch cord cat6 white	 $12.42 
TM000239001A	15-IN CONSUMER SUNLIGHT VIEWABLE DISPLAY	 $119.70 
BRP00943000A	15IN MONITOR POWER CABLE	 $0.05 
19065167000A	15-INCH COLOR LCD MONITOR, 3D IMAGE, 500 TVL, 1024 X 768 RESOLUTION, VGA, CVBS, AUDIO, 120/230VAC, 50/60 HZ	 $1,127.43 
TM000197000B	15-inch consumer display (49-2	 $117.00 
TM000352001B	15-inch Consumer Display (49-213270-000E and 49-213270-000F) On-site Repair Manual	 $107.10 
BUFI0919000B	15-Inch New Generation Touch Screen Field Upgrade	 $9.86 
89029794000A	15V REGULATOR      BURLE	 $7.83 
11051244000A	16 AWG STR TFFN	 $171.59 
11051245000A	16 AWG STR TFFN	 $171.59 
19053037000A	16 BIT WIEGAND SWIPE SUPERVISED LR	 $350.78 
11065165000A	16 BTN DTERM	 $528.53 
11065160000A	16 BTN KETSET	 $312.80 
19065399000A	16 Channel UTP to Coax Passive Receiver Hub  - USPS only	 $1,260.63 
BTC880960000	16 CONDUCTOR RIBBON CABLE, 6 F	 $268.83 
49023729000A	16 Ga. Shim, Base Slide Assy	 $7.59 
NZ0000002018	16 KEY KEYBD-ENHANCED OPERATOR	 $65.77 
NZ0090008433	16 key keybd-enhanced operator	 $54.81 
49252502000C	16 MM RAIL	 $8.07 
11035878000A	16 PIN ALARM CONNECTOR     VSS	 $51.30 
19063501000A	16 PT ZONE EXP IN 340 ENCL	 $310.73 
89028913000A	16 TOOTH DRIVE PULLEY/0X270015	 $128.29 
11036463000A	16/8 I/O ALARM PANEL IN NEMA 4	 $3,599.19 
11049713000A	160 DEGREE DETEC A FIRE	 $238.10 
11049714000A	160 DEGREE HEAT DETECTOR	 $243.17 
19061880000A	160GB HARD DRIVE-DM ALL MODELS-PATA IDE HITACHI DESKSTAR 7K250 OA31635 PATA	 $189.10 
11049715000A	16-2C SOL FPLP RED 1RL LOW CAP	 $295.07 
AA0005050000	163 40 AFTER HOUR DEPOSITORY	 $108.00 
89030026000A	16mmx2000' cp2 200asa t470	 $589.67 
19036666000A	17" B\W MONITOR  220VAC	 $1,175.58 
IKPM175BR000	17" B\W VIDEO MONITOR RACK MOU	 $1,349.37 
11049716000A	17" FLAT PANEL MONITOR SV	 $1,432.19 
28020325000A	1-7/8 NIPPLE	 $2.18 
11065772000A	17505 LOCK KIT	 $25.96 
TP821239001A	177200 and 177201 D/S deposito	 $13.50 
11049717000A	18 GOOSENECK CONDEN MICROPHONE	 $480.71 
BUIB1227000A	18 SERIES VAILT DOOR INFO	 $2.35 
41022344001A	18 TOOTH RC40 SPROCKET 1 IN. BORE,P/N 40BS18HT	 $129.28 
11038017000A	18" CLEAR DOME    BURLE\PHILIP	 $424.78 
11049718000A	18/2 OAS SOL FPLR	 $305.57 
11051691000A	18/2 SHIELDED PLENUM	 $0.58 
11049719000A	18/4 WIRE	 $627.35 
11051693000A	18/6 SHIELDED PLENUM CABLE 100	 $0.78 
00106911000N	1815-1110 VTL RED STRIPE HOLD	 $0.32 
11049720000A	18-2C STR CL3/PLTC BLK 1RI DIR	 $548.02 
11049721000A	18-2C STR OS CMP WHT 1BX	 $257.75 
00106946002S	1840-8112 HSL BLUE HOLDER	 $0.27 
11049722000A	18A430	 $173.69 
11049723000A	18AWG 2 CONDUCTR SOLD FPLP RED	 $180.44 
11049726000A	18AWG 2 CONDUCTR SOLD SHLD FPL	 $252.07 
11049724000A	18AWG 2 CONDUCTR STR N/S WHITE	 $274.08 
11049725000A	18AWG 2 CONDUCTR STR SHLD PLNM	 $263.97 
89026563000A	18-STROBE DUAL	 $3.62 
11049727000A	19" FLAT SCREEN MONITOR	 $698.83 
11065518000A	198.24V ADDRESSABLE FIRE ALARM	 $1,466.87 
TS4368885200	1-ACR-COV-CNT-L	 $1,076.03 
TS4368885221	1-ACR-COVCNT-R	 $1,076.03 
11049729000A	1CALL SURF MNT W DR RELEASE	 $214.70 
19064711000A	1-CHAN ANNUAL EVENT TIMER	 $158.35 
11065868000A	1E POWER SUPPLY 200-10139	 $123.53 
19065523000A	1TB SATA, non RAID drive	 $1,630.60 
11049730000A	1X2 C10A, LT72, CS95 8 ENC	 $108.40 
28020325000B	2 1/4 IN NIPPLE	 $3.75 
TP820710019A	2 COLOR RECEIPT PRINT OP GUIDE	 $9.90 
BTC9220EP200	2 FT EXTENSION POLE FOR CEILIN	 $36.90 
11049734000A	2 IDC	 $219.24 
19066355000A	2 Inch Mini-Dome Hi-Res Color 12VDC 3-Axis 480TVL	 $344.23 
11043584000A	2 LANE TELLER CONSOLE W/CABLE	 $2,064.87 
19053033000A	2 MB SMARTRAM II RAM CARD	 $545.49 
11049735000A	2 PAIR 12 VOLT HYBRID MOD PLUG	 $137.03 
11049736000A	2 PAIR SURGE PROTECTOR 75V	 $70.92 
00050476000A	2 PART JOURNAL ROLL -REACT-6 P	 $7.92 
00050480000A	2 PART REPORT FORM (100 PCS)	 $0.17 
11034071000A	2 PC BOX FOR 50505 KIT	 $3.91 
11065293000A	2 PORT ORTRONICS WALL PLATES	 $363.94 
11049731000A	2 SPAC FOR CNVRTNG FLSH COV SU	 $30.83 
11049732000A	2 SQUARE MOM SINGLE SPT	 $146.62 
11049737000A	2 TONE HORN N CODE 2 12 24VDC	 $44.26 
SE5150N00000	2 WIRE SHOCK SENSOR/7FT RANGE	 $18.36 
BTC9366MK300	2' X 2' ALUM MT PLATE FOR BTC9	 $80.91 
11043807000A	2 X 3 SPEAKER BOX	 $149.95 
11051216000A	2 ZONE FIRE CONTROL PANEL	 $812.70 
BRP00750000A	2" BASE CS2000	 $0.05 
BRP00118000A	2" BASES CS1000	 $0.05 
19064963000A	2" LACING BAR FOR CABLE MANAGEMENT   "USPS only"	 $10.68 
11038022000A	2"X6" SPEAKER ASM            E	 $156.49 
19060246000A	2.0A SLO-BLO FUSE (MAIN),PKG 10	 $27.03 
89029377000A	2.2 Ohm Fusible Resistor	 $3.51 
11042536000A	2.5 GHZ CELLERON PROCESSOR INT	 $481.78 
TP820169001B	2.60 PAYSTATION CONFIG MANUAL	 $19.80 
NZ0090010946	2.88 mb diskette	 $0.00 
IK13F0280000	2.8MM LENS 1/3" F2.8 CS MT SUP	 $76.73 
11049738000A	20 STRDED 2 COND PVC JACKET SH	 $6.16 
49215732000C	20 TOOTH,M1 GEAR	 $181.44 
IKPM205B0000	20" B\W VIDEO MONITOR   800 LI	 $1,349.37 
BRP01084000A	20"X20" TAMPER RESISTANT BAGS	 $0.05 
00050946000G	20# WHITE KRAFT CURR BAND $10,	 $4.10 
00050946000D	20# WHITE KRAFT CURR BAND $100	 $32.89 
00050946000B	20# WHITE KRAFT CURR BAND $200	 $4.10 
00050946000E	20# WHITE KRAFT CURR BAND $200	 $4.10 
00050946000C	20# WHITE KRAFT CURR BAND $500	 $32.89 
00050946000F	20# WHITE KRAFT CURR BAND $500	 $4.10 
00050946000A	20# WHITE KRAFT CURR BANK $100	 $4.10 
11051647000A	20/24 CHIME	 $137.63 
0005080100AA	2010 ADA Braille ix Contour - b/w	 $227.07 
00050801000Z	2010 ADA Braille ix Contour -gray	 $162.32 
00050801000X	2010 ADA Braille ix Heritage - b/w	 $98.69 
00050801000Y	2010 ADA Braille ix Heritage - teal	 $95.18 
11049739000A	202 3A T	 $40.47 
11049741000A	2-1 2 VALAVE MAINTENANCE KIT	 $118.23 
49260491000D	21 MM RAIL DUAL CASSETTE	 $9.45 
00051351000E	210mm BLK/BLUE STATE ROLLS	 $140.40 
00051351000D	210mm BLK/BLUE State w/TOF	 $146.70 
00051351000H	210mm BLK/GREEN STATE ROLLS	 $140.40 
00051351000G	210mm BLK/GREEN State w/TOF	 $146.70 
00051351000B	210mm BLK/RED STATE ROLLS	 $140.40 
00051351000A	210mm BLK/RED State w/TOF	 $146.70 
00051349000B	210mm Opteva State w/o TOF	 $116.10 
00051349000A	210mm Opteva State w/TOF	 $240.75 
00106910000E	2115-2001 BLACK PLASTIC CLIPS	 $0.23 
11049742000A	22 02 UNS STR PLNM	 $153.47 
TP821330001A	220 EXPRESS CASH DISPENSER REFERENCE MANUAL-CONTACT PAT RYAN	 $18.00 
89030000000A	2200uf 10v electrolytic	 $3.29 
11051695000A	22-06 OAS STR PLNM (500FT)	 $0.45 
11051696000A	22-08 UNS STR PLNM	 $0.70 
89029348000A	220UF,50V, RADIAL ELECTR. CAPA	 $1.16 
11049743000A	22-2P 1P AOS STR PLNM BLUE	 $397.38 
AA000807000A	22300 SFE SERV INSTALL/PARTS	 $121.50 
11049744000A	22-3P OS+18-4C OS+22-2C OS CMP	 $1,685.41 
11065231000A	22-460-0026 SR-8 DATA CABLE TO	 $109.62 
11049745000A	22-4C STR CMP WHT 1 BX 110205	 $397.38 
11049746000A	225 DEGREE HEAT DETECTOR	 $312.47 
TP821325001A	228 EXPRESS CASH RECYCLER REFERENCE MANUAL-MUST CONTACT PAT RYAN OR STUART BALE	 $25.20 
89029166000A	22UF,50V CAPACITOR (ELECT) ALU	 $1.04 
PLAPSB190000	23.75" FACEPLATE FOR 2'X 2' TI	 $40.50 
11049749000A	2315AL	 $52.49 
TP821324001C	234 SERIES VISION WINDOW AND SIDELIGHT INSTALLATION AND PARTS MANUAL	 $18.00 
11049751000A	24 VDC 15/30/75/110 STRBE CAND	 $63.14 
MSN94306000A	24 VDC RELAY	 $22.69 
11038732000A	2400 BAUD MODEM/LCD MONOCHROME	 $226.80 
19053045000A	24AHR BATTERY BACKUP UNIT	 $1,336.32 
19065387000A	24Bubble for Drop Ceiling Enclosure  - USPS only	 $65.77 
19065383000A	24Bubble for Indoor Pendant Enclosure  -  USPS only	 $65.77 
TE002501001D	24V MAIN CABLE	 $289.67 
19064289000A	24V,2 PAIR,HYBRID FIELD REPLACEABLE SUPPRESSION	 $156.60 
11049753000A	24VDC 6 AMP POWER SUPPLY	 $1,161.97 
11049754000A	24VDC INSERT COIL SOLENOID	 $120.74 
11049755000A	24VDC PLUG-IN TRANSFORMERS	 $60.29 
19064400000A	24VDC/24VAC/115VAC 10 AMP ENCAPSULATED	 $23.29 
11065168000A	25' LINE CORD	 $8.88 
11065169000A	25' LINE CORD	 $8.88 
11049757000A	25' UHF REMT ANT EXT CAB BNC	 $101.75 
11041199000A	250 GIG HARD DRIVE FOR 1U DVR	 $1,144.29 
89030520000A	250GB HARD DRIVE	 $1,017.41 
11041150000A	250GB HARD DRIVE -DRIVE ONLY	 $1,565.54 
19061881000A	250GB HARD DRIVE-DM ALL MODELS-PATA IDE HITACHI DESKSTAR 7K250 OA31611 PATA	 $249.39 
MH3012060000	252 LOCK CASE	 $0.05 
11049759000A	255 ZONE CONTROL PANEL	 $615.88 
19074371000A	25ft patch cord cat6 white	 $17.76 
11051676000A	25V SPEAKER	 $39.88 
19053042000A	26 BIT WIEGAND SWIPE ERI	 $383.67 
19053036000A	26 BIT WIEGAND SWIPE LR	 $348.05 
49260491000E	26 MM RAIL DUAL CASSETTE	 $10.71 
AA0010060000	2700 SERIES SAFE	 $158.40 
AA000139000C	27000 SERIES MONEY SAFE ALARM KIT INSTALLATION GUIDE	 $72.00 
11049760000A	275 DEGREE HEAT DETECTOR	 $243.17 
SEECD277WSN0	277 VOLT WALL SWITCH PIR W/ADJ	 $93.06 
SEECD277WSW0	277 VOLT WALL SWITCH PIR W/ADJ	 $93.06 
MSZ17722050A	2770008867 PICK DRIVE	 $19.30 
11049761000A	27HZ TROUBLE DET	 $239.52 
AA000139000F	27XXX SERIES MONEY SAFE ALARM KIT INSTALLATION GUIDE	 $34.21 
AA000139000D	27XXX SERIES MONEY SAFE ALARM KIT INSTL GUIDE	 $81.90 
1750371474	28 VAC transformer Bavis	 $294.63 
00106956000C	28"W X 32"H  BLUE BACKDROP	 $16.20 
00106956100C	28"W X 32"H  GREEN BACKDROP	 $16.20 
00106956200C	28"W X 32"H  RED BACKDROP	 $16.20 
00106956300C	28"W X 32"H  WHITE BACKDROP	 $16.20 
00106956400C	28"W X 32"H  YELLOW BACKDROP	 $16.20 
BRP00980000A	2820 DOOR DETENT ASSEMBLY	 $0.05 
BRP00989000A	2820 DORS LCK AND SENSOR CABLE	 $0.05 
BRP00981000A	2820 DROP DRAWER	 $0.05 
BRP01018000A	2820 LOCK 2216/2820 ACCS LOCK	 $0.05 
BRP00982000A	2820 LOCK AND SENSOR CABLE	 $0.05 
BRP00984000A	2820 LOCK DIAL	 $0.05 
TM000037001A	2-COLOR GRAPH PRINT REPAIR MAN	 $141.30 
TP820818001B	2-COLOR GRAPH ST PRNT OP GUIDE	 $7.20 
TP820703001C	2COLOR GRP APP GUIDE	 $9.90 
TP820818001D	2-COLOR STATE PRINTER OP GUIDE	 $7.20 
BUFI2000000A	2DBCS UPGRADE, 5550 CASH DISPENSER	 $2.89 
19063728000C	2GB DISKGO SECURE USB W/448 BIT SECURE ENCRYPTION	 $82.22 
11049764000A	2M CMM	 $160.39 
11043917000A	2MM T-HANDLE	 $10.00 
89030201000A	2n4401rlrm	 $0.51 
89030202000A	2n4403	 $0.51 
89030208000A	2n5061	 $13.02 
11038616000A	2nd wheel	 $115.05 
00050509000A	2PART PYMT TERM ROLL 1042 6PER	 $18.00 
11034071000B	2PC BOX 5 1/4 X 5 1/4 X 4 1/2	 $6.53 
0005133000BV	2pk Red White Blue Carrier	 $168.96 
00050912000A	2-PLY PAPER ROLL(Schlumberger)	 $30.51 
89030179000A	2sj349 (2sj374) transistor	 $21.32 
89030178000A	2sk2417 (2sk1392) transistor	 $19.45 
89030177000A	2sk2662 (2sk1245) transistor	 $13.56 
89030176000A	2sk2879-01 (2skl250) transisto	 $29.44 
19064959000A	2u Rack Channel Standoff   "USPS only"	 $75.47 
11049766000A	2W SPKR SQ WALL CEIL RD C7866	 $35.24 
11049767000A	2W SPKR SQ WALL CEIL WT C7866	 $36.48 
11049768000A	2W SPKR STRB RND CEIL 24VDC 15	 $118.23 
11049769000A	2W SPKR STRB SQ CEIL 24VDC 15/	 $121.21 
11049778000A	2W SPKR STRB SQ WALL 24VDC 15	 $107.07 
11049779000A	2W SPKR STRB SQ WALL 24VDC 15	 $118.23 
11049781000A	2WB 2 WIR BAS WAUX RLAY REMOT	 $52.53 
11049780000A	2WB 2 WIRE STANDARD BASE	 $17.49 
11051699000A	2-WIRE DIAL-UP SURGE PROTECTOR	 $48.11 
11049783000A	2WTR B	 $94.85 
BTC992000000	2X EXTENDER  - CS MOUNT LENS	 $300.15 
BTC182000000	2X EXTENDER - C MOUNT LENS	 $292.32 
89031279024A	2X20 PARRALLEL PIN SUSTAINER (HARD)	 $6.31 
00050217000A	3 1/2" X 345 X 7/16" FUJITSU A	 $54.00 
BRP00993000A	3 AMP FUSE	 $0.05 
11049785000A	3 FIBA MUNTNG PLT FOR 3 CAB5	 $418.69 
11042535000A	3 GHZ 800 MHZ PENTIUM PRO	 $983.30 
NZ0000003675	3 PART SLIDE,596MM CLOSED,820	 $135.88 
11049786000A	3 PIN EMERGNCY STATN CONN KIT	 $137.03 
19064965000A	3' power cord Left angle   "USPS only"	 $9.84 
19064966000A	3' Power cord right angle   "USPS only"	 $9.84 
11049799000A	3 SCREW TERM HOLD-UP BUTTON	 $27.59 
11036444000A	3 X 2 REDUCER   NEW ANTI COND	 $21.09 
11049788000A	3 ZONE CONTROL MODULE	 $239.30 
00050941000C	3" ATM MIRROR-BLACK BASE	 $67.50 
00050941000D	3" ATM MIRROR-SILHOUETTE BASE	 $67.50 
11035834000A	3" COUPLING   VAT ANTI COND KI	 $3.31 
11035833000A	3" X 2" REDUCER  VAT ANTI COND	 $5.02 
89029400000A	3.3 K POTENTIOMETER	 $7.39 
IKF38CS00000	3.8MM LENS 1/3" F2.8 CS MT WID	 $71.25 
18010604000A	3/16 X 15/32 RIVET DRIVE	 $1.13 
BRP00209000A	3/16" L ALLEN WRENCH .1875	 $0.05 
19074378000A	3/4 in J-Hook Galvanized	 $4.14 
11049790000A	3/4 RECESSED DPDT CONTACT NATR	 $42.62 
SE1078CTG000	3/4" DIA REC TERM SWITCH STL D	 $13.23 
11049789000A	3/4" DOME SWITCH	 $239.30 
11049791000A	3/4" PLUNGER N/O FLANGE TAN	 $7.54 
11051215000A	3/4" PLUNGER N/O FLANGE WHITE	 $15.56 
11043594000A	3/8 BEARING W/FLANGE	 $51.36 
10121490000	3/8 IN RETAIN. RING#5100-37	 $0.29 
11040991000A	3/8 SHAFT COLLAR	 $32.44 
41027162000A	3/8" LOCKWASHER	 $4.89 
SE1074WM0000	3/8" RECESSED FLANGE,SPDT/WIDE	 $14.22 
11049794000A	30 CD RE-ENTRANT SPEAKER/STROB	 $181.76 
11051213000A	30 WATT SPEAKER	 $47.22 
11042513000A	300 GB DRIVE	 $696.30 
AM3000101900	30001019 BRNG, DTA SCRW ROD	 $11.57 
AM3000403700	30004037 PERF BLADE CUT SURFAC	 $58.64 
TP820638001B	3030 BULK CASH RECYCLING ATM I	 $23.40 
BUFCO286000A	3030 BULK CASH RECYCLING ATM U	 $3.62 
TP820634001D	3030 bulk cash recyling atm pl	 $19.80 
TP820636001B	3030 FRONT-LOAD ATM OP GUIDE	 $9.90 
11049795000A	30CD SYNC STROB 24VDC WHIT,FIR	 $65.14 
11051664000A	30CD TEMPRL HOREN STROBE WHITE	 $213.49 
49252502000F	31 MM RAIL	 $7.49 
49260498000F	31 MM RAIL DUAL CASSETTE	 $6.30 
11065027000A	3-12SR ANN 12S/12RL	 $559.64 
11051044000A	32 OPN COLLCTR OTPUTS 1 ANNUN	 $539.33 
ADZ989FD9020	32" C0 FIRE DOOR LEFT SWING	 $22.50 
ADZ989FD9010	32" C0 FIRE DOOR RIGHT SWING	 $22.50 
89031052000A	320GB HARD DRIVE	 $1,017.41 
19061882000A	320GB HARD DRIVE-DM ALL MODELS-PATA IDE HITACHI DESKSTAR 7K250 OA32157 PATA	 $312.42 
19065519000A	320GB PATA drive for netDVR/microDVR ? formatted	 $1,067.57 
MSN3210PSTGS	3210 KEYPOST (GUARD)	 $38.02 
TM000304001A	324 SIDECAR ON-SITE REPAIR MNL	 $215.10 
89030185000A	326 012 fuse	 $13.56 
11065479000A	326SFLV-7 LOOP DETECTOR	 $356.85 
89029998000A	330 ue 6.3 v electrolytic cap.	 $5.22 
11049797000A	33K 1/2W EOL RES 8/PKG	 $9.02 
490004130XXA	35 MM MAGAZINES	 $6.48 
89028271000A	35aa core cat#161 5491	 $2.77 
11038289000A	35MM 12 exp 200ASA film	 $8.01 
89027691000A	35MM 2000' SP CAT#R761	 $387.00 
89028362000A	35MM 250FT 400 ASA SPECIAL LOA	 $90.24 
11002878000B	35mm x 150ft kodak 196-4519	 $65.01 
89030118000A	35mm x2000ft, kodak 183-4001	 $1,430.79 
890283610XXA	35MMX150' 400 ASA FILM SPECIAL	 $7.62 
49260491000G	36 MM RAIL DUAL CASSETTE	 $13.23 
11049798000A	360 DEGR CEILNG MUNT MOTIN DET	 $150.70 
PLE210000000	360DEG MOUNTING PLATE,10DEG LO	 $47.25 
MSZ66810970A	361T/TELEQUIP MOD.	 $15.49 
TP799586000A	3624 TCS FOR 02/S REFERENCE	 $138.60 
TP799587000A	3624 TCS FOR OS/2 OPERATOR'S G	 $14.40 
19053038000A	37 BIT WIEGAND SWIPE LR	 $348.05 
19061246000A	3C16753-US 8 PORT 10/100 MBPS HUB	 $586.44 
MS8275200A0A	3IN I.D. FLEXIBLE HOSE X 8IN LG	 $33.60 
MSZ89044260A	3LANK-KEY #767C	 $6.63 
11043487000A	3M BEARING	 $19.54 
11043488000A	3M DOWEL PIN	 $1.69 
11043881000A	3MM ALLEN THNDLE 6" CUSHON GRP	 $8.62 
11065958000A	3-RCC7R	 $964.85 
11051334000A	3VR P-SERIES KEY	 $54.81 
11041105000A	4 1/2 AIR DISK	 $54.54 
11035741000A	4 1/2" CARRIER AIR DISC      B	 $6.41 
11049800000A	4 24G 4-CHANNEL EQUALIZER	 $2,603.48 
19057638000A	4 DOOR INTELLIGENT PCSC CONTROLLER	 $2,397.94 
BTC9220EP400	4 FT EXTENSION POLE FOR CEILIN	 $88.74 
19074381000A	4 in J-Hook galvanized	 $15.73 
NZ0000001161	4 KEY MEMBRANE - 567X	 $15.79 
11043454000A	4 LANE TELLER CONSOLE W/CABLES	 $6,641.40 
19053058000A	4 MB SMARTRAM 4 + 4X W/4 MB ADD-ON (AECS)	 $1,797.36 
11051322000A	4 NAC ZNE CARD CODE OR NONCODE	 $2,625.40 
11049802000A	4 PAIR 75V TER STRIP 12 AWG	 $142.87 
11065292000A	4 PORT ORTRONICS WALL PLATES	 $363.94 
11049804000A	4 WRE PHT SMOK W/TERM&FORM REL	 $97.32 
BRP00751000A	4" BASE CS2000	 $0.05 
BRP00119000A	4" BASES CS1000	 $0.05 
11051671000A	4" CONE SPEAKER ROUND	 $96.19 
11035832000A	4" DRAIN GATE  VAT ANTI COND K	 $7.23 
11035831000A	4" ELBOW  VAT ANTI CONDENSATIO	 $7.56 
11043425000A	4" GREY POLY WHEEL	 $5.27 
19064964000A	4" LACING BAR FOR CABLE MANAGEMENT   "USPS only"	 $11.89 
11051214000A	4" STANDARD ROUND SPEAKER ENCL	 $47.96 
11035835000A	4" X 3" REDUCER  VAT ANTI COND	 $12.85 
19062170000A	4.26 FIRMWARE CHIP SET	 $101.62 
NZ0000001211	40 COLUMN THERMAL PRINTER	 $2,630.88 
89027688000A	400 ASA 35MM X 2000'R768 FILM	 $540.00 
11038109000A	400 d.d. motor e0116	 $906.69 
NZ0000004106	400 WATT SAFE HEATER	 $114.19 
11065225000A	4000 SERIES FAN REPLACEMENT KT	 $438.48 
11041504000A	4000 SERVICES DVR SPARE KEYS	 $2.75 
11047583000A	400GB DRIVE	 $1,067.57 
11065466000A	406372-6 CAT 5E RJ45 JACK BLUE	 $9.61 
89030459000A	4200 Xapcom firmware ver 2.13	 $232.95 
11041187000A	4200 XAPCOM FIRMWARE VER. 2.15	 $205.54 
11041220000A	4200 XAPCOM FIRMWARE VER. 2.15	 $232.95 
11060204000A	4230-4S3 LOGIC BOARD	 $3,484.93 
11065274000A	432401-001N-HP HARD DRIVES	 $808.45 
89030018000A	4-40 screw 1/2 "	 $0.34 
00106861000A	44200 YMCKO CAR/CLEAN DTC300	 $53.91 
00106861000M	44232 STANDARD BLACK DTC400	 $19.80 
00106861000D	44240 YMCKO CART DTC400 250/	 $90.00 
MSZ17722640A	4450568475 OVERLAY 4 KEY	 $16.50 
MSZ17724080A	4450571057 GEAR	 $10.93 
MSZ17721920A	4450587723 STUD	 $8.62 
11049805000A	450 DEGREE VERTICAL MOUNT	 $447.22 
11065278000A	45828-B21-500GB HP MSA20 HRD D	 $1,089.35 
NZ0000002147	4700 PC 1FL BD	 $0.00 
NZ4450610485	4700 pc 1fl bd	 $0.00 
IBSC31355300	4736 PARTS CATALOG IBM ONLY	 $0.45 
TMEFTM19000B	473X COMPATIBILITY FEATURE REP	 $237.60 
TMICDSUP000C	4783 & 4789 473X COMPATIBILITY	 $148.50 
TP799490I07A	4783 (1064I) INSTAL INSTRUCT./	 $8.06 
TP799477I07A	4789(1064I) ECD INTAL INSTRUC/	 $10.21 
NZ0000003108	486 ELSB PROCESSOR BD W/O COMM	 $1,644.30 
NZ0000002208	486 EXPANSION BD	 $109.62 
NZ0000003102	486 EXPANSION BD	 $219.24 
NZ0000002205	486 RISER CARD	 $263.09 
11049808000A	4A3180	 $589.21 
19049413000A	4-CHIP 128MB MEMORY STICK	 $104.14 
NZ0000002124	4GPC1FL BD	 $0.00 
NZ4450603967	4gpc1fl bd	 $0.00 
NZ0000001142	4-KEY MEMBRANE - 568X	 $15.56 
NZ0000002965	4-KEY TACTILE MEMBRANE - LARGE	 $16.44 
19053161000A	4MB BTRY BACKED DRAM,1057	 $286.90 
11049810000A	4-RELAY PACK FOR SMART READERS	 $134.68 
11051702000A	4-WIRE + SHIELD RS422 BIPOLAR	 $31.36 
11051703000A	4-WIRE RS232 SURGE PROTECTOR	 $77.99 
11038725000A	5 comp cash tray	 $13.64 
11048929000A	5 PIN, KEYBLANKS-CAMLCK LG BOW	 $6.63 
11048928000A	5 PIN, KEYBLANKS-LARGE BOW	 $6.63 
11065034000A	5 ZONE, 120V, ENG, GR, EST, FS	 $657.72 
11065035000A	5 ZONE,120V,ENG,GR,EST,FS,DACT	 $1,989.60 
00050940000C	5" ATM MIRROR-BLACK BASE	 $105.75 
00050940000E	5" ATM MIRROR-BLACK ENHANCED	 $28.35 
00050940000D	5" ATM MIRROR-SILHOUETTE BASE	 $122.13 
00050940000F	5" ATM MIRROR-SILHOUETTE ENHAN	 $67.50 
IKPM58000000	5" B\W VIDEO MONITOR  600 LINE	 $626.40 
19060247000A	5.0A SLO-BLO FUSE (PS & BATTERY),PKG 10	 $27.03 
11041860000A	5.6 VOLTAGE REGULATOR FOR VSS	 $19.51 
11048810000A	5/16" TAPER PINS (10 PACK)	 $32.50 
11042365000A	5/16-18 HEX NUT PL	 $16.71 
00050945000A	50# BROWN DRAFT CURRENCY BAND	 $11.39 
00050945000C	50# BROWN DRAFT CURRENCY BAND	 $11.39 
00050945000E	50# BROWN DRAFT CURRENCY BANK	 $11.12 
00050945000G	50# BROWN DRAFT CURRENCY BANK$	 $11.12 
00050945000F	50# BROWN KRAFT CURRENCY BAND	 $11.12 
00050945000B	50# BROWN KRAFT CURRENCY BANK	 $4.30 
00050945000D	50# BROWN KRAFT CURRENCY BANK	 $11.39 
11065147000A	500 GB STORAGE DRIVE	 $1,092.78 
11051364XXXA	500 GB UNFORMATTED	 $344.32 
89029668000A	500 MA FUSE         CHUGAI CAM	 $13.05 
BR5021045001	502-1045-001S LCK TB VND MOD V	 $0.05 
11065921000A	502271-A(CAB D MASSY W/BASE MF	 $3,287.26 
11065262000A	5078240-8 GOOSENECK	 $2,877.53 
11065261000A	5078711 ENCLOSURE	 $542.62 
19039105000A	5085,88 CHEST HEATER KIT	 $54.81 
NZ0000003063	508X PPD CNTRL BD	 $986.58 
SEAP450AM000	50'X 50' CURTAIN PIR, 7 CURTAI	 $81.42 
00051009000P	51009 THERMAL RCPT RI-W/TOF	 $704.72 
00013879000A	5100D ENHANCED TOKEN RING SYSTEM	 $32,192.37 
00013880000A	5100D ENHANCED TOKEN RING SYSTEM-NO ARTIC	 $31,402.30 
TP820585001A	5110 POS TERM INSTL MANUAL	 $9.00 
BUFI0597000A	512 MB Memory Module for Pentium 4 (P4), 2.0 GHz; Pentium 4 (P4), 2.4 GHz; and Celeron 2.0 GHz Processor	 $0.78 
89029465000A	5132 RESET MOD PCB    #4835925	 $10.44 
AA000810000A	51XX GSA SEC FILES/CONT PTS MA	 $156.60 
89030460000A	5201 Xapcom firmware ver 2.13	 $205.54 
11051202000A	5230ANN	 $678.00 
11049815000A	5251B	 $104.11 
11049816000A	53 STARCALL FLOOR RACK ASSEMBL	 $1,257.48 
11049818000A	5365EGP00 MULLION RE	 $287.72 
00106983000A	54136 DTC400E ID PACKAGE	 $31.50 
11065718000A	54G KEYBLANK	 $0.79 
MH3012070000	552 LOCK CASE	 $0.05 
BUFI0558000A	560 Noise Reduction Kit	 $1.49 
11065482000A	5606-0044-01 POWER SUPPLY PC B	 $181.17 
11065483000A	5606-0058-01 INTELLEX ULTRA 4.	 $543.51 
TP821110001F	562 CD PLN/SITE PREP GUIDE	 $19.80 
00149974000A	562757-002 AFRICOM LAMINATE	 $180.00 
NZ0000002189	5675 TTW FASCIA	 $2,850.12 
NZ0000003103	5685 FUNCTION KEY & GLASS FASC	 $1,096.20 
11051704000A	56K EXTERNAL V.92 FAX/DATA MOD	 $161.69 
TP821754001A	5700 RLL CASH DISPENSER GUIDE	 $13.79 
TP821755001A	5750 WALK CASH DISPENSER GUIDE	 $13.79 
NZ0000003476	5870 SDC CABLE	 $1,753.92 
NZ0000004053	5877 DIP FASCIA WITH AUDIO	 $834.75 
TP820535001A	58MM THERM RECPT PRTR AP GUIDE	 $16.20 
00051187000A	58mm thermal rcpt paper	 $34.20 
00051342000A	58mm Thermal Rolls	 $100.44 
MSN5900GN00A	5900 GUARD NOSE	 $15.89 
11042658000A	5A BREAKER/DISCONNECT	 $151.88 
11049820000A	5A605 710-3092 4 8OZ MAG 25 70	 $16.47 
11049812000A	5AMP 12VDC 8 OUTPT POWR SUPPLY	 $384.34 
11065476000A	5BE244UTPNEO CAT5E CABLE BLUE	 $0.52 
19074367000A	5ft patch cord cat6 white	 $6.34 
IK12F0050000	5MM LENS 1/3" F2.8  CS MT WIDE	 $79.20 
TM000166001B	5TH GEN IDM ON-SITE REPAIR MAN	 $243.00 
11049821000A	5V P S NTWK INTERFACE	 $508.82 
19065405000A	6 ft BNC Patch cable   - USPS only	 $18.77 
11049824000A	6 IN BELL 24 VDC RED	 $298.72 
11034681000A	6 INCH/METRIC RULER	 $42.37 
11049825000A	6' MIC CABLE	 $27.41 
19017991000A	6 MIN. TAPE CRTG. PHONE DIALER	 $42.91 
49260491000A	6 MM RAIL DUAL CASSETTE	 $5.67 
11049826000A	6 MOTOR BELL 24 VDC	 $129.54 
11051860000A	6 PIN BLANK, AR1, ARROW	 $1.31 
11049510000A	6 PIN, CHAMBER COVER,31&32 IC	 $0.30 
11048927000A	6 PIN, KEYBLANKS-LARGE BOW	 $6.63 
11049848000A	6 SCREW TERM HOLD-UP BUTTON	 $31.27 
11049827000A	6 UNIVRSAL DETCTOR BAS MOD 6SB	 $123.37 
BRP00752000A	6" BASE CS2000	 $0.05 
BRP00120000A	6" BASES CS1000	 $0.05 
89029295000A	6.8 OHM 1/4W  FUSE RESISTOR	 $4.38 
11049505000A	60 SERIES STD TUMBLE PINS	 $0.67 
11049831000A	603 HEAT DETECTOR	 $16.59 
11049832000A	604 HEAT DETECTOR	 $15.46 
11049507000A	60-68 SERIES, CAM/SWITCH SPRIN	 $0.09 
11047784000A	60MM FAN FOR NET1	 $27.41 
NZ0000004033	60MM PRINTER MOUNTING ASSY	 $128.29 
11065248000A	6114KC-BRACKET FOR PLANUX KIT	 $335.83 
11065932000A	6128-050 ext cab 20cm 6pin loc	 $76.88 
19000887000A	615-019 GENEVA DRIVE GEAR	 $9.78 
19000788000A	615-808 FASTENER CASE	 $7.27 
19049329000A	6-18 VDC ELECTRONIC CHIME,78-83 dB OUTPUT	 $37.00 
11065275000A	621-ALEXDA REX BUTTON	 $1,337.36 
11049834000A	623 HEAT DETECTOR	 $16.94 
AM6241865729	624 186 5729 SWITCH PULL ON	 $44.35 
AM6242149279	624 214 9279 BEARING, BALL	 $58.46 
AM6242151494	624 215 1494 PHOTO SENSOR ASSY	 $66.53 
AM6242190554	624 219 0554 SWITCH PUSH PLATE	 $9.25 
AM6242200741	624 220 0741 SPRING	 $22.00 
AM6242233329	624 223 3329 SPRING POST HOLE	 $21.49 
11049835000A	6250B	 $181.97 
11065172000A	625A2-4-50 SURFACE JACK	 $3.20 
11065263000A	6294SMD-STENOFON INTERCOM	 $389.03 
MS0905900DFA	6-32 X 3/8 SHCS	 $1.62 
HC400005000A	632X9/16 18-8,PAN HD,PHILLIPS,STAINLESS STEEL,BLACK OXIDE	 $0.21 
BR6440031010	644-0031-0010S PRT INTRG BULTN	 $0.05 
11049837000A	66 BLOCK-PUNCH DOWN BLOCK	 $95.64 
11065438000A	6644 GRI 2 1K RES PK BRN 2 BL,	 $4.28 
NZ0000003516	6676 PRESENTER,F/A UF ASSY 120	 $3,507.84 
11038994000A	66KHZ  NOISE RECEIVER	 $411.08 
89031166000A	66MM UPPER HOUSING BULK 1	 $180.66 
NZ0000002117	6-7-8 SENSOR ASSY, NON IE	 $164.43 
11049839000A	682 1A HW	 $13.05 
11049841000A	682 1B 102	 $13.05 
11049842000A	6831 3 TRIM SU RED B	 $97.65 
11049843000A	6832-1 BACKBOX RED	 $46.75 
11065281000A	68385 COMPLET-RPLACMNT MICRPHN	 $74.00 
11049846000A	692 7A HSW	 $93.33 
89030627000A	692-Z84C1510FEC IC 10 MHZ Z80	 $41.17 
11065280000A	6990-00154-DVR COOLING FAN	 $100.14 
NZ0000002421	6-PIN CABLE	 $38.92 
NZ0000002422	6-PIN CABLE	 $78.93 
11049569000A	7 PIN KEYBLANKS LARGE BOW	 $6.63 
11049850000A	7 PIN MANUAL PRESNC CONNEC KIT	 $150.73 
11049849000A	7" HEAVY DUTY ANTENNA WALL MOU	 $32.89 
19041030000A	7" MAGNETS A 72712 "DEPOT PRT	 $22.00 
BRP00077000A	7" YELLOW PLASTIC SEALS	 $0.05 
11049567000A	7/16" INDOR/OUTDOR PAD NKR	 $123.29 
11049568000A	7/16" PAD NKR 1 7/8" SHACK CLR	 $126.61 
11051185000A	7/16"PDLCK SFIC,2KEY,NKR 1 7/8	 $196.63 
BRP01079000A	7/32" L ALLEN WRENCH .218	 $0.05 
11050981000A	7/8" 5 PIN CAM LCK KIT W/2 KEY	 $116.54 
11049853000A	70 MOTION DETECTOR	 $204.83 
19083825000A	700 TVL Vandal Outdoor Dome, Color/BW-SDN, Motion detection, Privacy, BLC, AI/VF 2.8-10mm, 12VDC/24VAC	 $782.33 
39001106000A	7003* CCA HOLD-UP MODULE	 $88.37 
39001135000A	7005* CCA VIBRATION MODULE	 $160.01 
39001162000A	7009* CCA HIGH-SECURITY DOOR	 $57.83 
11065459000A	700HA32A1 110V CUBE RELAY STAN	 $36.18 
49000903000A	7026* CCA BELL MODULE \'B\'	 $115.49 
11049854000A	7114-05D 12VDC X 32D SS	 $144.81 
11049855000A	7140 ELE STRK 24VDC FAIL SECU	 $265.67 
11065465000A	731462 ANTEC TRICOOL CASE FAN	 $37.44 
TP820883001F	740 ATM PLN/SITE PREP GUIDE	 $20.70 
BUFI0953000B	740/760 Upgrade Kit for Core i5 3rd Gen Processor	 $17.19 
11044766000A	7452-4010 NCR SYSTEM	 $326.25 
11044747000A	7456 HARNESS	 $125.63 
TP820919001C	750 ATM PLN/SITE PREP GUIDE	 $19.80 
11062942000A	750 GIG PATA DRIVE	 $945.48 
19062162000A	750GB SEAGATE HARD DRIVE	 $737.20 
89030618000A	75126 IC RS485 TRANSCEIVER SMT	 $1.49 
89029993000A	75232 rs 232 interface	 $3.39 
11049858000A	757 1A S70	 $47.30 
11049859000A	757 A RR	 $12.03 
MSZ84290040A	7700 DLN GROOVED PRE-CUT KEY	 $2.30 
11065477000A	770500 REPLACEMENT HANDSET(BLA	 $30.72 
11065478000A	775032 16BTN PHONE DISPLAY	 $150.07 
19060236000A	7AH STANDBY BATTERY	 $205.88 
TM000484001A	7-inch Consumer Display On-site Repair Manual	 $95.40 
11065158000A	8 BTN KEYSET	 $242.26 
19064442000A	8 DR-115VAC CNTRLS 8 SUPV DRS,4000	 $9,021.56 
19065178000A	8 fused outputs with total cap	 $241.33 
BRP00969000A	8 IN LCD TOUCHSCREEN	 $0.05 
BRP00969000B	8 IN. BCI MONITOR FOR CS5K KIT	 $0.05 
BRP00969B00A	8 IN. BCI MONITOR FOR CS5K KIT	 $0.05 
11065509000A	8 INPUT VIDEO MATRIX SWITCH CA	 $1,173.49 
11051240000A	8 ZONE EXPANSION MODULE	 $342.26 
BRP00753000A	8" BASE CS2000	 $0.05 
BRP00121000A	8" BASES CS1000	 $0.05 
BUFI0383000B	8.4in LCD & SVD CONSUMER DISPLAY UPGRADE,1062i AND 1062 MDS FL	 $2.21 
BUFI0382000D	8.4in LCD & SVD CONSUMER DISPLAY UPGRADE,1073/74i	 $3.16 
TM8SVDIV000B	8.4INCH CONSUMER DISPLAY SERV	 $117.00 
00051348000E	8.5 WIDE BLK/BLUE STATE ROLL	 $152.10 
00051348000H	8.5 WIDE BLK/GREEN STATE ROLL	 $152.10 
00051348000G	8.5 Wide BLK/GREEN State W/TOF	 $157.50 
00051346000A	8.5 Wide Opteva State W/TOF	 $309.13 
00051214000B	8.5 Wide Therm State Blank	 $107.10 
00051214000A	8.5 Wide Therm State W/TOF	 $553.46 
11038686000A	8/1 IO Mod PCB only	 $350.78 
41027278000A	8/32-1/2 TAMPER PROOF ONE WAY	 $4.89 
11038685000A	8/4 IO Mod PCB only	 $597.43 
11049864000A	80' & 200'  LONG RANGE PIR	 $222.99 
00106874000D	800015-450 BLK SUB KDO 500/	 $72.00 
11049865000A	802 2B 001	 $96.44 
11065436000A	802A-4 HARNESS	 $82.35 
11065437000A	8078591 METER MM ST-SC DUPLEX	 $60.39 
19061879000A	80GB HARD DRIVE-DM ALL MODELS-PATA IDE DESKSTAR 7K80 OA30217 PATA	 $153.47 
0005112500AA	80MM GRN/BLK THERM SHOW RCPTS	 $27.41 
TM000481001A	80-mm Journal Printer On-site Repair Manual	 $94.50 
0005112500BA	80MM RED/BLK THERM SHOW RCPTS	 $23.63 
11043725000A	80UC ADA HANDLE STUD	 $201.21 
TP799387TABS	8-1/2X11 INDEX TABS	 $9.00 
AA000427TABS	8-1/2X11 INDEX TABS AA-000427	 $2.28 
11040335000A	816 Audio -Audio Interface for VAT	 $68.45 
41017363G00N	816 Audio -Exterior Privacy Handset Kit	 $1,696.16 
41017137000A	816 Audio -Microphone/Speaker CCA	 $229.04 
41017478000A	816 Audio PBX Interface Kit	 $1,989.06 
21018230000A	816 Audio Phone Hook-switch	 $167.09 
31019220000A	816 Audio Privacy Handset Armored Cord-Ash	 $563.71 
31019220000K	816 Audio RTS Handset with armored cord, Black	 $514.02 
41018898000B	816 AUDIO STANLEY WINDOW UPGRADE KIT	 $3,058.92 
TP820625001C	816 AUDIO SYSTEM INSTALLATION GUIDE	 $19.80 
TP820649001C	816 AUDIO SYSTEM INSTALLATION GUIDE	 $11.70 
TP820623001E	816 AUDIO SYSTEM OPERATING GUIDE	 $15.30 
89030515000A	816 AUDIO TRAINING CD	 $7.33 
19083474000A	816 FXS Adaptor	 $2,696.15 
41020954000D	816 SENSOR CONTROL BOX	 $2,532.41 
41020954000E	816 SENSOR CONTROL BOX	 $2,799.35 
89031293000A	816 TWO-WAY VIDEO ORG	 $4.89 
TP821237001A	816 VAT VIDEO SWITCHER INSTL AND SERVICE MANUAL	 $9.00 
00106859000C	81738 YMCKO RIBBON 250 PRINT	 $427.52 
00106859000D	81740 YMCKOK RIBBON 250 PRINT	 $130.50 
00106863000E	81783 .6MIL POLYGUARD CLR LAM	 $64.26 
00106863000K	81789 OVERLAMINATE CLEAR 250/	 $64.26 
89029500000A	820 UH  COIL      # 5152099	 $0.94 
11065457000A	820-BK PROXIMITY CARD READER,W	 $359.60 
00106862000T	82601 1.0 MIL POLY GUARD OVER	 $63.00 
BUFI0955000C	828 Upgrade Kit for Core i5 3rd Gen Processor	 $9.86 
11051706000A	8371 ARMATURE HOLDER X28	 $84.99 
11043699000A	840W PWRVAR COND W/ETH DTLINE	 $968.81 
89026040000A	8411 ONLY-SPRINGE DRUM DRIVE	 $2.51 
11065291000A	85743 CABINET KEYS	 $3.65 
BUFI0760000A	861 family card reader announc	 $0.45 
TMNEXTCR000F	861 FAMILY CARD READER ON-SITE SERVICE MANUAL	 $126.00 
00148290000A	86102 BACKDROP STAND	 $134.10 
00106979000B	86103 DESKTOP TRIPOD	 $40.50 
00148289000A	86106 10' USB CABLE	 $18.00 
00106861000K	86204 STAN BLK 3000/ DTC550	 $34.20 
00106987000A	86364 IN PHOTO CAPTURE SOFTWAR	 $121.50 
11065282000A	86365001 SWISSLOG TRANSLOGIC	 $94.66 
19056323000A	865 MOTHER BD AND CHASSIS	 $1,915.61 
19056323000B	865 MOTHER BD AND CHASSIS	 $1,915.61 
89030003000A	86c732p-tr1032 graphic acceler	 $223.02 
11049870000A	897B 112	 $6.85 
11065156000A	8BTN DT-80SET	 $430.65 
11065164000A	8-BTN DTERM	 $430.65 
BRP00969A00A	8IN LCD TOUCHSCREEN CARTER	 $0.05 
IKT0812FICS0	8MM LENS 1/3" F1.2 CS-MT MAN I	 $146.48 
11049871000A	8W SPKR STRB WALL 24 VDC 15 30	 $49.33 
11049872000A	8W SPKR STRB WALL 24 VDC 1575C	 $122.20 
11049873000A	8W SPKR STRB,WALL,WTHPRF,24 VD	 $149.74 
11051480000A	8W SQ SPEAKER WALL/CEILING 24R	 $53.47 
BRP00014000A	9 PIN SERAL INTERFAC CABL 10FT	 $0.05 
BRP00013000A	9 PIN SERAL INTRFACE CABLE 6FT	 $0.05 
BRP00922000A	9 PIN SERIAL CABLE	 $0.05 
11036465000A	9.5 AMP - HOUR BATTERY	 $99.18 
MSZ79432390A	90 DEG MALE ELBOW	 $3.40 
TM900000TABS	9000 BINDER TAB SET	 $4.16 
TP799464000A	9000 DEMO BOOKLET -LARGE TYPE-	 $9.05 
TMDISP390200	9000 DISPENSER MANUAL	 $216.00 
TMICES390200	9000 INTERNAL CONTROL ELEC	 $215.10 
TMPRNT900000	9000 PRINT MANUAL	 $18.77 
TM900081TABS	9000 REFERENCE BOOKLET TAB	 $2.24 
00050786000G	9000 SERIES BRAILLE KIT -LIGHT	 $78.30 
TMFASC390000	903, 905, 906 FASCIA MANUAL	 $107.10 
00050386000A	910 BLUE/WHITE BROCHURE (1000)	 $79.38 
TM910000000B	910/911/920/921 TERM SERVICE M	 $80.37 
TP799543000A	911/921 TERMINAL PLS STUDY GUI	 $6.30 
TP790916000A	912/922 ATM CASH DISP. GUIDE	 $35.10 
TM000170001B	91X MESSAGE PROTOCOL EXTENSION	 $95.40 
TP820085001C	91X TCS INSTALLATION MANUAL	 $19.80 
TP820589001D	91X TCS PLUS MAINT MAN	 $72.00 
BUIB0931000A	91X TCS REL 5.20 RSS 4.63&5.02	 $9.90 
TP820746001H	91X XV USERS GUIDE	 $67.50 
11051709000A	940 PROX PERFECT READER GRAY	 $687.38 
11038761000A	9500/9600 LOCK BX CASS. W/2 KE	 $748.44 
TMDIEX400000	9510 SYS.DIAG EXERCISER DIAG I	 $232.20 
11049874000A	964 1A 4RW	 $32.89 
11049875000A	965-7A-4RW	 $99.54 
11051710000A	970 PROXIMITY PERFECT READER	 $616.62 
11049876000A	99 ETL ETL	 $43.85 
11048074000A	996W PWRVAR COND W/ETH DTLINE	 $1,024.38 
11051305000A	9V BATTERY ALKALINE OR LITHIUM	 $6.46 
BRP00122000A	A/D CONVERTER CHIPS	 $0.05 
MSN69446000A	A/P ASSY. CABLE	 $27.86 
11051474000A	A/V DEVICE E90-2415C-FW	 $107.07 
AA000461000D	A1000 SERIES INSTALL MANUAL	 $33.30 
11066126000A	A2 Series Top Pin # 2	 $24.59 
11066127000A	A2 Series Top Pin # 3	 $24.59 
11066128000A	A2 Series Top Pin # 4	 $24.59 
11066129000A	A2 Series Top Pin # 5	 $24.59 
11066130000A	A2 Series Top Pin # 6	 $24.59 
11066131000A	A2 Series Top Pin # 7	 $24.59 
11066132000A	A2 Series Top Pin # 8	 $24.59 
11066133000A	A2 Series Top Pin # 9	 $24.59 
TP820098001B	A2005 INSTALL MANUAL	 $9.90 
11065264000A	A48H36166SS6LP-ENCLOSURE	 $9,448.94 
11065265000A	A48P36-ENCLOSURE	 $495.78 
11065217000A	A7-SRS-PS-S2(2ND GEN "S" SERIE	 $109.62 
11065206000A	A7-SRS-SI 1ST GEN "S" SERIES	 $120.58 
BRP01080000A	AA MINI MAG MAG-LITE	 $0.05 
BRP01010000A	AAEON MONITOR POWER CABLE	 $0.05 
BRP01081000A	AAON TO CARTER RETROFIT KIT	 $0.05 
11066178000A	AB00555-A 10' POWER CABLE	 $13.10 
11044211000A	AB20X28) 8320 Angle brkt kit X 28 1X1X21"	 $78.10 
49204245000A	ABSORBER,INK	 $1.35 
49204245000B	ABSORBER,INK	 $1.44 
05000524000A	AC ADAPTER FOR 05-521-A MONITO	 $24.22 
TE000133VICS	AC ADAPTER, US-INDIA	 $73.63 
TE000125VICS	AC Adapter,International to Euro	 $53.14 
11049877000A	AC HARDWR SURGE PROTECTR-DITEK	 $86.38 
BRP00019000A	AC IN POWER CORD	 $0.05 
TS4368850121	AC MOTOR FOR PUSHER	 $1,103.35 
TS4368853830	AC MOTOR LOWER TRANS UNIT	 $824.78 
TS4368850231	AC MOTOR SHUTTER LEFT ABC	 $423.32 
TS4368853820	AC MOTOR UPPER TRANS UNIT	 $841.17 
TS4368850111	AC MOTOR-FOR SHUTTER RIGHT DEF	 $475.20 
BRP00755000A	AC POWER CORD	 $0.05 
49204382000A	AC,ADAPTER	 $10.63 
11041125000A	AC/ADAPTER 645-045-1300	 $166.01 
00106930000F	AC-15PE PRINTABLE MIRAGE CARDS	 $5.56 
FBSPHX154N0A	ACAI - Commander 1:1 Manager Server License	 $4.89 
FBSPHX139N0A	ACAI COMMANDER 1:1 Manager Terminal License	 $4.89 
FBSPHX144N0A	ACAI COMMANDER Asset Manager Server License	 $4.89 
FBSPHX145N0A	ACAI COMMANDER Asset Manager Terminal License	 $4.89 
FBSPHX146N0A	ACAI COMMANDER Campaign Manager Server License	 $4.89 
FBSPHX147N0A	ACAI COMMANDER Campaign Manager Terminal License	 $4.89 
FBSPHX138N0A	ACAI COMMANDER eCommunication Manager Server License	 $4.89 
FBSPHX128N0A	ACAI COMMANDER eCommunication Manager Terminal License	 $4.89 
FBSPHX135N0A	ACAI COMMANDER Personalization Manager Server License	 $4.89 
FBSPHX140N0A	ACAI COMMANDER Personalization Manager Terminal License	 $4.89 
FBSPHX151N0A	ACAI COMMANDER Software Manager Server License	 $4.89 
FBSPHX153N0A	ACAI COMMANDER Software Manager Terminal License	 $4.89 
11049878000A	ACC MAINS ADP PB24-RUG CAST AL	 $717.33 
TP821395001B	ACCEL USER GUIDE	 $16.20 
TP821395001A	ACCELERATOR USER GUIDE	 $13.50 
BRP00113000A	ACCEPTOR HARNESS REV F	 $0.05 
BRP00983000A	ACCEPTOR TO QL3 ENCLOSURE HARN	 $0.05 
19055397000A	ACCESS CONTROL AUTOMATIC EMAIL INTERFACE	 $1,356.55 
19055347000A	ACCESS CONTROL EXPRESS 5800-320LB SERVER-NETWORK	 $71,250.26 
19055345000A	ACCESS CONTROL PES SERVICES DAILY RATE	 $4,384.80 
19055346000A	ACCESS CONTROL REDUNDANT SERVER CONFIGURATION	 $2,740.50 
19055343000A	ACCESS CONTROL SQL  2000 STANDARD EDITION,CORE SOF	 $4,795.88 
19055398000A	ACCESS CONTROL,USB NTSC CCD CAMERA	 $4,932.90 
19055394000A	ACCESS CONTROLL,EXPRESS CLUSTER LAN	 $20,553.75 
NZ0000002635	ACCESS DOOR	 $26.31 
ULKL20000000	ACCESS EXTN,TUBE SET	 $53.11 
ULKLA0100000	ACCESS FOCAL LG FINDER	 $461.22 
11040719000A	ACCESS KEY - PACOM 1026	 $40.55 
11038901000A	ACCESS KIT,360 DEG ROTN	 $106.22 
BRP00045000A	ACCESS PLATE	 $0.05 
49208449000A	ACCESSORY KIT	 $28.67 
11049879000A	ACCRD PAN/TILT 26X AUTO DAY/NG	 $5,985.25 
BUFI0487000A	ACCUTRACK 1200/2400 INSTALL	 $3.52 
BUFI0522000A	ACCUTRACK 200 RELEASE 1.41.01 UPGR KIT INSTL INSTRUCTIONS	 $1.03 
TM000285001A	ACCUTRACK 800 SRV,PRTS MANUAL	 $391.50 
39017263000A	AccuTrack Elite 3200 Camera Upgrade Kit - upgrades base AccuTrack unit to an 4 channel unit	 $7.79 
AA000349000E	ACCUTRACK ELITE 3200 SERVICE AND PARTS MANUAL	 $216.00 
TP821289001A	ACCUTRACK ELITE 3200 SOFTWARE RELEASE NOTES	 $17.10 
89030624000A	ACCUTRACK ELITE DOUMENTS CD VI	 $20.25 
TP821170001B	ACCUTRACK ELITE OPR QUICK REF GUIDE	 $9.90 
TP820852001A	AccuTrack G.E.M. Manual and Certificate - monitor the operation of multiple AccuTracks. Diebold Advisor or version 3.3 or later of EMS needed, and version 1.41 or later needed on the AccuTrack	 $232.20 
TP820516001B	ACCUTRACK OP QUICK REF GUIDE	 $3.60 
11043480000A	ACCUTRACK PWR SUPPLY-300W	 $94.28 
39017103000E	AccuTrack Software only Upgrade Kit 3.01.06. Targeted for AccuTrack releases running on Windows 2000.	 $540.00 
11041532000A	ACCUTRACK SW VER 1.41.01	 $109.62 
89031278000A	ACCUTRACK TRAINING MANUAL	 $21.99 
TP820937001A	ACCUTRACK USERS MANUAL,RELEASE 2.01	 $21.55 
TP821183001A	ACCUVOTE OPT SCAN TRAINING MAN	 $9.90 
TP821179001A	ACCUVOTE TSX TRAINING MANUAL	 $22.50 
11034420000A	ACE KEYBLANK FOR UX CUTS	 $2.32 
TP821363001A	ACE SSL IMPLEMENTATION CNFGR GUIDE	 $9.00 
BRP01032000A	ACER MIN COMPT FOR WNDY'S SAFE	 $0.05 
BRP01054000A	ACER POWER SUPPLY	 $0.05 
11043390000A	ACETAL NUT ASSY	 $379.83 
000504960XXA	ACKNOWLEDGE PRIN/CART PURPLE	 $4.31 
00013541000B	ACM,8 X 16 AUDIO	 $1,175.11 
00013541R00B	ACM,8 X 16 AUDIO	 $1,664.87 
00013544000B	ACM,ONE ON ONE	 $1,175.11 
49214840000A	ACME RELEASE LINK	 $12.06 
11031374000B	ACOUSTICAL FOAM 24X24  1/2 THI	 $75.56 
TP821402001B	ACPTRS,DEPS,AND CONS BAR CODE SCNR	 $95.40 
11041197000A	AC-RP ROCKET BOARD	 $1,246.93 
TS4368880712	ACRYLIC EXIT DR-OUTLET STRAPS	 $49.16 
21021402000A	ACRYLIC SHELF NARROW STYLE RH	 $215.46 
TP799817002A	ACS 1600 DE DIEBOLD GUIA DEL	 $33.30 
19047081000A	ACS ALRM CNTRLR,W/RCDR,DIG	 $7,172.55 
19036115000A	ACS CARD,MAG STRIPE	 $83.16 
ULA40117000A	ACS CNTRL CIM	 $2,639.11 
ULA40132000A	ACS CNTRL CIM	 $5,549.52 
ULA40215000A	ACS CNTRL CIM,RTU-100	 $2,671.99 
ULA40230010A	ACS CNTRL CIM,RTU-200	 $5,316.57 
ULA40118000A	ACS CNTRL FIM	 $2,192.40 
ULA40331100A	ACS CNTRL FIM,EXT,RTU-195	 $7,741.92 
ULA40216210A	ACS CNTRL FIM,RTU-100	 $2,397.94 
ULA40144000A	ACS CNTRL FIM,RTU-190	 $2,776.13 
ULA40219000A	ACS CNTRL FIM,RTU-190	 $2,603.48 
ULA40311100A	ACS CNTRL FIM,RTU-195	 $3,801.08 
ULA40133000A	ACS CNTRL FIM,RTU-200	 $3,187.21 
ULA40231310A	ACS CNTRL FIM,RTU-200	 $2,740.50 
11045314000A	ACS CNTRL KIT,8 DOOR	 $6,286.90 
TP821373001A	ACS CNTRL SYS OPR INSTRN	 $23.40 
29005431043A	ACS CNTRL SYS,1080B	 $1,840.05 
29005431037A	ACS CNTRL SYS,FACE PL,1080A	 $137.03 
29005431038A	ACS CNTRL SYS,FACE PL,1080B,1091B	 $130.50 
29005431039A	ACS CNTRL SYS,FACE PL,1080C,1091A	 $137.03 
29005431034A	ACS CNTRL SYS,FLOOR BD	 $4.10 
29005431030A	ACS CNTRL SYS,IC,DSPL DRVR	 $25.74 
29005431046A	ACS CNTRL SYS,INSUL,LBD	 $2.57 
29005431018A	ACS CNTRL SYS,PWR DISTR BD	 $91.35 
29005431011A	ACS CNTRL SYS,SHRD,1086A	 $326.25 
29005431012A	ACS CNTRL SYS,STD PED,1086F	 $281.88 
29005431025A	ACS CNTRL SYS,SWIPE RDR HD	 $153.47 
11065244000A	ACS CONTROLLER BOARD ACS-2-PCB	 $1,619.64 
00100109001D	ACS DOOR SYS,ADD-ON CNTRLR,DC316,INTL,230V	 $2,469.20 
00100109001B	ACS DOOR SYS,ADD-ON CNTRLR,DC664,230V,INTL	 $2,836.42 
00100109000F	ACS DOOR SYS,COLOR GRPH PKG	 $1,433.57 
00100112003A	ACS KIT,RIM-1 ADD-ON,WIEGAND,12V	 $521.64 
00100112003B	ACS KIT,RIM-1 ADD-ON,WIEGAND,5V	 $521.64 
00100112003C	ACS KIT,RIM-1,ADD-ON,MAG,INSR,5V	 $521.64 
00100112003D	ACS KIT,RIM-1,ADD-ON,MAG,SWIPE,12V	 $521.64 
00100112000H	ACS KIT,RIM-1,MAG SWIPE,12V	 $1,501.61 
00100112000E	ACS KIT,RIM-1,WIEGAND,12V	 $809.87 
00100112000F	ACS KIT,RIM-1,WIEGAND,5V	 $809.87 
00100112000G	ACS KIT,RIM-1,WIEGAND,5V	 $809.87 
ULKPGS400000	ACS,1 ALRM,16IN/2OUT,W/PWR SPLY,ENCL,POINTGUARD	 $1,575.79 
ULKPGS500000	ACS,1 RLY,0IN/16OUT,W/PWR SPLY,ENCL,POINTGUARD	 $1,575.79 
ULKPGS200000	ACS,2 DOOR,INTFC,W/PWR SPLY,ENCL,EXPNSN,POINTGUARD	 $1,201.99 
ULKPGS300000	ACS,4 DOOR,INTFC,W/PWR SPLY,ENCL,EXPNSN,POINTGUARD	 $2,247.21 
ULKPGKIT2M00	ACS,KIT,MAG STRIPE,2 DOOR,POINTGUARD	 $3,385.13 
ULKPGKIT4M00	ACS,KIT,MAG STRIPE,4 DOOR,POINTGUARD	 $5,380.97 
ULKPGKIT6M00	ACS,KIT,MAG STRIPE,6 DOOR,POINTGUARD	 $7,281.78 
ULKPGKIT8M00	ACS,KIT,MAG STRIPE,8 DOOR,POINTGUARD	 $9,210.55 
ULKPGKIT2P00	ACS,KIT,PROX,2 DOOR,POINTGUARD	 $3,910.64 
ULKPGKIT4P00	ACS,KIT,PROX,4 DOOR,POINTGUARD	 $6,135.71 
ULKPGKIT6P00	ACS,KIT,PROX,6 DOOR,POINTGUARD	 $8,316.05 
ULKPGKIT8P00	ACS,KIT,PROX,8 DOOR,POINTGUARD	 $10,468.44 
ULKPGS100000	ACS,KIT,W/PWR SPLY,ENCL,POINTGUARD	 $2,445.89 
19082605000A	ACS-1E Insert Reader w/Cable Cut, Supports Tamper with optional Tamper Collar	 $1,320.35 
11065866000A	ACS-1E MAIN BOARD 200-10102	 $1,232.51 
19082604000A	ACS-1E Swipe Reader w/Cable Cut, Piezo	 $1,528.97 
19060576000A	ACS-2-KEY ENCLOSURE KEY	 $23.96 
11065202000A	ACS-2-PCB CONTROL BOARD	 $1,619.64 
19063086000A	ACS-CBLE-ETH CBLE FOR PARABIT ACS-2	 $353.53 
19082518000A	ACS-ENT -SM Single-User - Multi-Site ACS Enterprise Database Management/Diagnostic Software Requires SQL 2008 (Not Included)	 $5,152.37 
19082517000A	ACS-ENT -SS Single User Single Site ACS Enterprise Database Management/ Diagnostic Software Requires SQL Lite (not Included)	 $897.62 
TP799388000A	ACS-PC ACCESS CONTROL SYS USER	 $27.00 
TP799389000A	ACS-PC ELEVATOR CONT.SUPP.USER	 $8.10 
AA001821000B	ACS-PC SERVICE, INSTALLTION, &	 $193.50 
TP799412000A	ACS-PC TIME & ATTENDANCE SUPPL	 $8.10 
TM000503001B	ActivCash Dispenser On-site Repair Manual	 $58.64 
BUFC0387000A	ACTIVCASH FCO, INSTRUCTIONS	 $24.57 
49261553000A	ACTIVCASH, ASSY, DIVERT PARTITION	 $88.58 
BUFCO357000B	ActivCheck Customer Interface Reflective Sensor CCA Replacement	 $5.67 
49267135000A	ACTIVDISPENSE FDWHL PM KIT	 $172.12 
TP821761001A	ActivDispense Operating Guide,English	 $6.04 
TP821761007A	ActivDispense Operating Guide,French	 $6.84 
TP821761019A	ActivDispense Operating Guide,German	 $6.84 
TP821761031A	ActivDispense Operating Guide,Indonesian	 $6.84 
TP821761021A	ActivDispense Operating Guide,Italian	 $6.84 
TP821761023A	ActivDispense Operating Guide,Polish	 $6.84 
TP821761011A	ActivDispense Operating Guide,Portugese (Portugal)	 $6.84 
TP821761024A	ActivDispense Operating Guide,Russian	 $6.84 
TP821761006A	ActivDispense Operating Guide,Simplified Chinese	 $6.84 
TP821761002A	ActivDispense Operating Guide,Spanish	 $6.84 
TP821761030A	ActivDispense Operating Guide,Traditional Chinese	 $6.84 
TP821761013A	ActivDispense Operating Guide,Turkish	 $6.84 
11051712000A	ACTIVE VIDEO RECEIVER	 $414.55 
11051713000A	ACTIVE VIDEO TRANSMITTER	 $427.52 
29008477000E	ACTR,GATE	 $123.53 
21015453000B	ACTR,LCH	 $8.24 
49241580000A	ACTR,RTRY,24.00V,W/MAG	 $84.42 
11031690000A	ACTUATING PLUNGER - CL - 3005	 $32.32 
11036945000A	ACTUATOR     PELCO	 $2.79 
19039198000A	ACTUATOR (INTERLOCK SWITCH) -	 $21.47 
28010128000A	ACTUATOR BRACKET	 $226.80 
10632790000	ACTUATOR JV-5	 $44.41 
18000762000A	ACTUATOR PIN	 $0.45 
28020353000A	ACTUATOR PLATE	 $62.28 
BRP00838000A	ACTUATOR PLATE	 $0.05 
11036824000A	ACTUATOR PLATE SPRING	 $28.73 
28020910000A	ACTUATOR RETAINER	 $6.62 
28000840000A	ACTUATOR ROD	 $21.47 
28020553000A	ACTUATOR ROD GUIDE - REAR	 $5.18 
39006769000A	ACTUATOR, ELASTOMER	 $16.42 
MSN70132000A	ACTUATOR, LEVER TYPE *MICRO #J	 $12.58 
MSN86693000A	ACTUATOR, LIMIT SWITCH	 $13.10 
MSZ17524820A	ACTUATOR, MAGNETIC N91444	 $74.79 
21016083000B	ACTUATOR, MANUAL AFTER HOUR DEPOSITORY	 $8.62 
49022592000A	ACTUATOR, SLIDE	 $11.41 
MSN90342000A	ACTUATOR, SWITCH - DOOR OPEN	 $0.00 
MSN63197000A	ACTUATOR, SWITCH *MICRO #MCD27	 $36.52 
49202705000A	ACTUATOR,ELAS	 $16.42 
49250153000A	ACTUATOR,FINGER GATE	 $5.67 
49227322000B	ACTUATOR,GATE	 $131.20 
49255641000A	ACTUATOR,GATE,CAM SIDE	 $5.14 
49200294000C	ACTUATOR,GATE,LG	 $27.95 
49255641000B	ACTUATOR,GATE,SERVICE SIDE	 $5.14 
49200282000A	ACTUATOR,SLIDE	 $25.13 
49200284000B	ACTUATOR,SNSR,INTL MEDIA	 $8.79 
MSN68320000A	ACTUATOR,SWITCH *LICON #76-120	 $19.49 
MSZ17419860A	ACUATOR -MICRO ASSY- MOSL	 $33.89 
11065290000A	ACUBATMR BATTERY MOUNT BRACKET	 $35.98 
BUFCO283000A	ACUTRACK REL 1.21.08 SFTWR UPG	 $1.42 
11049882000A	AD-11P AIR DUCT HSE	 $181.29 
11049885000A	ADA COMPLNT,HNDS-FRE INDR EMER	 $735.82 
19085657000A	Adams Rite Mounting Clip - Flat	 $30.45 
BS1376000000	ADAPTER  3 PIN (H) TO 6 PIN (D	 $19.85 
BS1378000000	ADAPTER  4 PIN (D1) TO 6 PIN (	 $19.85 
BS1381000000	ADAPTER  6 PIN (D6) TO 4 PIN (	 $26.10 
BS1379000000	ADAPTER  8 PIN (D2) TO 4 PIN (	 $26.10 
BS1377000000	ADAPTER  8 PIN (D2) TO 6 PIN (	 $19.85 
BS1375000000	ADAPTER 3 PIN(H) TO 8 PIN (D2)	 $26.10 
11047535000A	ADAPTER DC POWER 2.5MM X 5.5	 $5.48 
30021450000	ADAPTER PLATE 3/TL	 $45.89 
39009826000A	Adapter plate for CA490 internal ATM siren for a rear load I and IX ATMs	 $81.65 
30019670000	ADAPTER PLATE FOR Y&I MOVEMENT	 $65.21 
19019900000A	ADAPTER PLATE,PWR SPLY	 $48.60 
PLPM102A0000	ADAPTER PLATE-PELCO PA2000,PM2	 $11.70 
11047536000A	ADAPTER POE	 $94.55 
MSN88609000A	ADAPTER, 1 1/2 IN. POLE MOUNT	 $79.35 
MSN61681000A	ADAPTER, 1 13/64 LG. MOSLER TI	 $91.58 
MSN61682000A	ADAPTER, 1 IN. LG. YALE TIMELO	 $91.58 
11051714000A	ADAPTER, POLE MOUNT, GRAY	 $70.05 
MSN94506000A	ADAPTER, PRINTER MAC 3264	 $16.50 
39013049006A	ADAPTER,AC 8 WATT MODEL C LIGHT	 $43.38 
39013049007A	ADAPTER,AC FOR SPT-M104	 $55.69 
39013049011A	ADAPTER,SELF ADH SHOE	 $21.05 
11049888000A	ADB FLF	 $43.85 
11065484000A	ADCDW3895TU CAM,WDR,504,UNIV,3	 $624.49 
19053099000A	ADD-ON RACK KIT W/PWR SPLY	 $1,843.66 
11049894000A	ADDRESSABLE INPUT MODULE	 $97.13 
11049898000A	ADDRESSABLE PE SMOKE HEAD	 $100.99 
11049900000A	ADDRESSABLE SIGNAL SOUNDER MOD	 $325.68 
11049901000A	ADDRESSABLE THERMAL SENSOR	 $76.73 
11065416000A	ADEMCO 5819WHS, TRANSMITTER	 $129.26 
11049903000A	ADEMCO DUAL LINE DAILER	 $124.70 
11049904000A	ADEMCO INDOR SIRN 2 TON WAL MT	 $28.77 
11049906000A	ADEMCO KEYPAD LG FIXED LCD BKL	 $104.66 
19036534000A	ADEMCO RADIO KIT W/3DB ANT AND	 $1,127.70 
11065404000A	ADEMCO WIRELESS SMOKE DETECTOR	 $163.75 
11065209000A	ADEMCO/VISTA PANEL CHIP (ADT)	 $164.43 
16002056000A	ADH,LOCTITE 416	 $102.06 
TSN51000000A	ADHESIVE,#332	 $0.00 
49208021136A	ADHESIVE,FOIL,PRISM	 $139.31 
TSN61968000A	ADHESIVE,GUIDE PLATE	 $0.00 
DM1306P00000	ADHESIVE,PROX PATCH	 $11.23 
29006197000A	ADJ CHAN,CNTRL LK	 $8.10 
27001195000B	ADJ DETENT BOLT ASM	 $24.71 
31018852000A	ADJ SHELF	 $107.73 
41013476000A	ADJ SHELF	 $35.06 
21010799000A	ADJUSTABLE CHANNEL	 $3.24 
21010799000B	ADJUSTABLE CHANNEL	 $2.42 
41015618000A	ADJUSTABLE SHELF	 $31.23 
32001471000J	ADJUSTABLE SHELF H1OS22	 $18.57 
11048923000A	ADJUSTABLE SPRING COLLAR	 $16.42 
11048924000A	ADJUSTABLE SPRING COLLAR	 $16.42 
4102070401AY	ADJUSTER, DOOR CE&F	 $86.18 
28000376000A	ADJUSTING ARM	 $0.97 
89026935000A	ADJUSTMENT PLATE	 $6.34 
11038684000A	ADLEM PCB only	 $57.56 
TP799719000C	ADMIN GUIDE,BOLDIMAGE,v.1.21	 $11.15 
TP799642001H	ADMIN GUIDE,DIEBOLD 5100D,RLSE 1.54	 $215.10 
TP799818001C	ADMIN GUIDE,DIEBOLD ACS 3200	 $77.40 
TP799599000A	ADMIN GUIDE,OFFLINE COPIER CNTRLR	 $24.30 
TP799600000A	ADMIN GUIDE,OFFLINE LAUNDRY CNTRLR	 $15.30 
11049909000A	ADMINISTRATIVE TELEPHONE	 $867.39 
11049910000A	ADP	 $289.67 
21016896000A	ADPTR KIT,SCSI HOST	 $687.87 
19065835000A	ADPTR PLATE	 $13.07 
BTC463920000	ADPTR PLATE MT DATA MOD IN BTC	 $117.45 
BTC463930000	ADPTR PLATE RS232 DATA MOD \ B	 $117.45 
19055192000A	ADPTR PLATE,FOUR MT	 $40.55 
19048245000A	ADPTR PLATE,ICS100 TO 4S GANGBOX	 $20.00 
19048348000A	ADPTR PLATE,ICS300 TO 4S GANGBOX	 $20.00 
19055191000A	ADPTR PLATE,PLASTIC,SGL MT	 $10.96 
19053290000A	ADPTR,1053 ETHERNET,PCB ONLY	 $573.80 
19043115000A	ADPTR,AC,100-240V,50/60HZ	 $175.55 
19046784000A	ADPTR,AUDIO,MULTI-MEDIA	 $150.73 
ULMMAUDIO000	ADPTR,AUDIO,MULTI-MEDIA W/SPKRS	 $548.10 
21017825000A	ADPTR,AUTO IRIS	 $34.02 
21017825000B	ADPTR,AUTO IRIS	 $95.84 
19049439000A	ADPTR,BILINX TO USB	 $141.14 
19057355000A	ADPTR,BRKT,CAMR DOME MT,CORNER	 $87.70 
49013040000A	ADPTR,CD RDR	 $3.40 
19058392000A	ADPTR,CORNER MT,CAMR HSGS	 $39.94 
19049150000A	ADPTR,CORNER MT,OUTDOOR,CAMR HSG	 $161.69 
19058315000A	ADPTR,CORNER MT,VM15 DOME	 $238.43 
19058319000A	ADPTR,CORNER MT,VM17 DOME	 $238.43 
19049525000A	ADPTR,DPLX,RJ31 & RJ21,FEMALE TO MALE,RJ21	 $2.70 
19048475000A	ADPTR,FLUSH MT,ICD-68 DOME	 $109.62 
21017569000A	ADPTR,ISA,ASYNC	 $94.50 
ULLAN100MBTP	ADPTR,LAN,10/100MBITS/SEC,CAT5TP	 $548.10 
ULLAN10MCPCI	ADPTR,LAN,10MBITS/SEC	 $548.10 
ULLANTOKEN00	ADPTR,LAN,TOKEN RING,16/4 MBPS,PCI,RJ45	 $1,342.85 
ULBHA0000000	ADPTR,LENS,MT	 $7.83 
ULMAU4POORT0	ADPTR,NTWK,TOKEN RING,4PORT,W/PWR SPLY	 $1,411.36 
ULMAU8PORT00	ADPTR,NTWK,TOKEN RING,8PORT,RJ45,W/PWR SPLY	 $3,590.06 
19047191000B	ADPTR,OPLE MT,W/STAINLESS STEEL STRAPS	 $95.92 
19042277000A	ADPTR,PCMCIA CARD	 $31.09 
19056610000A	ADPTR,PNDNT MT	 $38.00 
19048246000A	ADPTR,PNDNT MT,ICS100	 $52.00 
11046347000A	ADPTR,PNDNT,UNIV	 $41.11 
19047192000A	ADPTR,POLE MT	 $137.03 
19047167000A	ADPTR,POLE MT W/STAINLESS STRAPS	 $150.73 
CHPMA1000000	ADPTR,POLE MT,CAMR HSG	 $106.88 
19049149000A	ADPTR,POLE MT,OUTDOOR,CAMR HSG	 $224.72 
11047455000A	ADPTR,PWR,USPS ONLY	 $409.02 
ULB55131000A	ADPTR,SYNC,RTU 175B PRSCR	 $734.45 
ULB55132000A	ADPTR,SYNC,RTU-175C PRSCR	 $1,022.21 
21016792000A	ADPTR,TKN RNG	 $1,179.72 
49262787000A	ADPTR,USB,MICRO MALE TO MINI FEM	 $27.68 
19055265000A	ADPTR,VID DA,8-CHAN IN/OUT	 $767.34 
11049891000A	ADRESABL DOR/WINDW CONTACT NC	 $30.78 
11049896000A	ADRESABL MOTN DTECTR CILNG MT	 $195.62 
11049897000A	ADRESABL MOTN DTECTR WALL MT	 $135.50 
AA0001190000	ADVANCE BASIC II VAULT DOOR	 $205.20 
89029218000A	ADVANCE PAWL     # 63194	 $3.91 
NZ0000003098	ADVANCE SYS BD W/O COMMS	 $1,863.54 
TM000027001D	Advanced Function Dispenser Me	 $180.00 
TP820714001B	ADVANCED FUNCTION DISPENSER OPERATING GUIDE	 $9.00 
TP820714001C	ADVANCED FUNCTION DISPENSER OPERATING GUIDE	 $9.90 
TP820714001F	ADVANCED FUNCTION DISPENSER OPERATING GUIDE	 $12.60 
TM000220001B	advanced function dispenser pl	 $11.70 
TM000365001A	ADVANCED SKIMMING DETECTION FOR DIP CARD READER,ON-SITE REPAIR MANUAL	 $97.20 
AA000052000A	ADVANCED/MN LOW PROFILE DESKTO	 $12.60 
11049911000A	AE30U	 $212.94 
BUFI2170000A	AFD 2.0 TILT Field Upgrade Kit Field Instruction	 $1.42 
TM000052001C	AFD ON-SITE REPAIR MAN	 $108.00 
BUFI0473000A	AFD,CHANNEL UPGRADE KIT, FIELD INSTRUCTION	 $1.97 
11051636000A	AFL ST QUICK TERMINATI FAST ST	 $25.35 
00052186000B	AFMT Thermal Paper Roll,Box of 12	 $10.71 
11049913000A	AGENT REL MOD INTELL 2 CIRCUT	 $586.61 
11042387000A	AGILIS 2 IX OPT RSS REC HDDRV	 $572.67 
89030772000A	AGILIS 2.0 TRAINING CD	 $8.55 
89031000000A	AGILIS 2.0.3 FOR BRECKENRIDGE	 $34.21 
FB006793000A	AGILIS 2.4 91X STEP UP MEDIA PKG	 $21.99 
FB006930000A	AGILIS 2.4 STEP UP INSTALLATION	 $0.00 
FB006790000A	AGILIS 2.4 STEP UP LICENSE	 $0.00 
FB006791000A	AGILIS 2.4 STEP UP LICENSE - IF ON SUBSCRIPTION SERVICE	 $0.00 
FB006750000C	Agilis 3 91x for Opteva, License Package	 $0.00 
FB006797000A	Agilis 3 91x License - if on 2.0 subscription Service	 $0.00 
TP821608001A	Agilis 3 91x Service Pack 2 (SP2), Installation and Configuration Supplement for Diebold 429 Terminals	 $6.30 
FB006831000A	Agilis 3 91x SP1 +CS5 DA Media Package for IS, PS in North America	 $43.98 
TP821519001B	Agilis 3 91x SP3, Payment Application Data Security Standard (PA DSS) Implementation Guide	 $9.90 
TP821302001F	Agilis 3 91x User Guide	 $83.70 
TP821594001B	Agilis 3 91x, Service Pack (SP) 2, Installation and Configuration Guide	 $105.30 
TP821623001A	Agilis 3 91x, Service Pack (SP) 3, Product Description	 $8.10 
TP821624001B	Agilis 3 91x, Service Pack 2, versus Agilis 91x, Version 2.x, Product Differences	 $7.20 
TP821595001A	AGILIS 3 91X,SERVICE PACK (SP) 2,PRODUCT DESCRIPTION	 $7.20 
FB006763000B	Agilis 3 Advanced Maintenance License - Special Offer	 $0.00 
FB006884000A	Agilis 3 Campaign Office Advanced Activities License	 $0.00 
TP821379001C	Agilis 3 NDx - How to Use the Presenter Class	 $14.40 
TP821466001E	Agilis 3 NDx  Programmer?s Reference Manual	 $134.10 
TP821316001G	Agilis 3 NDx Configuration Reference Guide	 $19.80 
TP821380001F	Agilis 3 NDx for ix Installation and Configuration Guide	 $12.60 
TP821381001G	Agilis 3 NDx for NCR Installation and Configuration Guide	 $14.40 
TP821370001I	Agilis 3 NDx for Opteva Instal	 $11.04 
TP821370001H	Agilis 3 NDx for Opteva Installation and Configuration	 $19.80 
TP821382001G	Agilis 3 NDx for Wincor Installation and Configuration Guide	 $13.50 
TP821344001G	Agilis 3 NDx Product Description	 $9.00 
TP821458001B	Agilis 3 NDx Screen Tester User Guide	 $6.30 
FB006795000A	AGILIS 3 STEP UP LICENSE	 $0.00 
TP820737001B	AGILIS 3X INSTALL/CONFIG GUIDE	 $37.80 
TP820736001B	AGILIS 3X PRODUCT DESCRIPTION	 $5.40 
TP820864001A	AGILIS 91X EDC 3.0.2 OP GUIDE	 $12.60 
TP821232001C	AGILIS 91X EMV USER AND PROGRAMMER GUIDE	 $40.50 
TP821029001C	AGILIS 91X FOR IX / CSP TERMINAL PROGRAMMING MANUAL	 $225.00 
TP821028001C	AGILIS 91X FOR IX AND AGILIS 91X FOR CSP STATUS REFERENCE MANUAL	 $63.00 
TP820605001I	AGILIS 91X FOR IX INSTALLATION AND CONFIGURATION GUIDE	 $79.20 
TM000053001A	AGILIS 91X INSTALL & CONFIG GUIDE,CROSS VENDOR	 $152.10 
TP820943001D	AGILIS 91X MAINT MAN FOR OPT	 $67.50 
TP821285001B	AGILIS 91X PRODUCT DESCRIPTION	 $8.10 
FB006753000A	AGILIS 91X REL 3.0.0 OPTEVA MEDIA PKG	 $175.93 
TP821457001A	AGILIS 91X RELEASE 3.0 VERSUS AGILIS 81X RELEASE 2.X,PRODUCT DIFFERENCES	 $8.10 
TP821302001C	AGILIS 91X USER GUIDE	 $56.70 
TP820746001D	Agilis 91x User's Guide	 $45.00 
TP820746001F	Agilis 91x User's Guide	 $56.70 
TP821328001A	AGILIS 91X XV 2.3 FOR OPTEVA 328	 $47.70 
TP821155001L	AGILIS 91X XV INSTALLATION AND CONFIGURATION GUIDE	 $132.30 
TP820744001J	AGILIS 91x XV MAINTENANCE MANUAL	 $94.50 
TP820745001L	AGILIS 91X XV PRODUCT DESCRIPTION	 $15.30 
TP821153001I	Agilis 91x XV Status Reference Manual	 $54.00 
FB006693000A	AGILIS 91X XV-OPTEVA,V2.4,MEDIA PKG	 $87.97 
TP821457001D	Agilis 91x, Version 3.0 SP1, versus Agilis 91x, Version 2.x, Product Differences	 $8.10 
TP821285001C	AGILIS 91X,VERSION 2.0,SP1 PRODUCT DESCRIPTION	 $7.20 
TP820874001C	Agilis 91x/TCS Plus EMV Progra	 $14.40 
TP820847001B	AGILIS 91X/TCS PLUS USER'S GD	 $140.40 
FB006760002B	Agilis Advanced Maintenace version 2.3 License Package	 $0.00 
FB006610000A	AGILIS BASE COMM SDK(PROTOCOLS SET 1) V4.4.0, MEDIA PKG	 $21.99 
TP821312001D	AGILIS BASIC MAINTENANCE AND AGILIS ADVANCED MAINTENANCE USERS GUIDE	 $117.00 
TP821312001E	AGILIS BASIC MAINTENANCE AND AGILIS ADVANCED MAINTENANCE USERS GUIDE	 $113.40 
TP821312001I	Agilis Basic Maintenance and Agilis Advanced Maintenance User's Guide	 $130.50 
TP821638001B	Agilis CustEmize User's Guide	 $18.00 
TP820846001A	AGILIS EDC OPERATING GUIDE	 $3.60 
TP821200001A	AGILIS EDC OPERATING GUIDE	 $13.50 
TP821506001A	Agilis EmPower  Gateway Extensions Developer's Guide	 $9.90 
TP821517001A	Agilis EmPower  Services Designer User's Guide	 $15.30 
TP821621001A	Agilis EmPower  Services Testing Module User's Guide	 $5.40 
TP821285001A	AGILIS EMPOWER 91X APPLICATION OVERVIEW	 $11.70 
FB006764000B	Agilis EmPower Advanced Maintenance IX Videos 1.0 Media	 $43.98 
FB006764000A	Agilis EmPower Advanced Maintenance Opteva Videos 2.3 Media	 $21.99 
FB006764001A	Agilis Empower Advanced Maintenance Opteva Videos v2.4 Media Pkg	 $43.98 
FB006762002B	Agilis EmPower Advanced Maintenance v2.3 Media Kit	 $21.99 
FB006760002C	Agilis Empower Advanced Maintenance v2.4 Lic Pkg	 $0.00 
FB006762002C	Agilis Empower Advanced Maintenance v2.4 Media Pkg	 $21.99 
FB006910000B	AGILIS EMPOWER ANNUAL SFTW LIC FEE - AF STANDARD	 $225.00 
FB006908000B	AGILIS EMPOWER ANNUAL SFTW LIC FEE - CD STANDARD	 $135.00 
TP821304001D	Agilis EmPower Application Management	 $26.10 
FB006626000B	Agilis EmPower Base	 $0.00 
TP821305001D	Agilis EmPower Base Configuration Guide	 $54.90 
TP821309001D	Agilis EmPower Base Installation Guide	 $7.20 
FB006626001B	AGILIS EMPOWER BASE v3.4 LIC PKG	 $4.89 
FB006876000A	Agilis Empower Basic Maintenance v2.2 Media Kit	 $21.99 
FB006645002C	Agilis Empower Basic Maintenance v2.4 License Pkg	 $0.00 
FB006876000C	Agilis Empower Basic Maintenance v2.4 Media Pkg	 $21.99 
FB006645002B	Agilis EmPower Basic Maintenance version 2.3 License Package	 $0.00 
FB006876000B	Agilis EmPower Basic Maintenance version 2.3 Media Kit	 $21.99 
TP821384001B	AGILIS EMPOWER BINARY PARSER TESTER USERS GUIDE	 $8.10 
FB006907000B	AGILIS EMPOWER CUSTOM LICENSE - ADVANCED FUNCTION	 $0.00 
FB006906000B	AGILIS EMPOWER CUSTOM LICENSE - CASH DISPENSER	 $0.00 
TP821390001B	Agilis EmPower Custom NDx Application Projects Tutorial	 $5.40 
TP821378001A	AGILIS EMPOWER CUSTOMER PREFERENCES REFERENCE GUIDE	 $24.30 
TP821515001A	Agilis EmPower Customer Protocol Gateway Tutorial	 $15.30 
TP821500001D	Agilis EmPower Developer Installation Guide	 $8.10 
TP821385001B	Agilis EmPower Gateway XML Schemas Customization TutorialGuide	 $7.20 
TP821516001B	Agilis EmPower How to Develop a Bitmap XML Schema	 $8.10 
TP821310001A	AGILIS EMPOWER IFX STATUS CODES	 $9.90 
TP821514001A	Agilis Empower ISO 8583 Starting Kit Tutorial	 $9.00 
TP821388001C	Agilis EmPower Load Manager User Guide	 $7.20 
TP821389001B	Agilis EmPower MAC Capabilities User Guide	 $12.60 
TP821392001B	Agilis EmPower Serialization Rules Reference Guide	 $15.30 
TP821393001B	Agilis EmPower Services Designer Operations Reference Guide	 $47.70 
TP821614001A	Agilis EmPower Services Runtime Users Guide	 $5.40 
TP821394001D	Agilis EmPower Trace Analyzer User Guide	 $18.90 
TP821358001A	AGILIS EMPOWER,HOW TO USE THE PRESENTER CLASS	 $19.80 
TP821204001A	Agilis EMS/Remote Notifier Con	 $7.20 
TP820874001A	AGILIS FAN PROG REF GUIDE	 $13.50 
TP821260001B	agilis for opteva factory reco	 $5.22 
FB006905000B	AGILIS IFX V1.X LICENSE - ADVANCED FUNCTION	 $0.00 
FB006904000B	AGILIS IFX V1.X LICENSE - CASH DISPENSER	 $0.00 
TP821483001A	AGILIS INSTALLATION UTILITY(AIU),VER 1.0.0 GUIDE	 $7.20 
TP821484001A	AGILIS INSTALLATION UTILITY(AIU),VER 1.0.0 INSTALLATION GUIDE	 $6.30 
TP821312001T	Agilis Maintenance and Agilis Advanced Maintenance User's Guide	 $70.86 
TP821326001D	AGILIS MAINTENANCE CONFIGURATION GUIDE	 $7.20 
TP821326001H	AGILIS MAINTENANCE CONFIGURATION GUIDE	 $7.20 
TP821326001I	Agilis Maintenance Configuration Guide	 $5.40 
TP821400001B	AGILIS MAINTENANCE INSTALLATION GUIDE	 $9.00 
TP821400001F	Agilis Maintenance Installation Guide	 $11.70 
TP821327001C	AGILIS MAINTENANCE PROGRAMMERS GUIDE	 $13.50 
TP821327001G	Agilis Maintenance Programmer's Guide	 $16.20 
TP821203001A	Agilis Message Authentication	 $5.40 
TM000455001A	AGILIS MODULE INTERFACE (AMI),TMD ANTI-SKIMMING (TAS),PROGRAMMERS REFERENCE MANUAL	 $105.30 
TM000125001C	AGILIS MODULE INTERFACE(AMI)API PROGRAMMERS REFERENCE MANUAL	 $151.20 
TP821598001A	Agilis NDx  Smart Client Programmers Guide	 $17.10 
TP821317001D	Agilis NDX Application Programmers Guide	 $35.10 
TP821091001A	AGILIS NDX CONFIG GDE-OPT TERM	 $33.30 
TP820803001I	Agilis NDx configuration Guide	 $52.20 
TP821256001B	AGILIS NDX CONFIGURATION GUIDE	 $160.20 
TP821097001A	AGILIS NDX EMV ICC PROG REF GD	 $23.40 
TP821097001B	AGILIS NDX EMV ICC PROGRAMMERS REFERENCE MANUAL	 $23.40 
TP820744001C	AGILIS NDX MAINTENANCE MANUAL	 $116.10 
TP820802001K	agilis ndx product description	 $11.70 
TP820802001L	AGILIS NDX PRODUCT DESCRIPTION	 $12.60 
TP821090001A	AGILIS NDX PRODUCT DESCRIPTION	 $9.00 
TP821471001C	Agilis NDx Status Reference Manual	 $59.40 
TP821314001C	Agilis NDx Supervisor Programmers Guide	 $15.30 
TP821433001B	AGILIS NDX SUPERVISOR USERS GUIDE	 $33.30 
TP821443001G	Agilis NDx Supervisor User's Guide	 $35.10 
TP821534001B	AGILIS NDX,VERSION 3.0,SERVICE PACK 2,INSTALLATION INSTRUCTIONS SUPPLEMENT FOR OPTEVA 529 AND OPTEVA 569 TERMINALS	 $5.40 
FB006706000A	AGILIS POWER EXTENSIONS DEVELOPERS TOOLKIT, V2.4.0, MEDIA PKG	 $21.99 
FB006305001A	AGILIS POWER EXTENSIONS DEVELOPERS TOOLKIT,V1.0.0,MEDIA PKG	 $19.49 
TP821127001B	Agilis power extensions progra	 $580.50 
FB006703000A	AGILIS POWER EXTENSIONS RUNTIME, V2.4.0, MEDIA PKG	 $21.99 
FB006303001A	AGILIS POWER EXTENSIONS RUNTIME,V1.0.0,MEDIA PKG	 $19.49 
TP821493001A	AGILIS POWER FAN EMS INTEGRATION REFERENCE	 $28.80 
TP821494001A	AGILIS POWER IFX FAN CONFIGURATION USERS GUIDE	 $20.70 
TP820826001B	AGILIS POWER LOG COMP USER GD	 $7.20 
TP821563001A	Agilis Screen Manager, Getting Started Guide	 $36.00 
FB006840000A	AGILIS SMARTPOWER V1.0 LICENSE PKG	 $0.00 
TP821172001A	agilis snmp agent for xfs 2.0	 $31.50 
TP821157001B	Agilis SNMP Agent for xfs 3.0	 $54.00 
TP821156001J	Agilis SNMP Agent for XFS 3.0 Installation and Configuration Guide	 $19.80 
TP821241001A	Agilis SNMP Agent for xV insta	 $2.70 
FB006674000A	AGILIS SNMP AGENT FOR XV, V1.1.0 MEDIA PKG	 $21.99 
TP821241001B	AGILIS SNMP AGENT GUIDE	 $2.70 
FB006408000A	AGILIS SNMP AGENT XV,V1.0.0,MEDIA PKG	 $21.99 
TP821242001B	AGILIS SNMP AGT FOR SV MGMT INFO BASE (MIB) GUIDE	 $6.30 
TP821160001A	AGILIS SNMP FRAMEWORKS INSTALL	 $0.90 
TP821158001B	Agilis SNMP OS Agent managemen	 $2.70 
TP821159001A	AGILIS SNMP SDK KIT INSTALL	 $0.90 
TM000164001A	AGILIS STARTUP MAN REF MANUAL	 $117.00 
TP821327001A	AGILIS VISUAL MAINT PRGMR GUIDE	 $11.70 
TP820969001H	AGILIS X ApCHECK PLUS OPERATING GUIDE	 $18.00 
TP820969001E	agilis xapcheck plus operating	 $20.70 
TP821197001B	AGILIS XAPCOM PLUS OPR GUIDE	 $5.40 
TP821198001F	AGILIS XApIMAGE PLUS OPERATING GUIDE	 $27.00 
TP821195001A	Agilis XApLogo Plus Operating	 $5.40 
TP820843001F	AGILIS XFS 3.4 PROG REG GUIDE	 $157.50 
TP821246001B	agilis xfs for 9x series progr	 $60.30 
TP821245001B	agilis xfs for 9x series user'	 $9.90 
TP821261001B	Agilis XFS for 9x Series User'	 $13.50 
TM000194001A	AGILIS XFS FOR IX DIAG MAN	 $140.40 
TP820227001F	AGILIS XFS FOR IX RELEASE 1.38	 $22.50 
TP820227001H	Agilis xfs for ix series termi	 $23.40 
TP821238001C	agilis xfs for ix series termi	 $5.40 
TP821254001B	agilis xfs for ix series termi	 $59.40 
TP820691001L	AGILIS XFS FOR ix SERIES TERMINALS, VERSION 1.40, PROGRAMMERS REFERENCE MANUAL	 $104.40 
TP821149001D	AGILIS XFS FOR ix SERIES TERMINALS, VERSION 3.2.0, PROGRAMMERS REFERENCE GUIDE	 $167.40 
TP821150001A	AGILIS XFS FOR IX V3.0.0 USER	 $13.50 
TP820843001C	AGILIS XFS FOR OPT PROG REF GD	 $137.70 
TP821403001D	AGILIS XFS FOR OPTEVA PROGRAMMERS REFERENCE MANUAL - VOL III: PRINTERS	 $81.90 
TP821404001F	Agilis XFS for Opteva Programmers Reference Manual - Vol. IV, Card Readers, Security Module, TTU and VDM	 $83.70 
TP821401001E	AGILIS XFS FOR OPTEVA PROGRAMMERS REFERENCE MANUAL-VOLUME I - CASH PROCESSING DEVIDES	 $112.50 
TP821225001C	AGILIS XFS FOR OPTEVA SFTW INSTL GUIDE	 $5.40 
TP821255001C	AGILIS XFS FOR OPTEVA SW GUIDE	 $5.40 
TP821242001C	AGILIS XFS FOR OPTEVA USER GUIDE	 $6.30 
FB006757000A	Agilis XFS for Opteva v4.0 with Service Pack and Operating System - Media	 $129.28 
TP821225001H	AGILIS XFS FOR OPTEVA,VERSION 4.0.1,SOFTWARE INSTALLATION GUIDE	 $5.40 
TP821225001K	AGILIS XFS FOR OPTEVA,VERSION 4.1.0,SOFTWARE INSTALLATION GUIDE	 $6.30 
89031005000A	AGILS 2.0.3 FOR DEN/DEN2 CD ST	 $34.21 
89031036000A	AGL 91X 2.1.0 OPTEV BRECKRIDGE	 $9.77 
AA000045000A	AHA-1540/1542CF ISA TO SCSI HO	 $2.70 
010392500SK0	AHD LOCK YALE 3 PIN SPEC KEYIN	 $117.13 
11049915000A	AI MON MOD FOR NORM OP INIT DV	 $127.58 
11049914000A	AI MONITOR MODULE FOR NORM CLS	 $117.60 
11049919000A	AIPHON PANTILT ZOOM HDS FR COL	 $683.51 
11051717000A	AIPHONE RY-AC RELAY	 $76.10 
11049921000A	AIPHONE SUB STATION DESK/WALL	 $126.06 
31019748000A	AIR BAFFLE	 $6.03 
OX0115350000	AIR CYLINDER	 $28.73 
OX0120750000	AIR CYLINDER	 $41.04 
11031809000A	AIR DISC	 $5.22 
MSZ17496110A	AIR DISC 4.28 GOLSTON	 $3.67 
11043867000A	AIR DISC, STD 4.285" DIA	 $60.92 
MSZ17404730A	AIR DISC-GOLSTON,F-5-4.25	 $13.19 
41016282000C	AIR VALVE	 $1,640.82 
41017514000A	AIR VALVE ASSY	 $1,822.98 
38000355000A	AIRGATE ASM  132-01-75 VAT	 $156.41 
21014441000A	AIRLOCK FACE PLATE	 $348.84 
21014441000B	AIRLOCK FACE PLATE	 $103.42 
BUFI0431000B	AIRLOCK MOTOR FIT INSTALLATION INSTRUCTIONS	 $0.78 
11051718000A	AITRONIX MOMSFL POWER DIST MO	 $143.58 
11049922000A	AL600ULX BOARD ONLY 6AMPS	 $448.89 
19057987000A	ALARM 7412-GV2,BOARD ONLY	 $432.15 
AA000430TABF	ALARM ACCESS LAMP ANNUN INDEX	 $0.95 
AA000430TABA	ALARM ACCESS RELAY INDEX TAB	 $0.45 
11036523000A	ALARM CD TO ALARM TERM BD CABL	 $33.93 
11036523000B	ALARM CD TO ALARM TERM BD CABL	 $52.20 
11031670000A	ALARM CONTROL CABINET VR	 $726.24 
11051203000A	ALARM CONTROLS 600LBS MAG LOCK	 $351.55 
19049608000A	ALARM HOLD UP BUTTON WITH KEY RESET	 $29.73 
39002532000A	ALARM HOUSING ASSEMBLY	 $76.55 
11041616000A	ALARM I/OBD ACCESSORY 0110A024	 $65.85 
11035795000A	ALARM INPUT TERMINATION CARD05	 $143.55 
NZ0000001885	ALARM INTERFACE CABLE	 $21.92 
11033327000D	ALARM KEY/MEDECO G OR WDG	 $24.30 
37001043000A	ALARM LINING ASM-BACK	 $20.87 
37001043000C	ALARM LINING ASM-BACK	 $39.83 
37001043000L	ALARM LINING ASM-BACK	 $70.50 
37001042000L	ALARM LINING ASM-SIDE	 $34.79 
37001042000P	ALARM LINING ASM-SIDE	 $15.73 
27000935000D	ALARM LINING-DOOR	 $98.93 
27000935000G	ALARM LINING-DOOR	 $73.82 
27000935000H	ALARM LINING-DOOR	 $73.05 
11065405000A	ALARM PANEL DSL FILTER	 $26.83 
19065366000A	ALARM PANEL PRGMG SFTW PKG	 $0.04 
BUFN0007000A	ALARM RECVR INTEGRAT W/CS GOLD	 $0.90 
NZ0000003475	ALARM TRIGGER BRACKET	 $7.68 
49270694000A	ALARM WIRE DIAGRAM	 $8.29 
49270694000B	ALARM WIRE DIAGRAM	 $8.29 
11041163000A	ALARM ZONE CONTROLLER	 $2,247.21 
11066061000A	Alcohol Isopropyl 91% 16oz	 $16.46 
11049930000A	ALD-2I ANALOG LOOP D	 $914.83 
BUFI0635000A	ALHAMRANI 720 FRONT-LOAD SECURITY UPGRADE	 $6.40 
TS4368870990	ALIGNMENT DRIVE ASSB	 $1,592.20 
11031668000A	ALIGNMENT PIN	 $8.09 
49245358000D	ALIGNMENT PIN	 $6.11 
89029813000A	ALIGNMENT TAPE FOR VSS400	 $247.95 
TS4368871290	ALIGNMNENT ASSEMBLY	 $11,606.97 
89031524000A	ALK. BATT. SHIP INST.	 $0.43 
89031523000A	ALK. BATT. WASTE LABEL	 $0.18 
89031529000A	ALK.BATT. RECYCLE KIT	 $51.48 
00051029000B	all machines using EDC	 $116.24 
41027356000A	All Thread Wall Mount Kit (TRAC-Vault BT through-wall mounting)	 $153.18 
BTC855900000	ALLEGIANT PC SOFTWARE PKG \ BT	 $769.95 
89029612000A	ALLEN HEX BLADE, 2.5 MM	 $12.24 
89029609000A	ALLEN HEX BLADE, 9/64	 $9.56 
TE000129VICS	ALLIGATOR BOOT,GREEN	 $6.88 
BTC829C00000	ALLPLEX 16CH MUX, DUPLEX, 115V	 $6,837.55 
19036160000A	ALM,FIRE	 $28.67 
11049932000A	ALPHA COM AUD/VIS MAS MOD ALUM	 $2,072.18 
11038290000A	Alpha Command Center	 $232.95 
11049924000A	ALRM CONT CORP PANIC BUT ON SS	 $10.96 
11049923000A	ALRM CONT CRP REM LED SIG GANG	 $20.58 
11049925000A	ALRM CONT REQ TO EXT BUT W/TIM	 $447.89 
11037452000A	ALRM INP MDL	 $654.98 
11037453000A	ALRM INP PNL,AP15	 $876.96 
19053418000A	ALRM INPUT DEVICE,16 ALRM INPUT POINTS	 $1,233.23 
11046594000A	ALRM PNL KIT,NTWK,W/ENCL	 $899.54 
11037455000A	ALRM PNL,AP16	 $1,085.76 
41019952000B	ALRM PNL,VIP	 $661.34 
11049927000A	ALRM SAF 12/24V REL 5A CON RAT	 $40.26 
19036294000A	ALRM SHUNT MDL	 $219.24 
41020396000A	ALRM,PNL,VIP-16I	 $351.23 
19041591000A	ALRM,RELAY,TERMINALS,FORM_C	 $9.00 
41027294000A	ALSRM HARNESS BF, LH-COMCAST	 $78.19 
11051261000A	ALTRNX 12/24VDC 6A POW SUP W/P	 $934.33 
11065717000A	ALTRONIX KEY E005 FOR ENCLOSUR	 $2.06 
11051721000A	ALTRONIX POWER SUPPLY	 $243.24 
ESNA02252001	ALTRONIX POWER SUPPLY	 $434.37 
11049933000A	ALTRONX 12/24VDC 1A PWR SUP TP	 $2,072.18 
11049934000A	ALTRONX 12/24VDC 1A W/FIRE AL	 $178.14 
11049936000A	ALTRONX POWER SUPPLY W/BACKBOX	 $282.82 
11049935000A	ALTRONX PWR SPLY 6A W/4 FUS OU	 $655.40 
AA000053000A	ALTSERVER BASEBOARD & PLATFORM	 $11.70 
AA000055000A	ALTSERVER PLATFORM PRODUCT GUI	 $8.10 
21018983000A	ALTSERVER,P166,16MB	 $644.02 
11049937000A	ALTV248-300 24VAC@12.5A ALTRON	 $321.76 
11049938000A	ALUM HOUS ARMOR CAB CON CLS LP	 $56.97 
11049939000A	ALUM HOUS ARMOR CAB SPDT WIDE	 $61.47 
41017553000B	ALUMINUM MIC & SPEAKER ASS'Y	 $735.70 
41017553000C	ALUMINUM MIC & SPEAKER ASS'Y	 $363.79 
11062289000A	AM DYN NTLX RECVRY CD(1 OF 2)	 $12.98 
11062290000A	AM SYN NTLX RECVRY CD(2 OF 2)	 $12.98 
11049940000A	AM/FM TUNER	 $591.95 
TP820872001A	AMERICAN CLASS 1 VAULT OP INST	 $6.30 
AA000346000A	AMERICAN DYNAMICS 1996 MEGAPOW	 $22.50 
AA000345000A	AMERICAN DYNAMICS 2050 MEGAPOW	 $9.90 
TP820894001C	AMERICAN VAULT DOOR INSTALLATION MANUAL	 $24.30 
TP820894001B	AMERICAN VLT DOOR INSTALL MAN	 $24.30 
TM000139001B	ami 112 mm two-color graphical	 $184.50 
TM000323001A	AMI ADV SKIMMING DET FOR DIP CD RDR PRGMR REF MNL	 $118.80 
TM000126001B	AMI BAR CODE SCANNER PROGRAMMERS REFERENCE MANUAL	 $117.00 
TM000340001A	AMI BULK COIN DEP PRGMR REF MNL	 $104.40 
TM000300001A	AMI DIEBOLD SECURITY MODULE UNIT PROGRAMMERS REFERENCE MANUAL	 $140.40 
TM000131001A	AMI ENV DEP W/ INT DISP PRM	 $148.50 
TM000144001B	ami night drop deposit prm	 $141.30 
TM000139001D	AMI STATEMENT PRINTER PROGRAMMERS REFERENCE MANUAL	 $184.50 
TM000140001C	ami terminal control module pr	 $140.40 
11049941000A	AMM 2I	 $96.50 
11062206000A	AMP CIRCUIT BREAKER	 $164.09 
11049942000A	AMP MODULE	 $324.39 
11049943000A	AMP NRISER SUPERVISORY CARD	 $211.02 
39016626000A	AMP,DISTRIBUTION,4 INP-12 OUT,HALF RACK,120VAC	 $959.18 
11049944000A	AMPLIFIER	 $484.25 
11049945000A	AMPLIFIER TERMINAL PANEL PRO	 $1,818.38 
89030850000A	AMSEC SAFEWIZARD VIDEO INST CD	 $8.55 
11049946000A	ANALASER II DIS MOD ENG/SP/FR	 $1,073.08 
11049948000A	ANALASR II SPARE TERMITION BRD	 $1,342.96 
11049949000A	ANALAZER INTERFACE MODULE	 $890.67 
11049951000A	ANALG ADD DEV CNTR FOR EST 200	 $2,740.50 
11049952000A	ANALG ADD DEV CNTR FOR EST 200	 $2,747.49 
11049953000A	ANALOG PHOTOELECTRIC SENSOR	 $153.06 
11049954000A	ANALOG POINT CONTACT MOD	 $115.73 
ULMA100T0000	ANALYZER,SHOCK,1 ZONE,W/LED	 $57.30 
ULMA85000000	ANALYZER,SHOCK,8 ZONE,W/TAMPER,8 OUTPUTS	 $278.14 
ULMA850R0000	ANALYZER,SHOCK,8 ZONE,W/TAMPER,8 OUTPUTS,8 RLY	 $306.09 
21013335000A	ANCHOR	 $11.11 
49206852000A	ANCHOR WEDGE	 $36.75 
21015548000A	ANGLE	 $4.89 
28020310000A	ANGLE	 $1.09 
39006685000B	ANGLE	 $12.76 
19042872000A	ANGLE ADPTR KIT,SILVER	 $103.59 
38010635000A	ANGLE ASSY *3714	 $215.16 
18000756000A	ANGLE BRACKET	 $0.44 
19042873000A	ANGLE BRKT KIT,BLK	 $103.59 
11042276000A	ANGLE FOR CONSOLE	 $239.38 
11042273000A	ANGLE FOR RAIL SYSTEM	 $51.89 
29002599000A	ANGLE SUPPORT	 $1.24 
29004534000B	ANGLE, FRAME	 $3.56 
MSN89930000A	ANGLE, HINGE - LOWER	 $0.00 
MSN78907000A	ANGLE, SHELF SUPPORT - L.H.	 $77.05 
29007410000A	ANGLE, SUPPORT	 $29.91 
49206881000B	ANGLE,CHEST DOOR	 $780.39 
39007051000A	ANGLE,COV SPRT	 $9.61 
29007411000B	ANGLE,CRT	 $2.72 
49024425000B	ANGLE,HINGE PIN	 $12.23 
29007804000B	ANGLE,LATCH	 $8.80 
29007891000B	ANGLE,MTG	 $8.15 
21015896000A	ANGLE,MTG,SKT	 $66.71 
39008131000E	ANGLE,PRNTR MTG	 $23.87 
39008131000F	ANGLE,PRNTR MTG	 $22.59 
49008701000A	ANGLE,RAINSEAL,1064 ECD	 $480.92 
29008405000A	ANGLE,SOL MTG,OSI	 $8.58 
21015509000A	ANGLE,TOP	 $3.92 
39006728000B	ANGLE,WATER BARR	 $17.84 
39006204000A	ANGLE,WDO	 $24.75 
11049962000A	ANN COD 20 LED/GRPS TEXT LAB5	 $296.39 
11049960000A	ANN CPU ONE REQ PER GRAP ANNUN	 $785.03 
11049961000A	ANN CPU PROV SUP FOR ONE 2 LCD	 $1,274.34 
11049963000A	ANN MOD ZON 1-30 2LD/ZON W/LOC	 $296.39 
11049964000A	ANN SUP MOD TAKE ONE SP ANNUN	 $98.96 
11049956000A	ANNUC BLANK PLASTIC PLATES	 $19.76 
11049957000A	ANNUNCIATOR	 $1,784.07 
29005010000A	ANNUNCIATOR	 $36.86 
11049958000A	ANNUNCIATOR BACK BOX	 $87.29 
39008171000A	Annunciator Display  6 Zone	 $448.69 
39001846000E	ANTENNA 3016	 $70.47 
MSN70853000A	ANTENNA 3DB MAG. MOUNT  *EUROP	 $61.88 
11043527000A	ANTENNA FRO TG7/TG7-A DIGITAL	 $21.92 
31018813000A	ANTENNA,PRBLC FAN,02.40 GHZ	 $1,233.23 
11040061000A	ANTENNA,RCVR,925MHZ	 $808.45 
BUFI0669000A	ANTI SKIMMING ALARM SYSTEM OUTPUT UPGRADE FOR OPTEVA TERMINALS WITH UL SAFES	 $7.68 
28001063000A	ANTI-CONDENSATION KIT 4X7	 $341.06 
PLAFW4000000	ANTI-FOG REPLACE WINDOW PELCO	 $16.20 
SEAP950AM000	ANTI-MASKING PIR,9 CURTNS	 $192.78 
MSZ17076220A	ANTI-VANDAL SCREW, 1	 $8.46 
11049965000A	AO CONTR MODUL ADDRSABLE RELAY	 $165.29 
11049966000A	AOM 2S	 $122.69 
11065255000A	APC #AME-BE750G BACKUP UPS	 $263.64 
00052541000A	APC SMART UPS SMT 1000	 $499.46 
11043483000A	APC -UPS SC 420VA 120V SC420	 $301.43 
TP821352001B	APPLICATIONS MIB GUIDE	 $6.30 
89030359000A	AQSSY,CBL,DVMS100 CS PULSE	 $13.98 
17000334000A	ARBOR	 $14.36 
OS0076080000	ARBOR	 $5.45 
17000835000A	ARBOR FERRULE	 $1.89 
MSN75035000A	ARBOR, 2 11/16 LG. INNER HANDL	 $51.48 
MSN77294000A	ARBOR, 3 LG. OUTER HANDLE	 $23.29 
MSN90665000A	ARBOR, 5 11/16 LG. HANDLE	 $7.72 
MSN93258000A	ARBOR, TAPERED	 $0.00 
11049968000A	ARC-E EXPANDED AUDIO ROUT CARD	 $1,109.87 
89029234000A	ARM  HEAD CLEANING      VSS 30	 $9.59 
NZ0000002546	ARM 1ST GATE	 $0.02 
19059099000A	ARM APPLICATION,AFD	 $0.00 
49248162000A	ARM ASSY,KNUCKLE,MTG PLATE,SCREWS	 $189.41 
11038823000A	ARM AUXILARY ARM	 $6.21 
31020184000B	ARM EXT	 $274.14 
11049969000A	ARM HOLDR FOR RUTHERFORD 8371	 $92.63 
NZ0000002532	ARM LINK, PARALLEL	 $0.02 
NZ0000003161	ARM LOCK / OLD STYLE 50XX	 $17.54 
11031986000A	ARM PRESSURE ROLLER	 $16.31 
89027711000A	ARM SPRING	 $0.68 
49013626000A	ARM, LOCK, LWR FASCIA, RCD	 $13.64 
NZ0000002538	ARM, PLATEN	 $0.02 
89029881000A	ARM, RECORD TAB    VSS306/400	 $7.79 
TSN92755000A	ARM,BACK-UP	 $76.66 
TSN92779000A	ARM,BACK-UP-ASM	 $445.16 
39008374000D	ARM,LK	 $18.02 
29008291000A	ARM,PVT	 $37.17 
49017465000D	ARM,PVT,PRNTR,DEP	 $31.32 
49223614000A	ARM,SPRING,SECONDARY GATE	 $2.20 
39009206000A	ARM,SWING,DVRT	 $16.58 
39009403000A	ARM,SWING,PRSNTR	 $15.73 
49204223000A	ARM,WIPER	 $10.67 
89028938000A	ARM/GYYR#F6866081	 $0.98 
MSZ75637890A	ARM-DOOR OPEN ASSY	 $13.52 
WN007000089A	ARMLEFT	 $7.98 
TP821208001A	armory system installation gui	 $14.40 
WN007000090A	ARMRIGHT	 $7.98 
MSN90319000A	ARRIVAL CARRIER PAD	 $8.01 
41018888000A	ARRIVAL PIN	 $62.75 
41018888000B	ARRIVAL PIN	 $278.18 
11066196000A	Arrow  SFIC Cylinder Kit A	 $111.39 
11051373000A	ARROW 1/4" SPACR BLCK POLI CHR	 $13.22 
11051369000A	ARROW 1/8" SPACR BLCK SATN CHR	 $14.54 
11049970000A	AS 1	 $123.33 
11049971000A	AS AUDIBLE STROBE - RED	 $95.12 
FJ0007774715	AS GUIDE ASSY	 $0.05 
39011997060A	ASM AC POWER HARNESS 2	 $26.26 
TS4364521170	ASM BRKT - PLY/T	 $194.89 
39011997059A	ASM CASSETTE SWITCH HARNESS	 $64.11 
39011997061A	ASM INPUT HARNESS F	 $98.58 
11065030000A	ASM, CABLE, DISPLAY TO ANN	 $47.96 
49220900000A	ASM,PLATEN,TRANS,VER	 $801.87 
11037290000A	ASM., D-RDR, WITHOUT AUX	 $1,305.00 
TS4366264340	ASM-PLY-FIN-DR2	 $204.83 
TSN92716000A	ASSBY,PULLEY TR-B	 $95.09 
41015878000C	ASSEMBLY DUCT VAT 21 VAT CCTV	 $320.64 
11066008000A	Assembly Right Door	 $1,648.96 
NZ0000002495	ASSEMBLY, AIR FILTER	 $0.02 
41018648000B	ASSEMBLY, COUNTER-TOP	 $1,087.29 
NZ0000002476	ASSEMBLY, KEYPLATE	 $0.02 
NZ0000002471	ASSEMBLY, MOTOR PUMP	 $0.02 
NZ0000002494	ASSEMBLY, SOLENOID PINCH	 $0.02 
NZ0000002543	ASSEMBLY, WHEEL POCKET	 $0.02 
TS4368830937	ASSM MAIN UPPER FEEDER	 $12,497.28 
41016966000D	ASSY CARRIER EASY AIR 10	 $3,130.49 
1750357937	ASSY CARRIER EASY AIR 10 SP	 $6,058.21 
11066010000A	ASSY DRW SHELL DM MSF	 $1,207.52 
NZ0000004361	ASSY OPEN PURGE BIN (NON RFP)	 $263.78 
NZ0000004331	Assy Reference Edge FRU	 $373.97 
41016739000D	ASSY TUBE HTR	 $4,826.30 
41021672000A	ASSY, BATTERY/ALARM BOX	 $106.65 
89030360000A	ASSY, CBL,10COND,RBN,DVMS 1600	 $22.83 
89030361000A	ASSY, CBL,DVMS SIMPLEX REAR	 $25.33 
41027279000A	ASSY, DRIVER, LEFT	 $19.55 
41027280000A	ASSY, DRIVER, RIGHT	 $19.55 
4924441700BG	ASSY, IC CONTACT BRACKET	 $126.61 
39011220000A	ASSY, MONEY LOW CAM	 $20.24 
49021704000A	ASSY, SHAFT, TRIPLE ROLLER	 $111.95 
49254547XMQA	ASSY,BEZEL,FLTG,AFD	 $19.22 
49254547XXXA	ASSY,BEZEL,FLTG,AFD	 $19.22 
49254545XXXA	ASSY,BEZEL,LW SECT,W/O 2DBSC	 $50.57 
41018913000A	ASSY,BRKT & ROLLER,DROP FRONT	 $150.81 
39007122000A	ASSY,BRKT BOLT EXT.	 $59.00 
49024207000A	ASSY,COVER,UF,RL	 $188.06 
49024200000A	ASSY,COVER,UF,UPR	 $188.06 
41018756000A	ASSY,DOOR PIVOT ARM	 $590.13 
41018756000B	ASSY,DOOR PIVOT ARM	 $585.27 
41016846000C	ASSY,FAN TUBE HTR	 $2,006.87 
49233199046A	ASSY,F-CLMP	 $495.90 
39013156002A	ASSY,FEED SWITCH	 $73.21 
49024198000A	ASSY,GRIP	 $188.06 
49217467000A	ASSY,LINK,IDLER	 $32.71 
41019131506A	ASSY,LK UC MSTRD	 $23.48 
41019131509A	ASSY,LK UC MSTRD	 $23.48 
41019131510A	ASSY,LK UC MSTRD	 $23.48 
41019131514A	ASSY,LK UC MSTRD	 $23.48 
41019131523A	ASSY,LK UC MSTRD	 $23.48 
41019131524A	ASSY,LK UC MSTRD	 $23.48 
41019131525A	ASSY,LK UC MSTRD	 $23.48 
41020507000A	ASSY,LK, FOR BLTWK,STD	 $313.23 
41020508000A	ASSY,LK,SLAMBOLT	 $313.23 
00017570L00C	ASSY,LOCK,175-70,LH	 $61.26 
00017570R00C	ASSY,LOCK,175-70,RH	 $58.35 
00017590R00B	ASSY,LOCK,RH	 $67.37 
11049611000A	ASSY,MATRIX,AUD,SM44,AVA5300	 $1,959.46 
31020273000A	ASSY,MICROPHONE	 $30.42 
41018622000A	ASSY,MOTOR BRAKE	 $979.77 
49230130000A	ASSY,PLATEN,LOWER,CI	 $30.58 
49230129000B	ASSY,PLATEN,LOWER,UDD	 $35.66 
41019986000B	ASSY,POWER SUPPLY	 $587.91 
39013156011A	ASSY,PRINT HEAD	 $468.79 
41021904000B	ASSY,PWR SPLY,24VDC,600mA	 $244.35 
39013156006A	ASSY,REAR BRACKET	 $36.11 
49233199047A	ASSY,REAR CLMP	 $495.90 
41020505000A	ASSY,T BOX	 $68.95 
49223915000A	ASSY,VAL,BEB,REAR	 $70.47 
39013156007A	ASSY,VARIABLE GUIDE	 $20.13 
41017346000A	ASSY,VAT21,CNTRL BOX	 $706.28 
41017346000C	ASSY,VAT21,CNTRL BOX	 $524.33 
MSZ62090830A	ASSY-CKT BRD,LED	 $202.23 
MSZ62090750A	ASSY-CKT BRD,PTR	 $45.75 
NZ0000002682	ASSY-EXIT DRIVE	 $0.02 
NZ0000002726	ASSY-MCRW TK2 CROPF	 $0.02 
NZ0000001265	Assy-Membrane FDK RH	 $44.26 
11065439000A	AS-XF1220Y 12VAC/20VA POWER SU	 $7.97 
11065440000A	AS-XF2420Y 24VAC20VA WATTS OUT	 $8.92 
49256114013A	ASYB-FLEX-CABLE-CA-EL	 $109.62 
11043842000A	ATEN CATS KVM CONSOLE EXTENDER	 $544.15 
11049614000A	ATEN KVM CONS EXTENDER PS/2	 $499.23 
TP790945000A	ATM APPL. PROGRAMMER REF MANUA	 $117.00 
TP790943000A	ATM APPLICATION MOD MANUAL	 $60.30 
29014285000B	ATM Camera Boot Adapter 4 inch square closed cell foam adapter, 1 Diameter	 $1.89 
29014285000A	ATM Camera Boot Adapter 4 inch square closed cell foam adapter, 1.319 Diameter	 $1.89 
19083826000A	ATM Camera,700TVL,Wide Dynamic	 $521.55 
00041280000A	ATM CAMR,FOREIGN,50/60HZ,1/50 SEC	 $2,231.33 
00041290000A	ATM CAMR,INTEGRAL,50/60HZ,1/50 SEC	 $1,976.21 
11041365000A	ATM CASS LABELPUSH BLUE-25PK	 $0.66 
11043877000A	ATM CONTROLLER SYNERGISTICS	 $951.26 
0005032900GP	ATM DEPOSIT ENVELOPES PINK RIB	 $37.80 
89031592000A	ATM DESK X DONGLE	 $283.82 
00050991000A	ATM DRIVE THRU SIGN	 $236.16 
11048576000A	ATM INVESTMNT PRGRM KIT-CASH	 $722.46 
11048575000A	ATM INVSTMNT PRGRM KIT-FULL FU	 $858.85 
TM000343001D	ATM MESSAGE MANUAL	 $140.40 
TP821459001A	ATM MGR FMT OVERVIEW	 $8.10 
TP821452001A	ATM MGR PRGMG REF MNL	 $16.20 
TP821453001A	ATM MGR USER'S GUIDE	 $6.30 
00050620000A	ATM PERSONNEL SECURITY VIDEO	 $47.21 
00051580000B	ATM REPLACEMENT LENS/BLACK	 $84.11 
00051580000A	ATM REPLACEMENT LENS/GREEN	 $84.11 
TP799492000A	ATM SIMULATORS QUICK REFERENCE	 $11.70 
TP799915000B	ATM TEXT INSERTER OP INSTRUCTI	 $8.10 
LX4300041304	ATM Y Cable 25' - NET\Micro	 $391.50 
LX4300041301	ATM Y Cable 25' - RVC	 $456.75 
11043849000A	ATM/POS BRIDGE DIVAR-2	 $1,304.48 
TP799421000A	ATMMFAS REL 1.0 ASSET REL 2.0	 $7.20 
19055441000A	ATM-TOPPER KIT TANE 22WH,375,355	 $209.10 
11049976000A	ATN 10W 3DB 1GNG SS	 $29.16 
11049977000A	ATN 35W 3DB 1GNG SS	 $43.85 
TMMDSS00TABV	ATP - MANUAL TM-MDSS18	 $0.45 
19036547000A	ATTENUATOR	 $222.26 
11048656000A	AUD SUNDR BAS MNT TO 4 SQ 218	 $155.30 
11049978000A	AUDIBLE BASE	 $78.30 
11049979000A	AUDIBLE BASE FOR FP 11	 $97.61 
11040928000A	AUDIO BOARD HARNESS	 $464.92 
11066424000A	Audio Board Kit Outside Base	 $833.27 
41018312000B	AUDIO BOX ASSBY	 $2,701.60 
NZ0000002200	AUDIO HARNESS	 $0.00 
NZ4450620007	audio harness	 $0.00 
28020151000A	AUDIO INTER CABLE A *3657	 $140.35 
19055465000A	AUDIO INTERCOM KIT	 $1,507.28 
NZ0000004125	AUDIO JACK/CABLE ASSY W/VOL CT	 $44.69 
29014319000A	AUDIO KIT	 $238.14 
TM000298001A	AUDIO KIT,2 BUTTON,ON-SITE REPAIR MANUAL	 $88.20 
11037783000A	AUDIO KIT,CHIME FIX	 $219.24 
18001120000A	AUDIO LABEL KIT	 $0.22 
38001238000A	AUDIO PATCH CABLE *3695	 $154.48 
11042551000A	AUDIO PCB GE DVR	 $7.68 
41020519000A	AUDIO POST	 $670.31 
19053171000A	AUDIO SENSOR C22	 $324.32 
11049981000A	AUDIO SOUR UNIT MEMR EXPANSION	 $2,239.21 
11049983000A	AUDIO SOUR UNT W/MOUNT CHAS MI	 $1,767.49 
11051650000A	AUDIO SOURC UNT W/MOUNT CHASSI	 $4,725.69 
00013652000A	AUDIO SWITCHER,4X4	 $1,727.18 
00013652000B	AUDIO SWITCHER,8X16	 $2,502.67 
11049984000A	AUDIO TRM PAN INTERFACE MODULE	 $252.79 
WN007000233A	Audio Upgrade Kit	 $494.59 
41018312000C	AUDIOBOX ASSEMBLY	 $2,128.63 
21019982000A	Audit Interface Assembly	 $101.91 
41020488000A	Audit Pack	 $103.42 
00050385000A	AUDIT ROLL	 $10.92 
BUFI0634000A	AUDITCON LOCK DURESS ALARM SETUP PROCEDURES	 $0.78 
11043495000A	AUDITCON SERIES DISPLAY STAND	 $188.88 
11049982000A	AUDO SOURCE UNIT W/MOUNT CHASS	 $1,895.82 
19082730000A	Audticon T52 Swingbolt 3.5 Inch, Round Keypad	 $741.46 
IKR05PB3M000	AUTO IRIS CONNECTOR  IKEGAMI I	 $24.80 
11035790000A	AUTO IRIS CONNECTOR COLOR YFE4	 $20.56 
IKA170000000	AUTO IRIS CONNECTOR IKEGAMI IC	 $6.66 
11042338000A	AUTO VEYOR 3000 TRANSFORMER	 $443.91 
IKAI70000000	AUTO\IRIS CONNECTOR	 $10.44 
TMM11809000A	AUTOBANKER CTU INSTALLATION GD	 $79.20 
TMM11981000A	AUTOBANKER ii PARTS CATALOG	 $78.30 
TMM11944000A	AUTOBANKER III PARTS CATALOG	 $79.20 
11038342000A	autobanker pcb	 $2,506.96 
TPM11248000A	AUTOBANKER RT DSEND OP INSTR	 $72.00 
TMM11249000A	AUTOBANKER RT DSEND SERVICE IN	 $88.20 
TMM11130000A	AUTOBANKER RT I&II INSTL GUIDE	 $88.20 
11046279000A	AUTODOME MDLR,RMTE PWR UNIT,WHT,120VAC	 $282.28 
11046280000A	AUTODOME MDLR,RMTE PWR UNIT,WHT,120VAC,W/FIBER OPTIC MDL	 $1,764.20 
TP799604007A	AUTOMATE MULTIFONCTIONA' CHARG	 $21.60 
00050666000A	AUTOMATED AHD RIBBON	 $28.35 
AA000507000B	automated securomatic ahd ser.	 $153.00 
TP799605007A	AUTOMATES MULTIFONCTIONS IBM 4	 $25.20 
AMTECHTRAIN1	AUTOMED TECH TRAINING KIT	 $16.42 
11041780000A	AUTOVEYER MOTOR	 $2,705.46 
19053428000A	AUTOWATCH,10 SITES	 $0.02 
19053429000A	AUTOWATCH,UNLIMITED	 $0.02 
49001530000A	AUX CNTRL,W/JACK	 $479.94 
21014372000D	AUX GUARD TUMBLER	 $19.29 
21014372000E	AUX GUARD TUMBLER	 $19.29 
21014372000F	AUX GUARD TUMBLER	 $19.29 
21014372000G	AUX GUARD TUMBLER	 $19.29 
21014372000H	AUX GUARD TUMBLER	 $19.29 
11049986000A	AUX INPUT MODULE	 $65.77 
19053097000A	AUX PWR SPLY FOR REMOTE 16 I/O	 $213.84 
11049987000A	AUX RELAY	 $67.14 
49002803000B	AUX RLY BOX ASSY WITH RESET	 $109.01 
39007540000A	AUX. CNTRL ASSY-SMOKE DET	 $141.00 
10866560000	AUX. LOCKING DEVISE PLUNGER	 $6.39 
11049989000A	AUXILIARY DC STROBE P L MODULE	 $40.86 
11065574000A	AUXILIARY GUIDE PLATE (L) D551	 $44.66 
11065573000A	AUXILIARY GUIDE PLATE (R) D551	 $93.68 
29001435000A	AUXILIARY RELAY ASSY	 $494.66 
11040756000A	Auxiliary Roller	 $33.45 
11065552000A	AUXILIARY ROLLER ASSY(2)D501/	 $46.13 
11065583000A	AUXILIARY ROLLER SPRING D501	 $18.45 
NZ0000001692	AUXILIARY TRANSPORT	 $986.58 
NZ0000001619	AUXILIARY TRANSPORT ASSM PPD	 $0.00 
NZ4450600649	auxiliary transport assm ppd	 $0.00 
NZ0000002143	AUXILIARY TRANSPORT R/A 5674/7	 $986.58 
29001349000A	AUXILLARY RELAY ASSY	 $71.69 
NZ0000001647	Auxillary Transport Assy	 $438.48 
NZ0000003795	AXIAL FAN 24V DC	 $51.71 
NZ4450633193	AXIOM SDC RECEIPT PRINTER	 $3,288.60 
NZ0000002050	AXIOM THERMAL PRINTER W/KNIFE	 $537.14 
11049991000A	AXIS 225D FIXD DOM NTWRK CAM	 $2,053.32 
28010509000A	AXLE * 3648	 $25.06 
38010617000A	AXLE *3709	 $52.60 
11042207000A	AXLE FOR CENTRE DISC	 $36.13 
21017931000A	AXLE,PAPER ROLL	 $10.77 
11048590000A	B KEYBLANK	 $6.24 
11051275000A	B OF A STICKERS (10PER PKG)	 $0.08 
ULRIM8000000	B30-000-02 SAFENET RIM-8	 $356.27 
11049992000A	B401B	 $17.33 
11051954000B	B440-LEFT HAND	 $101.80 
11051953000A	B440-NI LOCK	 $101.80 
11051953000B	B440-NI LOCK LEFT HAND	 $101.80 
11051954000A	B440-RIGHT HAND	 $101.80 
11065441000A	B4460A-72 GRI MIN ARM SFC MNT	 $56.55 
11049993000A	B501	 $15.37 
11042534000A	BA, ALTO LED MODULE	 $192.38 
11042533000A	BA, ALTO TTL MODULE	 $320.64 
11065271000A	BA/COUP ARM FOR TURN STILES	 $35.51 
10642520000	BACK BOLT	 $9.23 
39000451000A	BACK BOX	 $60.57 
49005441000A	BACK BOX	 $355.12 
11049995000A	BACK BOX FOR 4A1470 FLUSH MONT	 $45.88 
11049996000A	BACK BOX FOR ATLAS SOUND SPKER	 $50.70 
11049994000A	BACK BOX RUD STRAP SOL GRP 5	 $11.83 
49001865000A	BACK BOX VAU AL	 $210.45 
BTC7441A0000	BACK BOX\PWR SPLY AUTODOME OUT	 $1,106.60 
BTC744100000	BACK BOX\PWR SPLY-AUTODOME,OTD	 $1,106.60 
BTC744200000	BACK BOX\PWR SPLY-AUTODOME,OTD	 $1,106.60 
28000548000A	BACK COVER PLATE	 $33.89 
MH201175000A	BACK COVER,NON SHUNTED,CENCON	 $872.52 
MH201176000A	BACK COVER,SHUNTED,CENCON	 $194.35 
31016822000A	BACK PLATE FOR HANDLE	 $1.67 
11031522000A	BACK PLATE FOR SQUARE DOOR SAF	 $32.32 
11035716000A	BACK TENSION BAND    1800    V	 $2.61 
11050004000A	BACK TO FRONT MONT ANT CON KIT	 $52.32 
11049997000A	BACK UP AMP SWITCH MOD CLASS B	 $246.65 
11051579000A	BACKBOX	 $19.76 
19060121000A	BACKBOX FOR 7060 SERIES KEYPADS, 1/2 IN, WHITE	 $30.47 
11049999000A	BACKBOX FOR SER ASWP WTHPRF RD	 $21.71 
11050000000A	BACKBOX FOR SER RSSWP WTHPRF R	 $19.32 
11050001000A	BACKBOX SURFACE FOR NS/AS/RSS	 $14.47 
11050002000A	BACKBOX SURFACE INOUT RD C5046	 $17.69 
11050003000A	BACKBOX SURFACE RD C3204	 $19.24 
DM349C610000	BACKBOX,CONDUIT,ENCL,349/349A,BLK	 $49.19 
DM349C630000	BACKBOX,CONDUIT,ENCL,349/349A,GRAY	 $54.68 
49213621000C	BACKER,BELT	 $7.88 
49219836000B	BACKER,BELT,CI	 $7.26 
49228576000B	BACKER,BELT,CI,LOWER	 $14.22 
11035791000A	BACKPANEL   LED READER  03-113	 $441.09 
19053277000A	BACKPLANE CARD,1047 CPU BUFFER ASSY	 $1,150.10 
19053274000A	BACKPLANE CARD,NETWORK INTFC PRSCR,NIP	 $39.31 
19057119000A	BACKPLANE CONN KIT,8 RDR	 $54.05 
19057122000A	BACKPLANE CONN KIT,I/O	 $27.03 
19057121000A	BACKPLANE CONN KIT,I/O,2 RDR	 $54.05 
19057117000A	BACKPLANE,2 RDR,LANLINK	 $400.11 
19057115000A	BACKPLANE,I/O,2 RDR,LANLINK	 $517.96 
19057116000A	BACKPLANE,I/O,LANLINK	 $260.35 
19057118000A	BACKPLANE,I/O,LANLINK	 $200.06 
19046715000A	BACKPLANE,SGL WIDTH,W/ON-BOARD ETHERNET	 $746.57 
19055263000A	BACKPLANE,STD CHASSIS,32-CHAN,INTEGRATED	 $822.15 
11042218000A	BACKPLATE 809	 $186.94 
11042220000A	BACKPLATE 826	 $277.61 
11065844000A	BACKUP DIALER MODULE	 $56.44 
41022344004A	BACO 22MM ILLUM PUSH BUTTON,P/N L21AH20-3EAGL11	 $439.54 
ULBDGCLIP000	BADGE CLIPS,500PK	 $328.86 
19046812000A	BADGE HOLDER,RETRACTABLE	 $10.81 
11050005000A	BAF 8IN RN CRS 2-P WHT	 $52.87 
21015902000A	BAFFLE	 $5.35 
31020222000A	BAG CATCH	 $190.13 
21020085000A	BAG SENSOR SWITCH	 $64.64 
15006084000E	BAG, 18 X 24 IN CORROSION INTERCEPT	 $4.49 
15006084000F	BAG, 20 X 28 IN	 $4.92 
MSN83155404A	BAG, 7-1/2X10-1/2 NYLON 025084	 $57.35 
MSN83155405A	BAG, 7-1/2X10-1/2 NYLON 025084	 $57.35 
15006084000B	BAG, 8 X 10 IN  CORROSION INTERCEPT	 $1.32 
15006084000C	BAG,10 X 12 IN CORROSION INTERCEPT	 $1.85 
15006084000D	BAG,16 X 20 CORROSION INTERCEPT	 $3.70 
15006084000A	BAG,6 X 9 IN CORROSION INTERCEPT	 $1.06 
45010457000C	BAG,ANTI-CORR,4MIL,12X18	 $1.89 
45010457000A	BAG,ANTI-CORR,4MIL,6X8,ZIPPER	 $1.51 
18000149000A	BAG,PLYETHN,12.00 X 15.50,ZIP	 $0.48 
11031737000A	BAG,ZIPPER,2MIL,3X5	 $0.45 
11031738000A	BAG,ZIPPER,2MIL,5X8	 $0.06 
11031739000A	BAG,ZIPPER,2MIL,8X10	 $0.13 
00052102000A	BAGGING ATTACHMENTS	 $80.33 
21020647000A	BAIL KIT	 $1,387.21 
11040759000A	Ball Bearing	 $66.88 
11047541000A	BALL BEARING	 $121.50 
49211276045A	BALL BEARING	 $77.07 
89028471000A	BALL BEARING	 $35.33 
TS4842112580	ball bearing BACK UP&PUSHER	 $15.98 
TS4842112606	BALL BEARING CHUTE UNIT	 $8.19 
39011997021A	BALL BEARING F686	 $12.07 
TS4842110020	ball bearing-carrier unit	 $5.18 
TS4842110021	BALL BEARING-FEEDING UNIT	 $17.61 
TS4842110024	BALL BEARING-FEEDING UNIT	 $2.73 
TS4842112578	BALL BEARING-FEEDING UNIT	 $10.71 
TS4842112584	BALL BEARING-MAG CHECKER	 $16.11 
TS4364247850	BALL BEARING-SWING ARM ROLLER	 $17.61 
TS4842100004	ball bearing-swing arm roller	 $9.29 
TS4842110087	BALL BEARING-SWING ARM ROLLER	 $2.37 
TS4842119202	BALL BEARING-SWING ARM ROLLER	 $15.98 
TS4368886510	ball bearing-transport sec str	 $5.46 
TS4842101501	ball bearing-transport sec str	 $9.42 
19019169000A	BALL STUD,0.187 DIA,#06 HDW	 $1.34 
4102070400AS	BALL,5/8 X 2-1/4	 $4.31 
19011707000A	BALL,BRG,ST STL,0.250 OD	 $0.22 
10286840000	BALL,BRG,STL,0.250 DIA	 $0.30 
29013403000A	BALL,DELRIN,0.313 DIA	 $1.94 
NZ0000001215	BALLAST 13 WATT	 $28.40 
29000717000B	BANK END MODULE   @	 $170.98 
MSZ7935044AC	BANK KEY --KEY ALIKE	 $17.15 
30017330000	BANKING PINS	 $0.45 
AA0033650000	BANKLOCK CATALOG	 $79.38 
AA003365000B	banklock catalog,cd	 $10.26 
IB044F247900	BAR        096G 4732	 $0.45 
49221710000A	BAR CODE 2D TESTING CARD	 $55.27 
TS4368870300	BAR CODE READER KIT-MOD -BCR	 $10,924.20 
TS4368854440	BAR CODE READER-INC IN BCR-KIT	 $7,920.05 
TSLS4004000A	BAR CODE SCANNER	 $1,146.91 
TM000032001B	BAR CODE SCANNER REPAIR MAN	 $90.90 
BUFI0917000A	Bar Code Scanner Upgrade Opteva 8xx Terminals	 $7.34 
19047779000A	BAR CODE SCANNER,USB INTFC	 $1,146.91 
TSN94650000A	BAR CODE STAND SYMBOL INTELLISTAND	 $207.56 
19055289000A	BAR CODE TAPE,ID MARKING SYS	 $1,233.23 
49202044000A	BAR CODE TESTING CARD	 $12.15 
NZ0000002905	bar stay - 5688	 $32.89 
MSN79948000A	BAR, CLAMP - LEFT SIDE (POUCH	 $121.21 
49007911000F	BAR, GATE, FRONT LOAD	 $16.20 
29007395000A	BAR, LIMIT	 $43.07 
MSN61163000A	BAR,36 INCH PINCH *QUEEN CITY	 $178.00 
21015384000A	BAR,BOLTWORK STOP,CHST	 $0.45 
4102070401AB	BAR,DETENT	 $86.18 
39009123000C	BAR,LK	 $35.30 
49200522000A	BAR,LOCK	 $17.73 
29007905000A	BAR,RELOCK	 $6.28 
21020641000A	BAR,SNUBBER	 $41.82 
19011502000A	BAR-ACTR	 $18.20 
TS4368885681	BARCKET SAR	 $409.66 
BUFI0872000A	BARCODE SCANNER MODULE UPGRADE FOR 562TTW	 $8.48 
MSM2047900BA	BARREL	 $1.62 
30023990000	BARREL ARBOR GEAR OR PINION	 $2.54 
11034420000B	BARREL KEYBLANK FOR BA CUTS	 $2.56 
00051397JPBL	BARREL LOCK W/10 KEYS SET	 $51.08 
29007494000A	BARRIER	 $13.95 
39010582000B	BARRIER	 $3.28 
49012876000A	BARRIER, FISH PAPER	 $5.35 
49014522000A	BARRIER,FISH PAPER,ELM	 $0.58 
TSN88200000A	BARRIER,PANEL	 $3.56 
41015558000D	BASE	 $467.38 
41015558000E	BASE	 $571.98 
49001437000A	BASE	 $917.94 
28010579000A	BASE * 3654	 $5.76 
11051528000A	BASE 4098-9792	 $299.13 
MSN84746000A	BASE ASSB., 4 1/2 H X 32 3/16	 $112.37 
39002440000A	BASE ASSY,DOOR CONTACT	 $284.75 
39002440000B	BASE ASSY,DOOR CONTACT	 $382.37 
21014475000A	BASE COVER	 $4.52 
38000625000A	BASE FRONT	 $44.28 
TS4365102310	Base Idol	 $163.86 
49208448000A	BASE MOUNT	 $19.12 
NZ0000002406	base plate - jrnl prtr 56xx	 $32.89 
11044857000A	BASE POST (7450/5972)LT GR	 $118.24 
31019847077A	BASE SGL WD	 $215.82 
11065004000A	BASE SQUARE 4" POLE	 $383.67 
19053098000A	BASE STATION RACK KIT W/CPU CD SET-P/S	 $6,415.20 
19053291000A	BASE STATION RACK MTG KIT,1053-001	 $79.83 
19053288000A	BASE STATION RACK MTG KIT,TOKEN RING ADPTR	 $79.83 
19055296000A	BASE WARRANTY,EXTENDED,ONE YEAR ADDITIONAL	 $1,479.87 
49214778000C	BASE, OSC MODULE	 $458.21 
41020601000A	BASE, WALL MOUNT	 $59.15 
39001917000A	BASE,BILL TRAP	 $40.77 
21018963000A	BASE,BUMPER	 $14.04 
19056545000A	BASE,CASTER,PLATE,NEW MARK ASSY	 $214.95 
49008011000B	BASE,CD RACK	 $49.02 
49008279000A	BASE,CRT HSG	 $71.37 
41017148000B	BASE,HSG	 $86.65 
49007087000A	BASE,MONEY PKT	 $0.76 
49009616000C	BASE,STAND,MON	 $0.00 
MSZ79211950A	BASE-CABLE TIE, PUSH IN	 $0.69 
89030452000A	basic atm workbook	 $41.54 
89030452000B	BASIC ATM WORKBOOK	 $41.54 
NZ0000001553	BASIC OPERATORS PANEL SDC2	 $1,205.82 
AA0239200000	BASIC SERV. CONTRACT   ISSUE=2	 $0.79 
MSN85537000A	BASKET, WASTE -  (5511-2A)	 $22.00 
11038812000A	BATCH BUTTON	 $21.55 
11065226000A	BATERY FOR TELULAR TG-1B/TG-4B	 $39.58 
11050009000A	BATT SHLF FOR RCCXX SER CAB TA	 $41.17 
89031383000A	BATT, PANASONIC #CR1220	 $1.51 
BRP00716000A	BATT-CHARGER PCB	 $0.05 
11048208000A	BATTERY	 $369.97 
11065149000A	BATTERY	 $36.54 
11065150000A	BATTERY	 $49.51 
89030544000A	Battery	 $4.83 
BRA00019000A	BATTERY 12 VOLT YUASA	 $0.05 
BRP00002000A	BATTERY 12 VOLT YUASA	 $0.05 
89030610000A	BATTERY 3V CR1620 LITHIUM 16MM	 $6.76 
19053044000A	BATTERY BACK-UP BBU PLUS 14AHR	 $1,224.65 
41021670000A	BATTERY BOX	 $13.31 
BRP00194000A	BATTERY BUMPER	 $0.05 
11041467000A	Battery Cable	 $5.64 
11050008000A	BATTERY DISTRIBUTION MODULE	 $298.32 
BRP00042000A	BATTERY HARNESS 2	 $0.05 
BRP00124000A	BATTERY HARNESS EXTENSION	 $0.05 
11065013000A	BATTERY LEAD ACID 12V-1.3 AH	 $325.94 
BRP00079000A	BATTERY MOUNT	 $0.05 
21020074000A	Battery Pack	 $77.56 
11065719000A	BATTERY, 9V	 $2.58 
11065716000A	BATTERY,12V,700MAH,SLA W/PLUG	 $46.64 
11044760000A	BATTERY: UPS SYNERGY II S1000	 $2,732.42 
11041776000A	BAVIS 2X3 SPEAKER	 $1,259.01 
11038226000A	bavis belt order by foot	 $14.16 
11050010000A	BB 2R	 $197.10 
89031032000A	BB&T AGILIS 2.0.2 OPT DNVER CD	 $34.21 
TP821139001A	BC NETLINK RELEASE NOTES 7.09	 $0.90 
TP821142001B	BC NETLINK V7.10 RELEASE NOTES	 $0.27 
11044769000A	BD CONTROL WEDGE, DYNAKEY	 $332.55 
MSZ62069660A	BD, POWER SUPPLY	 $57.64 
ULMX83200000	BD,EXPANSION,VID,MOD,8-INPUT	 $1,205.82 
MSN64503000A	BD., PRT.CKT.-KEYPAD/DISPLAY	 $0.00 
11065249000A	BE750G - BATTERY	 $278.10 
MSZ69818310A	BEAD-SHIELD	 $1.62 
1750364575	Beam 50 MM Speaker Kit	 $390.96 
11051513000A	BEAM DETCTR STOPR CVR STI-9625	 $78.57 
11051514000A	BEAM DETECTOR STOPPER STI-9625	 $78.57 
30000170000	BEARD	 $6.32 
30007200000	BEARD	 $1.50 
11031143000A	BEARD - HHM	 $2.38 
10809200000	BEARING	 $21.27 
10826280000	BEARING	 $14.36 
19042344131A	BEARING	 $71.01 
19042344132A	BEARING	 $71.01 
19042344206A	BEARING	 $71.01 
28010537000A	BEARING	 $6.98 
MSZ17201650A	BEARING	 $2.06 
TSN88204000A	BEARING	 $0.00 
TSN88205000A	BEARING	 $0.00 
TSN88875000A	BEARING	 $9.29 
TSN88876000A	BEARING	 $6.01 
TSN88877000A	BEARING	 $8.14 
TSN88878000A	BEARING	 $17.09 
TSN88879000A	BEARING	 $24.80 
TSN91966000A	Bearing	 $0.00 
89029704000A	BEARING      #VDB1040	 $16.06 
TS4842119001	Bearing  - GDR-A1	 $24.58 
89029196000A	BEARING  696ZZ R-156 0ZZ	 $16.99 
28010507000A	BEARING - BALL	 $68.36 
38010606000A	BEARING - BALL	 $87.44 
28010534000A	BEARING - BALL  * 3653   FLANGE	 $105.54 
TS4369452160	BEARING - MB1015DU-ROHS COMPLI	 $10.93 
TS4842119089	Bearing  R-BRF806	 $9.29 
38010603000A	BEARING - STOP *3702	 $4.07 
BRP00195000A	BEARING 3/4 ID	 $0.05 
39011997020A	BEARING 4	 $0.37 
39011997018A	BEARING 6	 $0.58 
TS4842110069	BEARING 606ZZS	 $13.65 
39011997019A	BEARING 8	 $0.86 
TS4368885861	BEARING ASSY-ASMHOLDALINE	 $513.44 
TS4368848400	Bearing Ball 6-16RMZZ	 $43.70 
TS4842109510	Bearing Ball 6900ZZ	 $16.39 
11027406000A	BEARING BLOCK	 $29.47 
18010452000A	BEARING BLOCK	 $29.34 
21005109000A	BEARING BLOCK	 $55.40 
11027405000A	BEARING BLOCK ASSY	 $75.66 
21005110000A	BEARING BLOCK ASSY (ELEC)	 $67.37 
17010730000C	BEARING BLOCKS	 $22.50 
29007578000A	BEARING CAM	 $5.17 
NZ0000002634	BEARING CHASSIS MOUNTING RAIL	 $7.68 
BRP00196000A	BEARING DOOR CRANK FLANG	 $0.05 
89028558000A	BEARING ECCENTRIC MAG#M065004-	 $65.25 
18020768000A	BEARING FLANGE	 $2.82 
38010604000A	BEARING FLANGE *3703	 $58.56 
11043422000A	BEARING FLANGED OILITE SF 162	 $6.98 
TS4842210392	BEARING FLW 1260	 $7.64 
11019209000A	BEARING HOUSING	 $37.27 
38010622000A	BEARING HOUSING *4290	 $754.84 
TS4842411050	BEARING MB1015DU	 $7.10 
TSR91972000A	BEARING ONLY	 $9.97 
11037967000A	BEARING PACK  (1)            H	 $128.90 
10449660000	BEARING PAD	 $1.81 
BC3002020000	BEARING SHIM	 $11.03 
4102070400AR	BEARING SLEEVE	 $8.62 
49202080000A	BEARING SPACER,RCPT PRNTR,112mm	 $7.64 
28020265L00A	BEARING SUPPORT *03381	 $6.99 
28020265R00A	BEARING SUPPORT *03425	 $6.99 
TSR625ZZ000A	BEARING THICKNESS SENSOR 7564	 $8.14 
29005651000A	BEARING-*03291 MULT BUY  Y    ORD WITH 29-5650,52,	 $0.27 
MSN80001000A	BEARING, 1/2 LG *THOMSON #8L8-	 $1.23 
MSN77231000A	BEARING, 5/16 DIA. BALL	 $0.19 
49208021104A	BEARING, 626-ZZ 6X19X6	 $79.10 
MSN79999000A	bearing, 7/32	 $1.90 
28010507000B	BEARING, BALL * 3647	 $86.51 
MSN91410000A	BEARING, DIAL RING *S&G #7216-	 $5.18 
MSN83100000A	BEARING, FLANGED *OILITE #FF-1	 $9.50 
89031303000A	BEARING, NEEDLE HK-0408	 $16.71 
29006041000A	BEARING, NYLINER	 $1.32 
NZ0000002448	BEARING, PLASTIC	 $0.02 
49017537000A	BEARING, SHAFT, PIVOT	 $10.71 
49205535000A	BEARING, SLEEVE	 $2.67 
28020959000A	BEARING, SNAP-IN	 $2.63 
89028357000A	BEARING, SPOOL	 $16.50 
MSN75065000A	BEARING, THRUST *NICE #603*	 $14.16 
MSN79983000A	BEARING,3/4 LG  *THOMSON #10N1	 $8.00 
TSN89047000A	BEARING,605ZZS	 $8.55 
TSN89045000A	BEARING,623ZZP5	 $16.39 
TSN92750000A	BEARING,684ZZS	 $20.48 
TSN91977000A	BEARING,6901ZZNR	 $0.00 
TSN88136000A	BEARING,BALL	 $4.78 
TSN88137000A	BEARING,BALL	 $5.87 
TSN88138000A	BEARING,BALL	 $0.00 
TSN88139000A	BEARING,BALL	 $0.00 
TSN88140000A	BEARING,BALL	 $0.00 
TSN88141000A	BEARING,BALL	 $5.46 
TSN88142000A	BEARING,BALL	 $3.01 
TSN88143000A	BEARING,BALL	 $0.00 
TSN88144000A	BEARING,BALL	 $0.00 
TSN88145000A	BEARING,BALL	 $7.97 
TSN88158000A	BEARING,BALL	 $21.85 
WN000130800A	BEARING,BALL	 $22.11 
21015148000A	BEARING,BALL,0.500 BORE,DBL SLD	 $7.18 
49233199103A	BEARING,BALL,M 04.00 BORE,08.00 OD	 $77.07 
49233199117A	BEARING,BALL,M 04.00 BORE,08.00 OD	 $77.07 
49233199118A	BEARING,BALL,M 04.00 BORE,12.00 OD	 $91.13 
49233199100A	BEARING,BALL,M 08.00 BORE,12.00 OD,FLG	 $91.13 
49233199102A	BEARING,BALL,M 08.00 BORE,16.00 OD,FLG	 $91.13 
29013995000A	BEARING,BALL,RDL,0.250 BORE,0.375 OD,FLG,DSHLD	 $8.48 
29013739000A	BEARING,BALL,RDL,0.250 BORE,0.500 OD,FLG,DSHLD	 $10.26 
29015641000A	BEARING,BALL,RDL,0.250 BORE,0.750 OD,DSLD	 $4.05 
29015927000A	BEARING,BALL,RDL,M 04.00 BORE,10.00 OD,SHLD	 $5.56 
29014431000A	BEARING,BALL,RDL,M 06.00 BORE,13.00 OD,FLG,DSHLD	 $4.28 
49201066000A	BEARING,BALL,RDL,M 06.00 BORE,15.00 OD,F	 $2.94 
49200503000A	BEARING,BALL,RDL,M 08.00 BORE,16.00 OD,FLG,DSHLD	 $4.21 
21016865000A	BEARING,BALL,THRUST,BRZ,CASH TILL LKR	 $12.31 
39007110000A	BEARING,BALL,TRNTBL,6.00 SQ	 $9.00 
TSN79465000A	BEARING,BRG	 $21.85 
19010151000A	BEARING,BRZ,0.252 BORE,0.375 OD,W/FLG	 $0.45 
21014157000A	BEARING,BRZ,0.502 BORE,0.628 OD,W/FLG	 $15.68 
19012285000A	BEARING,BRZ,THRUST,0.385 BORE,0.625 OD	 $2.29 
11037218000A	BEARING,CAM SHAFT	 $19.22 
21015161000A	BEARING,DOOR,DBL SEALED	 $9.56 
19035375000A	BEARING,DUAL PL	 $1.32 
11031000000A	BEARING,FLG	 $2.08 
29013694000A	BEARING,FLG,M 08.00 BORE,16.00 OD,SHLD	 $44.06 
21017169000A	BEARING,HNG THRUST,STRG RM VD	 $12.31 
TSN89053000A	BEARING,MG0808DU - DRY	 $1.37 
TSN88147000A	BEARING,NEEDLE	 $26.24 
TSN88148000A	BEARING,NEEDLE	 $0.00 
TSN88149000A	BEARING,NEEDLE	 $0.00 
TSN88150000A	BEARING,NEEDLE	 $0.00 
TSN88155000A	BEARING,NEEDLE	 $0.00 
29006595000A	BEARING,NYLINER	 $30.39 
TSN89046000A	BEARING,R-1140ZZ	 $17.80 
TSN89048000A	BEARING,R1560ZZ "NMB" JAPAN	 $9.29 
21017170000A	BEARING,RACE,HNG,STRG RM VD	 $8.21 
TSN89049000A	BEARING,RF-1140ZZ	 $11.06 
TSN91159000A	BEARING,SEAL	 $7.79 
TSN91160000A	BEARING,SEAL	 $18.71 
TSN91162000A	BEARING,SEAL	 $34.90 
TSN79466000A	BEARING,SIDE	 $62.81 
21017311000C	BEARING,SLV HNG	 $11.90 
21017311000D	BEARING,SLV HNG	 $14.36 
29015912000A	BEARING,SLV,0.375 ID,0.563 OD,PTFE	 $33.78 
29013499000A	BEARING,SLV,0.625 ID,0.750 OD,PLSTC	 $7.54 
49252465000A	BEARING,SLV,6 ID,	 $2.45 
29014524000A	BEARING,SLV,FLG,0.126 ID,0.172 OD,NYL	 $14.51 
29007978000A	BEARING,SLV,FLG,0.251 ID,0.312 OD,NYL	 $4.68 
29014573000A	BEARING,SLV,FLG,0.251 ID,0.313 OD,NYL	 $6.37 
29010375000A	BEARING,SLV,FLG,0.253 ID,0.377 OD	 $3.92 
29010375000B	BEARING,SLV,FLG,0.316 ID,0.440 OD	 $17.50 
29006939000A	BEARING,SLV,FLG,0.375 ID,0.500 OD	 $1.45 
29014560000A	BEARING,SLV,FLG,0.500 ID,0.501 OD,PLSTC	 $2.32 
21015937000A	BEARING,SLV,FLG,0.506 ID,0.627 OD,DELRIN	 $8.70 
29007989000A	BEARING,SLV,FLG,0.626 ID,0.687 OD,NYL	 $7.54 
29009009000E	BEARING,SLV,FLG,M 06.00 ID,	 $1.91 
29015930000A	BEARING,SLV,FLG,M 06.00 ID,07.20 OD,PLSTC	 $3.11 
29009009000A	BEARING,SLV,FLG,M 06.00 ID,08.00 OD,PLSTC	 $4.46 
29009009000D	BEARING,SLV,FLG,M 06.00 ID,08.00 OD,PLSTC	 $3.83 
29013498000B	BEARING,SLV,M 07.00 ID,10.00 OD,PLSTC	 $2.35 
21016866000A	BEARING,SLV,OILITE BRZ,CASH TILL LKR	 $8.21 
29005650000A	BEARING,SOLENIOD-*03290  LT.BUORD WITH 29-5651,52,	 $0.27 
TSN92745000A	BEARING,SS413RMZZ90	 $29.91 
TSN89036000A	BEARING,SS5-16RMZZ	 $24.58 
TSN89051000A	BEARING,SS6-22.5RMZ	 $26.35 
49252516000B	BEARING,UNFLANGED, SHIELDED 6X19 626ZZ	 $7.69 
39012503000A	BEARING,XPRT PVT	 $3.21 
TSN92050000A	BEARING-80F-0606	 $2.65 
MSZ77209240A	BEARING-BRASS 1/4 I.D.	 $29.16 
MSZ79320700A	BEARING-BRONZE,3/8 ID	 $0.97 
MSZ89125300A	BEARING-DIAL PLATE,COMBOL	 $0.69 
TSN92049000A	BEARING-LF-1150ZZ	 $13.65 
MSK99225000A	BEARINGS FOR CAM FOLLOWER	 $26.29 
89029954000A	BEARINGS FOR GYYR MOTOR (SET)	 $20.56 
TSN92046000A	BEARING-SS620RMZZ90	 $24.58 
MSZ79100150A	BEARING-THRUST	 $3.03 
MSZ89034740A	BEARING-THRUST	 $1.49 
29010391000A	BEEPER CLIP	 $3.22 
19065016000A	BELDEN YM40232, 22-2C STR TNC PVC FOIL SHD PVC JKT CHR CM 300V 60C 1K	 $213.76 
11041010000A	BELKIN P/S 2 SERIAL ADAPTER	 $10.28 
11031851000A	BELL 10"   12 VDC	 $91.58 
MSN67635000A	BELL 6/24VDC #KMS-6-24VDC/P"	 $0.00 
11050013000A	BELL 8 SIZE 24 VOLTS DC RED	 $67.23 
19013083000A	BELL ADAPTER KIT	 $135.02 
19013083000B	BELL ADAPTER KIT	 $219.08 
39002317000A	BELL ASM.-10INCH	 $113.54 
39010837000A	BELL CRANK,DEP GATE,UL/RAL	 $4.73 
05000465000A	BELL LINING TEST CABLE   'TOOL	 $31.19 
MSN68231000A	BELL, 6 IN ALARM-MODEL #PBD126	 $52.26 
MSN67175000A	BELL, 6V ALARM *ADEMCO #AB*	 $0.00 
38000818000A	BELL/HSG	 $114.81 
19000898000A	BELT	 $2.33 
19014273000A	BELT	 $100.20 
19014274000A	BELT	 $66.98 
TSN88252000A	BELT	 $0.00 
TSN88253000A	BELT	 $0.00 
TSN88254000A	BELT	 $0.00 
TSN88256000A	BELT	 $0.00 
TSN88258000A	BELT	 $0.00 
TSN88259000A	BELT	 $0.00 
TSN88260000A	BELT	 $0.00 
TSN88261000A	BELT	 $0.00 
TSN88262000A	BELT	 $0.00 
TSN88263000A	BELT	 $0.00 
TSN88264000A	BELT	 $0.00 
TSN88265000A	BELT	 $67.82 
TSN88268000A	BELT	 $0.00 
TSN88269000A	BELT	 $0.00 
TSN88272000A	BELT	 $0.00 
TSN88275000A	BELT	 $0.00 
TSN88277000A	BELT	 $0.00 
TSN88282000A	BELT	 $0.00 
TSN88831000A	BELT	 $21.82 
TSN88832000A	BELT	 $16.39 
TSN88833000A	BELT	 $19.45 
TSN88834000A	BELT	 $24.46 
TSN88835000A	BELT	 $20.93 
TSN88836000A	BELT	 $20.93 
TSN88837000A	BELT	 $22.12 
TSN88838000A	BELT	 $23.29 
TSN88839000A	BELT	 $26.51 
TSN88841000A	BELT	 $32.42 
TSN88842000A	BELT	 $27.75 
TSN88843000A	BELT	 $12.37 
TSN88844000A	BELT	 $13.65 
TSN88845000A	BELT	 $13.65 
TSN88846000A	BELT	 $15.65 
TSN88847000A	BELT	 $16.50 
TSN88848000A	BELT	 $11.09 
TSN88849000A	BELT	 $11.85 
TSN88852000A	BELT	 $84.61 
11032077000A	BELT        TAKE-UP	 $4.60 
11031548000A	BELT   LARGE COUNTER	 $1.58 
11032081000A	BELT   VCR     CAPSTAN	 $7.68 
11032078000A	BELT   VCR    REEL	 $7.01 
TSN88257000A	BELT - CODE	 $15.03 
TSN92018000A	Belt - Flat  13*177.5	 $16.39 
TSN92015000A	Belt - Flat  13*372.5	 $27.32 
TSN92011000A	Belt - Flat  SBU13x146	 $16.39 
TSN92014000A	Belt - Flat 13*305.5	 $24.58 
TSN92017000A	BELT  Flat SBU13*553	 $38.23 
TS4374517640	Belt - Flat SBU13-146	 $24.58 
39011997024A	BELT (BLT-S2M-100-4)	 $4.84 
39011997037A	BELT (BLT-S2M-106-4)	 $32.88 
39011997038A	BELT (BLT-S2M-132-4)	 $33.78 
39011997039A	BELT (BLT-S2M-150-6)	 $41.09 
39011997041A	BELT (BLT-S2M-39-4)	 $27.95 
39011997040A	BELT (BLT-S2M-58-4)	 $30.12 
39011997023A	BELT (BLT-S2M-76-4)	 $4.47 
39011997025A	BELT (BLT-S2M-84-4)	 $30.12 
TS4365154290	Belt / T-3M5-141	 $5.46 
TS4365177190	Belt / T-483-3M-6	 $8.19 
NZ0000002017	BELT 140TH DEP AUX XPORT ASM	 $21.92 
NZ0090008221	belt 140th dep aux xport asm	 $21.92 
FJUSA0206227	BELT CA812003016	 $0.05 
FJUSA0206233	BELT CA812003120	 $0.05 
21017874000B	BELT CLAMP ASSEMBLY	 $164.17 
FJ0007774593	BELT CT-B132MXL9.5-V BANDO	 $13.78 
NZ0000001534	BELT DRUM UPPER	 $27.41 
NZ4450593699	belt drum upper	 $27.41 
49013254000A	BELT GUARD,THRM RCPT XPRT	 $17.80 
11031675000A	BELT LOADING 1 VSS-300  SMALL	 $2.28 
11031676000A	BELT LOADING 2 VSS-300   LARGE	 $4.11 
NZ0000002653	BELT LOWER TRANSPORT HML PRT	 $52.07 
FJ0007763892	BELT MAIN MOTOR	 $12.14 
NZ0000001100	belt pick module 1to2	 $14.47 
11031799000A	BELT PLAY               VSS 30	 $5.63 
TS4368683960	BELT T-0501-3GT-6	 $10.93 
19039121000A	BELT TENSIONER	 $32.55 
TS4842200761	BELT TIMING 276-3M-6	 $3.88 
NZ0000001248	BELT TRANSPORT LOWER	 $34.32 
89028622000A	BELT, 120 TOOTH	 $25.91 
NZ0000002025	BELT, 120TH	 $26.31 
NZ0090008938	belt, 120th	 $26.31 
NZ0000001533	BELT, CLAMP ARM	 $14.25 
NZ4450593698	belt, clamp arm	 $14.25 
MSN78530000A	BELT, DRIVE *GATES#2350* (Z174	 $16.59 
NZ0000001532	BELT, DRUM LOWER	 $13.36 
NZ0000001535	BELT, DRUM LOWER	 $24.67 
NZ4450593697	belt, drum lower	 $25.21 
NZ0000001529	BELT, DRUM PURGE	 $18.64 
NZ0000002087	BELT, DRUM UPPER	 $25.21 
NZ4450593636	belt, drum upper	 $25.21 
29008482000Z	BELT, FLAT, 0.250, SEMI-STRETCH	 $24.19 
49008728000K	BELT, FLAT, 0.500, W/CNTR RIB CNTR DISTANCE=7.600	 $63.87 
NZ0000001528	BELT, INNER XPORT	 $15.35 
NZ4450593693	belt, inner xport	 $15.35 
NZ0000002518	BELT, LOWER MEDIUM	 $0.02 
NZ0000001530	BELT, LOWER PURGE	 $16.99 
NZ0000002519	BELT, RET. SHORT	 $0.02 
MSN91601000A	BELT, STRIPPER *TECHNITROL #50	 $19.38 
4901841000AF	BELT, TMG, M3.00P, 034T, NPRN/FBR GL	 $2.00 
4901841000AB	BELT, TMG, M3.00P, 043T, NPRN/FBR GL	 $9.32 
NZ0000002500	BELT, TRANSPORT PRINTER	 $52.07 
NZ0000002501	BELT, TRANSPORT PRINTER	 $0.02 
NZ0000002517	BELT, UPPER, LONG	 $0.02 
TSN92740000A	BELT,106.062X4.8	 $7.64 
TSN81548000A	BELT,1630M	 $0.00 
39017495115A	BELT,CLEAR	 $22.46 
TSN88850000A	BELT,DRIVE	 $23.87 
NZ0000001531	BELT,DRUM UPPER	 $25.21 
NZ4450593696	BELT,DRUM UPPER	 $25.21 
49017271000A	BELT,EXIT TRANSPORT	 $36.93 
TSN92012000A	BELT,F-13-208.5	 $21.85 
TSN92013000A	BELT,F-13-228.5	 $19.12 
29008420000E	BELT,FLAT,0.250,SEMI-STRETCH	 $10.40 
29008420000G	BELT,FLAT,0.250,SEMI-STRETCH	 $16.23 
29008482000E	BELT,FLAT,0.250,SEMI-STRETCH	 $28.40 
29008482000F	BELT,FLAT,0.250,SEMI-STRETCH	 $15.30 
39004353000A	BELT,FLAT,0.250,SEMI-STRETCH	 $202.23 
49245303000C	BELT,FLAT,0.250,SEMI-STRETCH	 $20.25 
49008728000A	BELT,FLAT,0.500,W/CTR RIB	 $11.48 
49008728000B	BELT,FLAT,0.500,W/CTR RIB	 $21.85 
49204595000A	BELT,FLAT,0.500,W/CTR RIB	 $68.04 
49204595000B	BELT,FLAT,0.500,W/CTR RIB	 $68.04 
49204595000C	BELT,FLAT,0.500,W/CTR RIB	 $68.04 
49205515000A	BELT,FLAT,M 06.35,SEMI-STRETCH	 $25.11 
49205515000C	BELT,FLAT,M 06.35,SEMI-STRETCH	 $25.11 
29008449000A	BELT,O-RING,0.125 DIA	 $5.27 
49229519000A	BELT,PICK,BUMPED	 $115.65 
49217453000C	BELT,PICK,SEAMLESS	 $91.13 
49217453000A	BELT,PICK/STACK,SEAMLESS	 $61.27 
29002593000A	BELT,PRCN DR	 $18.94 
89029977000A	BELT,REAR,CD RDR (100202)	 $4.19 
49208021128A	BELT,ROUND,ALIGNMENT, L=170	 $93.33 
TSN89459000A	BELT,SEA8X1350	 $0.00 
TSN89460000A	BELT,SEA8X2100	 $0.00 
TSN89461000A	BELT,SPC10X240	 $0.00 
TSN89079000A	BELT,SPC-15X1090	 $13.79 
TSN89084000A	BELT,SPC-15X1150	 $38.23 
TSN89085000A	BELT,SPC-15X1250	 $14.20 
TSN89080000A	BELT,SPC-15X1660	 $147.47 
TSN89071000A	BELT,SPC-15X180	 $7.34 
TSN89072000A	BELT,SPC-15X290	 $12.83 
TSN89073000A	BELT,SPC-15X335	 $8.06 
TSN89074000A	BELT,SPC-15X385	 $8.47 
TSN89075000A	BELT,SPC-15X420	 $8.19 
TSN89076000A	BELT,SPC-15X500	 $8.74 
TSN89077000A	BELT,SPC-15X525	 $8.60 
TSN89078000A	BELT,SPC-15X550	 $8.87 
TSN89083000A	BELT,SPC-15X850	 $12.56 
TSN89453000A	BELT,SPC20X210	 $0.00 
TSN89454000A	BELT,SPC20X275	 $0.00 
TSN89455000A	BELT,SPC20X330	 $0.00 
TSN89456000A	BELT,SPC20X385	 $0.00 
TSN89457000A	BELT,SPC20X430	 $0.00 
TSN89458000A	BELT,SPC20X860	 $0.00 
TSN89086000A	BELT,SPC-30X1630T	 $69.10 
TSN89091000A	BELT,T 80144X4.76	 $5.46 
TSN89092000A	BELT,T 80170X6.35	 $5.46 
TSN89090000A	BELT,T-264-3M6	 $3.09 
TSN89088000A	BELT,T-300-3M6	 $4.01 
TSN89087000A	BELT,T-420-3M6	 $4.51 
TSN89089000A	BELT,T-486-3M6	 $13.65 
TSN89972000A	BELT,T564-3M6CS	 $8.19 
TSN88271000A	BELT,TIMING	 $0.00 
TSN88273000A	BELT,TIMING	 $0.00 
TSN88274000A	BELT,TIMING	 $0.00 
TSN88276000A	BELT,TIMING	 $0.00 
49208021050A	BELT,TIMING,L100,B6	 $17.49 
49208021053B	BELT,TIMING,L1066,B6	 $139.92 
49208021051A	BELT,TIMING,L112,B6	 $18.32 
49208021042A	BELT,TIMING,L184,B6	 $8.60 
49208021055A	BELT,TIMING,L208,B6	 $14.77 
49208021072A	BELT,TIMING,L224,B6	 $19.12 
49208021075A	BELT,TIMING,L250,B6	 $15.51 
49208021070A	BELT,TIMING,L448,B6	 $17.96 
49208021049A	BELT,TIMING,L930,B15	 $198.41 
49208021052A	BELT,TIMING,L984,B15	 $148.50 
29010248000A	BELT,TMG,0.080P,175T,UTHN/PLYEST	 $10.68 
29007915000A	BELT,TMG,0.080P,210T,NPRN/FBR GL	 $3.17 
29007575000A	BELT,TMG,0.200P,200T,NPRN/FBR GL	 $33.78 
21015137000A	BELT,TMG,0.200P,250T,NPRN/FBR GL	 $15.84 
49200314000N	BELT,TMG,M 02.00P,056T,NPRN/FBR GL	 $6.15 
49200314000G	BELT,TMG,M 02.00P,083T,NPRN/FBR GL	 $6.40 
49200314000J	BELT,TMG,M 02.00P,086T,NPRN/FBR GL	 $3.62 
49200314000A	BELT,TMG,M 02.00P,090T,NPRN/FBR GL	 $1.39 
49200314000L	BELT,TMG,M 02.00P,104T,NPRN/FBR GL	 $6.40 
49200314000E	BELT,TMG,M 02.00P,139T,NPRN/FBR GL	 $1.85 
49200314000F	BELT,TMG,M 02.00P,166T,NPRN/FBR GL	 $1.94 
49200314000D	BELT,TMG,M 02.00P,200T,NPRN/FBR GL	 $4.21 
29008375000J	BELT,TMG,M 03.00P,029T,NPRN/FBR GL	 $7.59 
29008375000B	BELT,TMG,M 03.00P,037T,NPRN/FBR GL	 $5.35 
2900837500AP	BELT,TMG,M 03.00P,049T,NPRN/FBR GL	 $5.72 
49018410000C	BELT,TMG,M 03.00P,061T,NPRN/FBR GL	 $3.21 
49018410000S	BELT,TMG,M 03.00P,063T,NPRN/FBR GL	 $6.64 
29008375000P	BELT,TMG,M 03.00P,065T,NPRN/FBR GL	 $5.45 
29008375000E	BELT,TMG,M 03.00P,067T,NPRN/FBR GL	 $3.76 
49018410000K	BELT,TMG,M 03.00P,073T,NPRN/FBR GL	 $3.62 
4901841000AH	BELT,TMG,M 03.00P,079T,NPRN/FBR GL	 $21.17 
49018410000Q	BELT,TMG,M 03.00P,089T,NPRN/FBR GL	 $6.64 
4901841000AJ	BELT,TMG,M 03.00P,108T,NPRN/FBR GL	 $7.65 
2900837500AJ	BELT,TMG,M 03.00P,110T,NPRN/FBR GL	 $3.92 
2900837500AE	BELT,TMG,M 03.00P,124T,NPRN/FBR GL	 $8.54 
49018410000X	BELT,TMG,M 03.00P,125T,NPRN/FBR GL	 $5.75 
29009844000A	BELT,TMG,M 03.00P,128T,NPRN/FBR GL	 $16.50 
4901841000AL	BELT,TMG,M 03.00P,128T,NPRN/FBR GL	 $21.92 
29008375000T	BELT,TMG,M 03.00P,131T,NPRN/FBR GL	 $7.13 
49018410000G	BELT,TMG,M 03.00P,131T,NPRN/FBR GL	 $3.71 
29008375000S	BELT,TMG,M 03.00P,133T,NPRN/FBR GL	 $7.13 
49018410000W	BELT,TMG,M 03.00P,138T,NPRN/FBR GL	 $5.05 
2900837500AD	BELT,TMG,M 03.00P,140T,NPRN/FBR GL	 $9.82 
2900837500AM	BELT,TMG,M 03.00P,177T,NPRN/FBR GL	 $5.72 
49018410000U	BELT,TMG,M 03.00P,180T,NPRN/FBR GL	 $6.64 
2900837500AC	BELT,TMG,M 03.00P,186T,NPRN/FBR GL	 $6.51 
4901841000AM	BELT,TMG,M 03.00P,194T,NPRN/FBR GL	 $25.33 
49018410000P	BELT,TMG,M 03.00P,207T,NPRN/FBR GL	 $6.04 
49018410000T	BELT,TMG,M 03.00P,245T,NPRN/FBR GL	 $7.33 
2900837500AF	BELT,TMG,M 03.00P,274T,NPRN/FBR GL	 $6.30 
49018410000R	BELT,TMG,M 03.00P,360T,NPRN/FBR GL	 $11.30 
4901841000AE	BELT,TMG,M3.00P,262T,NPRN/FBR GL	 $11.59 
49220779000E	BELT,TRANSPORT,SEAMLESS,330	 $39.20 
49217453000B	BELT,TRANSPORT,STACK	 $53.91 
TSN92023000A	BELT,T-S2M-160	 $8.25 
TSN92020000A	BELT,T-S2M-200	 $7.07 
TSN92019000A	BELT,T-S2M-220	 $0.00 
TSN92021000A	BELT,T-S2M-224	 $7.64 
TSN92022000A	BELT,T-S2M-440	 $8.19 
TSN92024000A	BELT,T-S3M-120	 $4.91 
TSN92028000A	BELT,T-S3M-144	 $15.03 
TSN92025000A	BELT,T-S3M-264	 $9.72 
TSN92027000A	BELT,T-S3M-339	 $9.42 
TSN88851000A	BELT,V	 $29.19 
TSN88854000A	BELT,V	 $24.46 
TSN89096000A	BELT,V-3M307	 $12.98 
TSN89094000A	BELT,V-5M315	 $24.58 
TSN89095000A	BELT,V-5M400	 $29.19 
TSN89093000A	BELT,V-5M800	 $32.77 
49245420000A	BELT,VERT	 $19.92 
41014989000A	BELT,WEB	 $29.21 
49200245000B	BELT,XPRT,1268 MM	 $96.88 
49200245000C	BELT,XPRT,998 MM	 $96.88 
49223825000A	BELT,XPRT,PRNTR,THRM RCPT,80MM	 $48.21 
TSN94672000B	BELT/BEARING KIT CS7500	 $4,262.02 
TSN94672000A	Belt/Brg Kit CS-7564	 $3,489.24 
TS4368817210	BELT/N-SMV2*619MM	 $35.51 
TS4368817230	BELT/N-SMV2*790MM	 $40.97 
89030011000A	belt;ncr#009 000 5289	 $12.72 
NZ0000003463	BELT-5886 ENVELP DISP ACT20465	 $151.06 
NZ0000002729	BELT-FLAT	 $0.02 
TS4368813660	BELT-N-SMV2-212	 $24.58 
TS4368813690	BELT-N-SMV2-429	 $30.04 
TS4750032090	BELT-N-SMV2-593	 $38.23 
TS4368813650	BELT-N-SMV2-854	 $54.62 
MSN71419000A	BELT-T1 453MM*AT&T #006-050611	 $16.09 
TS4368813600	BELT-T-1290-3GT-6	 $19.12 
TS4368885840	BELT-T-3GT70*9	 $10.93 
MSZ75640360A	BELT-TIMING	 $6.88 
MSZ79180760A	BELT-TIMING	 $13.80 
MSZ79319320A	BELT-TIMING,3/8 W, 37 GRV	 $15.55 
TSN88266000A	BELT-V/BELT	 $0.00 
TSN88267000A	BELT-V/BELT	 $0.00 
NZ0000001825	belt-vertical transport	 $30.47 
29006495000A	BEZEL	 $7.40 
39003063000A	BEZEL	 $18.41 
49007406000A	BEZEL	 $10.68 
NZ0000002898	BEZEL - SLV DISPLAY	 $2,521.26 
49017297000A	BEZEL ASM,VALIDATOR	 $35.37 
89030720000A	BEZEL CONNECTOR 6 PIN	 $4.74 
49223874000B	BEZEL KIT,MTZ CD RDR,AREA 4,ANTI-SKIM,SAPPHIRE BLU	 $26.97 
11038533000A	BEZEL ONLY, ARCH SLIM SNOW	 $19.19 
11038534000A	BEZEL ONLY, ARCH SLIM TAUPE	 $19.19 
11038536000A	BEZEL ONLY, ARCH WALLSWITCH	 $19.19 
11038537000A	BEZEL ONLY, ARCH WALLSWITCH	 $19.19 
11038538000A	BEZEL ONLY, ARCH WALLSWITCH	 $19.19 
11038547000A	BEZEL ONLY, CURVE MIDRANGE	 $19.19 
11038548000A	BEZEL ONLY, CURVE MIDRANGE	 $19.19 
11038549000A	BEZEL ONLY, CURVE MIDRANGE	 $19.19 
11038550000A	BEZEL ONLY, CURVE MIDRANGE	 $19.19 
11038543000A	BEZEL ONLY, CURVE WALLSWITCH	 $19.19 
11038544000A	BEZEL ONLY, CURVE WALLSWITCH	 $19.19 
11038545000A	BEZEL ONLY, CURVE WALLSWITCH	 $19.19 
11038546000A	BEZEL ONLY, CURVE WALLSWITCH	 $19.19 
11038541000A	BEZEL ONLY, CURVE, SLIM, FORES	 $19.19 
11038542000A	BEZEL ONLY, CURVE, SLIM, MARIN	 $19.19 
11038539000A	BEZEL ONLY, CURVE, SLIM, ONYX	 $19.19 
11038540000A	BEZEL ONLY, CURVE, SLIM, PLUM	 $19.19 
11038523000A	BEZEL ONLY, LINEAR SLIM	 $19.19 
11038525000A	BEZEL ONLY, LINEAR SLIM	 $19.19 
11038526000A	BEZEL ONLY, LINEAR SLIM	 $19.19 
11038529000A	BEZEL ONLY, LINEAR WALLSWITCH	 $19.19 
11038530000A	BEZEL ONLY, LINEAR WALLSWITCH	 $19.19 
11038531000A	BEZEL ONLY, SLIM ONYX	 $19.19 
11038527000A	BEZEL ONLY, WALLSWITCH	 $19.19 
11038528000A	BEZEL ONLY, WALLSWITCH	 $19.19 
11038559000A	BEZEL ONLY, WAVE, MIDRANGE	 $19.19 
11038561000A	BEZEL ONLY, WAVE, MIDRANGE	 $19.19 
11038562000A	BEZEL ONLY, WAVE, MIDRANGE	 $19.19 
11038551000A	BEZEL ONLY, WAVE, SLIM, ONYX	 $19.19 
11038552000A	BEZEL ONLY, WAVE, SLIM, PLUM	 $19.19 
11038553000A	BEZEL ONLY, WAVE, SLIM,FOREST	 $19.19 
11038554000A	BEZEL ONLY, WAVE, SLIM,MARINE	 $19.19 
11038555000A	BEZEL ONLY, WAVE, WALLSWITCH	 $19.19 
11038556000A	BEZEL ONLY, WAVE, WALLSWITCH	 $19.19 
11038557000A	BEZEL ONLY, WAVE, WALLSWITCH	 $19.19 
11038558000A	BEZEL ONLY, WAVE, WALLSWITCH	 $19.19 
49009419X06C	BEZEL, 9IN MONO/CLR	 $139.97 
49259620XMRA	BEZEL, AFD,FLOATING	 $47.76 
49259620XXXA	BEZEL, AFD,FLOATING	 $47.76 
49204705XMFA	BEZEL, FILLER, UPPER, TTW DU	 $52.60 
49230934000B	BEZEL, IDM AND MOTZ CRD RDR	 $105.71 
39003614000A	BEZEL, LCD	 $1.22 
49259447XMQA	BEZEL, MID, RCPT PRN, W/COIN SLT	 $62.81 
49258000XMQA	BEZEL, MID,NO PRN,NO COIN SLOT	 $68.93 
49259448XMQA	BEZEL, MID,RCPT PRN,NO COIN SLT	 $62.90 
49200881XXXB	BEZEL, STMNT PRNTR	 $19.49 
49023029000A	BEZEL,12IN SVD,TOUCH,1064IX	 $98.93 
49200865X0AA	BEZEL,AFD,FLOATING	 $41.75 
49200865XJ1A	BEZEL,AFD,FLOATING	 $90.44 
49235217X0BA	BEZEL,AREA 6,FL,728,CEN	 $37.44 
49235217XXXA	BEZEL,AREA 6,FL,728,CEN	 $37.44 
49271442XMQA	BEZEL,BIOMETRICS	 $16.25 
49271442XXXA	BEZEL,BIOMETRICS	 $16.25 
49252329XNGA	BEZEL,BLANK	 $33.41 
49213189X0BA	BEZEL,BLANK,328,RH	 $16.36 
49213189XXXA	BEZEL,BLANK,328,RH	 $16.36 
49255900XMQA	BEZEL,BLANK,CPC	 $11.30 
49255900XXXA	BEZEL,BLANK,CPC	 $5.27 
49226353X0BB	BEZEL,CD RDR,RCPT,728	 $15.07 
49200876X0BA	BEZEL,CHK ACCEPTOR/CAMERA,TTW ATM	 $85.65 
49265313XMQA	BEZEL,COIN DISPR	 $3.62 
49265313XXXA	BEZEL,COIN DISPR	 $3.62 
49203038000A	BEZEL,COIN POCKET	 $14.32 
49204159X0BA	BEZEL,COLLAR,DIP,ADD FCTN	 $127.64 
49200843XXXA	BEZEL,DEPOSITOR	 $14.39 
49221673XXXA	BEZEL,DIP CD RDR,ASD,AREA 4	 $14.30 
49221116XMFB	BEZEL,ENA,720	 $107.18 
49221829XMFA	BEZEL,ENA,750	 $87.62 
49221096X0BB	BEZEL,ENA,TTW	 $87.94 
49200782XXXD	BEZEL,EPP,KEYBD,W/NO HDPHNE JACK	 $56.55 
41026640XNGA	BEZEL,EPP,PRIVACY	 $29.70 
49211359X0AA	BEZEL,EPP,RECYCLER	 $58.56 
49211359XXXA	BEZEL,EPP,RECYCLER	 $38.15 
49214471000A	BEZEL,FLIP STKR	 $11.70 
49203913XXXA	BEZEL,FLOATING FASCIA	 $45.95 
41015274000Z	BEZEL,FR	 $143.55 
41025174XMLA	BEZEL,IDMBD RECPT,INLOBBY	 $108.12 
41025850XMRA	BEZEL,IDMBD,CUT,SC,928	 $170.16 
49011786000A	BEZEL,KYBD,011 KY	 $46.65 
49011785X00B	BEZEL,KYBD,016 KY	 $98.76 
49013046XXXB	BEZEL,KYBD,016 KY FL MTL,LGE KY,1064IX	 $27.03 
49201588X0AA	BEZEL,KYBD,DEER VALLEY,EPP4	 $116.91 
49216119018A	BEZEL,KYBD,FR	 $223.02 
49258314XXXB	BEZEL,LW,TTW,GAL	 $60.06 
49242677X0AA	BEZEL,MIC	 $93.68 
49256462000D	BEZEL,MTZ CD RDR,ASSY,MICA SILVER	 $49.18 
49018767X06C	BEZEL,OPN KEY,12.1 IN	 $445.50 
00101198000A	BEZEL,OPN KY,09 IN MON,473X SPACING	 $914.62 
00101197FS0A	BEZEL,OPN KY,09 IN MON,MDS SPACING	 $1,056.51 
00101194PP0A	BEZEL,OPN KY,15 IN MON, MDS	 $1,109.87 
49017774XXXA	BEZEL,OUTER TRIM,MBC	 $0.00 
49010361XXXC	BEZEL,OUTER,TOP SIGNAGE	 $168.73 
49200787XXXC	BEZEL,PRNTR,RCPT,AREA 3	 $37.11 
49200787X0AE	BEZEL,PRNTR,RCPT,AREA 3,529 FL	 $14.75 
49200787000J	BEZEL,PRNTR,RCPT,AREA 3,BARCODE	 $8.55 
49200787X0AJ	BEZEL,PRNTR,RCPT,AREA 3,BARCODE	 $8.55 
49200787XXXJ	BEZEL,PRNTR,RCPT,AREA 3,BARCODE	 $8.55 
49200787X0AD	BEZEL,PRNTR,RCPT,BARCODE,AREA 3	 $12.61 
19064183000A	BEZEL,PROTECTIVE,OPT	 $205.54 
19064191000A	BEZEL,PROTECTIVE,OPT	 $246.65 
19064192000A	BEZEL,PROTECTIVE,OPT	 $246.65 
49007963X00B	BEZEL,PRSNTR	 $96.89 
49256701XNGA	BEZEL,RCPT	 $36.13 
49253744XXXA	BEZEL,RCPT,CR RDR	 $31.99 
49013577000A	BEZEL,TRIM RING,FL PNL	 $11.51 
49231849X01A	BEZEL,TRIM,BOT	 $61.06 
49231849XXXA	BEZEL,TRIM,BOT	 $61.06 
49256707XNGA	BEZEL,TRIM,RH	 $35.48 
49255012XNGA	BEZEL,TRIM,SIDE	 $7.85 
49270970XMRA	BEZEL,TRIM,SIDE	 $128.81 
49200908XXXA	BEZEL,TRIM,SIDE,TTW ATM	 $56.44 
49200909XXXE	BEZEL,TRIM,TOP	 $29.87 
49257518XNGA	BEZEL,TRIM,TOP RT	 $236.05 
49216119019A	BEZEL,VAULT DR	 $383.67 
49226355X0BB	BEZEL,W/ BAR CODE,728	 $12.84 
21015401000A	BHC SCREW             VAT 10 C	 $0.82 
L10001420000	BHCS   .25-20-.50	 $0.68 
BRP00576000A	BHCS 10/32 X .375 LG	 $0.05 
BRP00570000A	BHCS 3/8X24-1/2 LG	 $0.05 
L10001370000	BHSCS  .375 - 16 - .750	 $0.41 
11050015000A	BI-35 INTERFACE MODU	 $365.45 
11049501000A	BIAXIAL BOTTOM TUMBLER PINS	 $0.77 
11051667000A	BIDIRECTIONAL FRAME	 $56.34 
TMBLAC390000	BILL ACCEPTOR 1ST.LINE SERV.MA	 $117.00 
GR802001000A	BILL ACCEPTOR/DVT INSTALL INST	 $0.90 
31018970000A	BILL BOW,MARS, LOCKING,600 BILLS	 $732.56 
TP820289001A	BILL PAYMENT SOLUTIONS GUIDE	 $8.10 
TP799892001B	BILL PAYMENT TERMINAL CUSTOMER	 $13.50 
11066412000A	Bill Trap Bar	 $251.86 
00022084000A	BILL TRAY,P-1500-BI	 $16.42 
49248085000E	BIN, DIVERT	 $30.11 
49009227000B	BIN,CD RTNG,STRP DN	 $18.27 
TP821384001A	BINARY PARSER TESTER USER GUIDE	 $13.50 
NZ0000002705	BIN-DEPOSIT	 $164.43 
TBIXOG08001B	BINDER KIT,OPR GUIDE,FL,1062 IX, SAFE,ENGLISH	 $35.50 
TBIXOG06000C	BINDER KIT,OPR GUIDE,RL,1062/72,IX SAFE,ENGLISH	 $69.30 
TBIXOG06000D	BINDER KIT,OPR GUIDE,RL,1062/72,IX SAFE,FRENCH	 $75.60 
TBIXOG02I01A	BINDER KIT,OPR GUIDE,RL,ENG,IBM	 $27.00 
79BINDER000X	BINDER,0.50 IN,DIEBOLD,8.5 X 11,BLK/GRY	 $3.31 
79BINDER00JJ	BINDER,0.50 IN,DIEBOLD,PKT SIZE,RED	 $3.27 
79BINDER00KK	BINDER,0.50 IN,DIEBOLD,PKT SIZE,WHT	 $3.27 
79BINDER00LL	BINDER,0.50 IN,DIEBOLD,PKT SIZE,YEL	 $3.27 
79BINDER000W	BINDER,1.00 IN,DIEBOLD,11 X 17,BLK/GRY	 $46.10 
79BINDER000Q	BINDER,1.00 IN,DIEBOLD,8.5 X 11,BLK/GRY	 $9.45 
79BINDER000V	BINDER,3.00 IN,DIEBOLD,8.5 X 11,BLK/GRY	 $4.73 
NZ0000002718	BIN-PURGE	 $54.81 
BUFI2069000A	BIOMETRIC FRPNT RDR UPGR 5500/5550	 $13.10 
BUIB1033000A	BIOS PROM CHANGE-RAGE IIC VIDP	 $0.21 
19041774000B	BIOS, BTP	 $202.23 
49238432000A	BIOS,SSTC,UPGR	 $54.08 
19053412000A	BISYNC TO ASYNC	 $2,038.93 
MSN69868000A	BIT DRILL, 1/2 + 12	 $58.64 
MSN69757000A	BIT, 1/4 CARBIDE SOLID	 $84.03 
MSN79682000A	BIT, DRILL 3/8 X 12 CARBIDE *S	 $54.33 
MSN69866000A	BIT, DRILL 3/8X5 CARBIDE	 $40.69 
29013205000A	BIT,FSTNR DRVR,TMPR PRF HEX,0.125	 $16.42 
19038759000A	BIT,FSTNR DRVR,TMPR PRF HEX,0.156	 $14.82 
31018463000A	BIT,TMPR DRVR,SCR	 $54.81 
39005759000A	BKT, RDR SRVC	 $3.35 
11038122000A	black dome	 $348.84 
89030556000C	BLACK DOT SENSOR	 $34.21 
19039135000A	BLACK DOT SENSOR MOUNT - 5088	 $39.47 
NZ0000003147	BLACK MARK SENSOR	 $54.81 
IKBP905A0000	BLACK PANEL FOR 9" RACK MOUNT	 $80.91 
11065824000A	BLACK PILOT SCREWS, EACH	 $1.70 
11051727000A	BLACK RACK MOUNT FOR 1-2 QD100	 $50.70 
11041176000A	BLACK SCREW IN MIC ASSEMBLY	 $276.16 
NZ0000002598	BLACK SECURING BUTTON	 $3.34 
11048384000A	BLACK SKIRT	 $8.23 
00051009000A	BLACK THERML. RCPT ROLLS,80MM,W/TOF,3.14IN,1X4	 $109.40 
MSN76378000A	BLADE, FAN - NYLON *HOWARD #6-	 $7.49 
4924441700CH	BLADE, THICK, ANTI FISHING	 $18.41 
4924441700CI	BLADE, THIN, ANTI FISHING	 $17.96 
MSN80642000A	BLANK	 $1.26 
19049105000A	BLANK BLACK TEMPLATE KEYPAD COVER FOR SA-115 READER	 $29.73 
PLP300000000	BLANK FILLER PANEL 3.5 X 19"	 $27.00 
41019277000A	BLANK KEY	 $1.73 
MSZ84224270A	BLANK KEY	 $5.48 
MSZ17005430A	BLANK KEY CHICAGO K-4	 $0.73 
41019739000A	BLANK KEY,N	 $1.21 
MSZ89148430A	BLANK KEY-6 PIN CYL	 $2.95 
MSZ89042580A	BLANK KEY-FLAT ILCO 1068E	 $1.90 
MSZ89124260A	BLANK KEY-FOR 9058 PLUG,	 $1.10 
MSZ17945510A	BLANK KEY-MURPHY FILES	 $0.73 
11050017000A	BLANK LRM FILLER (PLASTIC)	 $53.60 
11050018000A	BLANK METAL DOOR INSERTS	 $35.71 
11050019000A	BLANK PANEL DISPLAY ALPHA	 $30.15 
NZ0000002943	BLANK PLATE	 $120.58 
11031207000A	BLANK POST	 $1.22 
MSN83885000A	BLANK, KEY - CORR. *ILCO #1133	 $1.90 
MSN83912000A	BLANK, KEY - CORR. *ILCO #824*	 $0.00 
MSN83911000A	BLANK, KEY - CORR. *ILCO #885	 $1.23 
MSN80625000A	BLANK, KEY - CORR. *UNICAN #X-	 $0.54 
MSN83908000A	BLANK, KEY - FLAT *ILCO #1028A	 $1.38 
MSN83909000A	BLANK, KEY - FLAT *ILCO #1066	 $1.30 
MSN83906000A	BLANK, KEY - FLAT THIN *ILCO #	 $1.33 
MSN80647000A	BLANK, KEY CORR. MAX 1 NOSE 57	 $1.82 
MSN80812000A	BLANK, KEY CORR. MAX 1/2 NOSE	 $1.38 
MSN80635000A	BLANK, KEY FLAT MAX 5/8 NOSE 3	 $1.30 
MSN82151000A	BLANK, KEY NEUTRAL GUARD - FLA	 $11.55 
49256320000B	BLANK,BRKT,NO IDMBD	 $2.33 
49258346000A	BLANK,CAMERA,TOP,GALTREPID	 $1.98 
49204094X0BA	BLANK,DEPOSITOR	 $82.32 
MSN79111000A	BLANK,KEY CORR    *ILCO# 1098-	 $0.73 
MSN93432000A	BLANK,KEY-RTR,GRVED,SM NOSE 73	 $1.62 
MSZ89044420A	BLANK-KEY #1066	 $1.42 
MSZ89044690A	BLANK-KEY #1115 AL	 $1.42 
MSZ89043540A	BLANK-KEY #5231	 $1.21 
MSZ89041860A	BLANK-KEY #87H      N83848	 $1.38 
MSZ89042660A	BLANK-KEY FOR LOCKING DIA	 $2.87 
MSZ84224430A	BLANK-KEY MOSLER STAMP #AZ0135	 $1.24 
MSZ89043970A	BLANK-KEY NO. 766-C YALE	 $1.42 
MSZ89043700A	BLANK-KEY YALE #54 THIN	 $0.58 
MSZ89044180A	BLANK-KEY YALE #767 OR #4	 $1.49 
MSZ89041190A	BLANK-KEY,#8	 $0.59 
MSZ84218700A	BLANK-KEY,LEF RENTER B/N	 $1.76 
31017641000C	BLO,THRU-FLOW,AC,120.0V,116 CFM	 $239.77 
31017641000A	BLO,THRU-FLOW,AC,120.0V,124 CFM	 $232.55 
MSN90282000A	BLOCK 5/8 THK	 $222.88 
39000258000F	BLOCK CONNECTOR 25 PIN SOCKET	 $0.94 
11041310000A	BLOCK WASHERS	 $6.61 
MSN67428000A	BLOCK, 6 CONTACT TERMINAL *CIN	 $5.87 
MSN90350000A	BLOCK, SPST/N.O. CONTACT *ALCO	 $43.03 
28020845000B	BLOCK,ACTUATOR	 $37.51 
49225260000B	BLOCK,FORK	 $13.83 
41022390000A	BLOCK,MTG,HNG,DYGT	 $35.55 
39006372000D	BLOCK,PVT	 $18.47 
39006961000B	BLOCK,SPRT,MONEY LO	 $7.54 
29007172000A	BLOCK,STOP,CNTRL CAM	 $19.37 
89031292000A	BLOCKER & EXTRACTOR KEY GUIDE	 $13.44 
MSZ80798250A	BLOCK-GATE,BTM,PLATING	 $87.12 
11050020000A	BLONDER TONGU POWER SUPPLY	 $209.76 
NZ0000003020	BLOWER / HEATER P90 5890-0101	 $2,384.24 
11036766000A	Blower Asmb Autobanker	 $2,372.81 
41022739000A	BLOWER ASSEMBLY	 $679.78 
1750358183	BLOWER ASSEMBLY SP	 $4,131.35 
41022809000A	BLOWER ASSEMBLY,DUAL (E/A 10,30)	 $2,393.14 
11038500000A	BLOWER ASSY, 521	 $6,751.80 
WN000123600A	BLOWER AXIAL V	 $87.67 
BC3011010000	BLOWER CAP	 $1.68 
BTC9311B2400	BLOWER FOR BTC9329,9322,9318	 $159.21 
11036914000A	BLOWER MOTOR  HA-16          E	 $253.70 
28000372000A	BLOWER MTG PLATE	 $5.91 
41019387000A	BLOWER STRAP	 $2.72 
41015578000B	BLOWER THRU FLOW 120 VAC,130CFM	 $219.57 
MSN93025000A	BLOWER, EXHAUST ASSY.	 $0.00 
11036278000A	BLOWER, VACUUM MOTOR     79 42	 $365.92 
41017185000B	BLOWER,THRU-FLOW,AC,120V,112 CFM	 $224.00 
41014400000C	BLOWER,VAT 21	 $1,963.20 
MSZ17508150A	BLOWER-MOD. TRV2000	 $24.46 
11050021000A	BLOWOUT PLUG	 $149.36 
29008770000A	BLST,PHT,18.0W,118.0VAC	 $34.25 
39011411000A	BLST,PHT,18.0W,220.0VAC,60 HZ	 $45.95 
39011412000A	BLST,PHT,18.0W,230.0VAC,50 HZ	 $43.53 
22000319000A	BLST,PHT,SPCL	 $71.12 
39017188000A	BLST,RPD STRT,13.0W,024.0VDC	 $387.02 
TSN92016000A	BLT/F-SBU 13X410 TOTAL	 $27.32 
TSN81549000A	BLT/T-342-3M6K	 $10.93 
TSN81550000A	BLT/V-3M487	 $14.89 
TSN81547000A	BLT-N-SBU112	 $16.39 
TSN81544000A	BLT-N-SBU254.5	 $21.85 
TSN81545000A	BLT-N-SBU261	 $11.60 
TSN81536000A	BLT-N-SBU422	 $25.95 
11042254000A	BLUE DISPLAY 826	 $234.14 
11032179000A	BLUE GENERIC LABEL	 $3.29 
NZ0000004307	Blue IMCRW Bezel	 $140.24 
00051613000D	BLUE/BLK 80x155mm Recpt w/TOF	 $74.66 
89031202000A	BNA CLUTCH ADJUSTMENT TOOL	 $78.10 
89031316000A	BNA ELECTRICAL QRG	 $4.89 
TP820957001A	BNA FOR AGILIS 91X PROG MAN	 $15.30 
89030816000A	BNA FOR ALSE MANUAL	 $61.09 
NZ0000004316	BNA Interface Molding	 $116.87 
89030436000A	BNA QUICK REFERENCE GUIDE	 $4.89 
TM000258001A	BNA STACKING CSET ON-SITE REPAIR MNL	 $117.00 
TP821265001C	BNA STKG CSET OPR GUIDE	 $6.30 
NZ0000003958	BNA2 FEED BLOCK	 $603.90 
NZ0000004025	BNA2 POWER BOARD	 $701.19 
NZ0000003987	BNA3 CASSETTE CONNECTER R/A	 $83.45 
NZ0000003942	BNA3 INLET GEAR FRO KIT	 $109.80 
NZ0000004302	BNA3 Shutter Guide	 $83.48 
11048687000A	BNC 2 VGA	 $479.59 
19074404000A	BNC 75 Ohm Jack to Jack Adapter	 $17.24 
41027461000A	BNC ADPTR, CAMR  CA,	 $12.22 
11037937000A	BNC CABLE             CHUGAI	 $19.19 
89029308000A	BNC CONNECTOR       FOR VSS305	 $10.53 
89029917000A	BNC CONNECTOR FOR 5232 TEXT IN	 $17.21 
MSN80922000A	BNC CONNECTOR, TWIST ON	 $4.01 
19074403000A	BNC PLUG TO JACK ANGLE ADAPTER 10/PK	 $40.44 
19000371000A	BNC TERMINATION CAP	 $53.49 
11048686000A	BNC TO VGA VIDEO CONVERTER	 $164.27 
11041518000A	BNC3PC CRMP75OHM/RG59&62plenum	 $6.16 
TSN81568000A	B-NRF110-5A	 $38.92 
19041644000A	BOARD PACK,16 PORT DIGI	 $2,911.55 
19041641000A	BOARD PACK,2 PORT DIGI	 $707.81 
19041642000A	BOARD PACK,4 PORT DIGI	 $1,707.62 
19041643000A	BOARD PACK,8 PORT DIGI	 $2,213.19 
MSZ62059630A	BOARD, AMPLIFIER	 $6.83 
MSN93363000A	BOARD, CIRCUIT (E.V.V.)	 $0.00 
NZ0000002512	BOARD, CONTROL STMNT PRTR	 $0.02 
NZ0000002520	BOARD, LED ASSY	 $0.02 
NZ0000002514	BOARD, PCB RISER	 $0.02 
MSN81528000A	BOARD, PC-SREAD 1 W/4.9152MHZ	 $430.87 
TSN66782000A	BOARD, PRT CKT	 $0.00 
MSN67389000A	BOARD, PRT CKT - 2 WIRE SPRVSD	 $202.23 
MSN67383000A	BOARD, PRT CKT - C.M.U. CODE (	 $434.51 
MSN67385000A	BOARD, PRT CKT - C.P.U.	 $202.23 
MSN66537000A	BOARD, PRT CKT - DELAY AUDIO M	 $0.00 
MSN68967000A	BOARD, PRT CKT - DRIVER & CONT	 $202.23 
MSN66535000A	BOARD, PRT CKT - FILTER	 $0.00 
MSN66013000A	BOARD, PRT CKT - INTELLIGENT T	 $202.23 
MSN67726000A	BOARD, PRT CKT - MEMORY	 $202.23 
MSN66170000A	BOARD, PRT CKT - MEMORY (RS,R)	 $519.33 
MSN66649000A	BOARD, PRT CKT - PHOTO INTERRU	 $0.00 
MSN67638000A	BOARD, PRT CKT - POWER SUPPLY/	 $0.00 
MSN67408000A	BOARD, PRT CKT - PROCESSOR FIE	 $202.23 
MSN67174000A	BOARD, PRT CKT - ZB-2 DUAL ZON	 $0.00 
MSN70631000A	BOARD, PRT CKT SMART LINXREAD	 $366.46 
MSN70632000A	BOARD, PRT CKT SMARTLINX 4 (P)	 $755.86 
MSN70637000A	BOARD, PRT CKT SMARTLINX 8  (P	 $278.82 
MSN70635000A	BOARD, PRT CKT SMARTREAD II (P	 $627.54 
MSN70618000A	BOARD, PRT CKT SMARTTALK (P)	 $614.97 
MSN67583000A	BOARD, PRT. CKT. - 12VDC POWER	 $0.00 
MSN63053000A	BOARD, PRT. CKT. - RELAY OUTPU	 $1,172.93 
MSN64504000A	BOARD, PRT. CKT.-16 PT.TERMINA	 $0.00 
MSN63057000A	BOARD, PRT. CKT.-MEMORY EXPNSI	 $1,172.93 
MSN64648000A	BOARD, PRT. CKT.-MICROPRSR/6 C	 $0.00 
19053414000A	BOARD,4 CHANNEL	 $54.05 
19053415000A	BOARD,8 CHANNEL	 $4,697.22 
19053420000A	BOARD,CNTRL,EDI	 $452.19 
11037227000A	BOARD,FR PNL	 $48.04 
TSN66757000A	BOARD,PRT CKT	 $0.00 
TSN66759000A	BOARD,PRT CKT	 $0.00 
TSN66770000A	BOARD,PRT CKT	 $0.00 
TSN66771000A	BOARD,PRT CKT	 $0.00 
TSN64150000A	BOARD,PRT CKT - PWA-S-TM2-CS	 $1,653.79 
TSN92780000A	BOARD,PRT CKT C-DMC	 $226.67 
MSN70629000A	BOARD,PRT CKT SMARTCON*LINX#20	 $626.23 
MSN70616000A	BOARD,PRT CKT SMARTRAM*LINX#20	 $626.64 
MSN70628000A	BOARD,PRT CKT SRII RAM*LINX#20	 $754.73 
MSN67976000A	BOARD,PRT CKT-2ZONE TERMINATIO	 $634.76 
TSN65579000A	BOARD,PRT CKT-LDO/RDO	 $0.00 
TSN65577000A	BOARD,PRT CKT-NHO	 $1,933.86 
TSN65575000A	BOARD,PRT CKT-PDO	 $491.33 
TSN65433000A	BOARD,PRT CKT-TLM	 $64.86 
TSN65580000A	BOARD,PRT,CKT-SR53,P	 $150.21 
MSN64910000A	BOARD,PRT.CKT.-RSD DISPLAY (RS	 $890.67 
MSN66023000A	BOARD,PRT.CKT.-S.R.T.U. MOTHER	 $532.35 
MSN66037000A	BOARD,PRT.CKT.-UNIVERSAL I/O (	 $548.97 
TSN66773000A	BOART,PRT CKT	 $0.00 
39011997005A	BOBBIN	 $2.79 
41022344008A	BODINE OIL FILLED CAPACITOR,P/N 494-28281	 $0.05 
49239877000A	BODY, LOCK	 $3.56 
11066046000B	BOF A EGDEVR 300 RECERTIFICATI	 $4,148.55 
89031047000A	BOFA CD-5	 $8.55 
89031497000A	BOFA DVR RETURN	 $0.04 
11066046000A	BOFA EGDEVR 200A RECERTIF.	 $2,803.50 
89031503000A	BOFA SERVICE HARDDRIVE RETURN	 $0.04 
11050023000A	BOGEN CALL SWITCHES	 $41.00 
11050025000A	BOGEN TELEPHONE INTERFACE	 $343.44 
AA000334000B	BOLDIMAGE SCRIPT LANGUAGE REF	 $20.70 
30001100000	BOLT	 $7.76 
11030980000A	BOLT	 $33.34 
11032618000A	BOLT	 $25.08 
37001540000A	BOLT	 $14.65 
11033213000A	BOLT     5900 MOSLER	 $1.23 
11018918000A	BOLT  MONEY SAFE 123 SERIES 3"	 $13.34 
MSN61452000A	BOLT & NUT *U.S.EXPANSION BOLT	 $8.13 
27000211000A	BOLT AND STRAP ASSEMBLY	 $4.74 
01061251000A	BOLT ASM	 $21.55 
17010936000D	BOLT ASM.	 $25.79 
21003200000D	BOLT ASM.	 $430.92 
03000709R000	BOLT ASSEMBLY	 $555.66 
21014353L00A	BOLT ASSEMBLY	 $43.68 
21003200000C	BOLT ASSM	 $861.84 
11006038000A	BOLT BAR	 $4.82 
31016851000A	BOLT BAR	 $85.79 
41020704000E	BOLT CLAMP	 $4.31 
27001735000A	BOLT ENCLOSURE	 $32.32 
11032212000A	BOLT EXT  S&G 6730-003-140 3.2	 $94.33 
11034872000A	BOLT EXTENDED,PIN TUMBLER LOCK	 $26.50 
11027373000B	BOLT EXTENSION	 $10.12 
MSN5175TKBOL	BOLT FOR 57571 LOCK	 $0.05 
11015420000A	BOLT FOR MONEY CHEST	 $66.79 
11031497000A	BOLT JOHNSON PACIFIC B&C COMBO	 $13.57 
11031498000A	BOLT JOHNSON PACIFIC KEYLOCK D	 $13.57 
11031496000A	BOLT JOHNSON PACIFIC SQ DOOR	 $9.23 
11031824L00A	BOLT L/H 4440,2,3,4231	 $15.42 
30018270000	BOLT LEVER   180-31	 $28.61 
MSZ89028690A	BOLT LH S & G	 $0.00 
11014860000B	BOLT MONEY SAFE   127 SERIES 2	 $6.53 
11014860000C	BOLT MONEY SAFE   127 SERIES 4	 $5.56 
11014860000A	BOLT MONEY SAFE  127 SERIES 1.	 $5.00 
11031824R00A	BOLT R/H 4440,2,3,4231	 $18.17 
30023220000	BOLT RH	 $23.00 
MSZ89038100A	BOLT RH S & G	 $0.00 
01063125000A	BOLT SPINDLE ASSEM.	 $17.78 
MSM20289000A	BOLT STACK	 $1.62 
27000214000G	BOLT STRAP	 $15.49 
27000214000K	BOLT STRAP	 $21.24 
27000210000B	BOLT STRAP T-ORDER H	 $92.65 
21017305000A	BOLT STRAP,TOP/BOT	 $14.36 
21017305000B	BOLT STRAP,TOP/BOT	 $14.36 
21017305000C	BOLT STRAP,TOP/BOT	 $14.36 
21017305000D	BOLT STRAP,TOP/BOT	 $14.36 
30007110000	BOLT STUMP	 $0.21 
30007450000	BOLT STUMP	 $2.10 
30013770000	BOLT STUMP	 $0.84 
41022239110U	BOLT WORK ASSEMBLY 1821	 $312.42 
41022239110V	BOLT WORK ASSEMBLY 1844	 $377.06 
41022239110W	BOLT WORK ASSEMBLY 1856	 $377.06 
11030991000A	BOLT*2646	 $7.97 
MSN76047000A	BOLT, 1 7/64 LG. LOCK - W/2 #1	 $14.89 
MSN84979000A	BOLT, 2 LG LOCK	 $0.00 
MSN72658000A	BOLT, 5/16-24 X 2 1/2 HEX HD.T	 $3.12 
21019116000A	BOLT, EYE W/SHOULDER 1/2-13-1.18 I.D.	 $77.56 
MSN77327000A	BOLT, FRONT	 $0.00 
MSN73634000A	BOLT, HOOK - 25/32 IN	 $0.00 
MSN90220000A	BOLT, LOCK	 $2.67 
MSN90496000A	BOLT, LOCKING - 19 13/16 WD. D	 $0.00 
MSN77031000A	BOLT, LOCKING - LETTER SIZE FI	 $0.00 
MSN77325000A	BOLT, REAR	 $22.98 
MSN77347000A	BOLT, REAR	 $52.54 
MSN78607000A	BOLT, SOLID-LONG - W/HOLE 1/4	 $0.00 
MSN73640000A	BOLT, SOLID-SHORT (HOLE 3/8 IN	 $0.00 
31020829000A	BOLT,BP	 $1.42 
21014411000B	BOLT,COMB LK	 $39.59 
29016882000A	BOLT,CRG,RDH,10-24-0.75,SQ NK	 $0.09 
21015701000A	BOLT,CRG,RDH,25-20-1.03,SQ NK	 $1.03 
4102070400AE	BOLT,DEADBOLT	 $8.62 
19038754000A	BOLT,ELEV,25-20-2.50	 $1.22 
29017136000A	BOLT,ELEV,25-20-2.50	 $2.34 
TSN94297000A	BOLT,GAP-FD	 $24.58 
49244568000A	BOLT,HEX  HD,M16.0-2.00-016.0,FULL THD,LVL	 $1.53 
29006360000D	BOLT,HEX HD,62-11-7.00,FULL THD,LVL	 $24.98 
29016293000A	BOLT,HEX HD,M16.0-2.00-160.0,FULL THD,LV	 $7.33 
21016662000A	BOLT,HOOK,06-32-5.92,SQ	 $14.25 
29016445000A	BOLT,HOOK,06-32-5.92,SQ	 $2.25 
29006063000A	BOLT,LK	 $19.45 
39008213000A	BOLT,LKG,BOT VERT,TL-15	 $58.13 
39008214000C	BOLT,LKG,LWR HORIZ,TL-15	 $13.82 
29007455000C	BOLT,LKG,RELOCK,TL-15	 $22.92 
41020704000B	BOLT,LOCKING	 $8.62 
41020704000C	BOLT,LOCKING CENTER	 $17.24 
31020830000A	BOLT,LPO	 $1.42 
MSZ75621450A	BOLT}U	 $2.06 
51005591000A	BOLTWORK ASM -SPECIAL SAFE	 $788.47 
11035748000A	BOLTWORK DETENT SPRING,278-XX	 $3.79 
11035749000A	BOLTWORK EXT.SPRING 278-XX M.S	 $8.62 
MSZ84136000A	BOLTWORK KIT-REINFORCING	 $16.38 
41017309000G	BOND BOX 10X10	 $43.76 
32005199000A	BOND BOX 14" X 9-7/8" X 22" ME	 $86.18 
11066205000A	Bond Box 2.5 X 5 X 22	 $134.68 
11066207000A	Bond Box 5 X 5 X 22	 $27.59 
MSN84524000A	BOND BOX-PLASTIC 5 X 10	 $18.57 
00050488000P	BOND PINK RIBBON RECEIPT PAPER	 $207.00 
49225358000A	BOND SCREW	 $2.06 
MSN30113000A	BOOK, S/D KEY COUPON - KEY BAN	 $0.00 
11042255000A	BOOSTER FOR DISPLAY	 $507.98 
11050027000A	BOOSTER POWER SUPPLY 10A	 $834.29 
11050030000A	BOOSTER PWR SUPY 8A WHEELOCK	 $729.68 
11036951000A	BOOT        PELCO	 $2.01 
41014548000C	BOOT,CONDUIT	 $27.71 
19025240000A	BOOT,RBR	 $4.90 
TSN64427000A	BORAK,PRT CKT - UF8	 $0.00 
11048029000A	BOSCH #D5370-USB (RED)	 $141.14 
11050033000A	BOSCH CEILING MOUNT PIR	 $172.19 
11048606000A	BOSCH D5500C-LITE, USB	 $748.03 
11041594000A	BOSCH D6103 ENCLOSURE	 $41.63 
11048082000A	BOSCH D6672 COMM 1 EXP KIT	 $70.57 
11048083000A	BOSCH ITS-D6682-UL ETHRNT ADAP	 $1,315.44 
11043705000A	BOSCH MON172CI20	 $1,808.73 
TSN90437000A	BOSS,RJT-FIN	 $151.46 
11050026000A	BOSTR PWR SUP CHGER W/LCAL RA	 $1,192.45 
03001376L000	BOTT ASSY	 $18.92 
89031279045A	BOTTOM COVER	 $26.91 
89029730000A	BOTTOM COVER    TLC1800R	 $17.54 
21014971101B	BOTTOM LOCK MK/W101 2 KEYS	 $29.00 
21014971102B	BOTTOM LOCK MK/W102 2 KEYS	 $29.00 
21014971103B	BOTTOM LOCK MK/W103 2 KEYS	 $29.00 
21014971104B	BOTTOM LOCK MK/W104 2 KEYS	 $29.00 
21014971105B	BOTTOM LOCK MK/W105 2 KEYS	 $29.00 
21014971106B	BOTTOM LOCK MK/W106 2 KEYS	 $29.00 
21014971107B	BOTTOM LOCK MK/W107 2 KEYS	 $29.00 
21014971108B	BOTTOM LOCK MK/W108 2 KEYS	 $29.00 
21014971109B	BOTTOM LOCK MK/W109 2 KEYS	 $29.00 
21014971110B	BOTTOM LOCK MK/W110 2 KEYS	 $29.00 
21014971111B	BOTTOM LOCK MK/W111 2 KEYS	 $29.00 
21014971112B	BOTTOM LOCK MK/W112 2 KEYS	 $29.00 
21014971113B	BOTTOM LOCK MK/W113 2 KEYS	 $29.00 
21014971114B	BOTTOM LOCK MK/W114 2 KEYS	 $29.00 
21014971115B	BOTTOM LOCK MK/W115 2 KEYS	 $29.00 
21014971116B	BOTTOM LOCK MK/W116 2 KEYS	 $29.00 
21014971117B	BOTTOM LOCK MK/W117 2 KEYS	 $29.00 
21014971118B	BOTTOM LOCK MK/W118 2 KEYS	 $29.00 
21014971119B	BOTTOM LOCK MK/W119 2 KEYS	 $29.00 
21014971120B	BOTTOM LOCK MK/W120 2 KEYS	 $29.00 
21014971121B	BOTTOM LOCK MK/W121 2 KEYS	 $29.00 
21014971123B	BOTTOM LOCK MK/W123 2 KEYS	 $29.00 
21014971124B	BOTTOM LOCK MK/W124 2 KEYS	 $29.00 
21014971126B	BOTTOM LOCK MK/W126 2 KEYS	 $29.00 
21014971127B	BOTTOM LOCK MK/W127 2 KEYS	 $29.00 
21014971129B	BOTTOM LOCK MK/W129 2 KEYS	 $29.00 
49218356000A	BOTTOM MNT,BNA,FOOT,FL,OSC	 $8.98 
49218357000A	BOTTOM MNT,BNA,FOOT,RL,OSC	 $8.68 
MSK88632000A	BOTTOM MOUNTING ANGLE BRACKET	 $12.61 
31018884000A	BOTTOM SEAL	 $10.28 
49245305000C	BOWER,NOTE	 $4.28 
12003473000C	BOX	 $27.68 
MSN68237000A	BOX 4 BACK OUTSIDE WEATHER PRO	 $0.00 
19039168000A	BOX ASM, DIP READER - 5070	 $109.62 
12003473000A	BOX ASSEMBLY	 $28.43 
11050039000A	BOX CPVC COUPLINGS 15 PIECES	 $28.77 
11050042000A	BOX CPVC END CAPS 25 PEICES	 $30.15 
11034070000B	BOX FOR 00-50494-A KIT	 $2.43 
11042194000A	BOX FOR FOREIGN COINS	 $371.64 
11034285000A	BOX FOR TABS MEDIA 50-499,507	 $36.77 
31015102000G	BOX RECEPTACLE	 $29.54 
38000570000M	BOX RECEPTACLE	 $54.62 
11065028000A	BOX RED	 $46.75 
45010200000A	BOX, 275 2 WL 55X15X41	 $39.47 
45010199000A	BOX, 275 2 WL 5X5X80	 $0.05 
45010196000A	BOX, HFSC 2 WL INNR 36X6X34	 $14.87 
45010197000A	BOX, HFSC 2WL OUTR 37X7X34	 $15.55 
45010201000A	BOX, RSC, 4X2 1/2X7	 $0.82 
MSN93981000A	BOX, SURFACE MOUNT-AE-912 SOUN	 $24.75 
MSN51070000A	BOX, UTILITY - CONDUCTIVE   *T	 $20.42 
NOVSPSOLD000	BOX,4-PLEX,OUTLINE	 $58.98 
49011893000A	BOX,AC	 $112.61 
49262982000A	BOX,CAPS,CD RDR	 $7.33 
29008528000A	BOX,CD RDR	 $101.40 
19000826000A	BOX,FLM CRTG,35MM	 $2.85 
11038998000A	BOX,FLUSH MT	 $68.52 
NO1816000000	BOX,INTFC,16 CAMR	 $2,104.70 
NO1808C00000	BOX,INTFC,8 CAMR	 $1,345.59 
NO1808D00000	BOX,INTFC,8 CAMR	 $1,811.48 
UL701WHITE00	BOX,JUNCTION,7-TERM	 $2.25 
UL823WHITE01	BOX,JUNCTION,SM,EMPTY,2 KNOCKOUTS	 $1.67 
11038907000A	BOX,LOCK,SECURITY	 $222.08 
19056570000A	BOX,OUTDOOR,SGL GANG,WEATHERPROOF	 $19.38 
11038997000A	BOX,SURFACE MOUNT	 $68.52 
BRP01005000A	BPM HAND HELD	 $0.05 
19049019000A	BR WINDOW,VISION,WALGREEENS RETRO 45.87X54.875	 $3,749.00 
19049015000A	BR WINDOW,VISION,WALGREENS RETRO 55.25X41.625 INS	 $4,810.28 
19049016000A	BR WINDOW,VISION,WALGREENS RETRO 55.25X41.625 STD	 $4,115.47 
19049013000A	BR WINDOW,VISION,WALGREENS RETRO 55.25X42.437 INS	 $4,266.11 
19049018000A	BR WINDOW,VISION,WALGREENS RETRO 79.25X55.4375	 $6,584.74 
19059939000A	BR,114-59 OUTER S.S. FLANGE	 $646.38 
AA0029890000	BR7 FORM ISSUE BY 100	 $0.45 
49018748000A	BRACE	 $16.20 
21000616000F	BRACE*2674	 $1.19 
39006771000A	BRACE,CA RETR	 $19.80 
49214898000A	BRACE,FCA,ADD FCN	 $17.21 
39007672000C	BRACE,FLOOR	 $16.15 
49008705000A	BRACE,SHELF	 $50.37 
29010334000A	BRACE,XPRT	 $11.88 
10549630000	BRACKET	 $7.68 
10812190000	BRACKET	 $12.31 
11065174000A	BRACKET	 $3.92 
19000012000A	BRACKET	 $1.76 
28000492000A	BRACKET	 $2.74 
28020700000A	BRACKET	 $19.51 
29003201000A	BRACKET	 $2.72 
31015960000A	BRACKET	 $56.54 
39007112000A	BRACKET	 $16.31 
39007673000B	BRACKET	 $11.34 
TSN88916000A	BRACKET	 $0.00 
11038013000A	BRACKET         TLC1800	 $1.70 
IB0170754000	BRACKET    096G 3624	 $4.91 
IB044F226600	BRACKET    096G 4732	 $0.45 
IB044F254700	BRACKET    096G 4732	 $0.45 
38020170000A	BRACKET   FAN          132-01	 $4.86 
18001182L00A	BRACKET   MONITOR MT   116-82-	 $10.58 
18001182R00A	BRACKET   MONITOR MT.    116-8	 $10.58 
NZ0000002893	BRACKET - 5685	 $69.61 
28000446000A	BRACKET - CARRIER *03000 LIMIT SWITCH	 $10.35 
38010623000A	BRACKET - WHEEL	 $140.94 
MSN89611000A	BRACKET ASSB., P.C. BOARD MOUN	 $15.05 
49002545000A	BRACKET BELL MOUNTING	 $132.31 
49258367000A	BRACKET C,OUT OF SERVICE	 $43.25 
21019721000A	BRACKET DR CL SW	 $2.72 
TS4368884312	BRACKET DRIVE SHAFT	 $177.52 
TS4368841461	bracket for guide shaft	 $19.12 
29007601L00A	BRACKET FRAME	 $4.84 
NZ0000003466	BRACKET INTERFACE ASSEMBLY	 $54.81 
TS4368881532	BRACKET K DOOR BEARING	 $584.44 
TS4368838125	BRACKET K UPPER FEEDER	 $142.01 
TS4368869610	BRACKET K V TS	 $281.30 
49258359000A	BRACKET L,OUT OF SERVICE	 $3.71 
31019068000B	BRACKET MON	 $11.41 
39002789000A	BRACKET MTG - BELL	 $115.66 
TS4368838011	BRACKET PINCH 1	 $117.43 
TS4368832762	BRACKET PULLEY HOLDER	 $32.77 
49258358000A	BRACKET R,OUT OF SERVICE	 $3.71 
11038825000A	BRACKET SENSOR	 $6.21 
TS4368869590	BRACKET SET PULLEY SUB	 $111.97 
21014774000A	BRACKET SWITCH	 $2.75 
28010580000A	BRACKET SWITCH * 3655	 $82.86 
28020708000A	BRACKET SWITCH MOUNTING	 $14.05 
MSN91513000A	BRACKET, 2 1/16 LG. DOOR SWITC	 $0.00 
MSN83952000A	BRACKET, 2 X 4 3/8 MOUNTING	 $1.77 
MSN90597000A	BRACKET, 7 LG. WALL - L.H.	 $15.05 
49252452000A	BRACKET, BOTTOM FRONT, HRZ X-PORT	 $4.66 
49005576000A	BRACKET, CABLE	 $16.05 
19039158000A	BRACKET, CHUTE ASM. - 5088	 $98.66 
89026342000A	BRACKET, CONN.PCB	 $11.08 
MSN67571000A	BRACKET, DOOR SWITCH MOUNTING	 $4.13 
49252451000C	BRACKET, EMT/DET, REAR	 $3.91 
49267731000A	BRACKET, FRAME STIFFENER	 $17.26 
MSN86895000A	BRACKET, L.E.D. MOUNTING	 $11.57 
MSZL9212100A	BRACKET, L92121	 $0.00 
41025796000E	BRACKET, LOCK MNT, LH	 $19.49 
49256526000A	BRACKET, MEDIA CASSETTE CONNECTOR	 $4.28 
MSN90110000A	BRACKET, MOUNTING *RADIONICS #	 $23.22 
MSN93998000A	BRACKET, MOUNTING-GRI S200LM	 $7.16 
49253890000B	BRACKET, PINCH WHEEL MOUNTING	 $1.64 
49018751000A	BRACKET, PRINTER	 $8.10 
41018417000A	BRACKET, ROLLER	 $38.50 
49253891000B	BRACKET, ROLLER, SIDE 1	 $16.25 
21018991000A	BRACKET, SENSOR	 $5.04 
NZ0000002470	BRACKET, SENSOR ASSY (RH)	 $0.02 
NZ0000002465	BRACKET, SENSOR ASSY RH	 $0.02 
MSN84561000A	BRACKET, SUPPORT	 $12.33 
MSN85995000A	BRACKET, SUPPORT	 $9.95 
MSN85785000A	BRACKET, SWITCH	 $18.68 
MSN90298000A	BRACKET, SWITCH MOUNTING	 $0.00 
MSN90201000A	BRACKET, SWITCH MTG. *SENTROL	 $15.05 
CSSNUHBCL000	BRACKET, UNIV. HEADER	 $61.66 
49200891000C	BRACKET,CARD READER GATE,ASPEN WHT	 $58.64 
89026049000A	BRACKET,CONN.	 $7.64 
TSN91148000A	BRACKET,DRIVE-L	 $0.00 
TSN91149000A	BRACKET,DRIVE-R	 $0.00 
49207740000B	BRACKET,GATE,IDM	 $562.41 
49200916000C	BRACKET,KEYBOARD MTG,EPP7	 $65.64 
49213586000B	BRACKET,LCD,MNT	 $48.23 
49017574000B	BRACKET,LIGHT	 $79.39 
49259357000A	BRACKET,MEDIA DUAL CASSETTE CONNECTOR	 $20.29 
49024838000A	BRACKET,MOUNTING,SLIDE,MMD	 $62.87 
49021954000A	BRACKET,PRINTER,DOCKING	 $9.79 
31019495000A	BRACKET,RCVR	 $68.76 
49239861000A	BRACKET,SENSOR	 $9.32 
TSN90257000A	BRACKET,SHUTTER-CS U/R	 $60.08 
TSN88856000A	BRACKET,SLIDE	 $0.00 
49215642000A	BRACKET,TENSIONER	 $14.06 
49023058000A	BRACKET,TIE DOWN	 $31.38 
NZ0000002628	BRACKET/COVER FOR PPD CONTROL	 $175.39 
NZ0000002880	BRACKET-ADVERT MOUNTING	 $61.82 
MSZ75580230A	BRACKET-MTG,SWITCH	 $35.71 
MSZ89161950A	BRACKET-RELOCK,LH	 $7.69 
MSZ76231390A	BRACKET-SWITCH	 $54.57 
MSZ76475870A	BRACKET-SWITCH	 $14.89 
MSZ83546200A	BRACKET-SWITCH MTG	 $4.73 
19039167000A	BRAIL LABEL KIT - 5088	 $78.93 
00050774000A	BRAILLE BOOK   -MDS-	 $18.90 
000508010DIP	BRAILLE IX DIP READER LABEL	 $2,980.44 
19039176000A	BRAILLE LABEL KIT	 $104.14 
00050783000G	BRAILLE REG CC LABEL -ALUMINUM	 $14.18 
NZ0000002545	BRAKE	 $0.02 
TSN88162000A	BRAKE	 $0.00 
11032067000A	BRAKE ARM        #6865662	 $1.76 
38001380000B	BRAKE ASM *3701	 $912.24 
28010584000A	BRAKE KIT  CAN SUB 28-10584-B	 $26.83 
89029702000A	BRAKE SPRING      #6320576	 $1.76 
11042459000A	BRAKE TUBE SLEEVE	 $133.65 
89029404000A	BRAKE,  CAPSTAN   #6820333	 $3.51 
21020017000A	Brake, Motor, Counterette	 $840.33 
89029980000A	brake, sub	 $5.60 
TSN89147000A	BRAKE,ARM	 $28.61 
TSN51333000A	BRAKE,BACK-UP	 $19.12 
TSN51235000A	BRAKE,BODY-CS	 $0.00 
TSN89146000A	BRAKE,BODY-CS	 $135.59 
TSN65571000A	BRAKE,FEEDER-BRK-ZB-10	 $202.10 
TSN89139000A	BRAKE,SHOE-PLT-BRAKE-P-POM	 $24.58 
89031397000A	BRANCH BANKING & TRUST SOFTWAR	 $9.77 
19053127000A	BRANCH WALL MTD RTU 2050/ETHLAN W/80 HR BACK-UP	 $2,926.40 
10810150000	BRASS WASHER	 $6.63 
89031092000A	BRCK OFFST & WAWA STAR ADV AGT	 $9.77 
89031092000B	BRCK OFFST & WAWA STAR ADV AGT	 $9.77 
89031094000A	BRCK PK IMG STAR ADV AGT COTTS	 $9.77 
TSN66737000A	BREAKER	 $0.00 
MSN69802000A	BREAKER, CKRT-115V/20 AMP (Z17	 $68.06 
MSN69814000A	BREAKER,CIRCUIT- 2 AMP *P&B	 $31.66 
TS4843240363	BREAKER-PROTECTOR MAIN 24A	 $92.85 
11045334000A	BREAKRODS,ACRYLIC,SCORED	 $10.96 
89031394000A	BRECKENRIDGE BIOS P07 CD	 $9.77 
49220986018A	BRG,BALL,04.00 ID,12.00 OD,W/O FLG	 $12.08 
49220986019A	BRG,BALL,04.00 ID,16.00 OD,W/O FLG	 $15.14 
41019799000A	BRG,SLV,0.5 ID,0.75 OD,0.75 LG,UHMW PE	 $42.75 
49262281000A	BRG,SLV,M 06.00 BORE,8.00 OD	 $2.21 
19056561000A	BRIDGE CLIPS	 $6.83 
19056560000A	BRIDGE CLIPS,JUMPERS	 $0.00 
89030991000A	Bridge Rectifier	 $6.51 
19074383000A	Bridle Ring 1-1/4 in Dia. #14 wood screw thread	 $3.11 
19074382000A	Bridle Ring, Steel, Dia 1 1/4 In, Max Load 50 Lbs, Thread Size 1/4-20 In, Finish Bright Zinc	 $2.58 
11047062000A	BRIDLE RING,4 IN	 $9.91 
BRSITESURVEY	BRINKS SITE SURVEY BOOKLETS	 $0.05 
39006503000A	BRKT	 $7.68 
IB0606429900	BRKT       0925 4736	 $7.29 
49005072000A	BRKT & MOT	 $942.53 
49018193X05B	BRKT HINGE	 $7.81 
49258381000A	BRKT L,PPS	 $4.53 
21019697000A	BRKT THERMO	 $10.79 
49013944000B	BRKT, ADJMT, GRABBER LCH,  PSBK PRNTR	 $17.53 
49012834000A	BRKT, BEZEL GUTTER	 $93.04 
49204276000A	BRKT, CAM	 $5.89 
28000642000A	BRKT, CAMR MTG,PAN/TILT	 $208.88 
49017482000A	BRKT, CATCH, IDM TRAY	 $11.85 
49256146000D	BRKT, COIN	 $40.50 
29005670000B	BRKT, CONN MTG	 $10.44 
49021442000A	BRKT, CONN MTG, DSUB, XPRT	 $16.06 
29006162000A	BRKT, CONTACT STRIP MTG	 $6.45 
49013293000B	BRKT, CRT BEZEL, 15 IN., 1064IX	 $84.11 
39008241000A	BRKT, DEP.CLAMP	 $9.32 
49012983000A	BRKT, FEC, MTG, DU	 $21.96 
49201280000B	BRKT, FLEX	 $29.90 
49020234000A	BRKT, FUNNEL, LEFT	 $10.39 
49020234000B	BRKT, FUNNEL, RIGHT	 $10.39 
49013878000A	BRKT, GUIDE, UNIV CD RDR, 1072IX	 $27.14 
31017001000A	BRKT, IDLR PULLY	 $4.74 
49012693000A	BRKT, INST, 9 IN MONO, VGA	 $74.60 
49252451000F	BRKT, IR SNSR	 $2.52 
49010383000B	BRKT, KYBD MTG	 $47.30 
49012698000A	BRKT, LATCH MTG	 $7.59 
49016378000A	BRKT, LATCH, IDM II TRAY	 $7.25 
49016234000B	BRKT, LATCH, PRNTR	 $12.83 
49021429000A	BRKT, LATCH, PRNTR	 $8.37 
49007872000B	BRKT, LK, TAMBOUR DOOR	 $4.74 
49021427000A	BRKT, MAG CRCT	 $12.58 
49207210000A	BRKT, MODULE CROSS	 $18.10 
49207210000B	BRKT, MODULE CROSS	 $19.55 
49230935000A	BRKT, MOTZ CRD RDR MTG	 $84.03 
49207924X0AB	BRKT, MTG BEZEL, AFD, BARCODE, 510	 $46.33 
49022844000A	BRKT, MTG, BIN, CD RTNG	 $14.06 
49218270000A	BRKT, MTG, CA, PRCSR	 $6.40 
49022918000A	BRKT, MTG, CAMERA	 $20.70 
49218301000A	BRKT, MTG, CAMERA	 $97.30 
49204201000B	BRKT, MTG, EPP5, 1064ix (9025)	 $35.63 
39014077000A	BRKT, MTG, GATE	 $37.22 
49262984000A	BRKT, MTG, MTZ CDR	 $10.26 
49258281XMRA	BRKT, NO PASSBOOK DOOR,GAL	 $41.30 
49258286XMQA	BRKT, NO PASSBOOK GATEWAY	 $14.09 
39006141000A	BRKT, PAPER OUT SENSOR	 $76.64 
49024367000A	BRKT, PPR LOW SNSR	 $20.23 
49021711000A	BRKT, PRINTER	 $29.91 
49268049000A	BRKT, RETR,CA TP	 $7.33 
49018964000A	BRKT, SCANNER, LEFT	 $23.63 
49201298000B	BRKT, SCANNER, LEFT	 $14.54 
49018963000A	BRKT, SCANNER, RIGHT	 $17.57 
39012706000A	BRKT, SCNR, RIGHT	 $6.04 
49267168000A	BRKT, SLIDE LATCH	 $58.46 
49267168000D	BRKT, SLIDE LATCH	 $3.40 
29011655000A	BRKT, SNSR MTG	 $8.21 
49018573000A	BRKT, SPRT,12IN SVD,70IX	 $43.38 
49016377000A	BRKT, SUPPORT, CABLE RETRACTOR	 $14.14 
49022602000A	BRKT, SUPPORT, LOWER GUIDE	 $35.71 
39012935000A	BRKT, SUPPORT, PRINTER	 $6.42 
39012936000A	BRKT, SUPPORT, PRINTER	 $6.18 
41026423000A	BRKT, SW, PULLOUT	 $9.40 
41026424000A	BRKT, SW, PULLOUT	 $6.68 
49203337000C	BRKT, SWITCH LEVER	 $5.72 
49201443000B	BRKT, UPR, LOGO	 $14.20 
49018363000A	BRKT, XPORT, RIGHT	 $15.98 
49018685000A	BRKT, XPRT, RIGHT	 $36.28 
49258380000B	BRKT,2D BCS	 $11.60 
21017417000A	BRKT,7 IN HLDR,ELTRON,LP2122	 $561.57 
49265912000B	BRKT,ADJ WHEEL	 $8.29 
49224564000C	BRKT,ADJUST,ECRM,UPR	 $41.45 
31016585000B	BRKT,AHD ALARM BOX	 $14.40 
29008965000A	BRKT,ANGLE,FR	 $8.58 
29008966000A	BRKT,ANGLE,FR	 $12.93 
29008964000A	BRKT,ANGLE,REAR	 $3.32 
49007773000A	BRKT,B/W CRT MTG	 $31.01 
49238313000B	BRKT,BACK,MCR,ICB	 $61.10 
TSN92139000A	BRKT,BACK-UP	 $232.14 
49219622000A	BRKT,BASE MNT	 $81.67 
49258390000A	BRKT,BASIC,SENSOR	 $4.31 
39008723000A	BRKT,BATT	 $84.96 
41026641000A	BRKT,BCS	 $15.05 
49219735000A	BRKT,BELT,LWR,CI	 $25.69 
49255094000B	BRKT,BEZEL	 $10.55 
39009296000A	BRKT,BEZEL MTG	 $12.93 
49009437000B	BRKT,BEZEL,15 INCH LH	 $23.63 
49219068000A	BRKT,BEZEL,IDM BD	 $44.42 
49219067000A	BRKT,BEZEL,IDM V	 $44.42 
29009891000A	BRKT,BEZEL,RLSE,LEFT	 $7.98 
29009890000A	BRKT,BEZEL,RLSE,RIGHT	 $10.23 
49022164000A	BRKT,BIN,BOTTOM	 $37.76 
49022163000A	BRKT,BIN,SIDE,LT	 $30.69 
49204733000C	BRKT,BLANK,BAR CODE,DU	 $10.26 
49203095000A	BRKT,BLANK,NO CAMERA	 $16.07 
49203095000B	BRKT,BLANK,NO CAMERA	 $23.39 
49022911X01A	BRKT,BOT,LIGHT COVER	 $91.35 
49265910000B	BRKT,BRG	 $8.29 
39012259000A	BRKT,BRIDGE	 $9.37 
29010918000A	BRKT,BTRY HOLD DOWN,FL	 $14.75 
39006653000A	BRKT,BTRY MTG	 $30.47 
39010462000A	BRKT,BTRY SPRT	 $4.02 
49223660000A	BRKT,BUTTON	 $18.53 
29009623000A	BRKT,CA MTG,DISPR	 $11.90 
39012588000A	BRKT,CA PLUG MTG	 $12.58 
49013075000A	BRKT,CA RETR	 $8.79 
49204342000D	BRKT,CA RETR MTG,RCPT PRTR	 $9.28 
49223645000A	BRKT,CA,MOTOR	 $15.46 
49221076000A	BRKT,CABLE,MOTOR	 $18.53 
39010185000A	BRKT,CAM	 $4.92 
49242682000A	BRKT,CAM	 $6.84 
19042529000A	BRKT,CAMR	 $11.89 
49011153000A	BRKT,CAMR	 $14.94 
49252741000B	BRKT,CAMR	 $14.01 
29007894000A	BRKT,CAMR ENCL,CORNER	 $55.80 
29007475000A	BRKT,CAMR ENCL,FXD	 $87.89 
39008607000A	BRKT,CAMR ENCL,WALL	 $76.55 
19049664000A	BRKT,CAMR MT,CORNER	 $178.14 
21016289000A	BRKT,CAMR MTG	 $28.35 
21019584000A	BRKT,CAMR MTG	 $0.43 
39012831000A	BRKT,CAMR MTG,1071IX	 $25.35 
49254499000A	BRKT,CAMR,CASH SLOT	 $1.76 
49234051000A	BRKT,CAMR,FIXED	 $19.57 
19043108000A	BRKT,CAMR,UNIV,W/CEILING CLIP,GRAY	 $20.81 
31019426000A	BRKT,CARR LK	 $14.36 
41026611000A	BRKT,CASH CAM,7790	 $12.98 
49256302000A	BRKT,CASH, LENS	 $7.25 
49017876000B	BRKT,CATCH,IDM TRAY,RL,IX	 $11.59 
39005715000E	BRKT,CCA	 $29.10 
49023719000A	BRKT,CCA	 $10.65 
49023731000A	BRKT,CCA	 $23.63 
49257820000A	BRKT,CCA	 $33.45 
29005777000A	BRKT,CCA MTG	 $8.98 
39008332000A	BRKT,CCA UPR MTG	 $14.76 
39012929000A	BRKT,CCA,SURG,RMT STAT	 $19.12 
49013766000B	BRKT,CD RDR,ENHANCED CSP	 $17.69 
19046465000A	BRKT,CEILING MT	 $4.70 
39000453000A	BRKT,CEILING MT,PAN/TILT ACCESS	 $0.00 
ULPTD0000000	BRKT,CELING/PARAPET-MT,12.6 IN LG	 $149.96 
39012178000B	BRKT,CHUTE MTG,FL	 $19.98 
49009240000B	BRKT,CKI SPRT	 $16.28 
31017534000A	BRKT,CNTRL PNL,TELLER	 $79.34 
49023557000A	BRKT,CNTRLR MTG,TOUCH SNSR	 $16.31 
ULWFWC000000	BRKT,COLUMN/PEDESTAL,W/INTEGRATED JOINT,9.25IN	 $106.88 
29007806000A	BRKT,CONN	 $7.02 
39006408000A	BRKT,CONN	 $14.69 
49018204000A	BRKT,CONN MGT,DEP	 $10.98 
41023038000A	BRKT,CONTACT,REAR RAKE,AHD	 $56.84 
19047194000A	BRKT,CORNER MT	 $164.43 
ULCWNX000000	BRKT,CORNER-MT ADPTR	 $187.29 
49222435000A	BRKT,COVER,ALIGN	 $22.92 
49217384000B	BRKT,COVER,BELT	 $46.75 
49221102000B	BRKT,COVER,BELT	 $23.02 
49217379000B	BRKT,COVER,CA	 $13.65 
49223637000A	BRKT,COVER,CCA,ESCROW	 $30.47 
49208081000C	BRKT,COVER,HEATER	 $11.68 
49017958000A	BRKT,COVER,PWR SPLY	 $32.40 
49208723X01B	BRKT,COVER,RAIN SHIELD,740	 $10.01 
49208723XXXB	BRKT,COVER,RAIN SHIELD,740	 $10.01 
49208723X01A	BRKT,COVER,RAIN SHIELD,760	 $7.54 
49208723X01C	BRKT,COVER,RAIN SHIELD,760	 $16.61 
49208723XXXA	BRKT,COVER,RAIN SHIELD,760	 $7.54 
49217364X01A	BRKT,COVER,VENT,DOOR	 $10.24 
49008292000A	BRKT,CRT MT,1070	 $12.14 
49016125000A	BRKT,CTP,1064I	 $11.00 
49016124000A	BRKT,CTP,1064IX	 $15.60 
49013832000A	BRKT,CTR SPRT,FL	 $123.90 
39008898000A	BRKT,DEFL	 $23.02 
49219083000A	BRKT,DEFLECTOR	 $49.06 
49010839000C	BRKT,DEP FUNNEL,LWR,UL,RAL	 $19.13 
49010376000A	BRKT,DEP GATE MTG,C1/C2	 $38.57 
49219046000A	BRKT,DEP HTR,MTG	 $13.86 
49219046000B	BRKT,DEP HTR,MTG	 $18.27 
29005400000C	BRKT,DEP MTG	 $13.07 
49018398000A	BRKT,DIP SMART RDR,CSP	 $16.52 
49008681000B	BRKT,DISPR MTG,LEFT SD,RL	 $60.08 
41024766000A	BRKT,DIVERTER SW	 $124.09 
29011359000A	BRKT,DOCKING	 $7.03 
49201165000A	BRKT,DOOR HNG	 $35.24 
49008691000B	BRKT,DOOR INTLK	 $15.08 
49016150000B	BRKT,DOOR,MMD,FL	 $27.30 
49016150000D	BRKT,DOOR,MMD,FL	 $33.89 
49202894000B	BRKT,DOOR,UL	 $16.50 
41018822000A	BRKT,DRAWER STOP	 $829.06 
49018314000A	BRKT,DRIP CHANNEL	 $9.55 
49204696000D	BRKT,DRIP TRAY,TTW DU	 $26.91 
49230092000B	BRKT,EFFC PLATE RL,CTR STACK	 $210.63 
49230091000A	BRKT,EFFC PLATE RL,OFS STACK	 $258.73 
49207108000C	BRKT,ENTRY	 $43.54 
49204668000E	BRKT,EPP MTG,DU	 $61.67 
49207931000C	BRKT,EPP7,500	 $130.23 
49250171000A	BRKT,EXIT SENSOR	 $10.58 
49013869000A	BRKT,EXTN,BSC PASSBOOK,FL	 $9.32 
49223019000A	BRKT,EXTN,RETRACTOR,CABLE	 $49.07 
39011863000A	BRKT,FACIA LCH,LEFT	 $14.05 
39007608000A	BRKT,FAN	 $3.53 
29016483000A	BRKT,FAN,ACCUTRACK	 $239.80 
49259388000A	BRKT,FASCIA ALGN	 $13.37 
49018517000A	BRKT,FASCIA BOW	 $12.88 
41026875000A	BRKT,FASCIA STIFFENER	 $132.62 
39006103000B	BRKT,FILLER	 $10.58 
39009083000B	BRKT,FLOPPY MTG	 $18.45 
39009821000B	BRKT,FLOPPY MTG	 $9.32 
49213484000A	BRKT,FRONT AIR EXAUST,500RL	 $53.56 
49265102000A	BRKT,FSA LK,LT	 $6.40 
39009952000B	BRKT,FUNNEL MTG,DEP,FL	 $7.23 
39009951000B	BRKT,FUNNEL MTG,DEP,RL	 $7.80 
49201285000A	BRKT,FUNNEL,RIGHT	 $16.31 
29008677000A	BRKT,FXD CTR	 $2.32 
29008677000B	BRKT,FXD CTR	 $12.29 
49207444000B	BRKT,GASKET,WIPER,VERT	 $15.14 
29010500000A	BRKT,GATE SNSR MTG	 $9.29 
49013240000A	BRKT,GATE,CD RDR,1071IX	 $14.34 
29010003000A	BRKT,GRMT MTG	 $2.49 
49205312000D	BRKT,GSKT,FASCIA,RIGHT	 $26.11 
39006875000A	BRKT,GUIDE	 $10.76 
49204906000A	BRKT,GUIDE	 $4.21 
49203042000E	BRKT,GUIDE,AFD	 $32.64 
49011691000A	BRKT,GUIDE,DEP CAN	 $38.38 
49222632000A	BRKT,GUIDE,REAR TURN	 $20.03 
49226505000A	BRKT,GUIDE,RETR,828 FL	 $26.00 
49012253000A	BRKT,HDL,LK,FL,UL	 $399.65 
49255098000A	BRKT,HEADPHONE JACK	 $2.33 
49208081000A	BRKT,HEATER,MTG	 $12.56 
ULPTB0000000	BRKT,HEAVY-DUTY,WALL MT,PAN/TILT	 $251.58 
49013850000A	BRKT,HGR,BSC PASSBOOK,FL	 $84.99 
49018193000A	BRKT,HINGE	 $4.85 
49018193X01B	BRKT,HINGE	 $7.81 
18001547000A	BRKT,HLDN	 $57.52 
39012490000A	BRKT,HLDN	 $8.93 
29011098000A	BRKT,HLDR,CHUTE,RL	 $9.32 
49005641000A	BRKT,HLDR,KDM	 $27.41 
39012940000A	BRKT,HOLDER,PAPER,1062 RL/1072	 $12.07 
ULCM00000000	BRKT,HSG,CORNER-MT ADPTR	 $83.86 
ULCW00000000	BRKT,HSG,CORNER-MT ADPTR	 $76.30 
ULWBBJ000000	BRKT,HSG,ME D-DUTY,12 IN ILG	 $38.15 
ULWBM0000000	BRKT,HSG,MED-DUTY,8 IN LG	 $32.89 
39008922000A	BRKT,HTR	 $19.38 
31017550000B	BRKT,HTR/FAN MTG	 $53.47 
49008443000A	BRKT,I/O BD	 $21.13 
49017594000A	BRKT,JACK	 $6.55 
49008625000A	BRKT,JNL PRNTR MTG	 $0.00 
39010877000A	BRKT,KEEPER MTG	 $0.00 
49205278000D	BRKT,KEYBOARD	 $189.51 
49017916000A	BRKT,KYBD ADPTR PL,1073I	 $52.80 
49008339000A	BRKT,KYBD MT,1062 F/L	 $11.57 
39009896000D	BRKT,KYBD MTG	 $12.47 
49017581000B	BRKT,KYBD MTG	 $41.38 
49009608000A	BRKT,KYBD MTG,016 KY	 $27.00 
49204383000B	BRKT,KYBD MTG,EPP 4	 $6.11 
49255731000A	BRKT,KYBD MTG,EPP7,422	 $14.14 
49213570000D	BRKT,KYBD,SM EPP7,378/522/562/720/760/868	 $56.70 
49221762000H	BRKT,KYBD,SM EPP7,562r	 $106.14 
49213198000B	BRKT,KYBD,SMALL EPP5	 $27.18 
49213592000B	BRKT,KYBD,SMALL EPP7,326/522/562	 $28.35 
19048065000A	BRKT,L,SWIVEL,WHT,W/HD LOCK WASHERS	 $35.14 
29011592000B	BRKT,LATCH	 $10.76 
49206796000A	BRKT,LATCH	 $13.73 
49024454000A	BRKT,LATCH BOTTOM	 $8.79 
49203115000C	BRKT,LATCH PIN, AFD	 $1.31 
49203115000E	BRKT,LATCH,PIN,AFD	 $1.89 
49012811000B	BRKT,LATCH,SCM	 $7.18 
49223038000B	BRKT,LATCH,TRAY,IDMV	 $17.76 
41019432000A	BRKT,LCD MTG,LH,VAT 40	 $24.34 
39010946000A	BRKT,LCH MTG	 $0.00 
49265090000A	BRKT,LCH,LT	 $4.89 
39012096000A	BRKT,LCH,RL	 $12.88 
49265104000A	BRKT,LCH,RT	 $4.89 
49204282000A	BRKT,LCTR,DEP	 $25.91 
49010336000B	BRKT,LCTR,LH,VGA MON	 $35.96 
49016335000B	BRKT,LEAD SCREW MTG	 $16.24 
49260688000A	BRKT,LENS	 $7.97 
49256299000A	BRKT,LENS,ENVIR	 $19.31 
41026527000B	BRKT,LENS,LED HLDR	 $8.62 
29006319000D	BRKT,LH	 $18.57 
49211298000A	BRKT,LH HINGE LINK	 $5.05 
49022907000A	BRKT,LH,SIGNAGE SPRT	 $30.34 
29007776000A	BRKT,LIGHT MTG	 $1.78 
49220869000C	BRKT,LIGHTPIPE,RETURN	 $23.02 
49220790000B	BRKT,LIGHTPIPE,VERTICAL	 $62.00 
39010980000A	BRKT,LINK,LK,FL UL	 $20.87 
49015755000B	BRKT,LINKAGE,BUS HOUR, ECSP	 $6.27 
49007261000B	BRKT,LK	 $24.44 
29009119000B	BRKT,LK MTG,DISPR	 $16.87 
29005600000A	BRKT,LOCK	 $5.45 
49211310000A	BRKT,LOCK CAM,LOWER DOOR	 $19.12 
49013728000A	BRKT,LOCK,SIDE DOOR	 $8.08 
49253830000A	BRKT,LP,LOWER	 $27.04 
19035199000A	BRKT,LWR LEFT,MMD	 $1.85 
19035198000A	BRKT,LWR RIGHT,MMD	 $1.77 
19036342000A	BRKT,MAG LK MTG	 $154.98 
49202829000A	BRKT,MAGNET RTNR	 $19.86 
49210329000A	BRKT,MAINT KYBD/SWIPE	 $82.35 
15009102000F	BRKT,MMD	 $16.79 
19035257000A	BRKT,MMD,UL	 $8.23 
49258275000B	BRKT,MNT,EPP7,GAL	 $7.50 
49217275000B	BRKT,MODULE LATCH	 $20.03 
49009662000B	BRKT,MON MTG,09 IN VGA CLR,FR	 $0.00 
39012074000B	BRKT,MON MTG,REAR	 $20.43 
49017183000A	BRKT,MON,SPRT,PIVOT,DSPL TERM	 $8.27 
49024527000B	BRKT,MONITOR,LH	 $7.07 
49016146000B	BRKT,MOTOR MT,IX THRML PRNTR	 $22.48 
49215669000A	BRKT,MOTOR,MTG	 $5.58 
49207924X0AA	BRKT,MOUNTING,BEZEL,AFD	 $76.66 
49217571000A	BRKT,MTG,ADD HTR,FLD	 $12.98 
49217352000A	BRKT,MTG,AIR TUBE	 $7.10 
49239749000B	BRKT,MTG,ANT,RIGHT SD,368/760	 $14.36 
41025738000A	BRKT,MTG,ANTI-SKIM PRTCTN,CPK	 $13.10 
49200913000B	BRKT,MTG,BEZEL,DEP AREA	 $39.43 
49201715000A	BRKT,MTG,BRW,CD FL	 $67.47 
39012856000A	BRKT,MTG,CA GUIDE	 $17.83 
11044093000A	BRKT,MTG,CAMR,5.75 IN,WHT	 $16.30 
ULMB607BK000	BRKT,MTG,CAMR,6 IN,BLK	 $26.62 
29009913000A	BRKT,MTG,CAMR,LWR	 $23.05 
49013431000A	BRKT,MTG,CCA,1063	 $9.31 
49223632000A	BRKT,MTG,CCA,CI,LWR	 $34.60 
49013236000A	BRKT,MTG,CD RDR,1063	 $38.42 
49243573000A	BRKT,MTG,CDR BEZEL	 $2.98 
49239762000A	BRKT,MTG,CNTRLR,368	 $15.74 
49205170000E	BRKT,MTG,COIN CHUTE	 $24.74 
49220841000A	BRKT,MTG,ENCODER	 $6.22 
49204668000D	BRKT,MTG,EPP	 $78.73 
49239757000B	BRKT,MTG,EPP	 $63.41 
49011270000B	BRKT,MTG,EPP BOARD,73IX	 $34.88 
39014028000A	BRKT,MTG,EPP,1073IX	 $31.66 
49013524000C	BRKT,MTG,EPP4,1064 IX	 $32.17 
49204027000B	BRKT,MTG,EPP4,SMALL KYBD	 $26.40 
49205277000D	BRKT,MTG,FASCIA TRIM	 $41.99 
49205277000E	BRKT,MTG,FASCIA TRIM	 $84.80 
49205426000C	BRKT,MTG,FASCIA TRIM LEFT	 $11.00 
39013828000B	BRKT,MTG,GATE	 $59.02 
49204384000A	BRKT,MTG,HDPHN BASE	 $16.50 
49208727000B	BRKT,MTG,HEADPHONE JACK	 $36.41 
49210249000B	BRKT,MTG,KYBD	 $64.41 
29010070000B	BRKT,MTG,LATCH	 $16.38 
49018296000A	BRKT,MTG,LATCH	 $19.21 
49204737000A	BRKT,MTG,LCD	 $14.09 
29011294000A	BRKT,MTG,LCH	 $14.22 
49023745000A	BRKT,MTG,LH,IDM II	 $22.83 
49011938000A	BRKT,MTG,LT DIFFUS,1073IX	 $92.75 
49220831000C	BRKT,MTG,MOTOR	 $10.28 
49221083000A	BRKT,MTG,MOTOR,CAMS	 $19.58 
49008719000A	BRKT,MTG,PNL	 $44.17 
49011595000A	BRKT,MTG,PRESENTER GATE	 $69.30 
49024363000B	BRKT,MTG,RCPT PRNTR THRM 58.0MM	 $54.76 
49017895000B	BRKT,MTG,RCPT PRNTR THRM 60MM	 $95.98 
49023744000A	BRKT,MTG,RH,IDM II	 $16.99 
49204333XXXB	BRKT,MTG,SIDE,VEST	 $45.22 
49205274000B	BRKT,MTG,SLIDE	 $30.45 
49204389000B	BRKT,MTG,SLIDE,DR,RIGHT	 $33.88 
49223033000A	BRKT,MTG,SLIDE,IDMV,BBVA	 $77.62 
49223033000B	BRKT,MTG,SLIDE,IDMV,BBVA	 $59.15 
49205402000C	BRKT,MTG,SLIDE,LH	 $42.49 
49217366000C	BRKT,MTG,SLIDE,RH	 $75.47 
49219802000A	BRKT,MTG,SOLENOID	 $7.92 
49200945000G	BRKT,MTG,SWING ARM	 $30.69 
49232897000B	BRKT,MTG,SWING ARM,728	 $45.32 
49202893000B	BRKT,MTG,SWING ARM,BOT	 $21.85 
49202892000B	BRKT,MTG,SWING ARM,TOP	 $21.17 
49201455000A	BRKT,MTG,TASK LIGHT ELBERT	 $47.30 
49205388000E	BRKT,MTG,TRIM CAP,UPR RIGHT	 $53.59 
49203974000A	BRKT,MTG,UL CHST DOOR,FL	 $10.71 
41019946000A	BRKT,MTG,VAT 40,TELLER	 $17.33 
49003864000A	BRKT,MTG,WU	 $49.33 
49258382XXXA	BRKT,NO CCR	 $9.78 
49200296000B	BRKT,OUTER GATE	 $61.27 
39011505000B	BRKT,PAPER ROLL,LEFT	 $22.09 
11043064000A	BRKT,PCIMUX,LT	 $49.82 
49243698X01A	BRKT,PIVOT,TP DR	 $30.98 
39009215000A	BRKT,PLATEN BRACE	 $26.46 
11043063000A	BRKT,PLENUM,RELC	 $78.08 
29008274000A	BRKT,PNL,RH	 $2.82 
ULPTC0000000	BRKT,POLE-MT ADPTR,03 IN,5.5 IN	 $186.35 
39008372000A	BRKT,PPR GUIDE,TOP	 $29.73 
29006017000A	BRKT,PPR LOAD SW	 $3.02 
49254600000A	BRKT,PPS	 $5.18 
31018371000A	BRKT,PRESIDER POLICE ALRM	 $11.74 
TSN91153000A	BRKT,P-RLR-ENT-L	 $111.97 
TSN91154000A	BRKT,P-RLR-ENT-R	 $117.43 
49010186000B	BRKT,PRNT, DEP	 $13.56 
49008449000B	BRKT,PRNTR,MTG	 $0.00 
TSN91155000A	BRKT,P-ROL-F-L	 $136.56 
TSN91156000A	BRKT,P-ROL-F-R	 $133.82 
39009902000D	BRKT,PRSNTR GUIDE	 $12.20 
48021304000A	BRKT,PUSH BUTTON MTG ASSY	 $363.85 
49204292000A	BRKT,PWR SPLY MTG,EFI	 $25.13 
29009908000B	BRKT,REAR ADJ,MON,09 IN,CLR,VGA	 $14.75 
29009813000B	BRKT,REAR MTG	 $19.05 
49233196000A	BRKT,REAR,LWR TOP CNTRL	 $212.39 
39004140000A	BRKT,REC FACIA MTG,WU	 $17.96 
29007904000A	BRKT,RELOCK	 $7.55 
49222571000A	BRKT,RESTRAIN,FASCIA	 $11.79 
49236315000A	BRKT,RESTRAINT,560	 $12.60 
49208687000B	BRKT,RESTRICTOR,ACCESS,CA	 $12.56 
49221762000K	BRKT,RET,EPP7 BEZEL	 $96.60 
49203940000D	BRKT,RETAIN,UPS	 $7.10 
49012847000A	BRKT,RETENTION	 $14.19 
29011470000A	BRKT,RETRACTOR	 $9.91 
49022906000A	BRKT,RH,SIGNAGE SPRT	 $29.44 
28020628000A	BRKT,RLY MTG	 $3.57 
41024772000A	BRKT,ROLLER ADJUSTMENT	 $82.54 
49008360000A	BRKT,RTNG CLP	 $9.02 
29009977000A	BRKT,RTNG,LIGHT SNSR	 $2.73 
39011390021A	BRKT,RTNR,DOC DEFL	 $0.05 
39012705000B	BRKT,SCNR LEFT	 $6.30 
49202978000D	BRKT,SEALING,BEZEL,TRIM	 $72.35 
49222623000B	BRKT,SENSOR	 $16.50 
49250134000A	BRKT,SENSOR	 $4.74 
49202794000A	BRKT,SENSOR,620MM XPRT	 $166.01 
39011089000C	BRKT,SENSOR,PAPER LOW	 $16.22 
12005000L00A	BRKT,SHADE	 $27.84 
12005000R00A	BRKT,SHADE	 $27.84 
49255654000B	BRKT,SHFT,MNT	 $3.65 
49255655000D	BRKT,SHFT,MNT,DRV SIDE	 $4.41 
49208051000A	BRKT,SHIELD,STNLS HANDLE	 $34.09 
49010297000B	BRKT,SHPNG	 $0.00 
49258397000A	BRKT,SHPNG,INST,ECRM,LWR	 $15.87 
39013052000B	BRKT,SHPNG,MON,15 IN,LWR	 $29.91 
29009954000A	BRKT,SHPNG,RL,REAR	 $0.00 
TSN91158000A	BRKT,SHUT-R-RTO	 $47.80 
49252362000A	BRKT,SHUTTER	 $8.80 
29006533000A	BRKT,SIDE WALL	 $9.23 
49204338000D	BRKT,SL MTG,RCPT PRNTR	 $40.36 
TSN89160000A	BRKT,SLIDE	 $40.97 
49243596000B	BRKT,SLIDE MTG,AFD,RH	 $21.99 
49204386000A	BRKT,SLIDE MTG,FASCIA DR	 $8.25 
49221836000A	BRKT,SNSR MTG	 $16.31 
39010091000A	BRKT,SOL	 $10.67 
49016237000A	BRKT,SOLE,MTG,GATE	 $9.42 
49222622000A	BRKT,SOLENOID	 $16.09 
39005591R00A	BRKT,SOLENOID MTG	 $0.00 
49220787000A	BRKT,SOLENOID,ESCROW	 $10.03 
49201293000A	BRKT,SOLENOID,GATE	 $7.73 
49016705000B	BRKT,SOLENOID,LOCK	 $5.90 
49211632000B	BRKT,SPCR	 $49.07 
49211632000C	BRKT,SPCR	 $53.44 
49018313000A	BRKT,SPEAKER,SENSOR	 $9.65 
49018297000A	BRKT,SPEAKERS	 $9.77 
29001876000A	BRKT,SPKR	 $5.45 
39010082000A	BRKT,SPKR	 $28.50 
29009831000A	BRKT,SPKR MTG	 $7.26 
39010672000A	BRKT,SPKR MTG	 $21.92 
49007543000A	BRKT,SPRT MTG,FACIA,RH	 $12.39 
49018745000B	BRKT,SPRT,12IN SVD,62/71/72/73IX	 $38.87 
49018528000A	BRKT,SPRT,DIP SMART RDR,1062I	 $9.65 
49020229000A	BRKT,SPRT,DIP SMART RDR,1064IX	 $18.64 
49023707000A	BRKT,SPRT,DIP SMART RDR,1072I	 $10.76 
29012053000A	BRKT,SPRT,LEFT	 $5.46 
29012054000A	BRKT,SPRT,RIGHT	 $6.62 
49223969000A	BRKT,SPRT,SNAP	 $5.60 
49200561000A	BRKT,SST AUD II CCA, CSP 400/410	 $60.30 
39010897000A	BRKT,STAB,LWR	 $13.10 
39010897000C	BRKT,STAB,LWR,62/72IX	 $25.64 
49232082000A	BRKT,STIFFENER	 $8.25 
49232081000A	BRKT,STIFFENER BIN SIDE	 $7.10 
49208656000D	BRKT,STMNT,CA RETR	 $23.70 
49013219000A	BRKT,STOP,CD  RDR	 $10.25 
49223022000A	BRKT,STOP,REAR SRVC MON	 $4.05 
29010782000B	BRKT,STRIKE,SCM	 $0.98 
49254650000A	BRKT,SUPPORT STACKER LEFT ARM	 $5.89 
49018327000A	BRKT,SUPPORT,CONNECTOR	 $15.51 
49208360000A	Brkt,Support,Lower Fascia Opteva 500	 $112.23 
11043062000A	BRKT,SUPPORT,RELC	 $61.88 
21015764000A	BRKT,SW	 $1.64 
29001610000A	BRKT,SW	 $3.37 
29007857000B	BRKT,SW	 $0.14 
29007950000A	BRKT,SW	 $13.02 
31016426000A	BRKT,SW	 $11.12 
49256234000A	BRKT,SW	 $4.10 
AMAB01844A00	BRKT,SW ASY MTG,CRSL POS,ELITE	 $26.19 
28020717000A	BRKT,SW MTG	 $10.58 
28020725000A	BRKT,SW MTG	 $0.36 
29004108000A	BRKT,SW MTG	 $13.95 
39009882000A	BRKT,SW MTG	 $37.28 
29005805000A	BRKT,SW MTG.	 $0.07 
49228507000A	BRKT,SW PLATE	 $7.95 
49250175000E	BRKT,SWITCH	 $6.68 
AMAB01844B00	BRKT,SWITCH MTG,CRSL POS,ELITE	 $26.19 
49208750000C	BRKT,SWITCH,DOOR,SAFE	 $20.25 
49213146000F	BRKT,SWITCH,DOOR,SAFE,DOUBLE	 $95.00 
29003506000A	BRKT,TAKE-UP RLR	 $5.15 
49252201000A	BRKT,TASK LIGHT	 $46.92 
21014831000A	BRKT,TMPR SW	 $16.58 
29006129000A	BRKT,TOP	 $2.19 
39008782000B	BRKT,TOP	 $22.98 
49024834X01A	BRKT,TOP HSG,TOP	 $197.59 
49228604XMFB	BRKT,TOP,HANDLE,LCD MNT,740	 $101.59 
49208672000A	BRKT,TOP,TRIM BEZEL,562	 $79.78 
49200857000F	BRKT,TOP,TRIM BEZEL,TTW ATM	 $36.22 
49208634000B	BRKT,TOP,TRIM BEZEL,TTW ATM	 $43.43 
ULPTP0000000	BRKT,TOP-OF-POLE MT,ADPTR,03 IN-05 IN	 $173.31 
49277247000A	BRKT,TRIM	 $26.19 
49277248000A	BRKT,TRIM	 $26.19 
19048066000A	BRKT,U,2.75IN	 $51.35 
19048067000A	BRKT,U,4.75IN	 $51.35 
19058659000A	BRKT,U,IRL SERIES ILLUM	 $51.48 
39013127000A	BRKT,UPR MTG,HTR/FAN	 $47.90 
49222505000A	BRKT,VALIDATOR,TYPE B	 $17.20 
49219623000B	BRKT,VERT MNT,FL	 $34.47 
49219623000A	BRKT,VERT MNT,RL	 $31.27 
19049665000A	BRKT,WALL MT	 $191.84 
19058755000A	BRKT,WALL MT,21 IN MON	 $298.72 
19049671000A	BRKT,WALL MT,ANGLED,TV,PLASMA SCREEN,42 IN	 $959.18 
39012171000A	BRKT,WALL MT,CCD	 $33.88 
11046346000A	BRKT,WALL MT,PNDT HSG,BLK	 $134.29 
11047408000A	BRKT,WALL MT,USPS ONLY	 $201.21 
19058845000A	BRKT,WALL MT,UVT500-PH	 $120.58 
19047433000A	BRKT,WALL MT,VMD10-M60	 $48.65 
11038902000A	BRKT,WALL MTG,CAMR,SGL GANG BOX	 $34.02 
11038906000A	BRKT,WALL MTG,SLB-2/SLB-2W	 $117.18 
39014437000A	BRKT,WALL,CAMR HSG	 $54.81 
49255075000A	BRKT,WATER GUIDE,5750	 $8.19 
49223635000B	BRKT,WEB SENSOR	 $30.12 
28020730000A	BRKT,WELD	 $2.23 
49227268000A	BRKT,WHEEL	 $12.61 
49228551000A	BRKT,WHEEL	 $9.48 
41015274001C	BRKT,WINCHESTER,REAR	 $20.88 
39012381000A	BRKT,WIRE COV	 $10.98 
39009744000A	BRKT,WIRE MTG	 $16.90 
28001037000A	BRKT,XFMR	 $2.48 
49010778000A	BRKT,XFMR MTG	 $33.71 
49205384000A	BRKT/LGE,MTG,HEATER/FAN	 $36.49 
NZ0000002674	BRKT-SENSOR ASSY	 $0.02 
MSZ84484320A	BRKT-SHELF,ADJ	 $0.88 
00052262000A	Brl i/ix,CSP hdphone Lbl,2010 ADA	 $10.79 
11040994000A	BRONZE SLEEVE BEARING	 $63.39 
38010628000A	BRUSH	 $33.60 
TSN88249000A	BRUSH	 $0.00 
11034078000A	BRUSH   VSS301	 $10.01 
TSN89153000A	BRUSH ASSB,DET	 $11.78 
TSN89150000A	BRUSH ASSB,ES	 $14.75 
TSN88859000A	BRUSH ASSEMBLY	 $32.42 
31016702000A	BRUSH CAP	 $82.76 
11066450000A	Brush Cleaning Tube Slot	 $30.15 
TSN81529000A	BRUSH DUSTING	 $16.90 
11033774000A	BRUSH NEW STYLE FOR BISON MOTO	 $26.94 
31016703000A	BRUSH ROD	 $152.27 
MSN90895000A	BRUSH, 5 1/4 LG. WEATHER STRIP	 $40.69 
29011646000A	BRUSH, ANTI-STATIC	 $27.41 
29013734000A	BRUSH, ANTI-STATIC	 $36.90 
TSN61955000A	BRUSH,250	 $8.19 
29012204000A	BRUSH,ANTI-STATIC	 $46.92 
49204047000B	BRUSH,ANTI-STATIC	 $1.68 
49225586000A	BRUSH,ANTI-STATIC	 $4.72 
TSN61953000A	BRUSH,BLOW LARGE	 $24.58 
TSN51137000A	BRUSH,BOTTLE	 $9.68 
TSN61930000A	BRUSH,CLEANING-A	 $28.33 
TSN61931000A	BRUSH,CLEANING-BRAUN BRUSH	 $20.48 
TSN61932000A	BRUSH,CLEANING-C	 $13.65 
00050499000H	BRUSH,CLN	 $9.86 
39009428000A	BRUSH,SNSR SHLD,FL	 $19.27 
49016726000A	BRUSH,STATIC	 $61.82 
11050047000A	BSA 1 VHF OMNIDIRECTIONAL ANTE	 $194.58 
00101204000A	BSC LEAD THRU KIT,CD RDR/DISP/DEP	 $184.28 
BUFI0029000A	BSC TERM PRCSR,1072/1073	 $0.90 
21016093000A	BSHG	 $4.14 
49022001000J	BSHG, LCTR	 $2.33 
19011520000A	BSHG,CA,0.313,SPLT	 $0.11 
19011520000E	BSHG,CA,0.313,SPLT	 $0.16 
19011520000C	BSHG,CA,0.453,SPLT	 $0.11 
19011520000F	BSHG,CA,0.547,SPLT	 $0.22 
19000794000A	BSHG,CA,0.562,W/SHTR	 $0.50 
10646660000	BSHG,CA,0.625	 $0.31 
19011706000A	BSHG,CA,STR RLF,0.187 DIA,W/TRQ PRVT	 $0.07 
29013815000A	BSHG,CA,STR RLF,0.200 X 0.400,RTANG	 $0.27 
18020567000A	BSHG,CA,STR RLF,0.245 DIA,W/TRQ PRVT	 $0.05 
29014186000A	BSHG,CA,STR RLF,0.245 DIA,W/TRQ PRVT,INTL	 $0.09 
29008775000A	BSHG,CA,STR RLF,0.360 DIA,W/TRQ PRVT,INTL	 $0.29 
19020861000A	BSHG,CA,STR RLF,0.370 DIA,W/TRQ PRVT	 $1.08 
18001352000A	BSHG,CA,STR RLF,0.430 DIA,W/TRQ PRVT	 $6.85 
21014423000A	BSHG,CAM	 $1.39 
21016108000A	BSHG,FLG	 $6.16 
49022001000D	BSHG,LCTR	 $1.28 
11065467000A	BT1M-C PANDUIT BRANDED WIRE TI	 $28.71 
11065468000A	BT1M-CO PANDUIT BRANDED WIRE T	 $28.71 
11050048000A	BTM DF W SW OPENINGS MSE 2 MBR	 $184.16 
BUFI0040000A	BTP BKPLN UPGR KIT	 $0.78 
BUFI0038000A	BTP CA EXP KIT	 $0.78 
BUFI0036000A	BTP FDSK KIT	 $0.78 
BUFI0034000B	BTP HDDSK DRIVE OPTN KIT	 $1.12 
TMEFTM02TABS	BTP INDEX TAB	 $0.45 
89031095000A	BTP MULT IMG REV 1 OS2 IMAGES	 $8.55 
TSN64572000A	BTRY ADDB,WRG-BAT-3.6/450	 $32.77 
11040010000A	BTRY CHRG PCB	 $301.46 
19049167000A	BTRY CHRGR,THERMAL CAMR	 $411.08 
19053160000A	BTRY SET,RTU 12V-24HR	 $82.33 
49205618000A	BTRY SET,UPS,6V,7AH,SMART500RT	 $43.21 
19048866000A	BTRY SHELF	 $51.62 
28020367000A	BTRY SPRT	 $69.75 
49232470000A	BTRY,01.50V,01.250AH,ALK,AAA	 $2.53 
11040096000A	BTRY,03.00V,00.500AH,LITH	 $4.91 
29013189000A	BTRY,03.00V,01.000AH,LTHM	 $10.60 
19035282000A	BTRY,09.00V,00.565AH,ALK	 $13.74 
11037462000A	BTRY,12.00V	 $379.89 
11040097000A	BTRY,12.00V,01.200AH,GEL	 $24.30 
29001566000A	BTRY,12.00V,02.500AH,LEAD ACID	 $163.70 
29002788000A	BTRY,12.00V,02.700AH,LEAD ACID,SLD	 $91.42 
19036260000A	BTRY,12.00V,04.500AH,LEAD ACID	 $45.62 
38020326000A	BTRY,12.00V,05.000AH,LEAD ACID	 $182.64 
19036506000A	BTRY,12.00V,07.000AH,RECHRG	 $32.13 
11035807000A	BTRY,12.00V,09.500AH	 $104.14 
19046612000A	BTRY,12V,24A	 $85.65 
GL1208501000	BTRY,12V,4.5AH,GEL CEL	 $43.44 
ULBAT127AH00	BTRY,12V,7A	 $61.66 
19056587000A	BTRY,12V,7AH	 $36.67 
ULYANP712000	BTRY,12V,7VA	 $68.52 
19057776000A	BTRY,3V,LITHIUM,COIN CELL	 $12.19 
19047023000A	BTRY,6VDC,2.6AH	 $27.03 
19047024000A	BTRY,6VDC,7AH	 $40.55 
11037461000A	BTRY,ENCL	 $379.89 
19053273000A	BTRY,GEL CELL,12V,2.3AH	 $57.46 
19057767000A	BTRY,GEL CELL,12V,4AH	 $30.72 
GL1338000000	BTRY,LITHIUM,3.6V	 $14.82 
19046427000A	BTRY,LITHIUM,3V,1067	 $0.00 
11046652000A	BTRY,MAINBOARD,DVR,8 & 16 CHANNEL	 $4.11 
19041904000A	BTRY,PKG,ABM SCREAMER II	 $149.63 
28020348000A	BTRY,PWR/AUD MDL	 $222.23 
41020495000A	BTRY,REPLACEMENT,12VDC	 $89.79 
19049166000A	BTRY,THERMAL CAMR	 $205.54 
11050049000A	BTX RELAY BOARD	 $1,038.65 
11043761000A	BUCKET STOP SPACER	 $58.11 
TP820648001B	BULK CASH RECYCLE OP GUIDE	 $16.20 
TP821295001B	BULK CASH RECYCLER ON OPTEVA	 $16.20 
TMHCMLUB000D	BULK CASH RECYCLING MODULE	 $130.50 
TMHCMMAI000E	BULK CASH RECYCLING MODULE	 $88.20 
TP820648001D	BULK CASH RECYCLING MODULE OPERATING GUIDE	 $26.10 
TP821283001B	Bulk Document Intelligent Depository Module Quick Reference Guide	 $7.20 
TM000072001D	Bulk Document Intelligent Module (IDMBD) On-Site Repair Manual	 $171.90 
19074401000A	BULK HOOK AND LOOP WRAP 15 FOOT ROLL BLACK 1/2 IN X 15 FT	 $46.65 
TP821095001A	BULK NOTE ACCEPT STACK CAS OPG	 $6.30 
TP820811001A	BULK NOTE ACCEPTOR OP GUIDE	 $9.90 
BRP01006100A	BULK NOTE FEEDER PPM HAND HELD	 $0.05 
TMHCMADJ000E	BULKK CASH RECYCLING MODULE	 $141.30 
TP820854001A	BULL MIX 2.0.0 OP GUIDE	 $6.30 
BUFCO256000A	BULL,FCO,NEW LABEL & CONN RTNG,RCD	 $0.78 
30024070000	BULLET CATCH BOLT	 $3.11 
BUIB05790000	BULLETIN	 $0.05 
BUFI2016000B	Bulletin Field Upgrade Kit 9900	 $7.69 
BUFI0804000A	BULLETIN,EVA WEB TOOLKIT 1.03	 $3.62 
49200674000A	BUMP,ENDPLATE,LEFT	 $0.99 
49200673000A	BUMP,ENDPLATE,RIGHT	 $9.32 
10114730000	BUMPER	 $3.38 
11032531000A	BUMPER	 $2.89 
21017348000A	BUMPER	 $0.45 
MSZ75569170A	BUMPER	 $3.40 
18010590000A	BUMPER ASSY	 $26.54 
38020764000A	BUMPER ASSY	 $44.38 
31018851000B	BUMPER EXTENSION	 $79.30 
21020013000A	BUMPER OPEN CELL W/PSA	 $2.78 
11065848000A	BUMPER RBR PRSS IN	 $1.49 
18020915000A	BUMPER RUBBER	 $11.41 
19011640000A	BUMPER STOP	 $15.99 
49006376000A	BUMPER STRP,ALMOND	 $141.85 
MSN84452000A	BUMPER, 7/8 X 1 1/2 X 8 5/8 RU	 $0.86 
MSN94443000A	BUMPER, CUSTOMER UNIT ARRIVAL	 $192.12 
MSN79988000A	BUMPER, NEOPRENE	 $1.33 
L10000240000	BUMPER, RUBBER	 $2.23 
L10004250000	BUMPER, RUBBER	 $189.60 
39010884000A	BUMPER,CD RDR	 $18.20 
21016976000A	BUMPER,DR,DAYGATE	 $0.83 
18020952000A	BUMPER,NPRN,RND,STUD,10-32-1.25	 $8.62 
41015572000C	BUMPER,OVHD	 $94.27 
18020582000A	BUMPER,PLSTC,SQ,ADH	 $0.25 
29010927000A	BUMPER,PLYETHN,RECT,ADH	 $0.61 
29010986000A	BUMPER,PLYUTHN,RND,ADH	 $2.51 
19041849000A	BUMPER,PLYUTHN,RND,ADH,BLK	 $0.76 
19012479000A	BUMPER,PLYUTHN,SQ,ADH	 $0.77 
31018438000B	BUMPER,PVC,CYL	 $120.83 
19044711000A	BUMPER,PVC,RND,PRESS-IN	 $0.49 
29008436000A	BUMPER,RBR,DRV,10-32 HDW	 $23.40 
19010919000A	BUMPER,RBR,RND	 $0.14 
19011772000A	BUMPER,RBR,RND	 $1.04 
29008437000A	BUMPER,RBR,RND	 $1.23 
29007348000A	BUMPER,RBR,RND,ADH	 $0.11 
39007136000A	BUMPER,RBR,RND,CL HOLE,0.146,W/WSHR	 $5.63 
31017067000A	BUMPER,RBR,RND,CL HOLE,0.375,CSK	 $37.55 
10473920000	BUMPER,RBR,RND,PRESS-IN	 $0.36 
18020999000A	BUMPER,RBR,RND,PRESS-IN	 $3.70 
21014942000A	BUMPER,RBR,RND,PRESS-IN	 $21.06 
29010611000A	BUMPER,RBR,RND,PRESS-IN	 $0.37 
10147880000	BUMPER,RBR,RND,SNAP-IN	 $0.33 
10410180000	BUMPER,RBR,RND,SNAP-IN	 $0.47 
11035026000A	BUMPER,RBR,RND,SNAP-IN	 $0.23 
29008073000A	BUMPER,RBR,RND,SNAP-IN	 $0.44 
29006785000A	BUMPER,RBR,RND,THD INSR,08-32	 $2.46 
49223584000B	BUMPER,RND,PRESS-IN	 $2.62 
21015999000A	BUMPER,RTNR	 $15.44 
MSN79971000A	BUMPER,RUBBER	 $1,245.90 
18001563000B	BUMPER,TELLER DR	 $23.90 
21018981000A	BUMPER,TURNTABLE VAT-28	 $9.23 
31017660000A	BUMPER,VERT VAT	 $44.03 
MSZ75952890A	BUMPER-CARRIER	 $26.29 
MSZ79052750A	BUMPER-GROMMET	 $0.69 
MSZ79045550A	BUMPER-RUBBER,MOLDED	 $0.35 
TSN88132000A	BUNDLER ASSEMBLY	 $0.00 
TS4368844091	bundling tape hold-brkthldtape	 $21.85 
TS4366261893	BUNDLING TAPE HOLDER,BRKT-HLD-TAPE	 $68.27 
29005767000A	BUS BAR	 $2.26 
NZ0000002761	BUSBOARD-8 SLOTS	 $0.02 
TS4368877021	Bush Hold BW-2	 $27.32 
10838080000	BUSHING	 $3.40 
19015086000A	BUSHING	 $0.12 
21014878000A	BUSHING	 $40.45 
TSN88151000A	BUSHING	 $2.73 
TSN88152000A	BUSHING	 $0.00 
TSN88881000A	BUSHING	 $2.95 
TSN88882000A	BUSHING	 $1.64 
11038000000A	BUSHING                      H	 $29.19 
18010600000A	BUSHING  * 3595          FLANGED	 $3.70 
28010510000A	BUSHING - NYLON * 3649	 $3.37 
TSN90647000A	BUSHING T,-8	 $4.91 
BRP00817000A	BUSHING TRANSPORT DRIVE	 $0.05 
18000984000A	BUSHING TWIN SCREW	 $1.68 
89026841000A	BUSHING W/ FLANGE	 $16.23 
49207396000A	BUSHING, ANTI SEIZE	 $4.46 
89030310000A	bushing, delrin  (M064755-01)	 $3.12 
49207969000A	BUSHING, GATE BAR,LARGE	 $2.94 
11035746000S	BUSHING, HINGE; 1 1/2 " BARREL	 $4.92 
MSZ69653720A	BUSHING, SPOOL FOR 70MM FILM S	 $0.58 
11065393000A	BUSHING, WALGREENS SAFE	 $11.20 
TSN91967000A	BUSHING,4-333531	 $19.12 
41020704000W	BUSHING,DETENT	 $4.31 
21017866000A	BUSHING,DROP FLG	 $26.74 
49200679000B	BUSHING,GATE BAR	 $2.31 
19021629000A	BUSHING,GATE BAR,1x10	 $0.48 
29010612000A	BUSHING,IDLER	 $4.66 
49201087000A	BUSHING,IDLER,ID 5.4,OD 10.3	 $2.94 
TSN92731000A	BUSHING,L12	 $4.37 
49214600000A	BUSHING,PLATE	 $4.28 
29006232000A	BUSHING,PRESSURE ROLLSR	 $4.02 
11031291000A	BUSHING-FOURTH WHEEL PIVOT	 $3.83 
MSZ79000440A	BUSHING-HINGE	 $0.77 
11031290000A	BUSHING-THIRD WHEEL PIVOT	 $5.62 
88000820000B	BUTTON - OFF	 $13.80 
88000820000E	BUTTON -3	 $13.80 
MSZ82941000A	BUTTON EXTENSION	 $7.24 
MSN79140000A	BUTTON, INDICATOR - RED STYLE	 $0.88 
MSN79138000A	BUTTON, INDICATOR - WHITE STYL	 $1.77 
MSN71382000A	BUTTON, PLUG *DOT PRODUCTS #HS	 $0.97 
MSZ69370560A	BUTTON, PUSH	 $3.22 
MSN73394000A	BUTTON, THUMB	 $3.40 
29012036000B	BUTTON,CASS LATCH,SNAP-IN,SHORT	 $0.57 
29008656000C	BUTTON,CFG,SNAP-IN	 $0.50 
18001522000A	BUTTON,GLIDE,DOMED,0.375 OD,PLSTC	 $22.12 
19021331000A	BUTTON,GLIDE/FSTNR,DOMED,0.270 OD,NYL,SNAP-IN	 $0.14 
19021667000A	BUTTON,GLIDE/FSTNR,FLAT,0.281 OD,NYL,SNAP-IN	 $0.05 
19035125000A	BUTTON,GLIDE/FSTNR,FLAT,0.468 OD,NYL,SNAP-IN	 $0.11 
MSN79137000A	BUTTON,INDICATOR-GREEN STYLE K	 $0.88 
19056479000A	BUTTON,PUSH,RECEPTION,DOOR REL	 $23.08 
MSZ76009570A	BUTTON-HOTSTAMPED,KIOSK	 $8.08 
MSZ76055040A	BUTTON-HOTSTAMPED,KIOSK O	 $4.81 
MSZ76009060A	BUTTON-HOTSTAMPED,SEND	 $6.32 
MSZ76093020A	BUTTON-RECALL	 $40.45 
MSZ76008850A	BUTTON-SWITCH,HOTSTAMPED,	 $6.16 
MSN69394000A	BUZZER	 $0.00 
MSN68080000A	BUZZER ASSB.,12V-ARC SUPPRESSO	 $132.30 
TSN65586000A	BUZZER ASSEMBLY,H571C	 $29.19 
89030628000A	BUZZER KPE-242 3-16V DC 13.8MM	 $2.89 
89029624000A	C - MOUNT       M4-A73039	 $10.65 
89029648000A	C - MOUNT ADAPTER    49-8019-A	 $35.50 
89029523000A	C - MOUNT ADAPTER    IKEGAMI	 $7.83 
11048587000A	C KEYBLANK	 $6.24 
BTC981200000	C LENS 1" 12.5MM MANUAL IRIS F	 $300.15 
BTC982400000	C LENS 1" 25MM MANUAL IRIS F/1	 $153.00 
BTC985000000	C LENS 1" 50MM MANUAL IRIS F/1	 $187.92 
BTC981100000	C LENS 1/2" 12MM MANUAL IRIS F	 $169.65 
BTC980300000	C LENS 1/2" 4.2MM MANUAL IRIS	 $310.59 
BTC980400000	C LENS 2/3" 4.8MM MANUAL IRIS	 $300.15 
BTC980800000	C LENS 2/3" 8.5MM MANUAL IRIS	 $169.65 
BTC9829PL000	C LENS 2/3" 9MM STRT PINHOLE M	 $574.20 
NZ0000002007	C" CLIP WHEEL"	 $1.68 
29008404021A	C.B. SCREW (M3X5)	 $1.54 
29008455061A	C.B.SCREW M3X6	 $2.84 
FJ5100002794	C.C.KEYLOCK (KEY 102)	 $9.19 
AA0003200000	C.C.T.V. MANUAL	 $215.10 
MONS10283000	C.E.R.T.S. UPSEND DAT.      MA	 $8.64 
29008404004A	C.F. SCREW (M3X7)	 $1.54 
29008404023A	C.P. SCREW (M3X5)	 $1.59 
29008456029A	C.P.SCREW M4X30	 $0.18 
49251315000A	C.P-TITE.FSCREW,2X3,F/NI,ASPEN PRNT ENGINE	 $1.30 
29008404031A	C.T.P.P. SCREW (M3X12)	 $1.58 
29008455029A	C.T.P.SCREW (M3X6)	 $0.07 
TP820300001D	C2005 COPIER CONT INSTALL GDE	 $9.90 
TP820300001A	C2005 COPIER CONTRL INSTALL GD	 $8.10 
TP820300001C	C2005 COPIER CONTROLLER INSTAL	 $9.90 
BRP00168000A	C3700 COOLING FAN ASSEMBLY	 $0.00 
49244569000A	CA , LGC , TCM , SW , SNA	 $97.04 
19053289000A	CA ASSY,1052 OR 1053 I/P BASE STATION RACK KIT	 $17.20 
19053292000A	CA ASSY,1053 ETHERNET TO RTU	 $17.20 
19053129000A	CA ASSY,DLU TO LAN ADPTR	 $0.00 
19055173000A	CA ASSY,LNL-56KEXT MDM	 $64.86 
19055208000A	CA CONNECTOR,RDR,REPL,QTY 5	 $40.55 
11047406000A	CA CONVERTER,ETHERNET OVER VID,USPS ONLY	 $76.40 
19049357000A	CA KIT,CAT 5 W/RJ-45 CONN,14 FT,VIOLET	 $8.79 
19049358000A	CA KIT,CAT 5 W/RJ-45 CONN,15 FT,VIOLET	 $10.40 
19046886000A	CA KIT,KVM PS/2	 $48.65 
11065993000A	CA PWR & LGC MDLR08 CKT 03.01'	 $12.58 
49010404000A	CA RETR,CHAIN TYPE,STMT PRNTR	 $126.59 
ULB12230000A	CA RING,MULT PPU	 $172.66 
19025272000A	CA TIE MT,RND,#10 HDW	 $0.15 
19025272000B	CA TIE MT,RND,SNAP-IN	 $0.20 
15006015000A	CA TIE,03.87 IN,YEL	 $0.45 
15006015000C	CA TIE,14.50 IN,YEL	 $0.36 
18000894000A	CA TIE,STRAP,0.25 DIA	 $0.39 
29009556000A	CA TIE,STRAP,0.69 DIA,ADJ,QRLSE,W/MTG-06 HDW	 $2.39 
11007615000A	CA TIE,STRAP,0.87 DIA	 $0.04 
11007615000F	CA TIE,STRAP,0.87 DIA,BLK,UV	 $0.23 
11007615000E	CA TIE,STRAP,1.25 DIA	 $0.21 
11007615000B	CA TIE,STRAP,1.38 DIA	 $0.06 
11006090000A	CA TIE,STRAP,1.75 DIA,W/MTG-10 HDW	 $0.31 
11007615000C	CA TIE,STRAP,4.00 DIA	 $0.25 
11006090000B	CA TIE,STRAP,4.00 DIA,W/MTG-10 HDW	 $1.70 
ULB12060000A	CA TO CPU,NT	 $315.16 
TE002970001D	CA, 1.6 AFD SENSOR	 $30.04 
49252530000A	CA, 30/20P UL 1571 AWG 28, MB-PANEL, 160MM	 $16.61 
39004006000A	CA, BASE	 $39.52 
TE002625002D	CA, BLOWER TESTER WEAR	 $286.77 
TE002691005D	CA, CASSETTE TESTER, KEYBOARD	 $107.87 
TE002609003D	CA, COMMERCIAL CHEST DOOR EZ CLIP WEAR	 $109.70 
TE003191002D	CA, Door Cord Odyssey Wear	 $366.46 
TE003224002D	CA, E9900 Sidecar Alarm Switch Wear	 $32.94 
TE000183VICS	CA, Ethernet, Cat6, 2 Ft.	 $6.88 
TE002603006D	CA, Fascia Test Plug Wear	 $45.85 
49267145000A	CA, FEED MOTOR HARNESS	 $20.66 
TE000016VICS	CA, HARD DRIVE POWER-SCSI	 $15.22 
TE003142001D	CA, ILT Power Wear 48V	 $74.12 
49213343000A	CA, INVERTER, SD	 $13.07 
31019270000B	CA, IR, TELLER,VAT-23 O/H	 $67.10 
TE002438020D	CA, Keyboard Assy Tester Kybd Wear	 $9.77 
49267159000A	CA, KEYBOARD HARNESS	 $25.96 
49240535000A	CA, LED DRIVER,15 IN CONS OPEN FRAME	 $5.09 
49256187000A	CA, LGC, ECRM,LEDTHRU	 $28.73 
49205467000C	CA, LGC, LED CCA, BNA	 $40.16 
39013859000A	CA, LGC, PATCH, DOOR SWITCH	 $13.56 
49017953000A	CA, LGC, PRESIDER	 $103.18 
49024284000A	CA, LGC, SIDEKICK, LD THRU LED, ACM	 $135.59 
49235461000A	CA, LGC, SPKR, 529	 $152.82 
49240462000A	CA, LVDS, 10.4 IN SD	 $22.17 
49240525000A	CA, LVDS,LED BKLT,15 IN CONS OPEN FRAME	 $15.95 
49227290000C	CA, MODULE LATCHED	 $19.17 
49217574000D	CA, OSC C1 SNSRS	 $41.93 
49267162000A	CA, PRESENTER, LRL	 $32.38 
49267166000A	CA, PRESENTER, SRL	 $31.37 
TE002476002D	CA, PRESENTOR SENSOR	 $317.57 
31019507000D	CA, PWR & LGC, CARR POSNR	 $174.18 
49218992000A	CA, PWR & LGC, SEISMIC	 $7.26 
39013799000A	CA, PWR & LGC, TRAFFIC LIGHT	 $35.69 
49013936000C	CA, PWR, AC MINI DIST, ECSP	 $215.13 
29006088000A	CA, PWR, AC, JNPR	 $4.19 
29004876000A	CA, PWR, AC, JUMPER	 $16.48 
39005165000A	CA, PWR, AC, SOL	 $18.47 
29113372000A	CA, PWR, EPP, JUMPER	 $5.00 
49218379000F	CA, PWR, LGC, ONE SW	 $27.06 
TE003089003D	CA, Seismic Tester Wear	 $192.93 
TE002496008D	CA, SERIAL	 $30.04 
TE002691021D	CA, STEPPER MTR CASSETTE TESTER FIX.1	 $69.75 
TE002624006D	CA, VAT 40 TEST LCD VID-UUT TO UUT LOOPBACK	 $113.45 
ULKO10100000	CA,100'W/RJ-11-E,CONN	 $67.81 
ULKO15000000	CA,150'W/RJ-11-E,CONN	 $122.99 
19053425000A	CA,16 INPUTS,OCTOPUS	 $794.75 
ULKO20000000	CA,200FT,W/RJ-11-E CONN	 $155.14 
ULKO30000000	CA,300FT,W/RJ-11-E CONN	 $199.87 
19057112000A	CA,32-BIT CPU INTFC PORT UTILITY,10FT	 $54.05 
19057113000A	CA,32-BIT CPU INTFC PORT UTILITY,25FT	 $67.57 
41020511000A	CA,6 COND,6 FT	 $25.86 
ULKO60000000	CA,60'W/RJ-11-E,CONN	 $40.53 
41020509000A	CA,8 COND,12 IN,W/JST CONN	 $25.86 
41020510000A	CA,8 COND,26 IN,W/JST CONN,W/20 IN ST STL FLEX	 $25.86 
19053424000A	CA,8 INPUTS,OCTOPUS	 $411.08 
31020231000B	CA,8X16,ACM,SPKR	 $12.22 
49217634000A	CA,AC BLOWERS	 $38.37 
49217633000A	CA,AC,CONTROLLER	 $54.81 
31020252000B	CA,AC,PWR,CNTRL BOX	 $35.90 
19042020000A	CA,ACS ENCL TO RDR,50FT	 $56.51 
31020366000A	CA,ADAPTER,PRV HNDST	 $319.05 
41014555001D	CA,ADPTR,TOKEN RING	 $68.04 
TSN93156000A	CA,AK1-AK3	 $232.14 
49208526000A	CA,ALIGN STEPPER PATCH	 $10.24 
49240538000A	CA,ANT,CCR	 $16.05 
49221700000A	CA,ASD,EXTL ALRM,INTFC	 $22.11 
UL5187993020	CA,ASSY,30FT	 $630.32 
UL5187994020	CA,ASSY,40FT	 $712.53 
UL5187995020	CA,ASSY,50FT	 $794.75 
49223572000A	CA,ASSY,USB,EXP,C2D	 $21.02 
19042019000A	CA,ATM TO ACS ENCL,50FT	 $56.51 
49245768000A	CA,ATX 12V	 $7.18 
21017844000A	CA,AUD,CALL SW,1 ON 1	 $267.62 
29013425000B	CA,AUD,JMPR	 $8.38 
49024290000A	CA,AUD,MIXER,CNTRL	 $60.22 
49024288000B	CA,AUD,SPKR	 $53.26 
39013715000B	CA,AUDIO,PENTIUM TO ACM	 $35.69 
CHCM3000ABNC	CA,BD CAMR,W/BNC CONNECTOR	 $19.19 
19053427000A	CA,BISYNC,SDLC Y	 $246.65 
19054977000A	CA,BNC MALE TO BNC MALE,COAX,6FT	 $40.55 
19048061000A	CA,BNC,RCA,2.1MM,20FT	 $74.00 
19048062000A	CA,BNC,RCA,2.1MM,50FT	 $87.70 
29001662000A	CA,BTRY	 $8.70 
GL1662940000	CA,BTRY,FX	 $5.48 
21017844000B	CA,CALL SW	 $22.60 
21020008000A	CA,CALL SWITCH	 $31.90 
21020008000C	CA,CALL SWITCH	 $27.96 
21019956000B	CA,CAMERA POWER	 $3.50 
49256192000A	CA,CAN LOOP W/O DC/DC	 $8.80 
31020198000C	CA,CARD TO D-SUB	 $59.63 
49221791000A	CA,CCA,LEAD THRU	 $5.88 
49220925000A	CA,CCA,TOWER	 $63.49 
19047460000A	CA,CNTRL,GUI	 $67.57 
19047461000A	CA,CNTRL,VEXT,MUX/RCDR	 $67.57 
ULMXLCM30000	CA,COAX,8-WAY,INTERCONNECT,300MM	 $19.19 
NORG59UT1000	CA,COAXIAL,PLENUM,1000 FT SPOOL	 $822.15 
19036183000A	CA,COMM	 $1.94 
00101748000A	CA,COMM SER,MINI-TERM/COIN DISPR,06 FT	 $79.34 
00101749000C	CA,COMM SER,RS-485,MINI-TERM/MINI-TERM,025 FT	 $95.40 
19047670000A	CA,COMM,06 COND,10 FT,CAT 4,RJ-11,SOL	 $60.11 
LX4300042872	CA,COMM,FLIP	 $130.50 
19036706000A	CA,COMM,M25/F9	 $100.04 
21017807000A	CA,COMM,MODEM	 $49.14 
29001652000A	CA,COMM,PHONE	 $31.39 
39017495066A	CA,COMM,RBN,DSPL,ECD	 $100.36 
39013037004A	CA,COMM,RGB PIG TAIL,6800	 $137.03 
39013037006A	CA,COMM,RS232 T-TAP	 $137.03 
39017495101A	Ca,Comm,RS232,Delarue Handshaking	 $137.25 
11037340000A	CA,COMM,SCSI I TO SCSI II	 $179.27 
49223715000A	CA,COMM,SER,9-PIN,MINI-TERM,ECD	 $64.64 
29012070000E	CA,COMM,SYNC INTFC	 $644.02 
39017495040A	CA,COMM,USB,M 05.00 M	 $39.82 
19057392000A	CA,CONN,25FT,25 PAIR,SING END FEMALE	 $32.44 
29010508015A	CA,CVRSN,RJ-45/D-SHELL	 $439.54 
DM3910000000	CA,DATA,ETHER-COM,462N	 $34.80 
NOQ132411010	CA,DATA/VID,GILBARCO,PC,G-SITE	 $117.85 
19054976000A	CA,DB25 TO PIGTAIL,6FT	 $40.55 
TSN82182000A	CA,DB25M 10FT PRNTR INTFC	 $27.75 
49245759000A	CA,DC,SOLAR IN	 $32.71 
49201794000A	CA,DC/DC,PWR DISTR	 $19.12 
39012774000A	CA,DET,OPT,EMTR/SNSR,IR	 $65.12 
ULB75031000A	CA,DIAG,RTU	 $460.40 
19047046000A	CA,DIAGNOSTIC,RTU	 $644.02 
41020506000A	CA,DR POSN SNSR	 $113.76 
49240463000A	CA,DRIVER,LCD,LED BKLT,10.4 IN SD	 $22.17 
49240463000B	CA,DRIVER,LCD,LED BKLT,10.4 IN SD	 $14.14 
49240521000A	CA,DRIVER,LCD,LED BKLT,15 IN,CD	 $7.64 
19041671000A	CA,E1 VMS/E1 INTFC	 $164.43 
19055170000A	CA,ETHERLAN,COMM	 $64.86 
LXRVCATMEXT1	CA,EXT,51 TO 100 FT	 $783.00 
31020273000E	CA,EXT,MIC,36 IN	 $48.41 
31020273000F	CA,EXT,MIC,48 IN(4FT)	 $50.80 
31020273000B	CA,EXT,MIC,4FT	 $46.87 
31020273000H	CA,EXT,MIC,6 IN	 $55.47 
31020273000G	CA,EXT,MIC,84 IN	 $69.59 
49233825000A	CA,EXTN,BCS 2D	 $35.55 
49240539000A	CA,FEM,LED ASSY,CCR	 $2.45 
29003121000G	CA,GND	 $4.84 
29010299000C	CA,GND	 $47.24 
29010299000K	CA,GND	 $10.79 
29010299000L	CA,GND	 $6.36 
49211576000C	CA,GND	 $12.61 
49211576000E	CA,GND	 $12.52 
49211576000H	CA,GND	 $16.61 
49219091000A	CA,GND	 $16.47 
49221694000A	CA,GND	 $12.99 
29012160000A	CA,GND,DISTR PNL	 $8.84 
41025463000B	CA,GND,JMPR	 $7.89 
41025463000E	CA,GND,JMPR	 $8.67 
29009896000A	CA,GND,JNL PRNTR	 $27.03 
29010874000A	CA,GND,UPR TRAY	 $103.18 
19042604000A	CA,IDE	 $243.24 
ULKO81400000	CA,INPUT,ALRM,60FT,4-WIRE	 $13.98 
31019508000A	CA,INTCON,DR SNSR	 $19.63 
31019508000B	CA,INTCON,DR SNSR	 $317.48 
PLCM9505IC00	CA,INTERCONNECT,25FT,RJ45 TO RJ45	 $52.73 
19042538000A	CA,INTERNAL,VICO-3 TO BNC CCA	 $287.76 
11044958000A	CA,INTFC,12-BAY RAID	 $137.03 
11044945000A	CA,INTFC,8-BAY RAID	 $82.22 
NO5040233000	CA,INTFC,LINE TAP,RS-232,ATM	 $59.45 
NO5040422000	CA,INTFC,LINE TAP,RS-422,ATM	 $67.47 
NO2723860100	CA,INTFC,SHARP 2386	 $772.82 
NO2401420100	CA,INTFC,WILSON/GASBOY,CFN SYS	 $43.85 
29009296000A	CA,JMPR,VOICE OPTN,MDS	 $10.56 
19047456000A	CA,KYBD,100FT,OPTIONAL	 $150.73 
49250367000B	CA,LEAD THRU,3 DEV	 $28.71 
49020687000A	CA,LED,INTERMEDIATE	 $18.56 
29002214000A	CA,LGC	 $10.23 
39002146000A	CA,LGC	 $46.15 
39002146000B	CA,LGC	 $30.44 
39002146000E	CA,LGC	 $30.09 
39003034000F	CA,LGC	 $27.09 
39003035000F	CA,LGC	 $38.98 
39003035000G	CA,LGC	 $39.82 
39003035000H	CA,LGC	 $26.54 
39003036000A	CA,LGC	 $26.18 
39005880000A	CA,LGC	 $20.92 
39006458000A	CA,LGC, NULL MODEM	 $109.62 
19048345000A	CA,LGC,4FT,W/BNC	 $46.65 
39014431000A	CA,LGC,AAC ADPTR	 $80.91 
31019771000A	CA,LGC,AHD ALRM	 $9.31 
49011185000B	CA,LGC,ALRM INTFC	 $157.28 
39006264000A	CA,LGC,ALRM,I/O	 $30.58 
39014090000A	CA,LGC,ATM,EXPRESSBUS,FIELD INSTALLED	 $54.81 
39010615000A	CA,LGC,AUX	 $0.00 
49009193000B	CA,LGC,AUX	 $88.41 
39011448000A	CA,LGC,BAR CODE	 $127.04 
29001588000B	CA,LGC,BILLTRAP	 $22.75 
29013353000A	CA,LGC,BTP,PRL ZIP	 $45.14 
39002111000A	CA,LGC,BUS	 $111.97 
29002625000B	CA,LGC,CAMR INTF	 $66.82 
39008704000A	CA,LGC,CASH PKT RETRO KIT	 $14.18 
19047526000A	CA,LGC,CAT5,BLK,10FT	 $5.41 
19047525000A	CA,LGC,CAT5,BLK,3FT	 $2.98 
19056522000A	CA,LGC,CAT5,PATCH CORD,10 FT	 $8.31 
49250910000B	CA,LGC,CAT5E	 $34.01 
19056512000A	CA,LGC,CAT5E,PLENUM	 $338.22 
39014228000A	CA,LGC,CNTRL,SCNR	 $46.75 
49209529000A	CA,LGC,CNTRL/SNSR SW	 $20.64 
19041470000A	CA,LGC,CNTRLR CONN,M 200.00	 $75.83 
19056506000A	CA,LGC,COAXIAL,RG59	 $1,083.42 
39014285000A	CA,LGC,COIN	 $65.84 
39009924000A	CA,LGC,COIN DISPR	 $106.08 
49211589000B	CA,LGC,COIN,FASCIA	 $44.73 
31018656000A	CA,LGC,COMM	 $27.29 
21016916000A	CA,LGC,COMM,CAMR TO VID GRPH CD	 $123.12 
49211800000A	CA,LGC,COMM,CRSVR	 $6.16 
39008249000A	CA,LGC,COMM,PORT 17-22	 $296.35 
39006362000A	CA,LGC,COMM,SEC CHAN MODEM	 $33.85 
41024416000A	CA,LGC,CONTROL BOX,METRICS	 $38.15 
39004007000A	CA,LGC,COVER	 $29.09 
19047527000A	CA,LGC,CROSSOVER,CAT5,RED,5FT	 $7.83 
39013181000B	CA,LGC,DET,OPT,EMTR/SNSR,REFL,IR	 $30.78 
39013191000B	CA,LGC,DET,OPT,EMTR/SNSR,REFL,IR,W/MECH SW LD	 $35.69 
39008979000B	CA,LGC,DET,SNSR,DISPR,XPRT	 $60.30 
39009008000C	CA,LGC,DET,SNSR,XPRT,SPD	 $37.47 
39009008000D	CA,LGC,DET,SNSR,XPRT,SPD	 $22.70 
49010639000A	CA,LGC,DIN	 $42.82 
49209533000A	CA,LGC,DIP RDR/CAPACITOR	 $9.83 
21017148000A	CA,LGC,DISK DR	 $112.23 
39008911000E	CA,LGC,DISPR KYBD	 $22.30 
49235257000C	CA,LGC,DOCKING SWITCH,1300MM,AFD2.0	 $11.59 
49235257000A	CA,LGC,DOCKING SWITCH,920.00	 $351.26 
41026491000A	CA,LGC,DOOR SW	 $12.38 
49258554000A	CA,LGC,DOOR SW	 $9.53 
39008356000A	CA,LGC,DR ALRM,ETM	 $19.45 
29011216000A	CA,LGC,DSM MMD	 $53.59 
49211498000A	CA,LGC,DVI-D,SGL LINK	 $26.62 
49211498000G	CA,LGC,DVI-D,SGL LNK	 $35.90 
21019166000A	CA,LGC,DVR,RESET	 $5.46 
39013072000A	CA,LGC,ECKI/ISOS	 $30.24 
39012513000B	CA,LGC,EPIC CTRLR TO PRINTER	 $118.01 
39011817000A	CA,LGC,EXIT SNSR,SDM	 $22.12 
49250360000A	CA,LGC,EXTN,CAT5E	 $45.62 
49211617000E	CA,LGC,EXTN,HEADPHONE	 $21.24 
39014214000A	CA,LGC,EXTN,VOICE,ISL	 $37.47 
39013733000A	CA,LGC,FCTN KY,RL	 $67.47 
41015274000F	CA,LGC,FDSK	 $52.20 
41015274001G	CA,LGC,FDSK	 $68.52 
49014573000A	CA,LGC,FLEX CKT,008 CKT,11.00 IN,1 TO 1	 $13.03 
19042648000A	CA,LGC,FLEX CKT,019 CKT	 $13.52 
49007847000E	CA,LGC,FLOPPY	 $45.32 
49007847000G	CA,LGC,FLOPPY	 $22.38 
49211634000A	CA,LGC,FNCT KY	 $27.67 
49211634000C	CA,LGC,FNTC KY	 $21.32 
29014210000A	CA,LGC,FUNC KEYS	 $42.82 
29009996000A	CA,LGC,GENDER CHNG,CTP	 $45.32 
29009300000A	CA,LGC,GND	 $12.76 
41015274000G	CA,LGC,HDDSK	 $54.81 
41015274001H	CA,LGC,HDDSK	 $68.52 
19055174000A	CA,LGC,HOST TO MDM	 $64.86 
39005976000C	CA,LGC,I/O	 $12.93 
31018671000A	CA,LGC,I/O,NIA	 $74.02 
21016869000A	CA,LGC,INPUT	 $573.49 
19036449000A	CA,LGC,INTFC	 $92.61 
41020981000A	CA,LGC,IR SNSR,HI FLEX	 $186.62 
41025835000A	CA,LGC,JMP	 $4.53 
29007878000A	CA,LGC,JMP,SAFETY SW	 $3.65 
39010429000A	CA,LGC,JMPR	 $9.86 
49211527000A	CA,LGC,JMPR,SEISMIC	 $4.37 
21016621000A	CA,LGC,JMPR,VAULT DR CONT	 $1.70 
89027966000A	CA,LGC,JNL PRNTR	 $38.00 
29001681000B	CA,LGC,KY SW	 $16.50 
39010614000A	CA,LGC,KYBD	 $0.00 
19057827000A	CA,LGC,KYBD EXTN,AT/PS2,06.00 IN,RVS	 $9.68 
39011928000C	CA,LGC,KYBD,016 KY	 $55.22 
49250917000C	CA,LGC,LCC,UCC	 $19.64 
39014240000A	CA,LGC,LED	 $39.61 
41015274000H	CA,LGC,LED	 $18.27 
49227291000A	CA,LGC,LED,PICKER	 $109.34 
29012222000A	CA,LGC,LOOPBACK,PC SER RCPT	 $71.37 
49247841000A	CA,LGC,LOWER	 $10.60 
11043067000A	CA,LGC,LT,HDDSK,IDE	 $49.82 
49227289000A	CA,LGC,LWR UDD	 $4.66 
31017906000A	CA,LGC,MDM INTFC,EXTN	 $72.77 
31017906000B	CA,LGC,MDM INTFC,EXTN	 $97.34 
39011816000A	CA,LGC,MEDIA LO,SDM	 $19.45 
39014086000A	CA,LGC,MINI DIN 6,M/F	 $5.74 
49013902000A	CA,LGC,MLD,SYS SERIAL	 $62.00 
39010428000B	CA,LGC,MOD IN/OUT,COIN	 $49.90 
39010428000C	CA,LGC,MOD IN/OUT,COIN	 $32.88 
39010428000D	CA,LGC,MOD IN/OUT,COIN	 $70.03 
21018928000A	CA,LGC,MOD,PHONE,DVR	 $1.08 
39005977000A	CA,LGC,MODEM	 $17.76 
49007244000A	CA,LGC,MODEM INTFC,EXT	 $93.32 
49007244000B	CA,LGC,MODEM INTFC,EXT	 $118.06 
11047460000A	CA,LGC,MULITMODE,FIBER OPTIC,PLENUM,USPS ONLY	 $1.24 
49012003000B	CA,LGC,OUT/JAM,PPR,JNL PRNTR	 $155.22 
29013758000A	CA,LGC,PATCH,EPP	 $46.73 
19036627000A	CA,LGC,PHONE,MDLR	 $7.03 
29009052000A	CA,LGC,PHONE,MDLR	 $19.13 
29013637000A	CA,LGC,PHONE,MDLR,04 COND	 $2.48 
29013391000A	CA,LGC,PHONE,MDLR,04 COND,XWIRE	 $4.34 
49249349000A	CA,LGC,PHONE,MDLR,RJ25,07 FT,STR	 $34.02 
19056516000A	CA,LGC,PLENUM	 $1,136.87 
39006221000E	CA,LGC,PPR LOW,JNL	 $262.54 
39006221000C	CA,LGC,PPR LOW,RCPT	 $35.24 
39006221000F	CA,LGC,PPR OUT	 $35.24 
49009195000C	CA,LGC,PRL	 $94.85 
19033330000D	CA,LGC,PRL PRNTR,15 FT	 $7.56 
21017566000A	CA,LGC,PRL,10 FT	 $29.30 
49235468000A	CA,LGC,PRNT HD	 $91.13 
29012195000A	CA,LGC,PRNTR,IEEE 1284A/C,PRL,15 FT	 $106.70 
39009610000A	CA,LGC,PRNTR,PPR LO	 $132.21 
39007381000B	CA,LGC,PRNTR,PPR LOW	 $17.24 
39007789000A	CA,LGC,PRNTR,SNSR	 $22.12 
39007790000A	CA,LGC,PRNTR,SW	 $43.53 
49249036000A	CA,LGC,PWR SUPPLY JMPR	 $8.10 
49214910000A	CA,LGC,READ HEAD	 $31.11 
19056523000A	CA,LGC,RED AMPHENOL,30FT	 $71.06 
49206848000B	CA,LGC,RESET	 $11.51 
49013296000A	CA,LGC,RJ45,PATCH CORD,PLUG-JACK,6 FT	 $136.40 
29009909000A	CA,LGC,RLY,SIGNAGE	 $17.84 
19040196000A	CA,LGC,RS232,QUAD	 $9.05 
19056508000A	CA,LGC,RS485,1000 FT	 $213.17 
49250922000B	CA,LGC,RSI	 $19.23 
29004912000A	CA,LGC,RST/TEST	 $12.20 
49004599000A	CA,LGC,SAFE ALRM #1	 $75.18 
39017381000A	CA,LGC,SATA,18.00 IN	 $8.47 
39017404000A	CA,LGC,SATA,M 0500.00	 $23.34 
29013613000A	CA,LGC,SCNR CNTRL,IDM II	 $17.76 
49201295000A	CA,LGC,SCNR DATA,FRONT	 $97.70 
49215631000A	CA,LGC,SCNR,BOT	 $87.97 
49215630000B	CA,LGC,SCNR,TOP	 $34.21 
49009194000A	CA,LGC,SER	 $50.98 
39014448000A	CA,LGC,SER EXTN,06 FT,DB9 MF	 $21.05 
29011760000C	CA,LGC,SER,EPP	 $41.54 
29016425000A	CA,LGC,SER,EPP	 $75.83 
29014073000A	CA,LGC,SERIAL	 $30.66 
49248958000D	CA,LGC,SHUTTER	 $50.79 
49249024000A	CA,LGC,SHUTTER EXT	 $66.71 
39013716000A	CA,LGC,SIGNAGE	 $19.99 
49250921000A	CA,LGC,SIGNAGE,TOP	 $8.15 
49017972000A	CA,LGC,SMART CD RDR	 $169.65 
49248247000C	CA,LGC,SNS,DVRT ENTRY	 $4.90 
49216119021A	CA,LGC,SNSR	 $34.02 
31017609000A	CA,LGC,SNSR,SAFETY PNL	 $62.87 
39012944000B	CA,LGC,SPINEK	 $13.11 
49207940000A	CA,LGC,SPKR	 $9.79 
49218184000C	CA,LGC,SPKR	 $22.17 
49252191000A	CA,LGC,SPKR	 $31.79 
49252193000A	CA,LGC,SPKR EXTN	 $37.52 
29011750000A	CA,LGC,SPKR INTFC	 $19.19 
49024293000A	CA,LGC,SPKR INTFC	 $97.15 
39014477000A	CA,LGC,SPKR,INTFC	 $30.24 
11047192000A	CA,LGC,SR-8	 $68.52 
49211512000G	CA,LGC,STEREO	 $3.40 
29003114000A	CA,LGC,SW	 $25.54 
49248253000A	CA,LGC,SW	 $24.46 
49258522000A	CA,LGC,SW	 $7.37 
49258522000B	CA,LGC,SW	 $7.97 
49239781000A	CA,LGC,SW,MOD2 ADPTR	 $7.64 
49211599000A	CA,LGC,TCM,SW	 $31.11 
49204889000A	CA,LGC,TCM,SW,CD	 $19.12 
49211587000A	CA,LGC,TCM,SW,FL	 $21.95 
19056510000A	CA,LGC,TEFLON,8 COND	 $306.95 
39014237000A	CA,LGC,TELLER 1	 $42.55 
39012950000A	CA,LGC,THRML PRNTR	 $49.52 
29012270000B	CA,LGC,TMPR	 $30.78 
29005109000B	CA,LGC,TMPR PATCH	 $9.78 
49201106000A	CA,LGC,ULTRA ATA,DUAL IDE	 $6.80 
49227288000B	CA,LGC,UPPER UDD	 $7.34 
39014038000A	CA,LGC,UPS	 $98.66 
49235436000B	CA,LGC,USB,A TYPE EXTN	 $22.70 
49235436000D	CA,LGC,USB,A TYPE EXTN	 $9.01 
41022872000A	CA,LGC,USB,A-B	 $42.37 
49211496000C	CA,LGC,USB,A-B	 $35.78 
49211501000B	CA,LGC,USB,A-B RTANG	 $11.78 
49211501000E	CA,LGC,USB,A-B RTANG	 $21.17 
49235434000C	CA,LGC,USB,A-MICRO	 $8.84 
49260719000A	CA,LGC,USB,A-MICRO,FERRITE	 $10.51 
49260719000B	CA,LGC,USB,A-MICRO,FERRITE	 $9.57 
49218382000F	CA,LGC,USB,A-MINI-B	 $47.66 
49240467000A	CA,LGC,USB,A-MINI-B	 $6.84 
49240467000B	CA,LGC,USB,A-MINI-B	 $13.75 
49211501000C	CA,LGC,USB,TYPE A-B RTANG	 $17.33 
49206833000A	CA,LGC,VAL,VID	 $6.39 
41020757000A	CA,LGC,VIL,I/O	 $7.76 
41020755000A	CA,LGC,VIN,VID IN	 $7.33 
11065775000A	CA,LOGC,FLEX CKT,008 CKT,435MM	 $8.27 
49211110000A	CA,LOGIC,DISPR KYBD,160mm	 $10.40 
49211110000B	CA,LOGIC,DISPR KYBD,345mm	 $7.87 
49211110000D	CA,LOGIC,DISPR KYBD,570mm	 $8.52 
49240514000A	CA,LVDS,LCD,LED BKLT,15IN,DSPL	 $46.92 
TSN93157000A	CA,MAIN I/F	 $316.80 
49240539000B	CA,MALE,LED ASSY,CCR	 $2.45 
19046873000A	CA,MDL,EXTENDER,KVM,10FT	 $40.55 
ULKO70000000	CA,MDLR,CONN,RJ-11-E	 $11.18 
ULB123820000	CA,MDM,DB9-MDM/DSU	 $55.91 
ULB123830000	CA,MDM,STARGATE-MDM/DSU	 $55.91 
49227290000D	CA,MODULE LATCHED	 $7.64 
19049206000A	CA,MON,SERVICE,1 METER,FLEXIDOME XT	 $28.22 
49225535000A	CA,MOT,EFFC,RL	 $24.46 
49250165000A	CA,MTR,BIPOLAR	 $8.64 
49250165000B	CA,MTR,BIPOLAR	 $12.76 
21019475000A	CA,MULTI CONDUCTOR	 $1.25 
19053103000A	CA,NETWORK COMM,25FT,25COND	 $58.97 
19053104000A	CA,NETWORK COMM,5FT,25 COND	 $34.40 
19041667000A	CA,NULL ETHERNET,RJ45 TO RJ45	 $27.03 
19041665000A	CA,NULL MOD,DB25 FEMALE TO DB25 FEMALE	 $40.55 
19041669000A	CA,NULL MOD,DB25 MALE TO DB9 MALE	 $40.55 
19041668000A	CA,NULL MOD,M/34 TO DB25 FEMALE	 $411.08 
19041666000A	CA,NULL MOD,RS232 ASYCHRONOUS	 $54.05 
31019480000B	CA,OPT DOOR SNSR	 $40.43 
31019480000A	CA,OPT DR SNSR	 $32.88 
21018005000A	CA,OPT SNSR,INTCON	 $23.48 
29014311000A	CA,PAIRED,100FT	 $28.35 
19057391000A	CA,PATCH CORD,CAT5,4 PAIR,10 FT	 $8.11 
11047413000A	CA,PATCH,1 FT,CAT 6,NON-BOOTED,WHT	 $3.16 
11047418000A	CA,PATCH,1 M,MULTIMODE FIBER,LC TO ST,USPS ONLY	 $68.43 
11047421000A	CA,PATCH,1 M,MULTIMODE FIBER,ST TO ST,USPS ONLY	 $45.79 
11047417000A	CA,PATCH,10 FT,CAT 6,NON-BOOTED,WHT	 $8.09 
11047414000A	CA,PATCH,2 FT,CAT 6,NON-BOOTED,WHT	 $3.47 
11047419000A	CA,PATCH,2 M,MULTIMODE FIBER,LC TO ST,USPS ONLY	 $72.35 
11047422000A	CA,PATCH,2 M,MULTIMODE FIBER,ST TO ST,USPS ONLY	 $50.59 
11047420000A	CA,PATCH,3 M,MULTIMODE FIBER,LC TO ST,USPS ONLY	 $75.64 
11047423000A	CA,PATCH,3 M,MULTIMODE FIBER,ST TO ST,USPS ONLY	 $55.67 
49220949000A	CA,PATCH,MTR	 $6.11 
49220942000A	CA,PATCH,RFL SNSR	 $4.97 
ULKPGACABLE3	CA,PC TO PSP,RS-232,9-PIN CONNECTOR	 $95.92 
19059656000A	CA,PHONE,CUSTOM	 $50.00 
19056515000A	CA,PRE-FABRICATED,3 FT,BNC JUMPERS	 $18.14 
DM3930000000	CA,PRNTR & DATA,462P	 $35.96 
TSN63143000A	CA,PRNTR INTFC-W/CONN B&B	 $71.28 
DM3300000000	CA,PROGRAMMING	 $9.59 
TE002952001D	CA,PUSH BUTTON BOX WEAR	 $45.41 
31018786000B	CA,PWR & LGC DET,OPTN	 $83.58 
21017198000A	CA,PWR & LGC PRNTR,SER	 $29.30 
39011305000E	CA,PWR & LGC,05 CONN,08 IN	 $31.77 
39011305000D	CA,PWR & LGC,06 CONN,08 IN	 $36.49 
39011305000G	CA,PWR & LGC,06 CONN,12 IN	 $40.27 
39012949000A	CA,PWR & LGC,7.7 IN LCD	 $43.73 
31020277000C	CA,PWR & LGC,816 AUDIO INTCON	 $71.55 
31020266000B	CA,PWR & LGC,ACM,ONE ON ONE	 $32.25 
49008989000A	CA,PWR & LGC,ALRM,B OF A SPCL	 $223.86 
39006902000A	CA,PWR & LGC,ANNUN	 $6.80 
39010922000B	CA,PWR & LGC,CD DIP	 $71.37 
39006551000A	CA,PWR & LGC,CD RDR	 $100.36 
39010922000A	CA,PWR & LGC,CD RDR	 $71.37 
39012358000A	CA,PWR & LGC,CHIP CD STA INTFC	 $55.22 
49012095000A	CA,PWR & LGC,CIBC,SIDEKICK	 $87.97 
49024970000A	CA,PWR & LGC,CIM-86 INTFC	 $71.28 
49013483000B	CA,PWR & LGC,CIM-86 INTFC,IX SERIES	 $202.25 
29010332000C	CA,PWR & LGC,COILED,UDM	 $12.33 
49011071000A	CA,PWR & LGC,COIN CHUTE/CNTRL	 $140.94 
49011072000A	CA,PWR & LGC,COIN,CNTRL	 $445.50 
41019018000A	CA,PWR & LGC,CUST,INTCON	 $216.57 
41019018000B	CA,PWR & LGC,CUST,INTCON	 $178.34 
31017978000B	CA,PWR & LGC,CUST,VAT 21	 $41.32 
31017978000G	CA,PWR & LGC,CUST,VAT 21	 $90.47 
31018326000A	CA,PWR & LGC,DC,ONE ON ONE,TAC	 $45.94 
39008085000B	CA,PWR & LGC,DET,OPT	 $49.07 
39009666000A	CA,PWR & LGC,DISP	 $72.35 
39017495046A	CA,PWR & LGC,DOOR SW	 $43.43 
31018627000A	CA,PWR & LGC,DSUB PATCH	 $38.40 
49211594000A	CA,PWR & LGC,EAI	 $42.48 
49211615000A	CA,PWR & LGC,EAI,EXTN	 $184.60 
39017495094A	Ca,Pwr & Lgc,EAI,Intfc	 $27.10 
39011973000B	CA,PWR & LGC,EFT EPP2	 $223.02 
49017360000A	CA,PWR & LGC,EPP INTFC	 $481.73 
39017495042A	CA,PWR & LGC,EXPANDER TO COMM	 $61.10 
31018792000B	CA,PWR & LGC,FACIA	 $77.40 
31018792000G	CA,PWR & LGC,FACIA	 $128.53 
31017962000A	CA,PWR & LGC,FLEX FLAT,ULTSNC	 $56.55 
31019476000C	CA,PWR & LGC,INTCON,MOLD	 $84.83 
31019476000D	CA,PWR & LGC,INTCON,MOLD	 $74.53 
29010444000D	CA,PWR & LGC,INTL,RGTR ADPTR	 $30.24 
49017145000A	CA,PWR & LGC,INTL,SHELF,SST	 $26.31 
49213342000B	CA,PWR & LGC,INVERTER,CD	 $18.50 
39010876000A	CA,PWR & LGC,KDM/MAINT	 $39.08 
49253811000C	CA,PWR & LGC,LCL ACS KYPD	 $11.73 
41018439000B	CA,PWR & LGC,MAIN	 $1,054.37 
41018795000B	CA,PWR & LGC,MAIN	 $208.93 
00101608000B	CA,PWR & LGC,MDL TO MDL,20.0 FT	 $86.51 
31018256000A	CA,PWR & LGC,MDLR LINE,RJ-11	 $42.44 
29010417000D	CA,PWR & LGC,MDLR,06 CKT,10.00 FT,OFS LCH	 $5.40 
29010775000B	CA,PWR & LGC,MDLR,08 CKT,03.04 FT	 $5.81 
29010775000C	CA,PWR & LGC,MDLR,08 CKT,03.06 FT	 $4.84 
29010441000F	CA,PWR & LGC,MDLR,08 CKT,08.00 FT,HOOK RGTR	 $17.49 
49017977000A	CA,PWR & LGC,MODULE INTRFC,REAR CAMR,PPM	 $53.44 
49218379000E	CA,PWR & LGC,ONE SW	 $26.36 
41018440000A	CA,PWR & LGC,OP PANEL	 $112.99 
31019506000B	CA,PWR & LGC,OPR CNTRL	 $51.24 
31019459000A	CA,PWR & LGC,OPR INTCON	 $33.92 
41019017000B	CA,PWR & LGC,OPR,INTCON	 $173.81 
41019062000B	CA,PWR & LGC,OPR,MAIN	 $317.50 
41018317000B	CA,PWR & LGC,PIVOT SENSOR	 $153.37 
49012182000A	CA,PWR & LGC,PRESIDER I/C	 $197.51 
19050108000A	CA,PWR & LGC,PRNT HD,RCD	 $20.79 
49017976000A	CA,PWR & LGC,RJ45,REAR CAMR,PPM	 $45.50 
49004600000A	CA,PWR & LGC,SAFE ALRM,#2	 $6.88 
41020628000A	CA,PWR & LGC,SATA-AUX PWR	 $56.46 
41020628000B	CA,PWR & LGC,SATA-AUX PWR	 $26.83 
31019837000A	CA,PWR & LGC,TELLER	 $41.40 
31017979000B	CA,PWR & LGC,TELLER,VAT 21	 $48.92 
31019837000B	CA,PWR & LGC,TELLER,VAT-23 O/H	 $48.43 
39010873000A	CA,PWR & LGC,TRFC LT	 $97.15 
39010924000E	CA,PWR & LGC,TRFC LT,RMT	 $139.44 
49024546000A	CA,PWR &LGC,DEP	 $111.51 
49279334000A	CA,PWR ADAPTER,HAIBAO PRCSR	 $26.88 
49018360000A	CA,PWR ADPTR,HTP	 $155.85 
19015432000A	CA,PWR CORD	 $63.72 
41021496000A	CA,PWR SPLY,24.000,AHD	 $281.46 
49247852000A	CA,PWR&CAN,HUB	 $54.68 
49250361000B	CA,PWR&LGC, LWR CNTRL CRD	 $14.36 
49006394000A	CA,PWR&LGC,CASH PCKT D/U	 $118.91 
49258484000A	CA,PWR&LGC,LEAD THRU	 $6.08 
49250361000A	CA,PWR&LGC,LWR CNTRL CRD	 $28.73 
49247843000A	CA,PWR&LGC,SW	 $8.62 
49247843000B	CA,PWR&LGC,SW	 $8.88 
49247843000C	CA,PWR&LGC,SW	 $13.76 
21019969000C	CA,PWR&LGC,TEMP SENSOR	 $10.44 
31020164000B	CA,PWR&LGC,TWO WAY CCTV	 $220.07 
49247838000A	CA,PWR&USB,CURRENT,LOW	 $17.25 
49260665000E	CA,PWR&USB,LCUR	 $23.70 
49205624000A	CA,PWR,12 VDC,MON,DSPL TERM	 $9.45 
19056509000A	CA,PWR,18 GAUGE,6 COND,TEFLON	 $341.06 
49008659000A	CA,PWR,2 HDDSK/2 FDSK	 $130.86 
49211495000E	CA,PWR,24V	 $10.01 
49211495000F	CA,PWR,24V	 $14.40 
49204888000A	CA,PWR,24V SPLITTER	 $10.94 
49245791000A	CA,PWR,24V,SPLY OUT	 $14.14 
29014397000E	CA,PWR,24VAC,W/IEC PLUG,50HZ	 $19.19 
29014397000F	CA,PWR,24VAC,W/IEC PLUG,60HZ	 $19.19 
31020363000C	CA,PWR,816,PBX	 $100.26 
39007164000A	CA,PWR,AC	 $61.82 
39013806000A	CA,PWR,AC	 $169.65 
49247840000B	CA,PWR,AC	 $38.37 
49247845000A	CA,PWR,AC	 $11.73 
49250363000B	CA,PWR,AC	 $20.65 
39010385000A	CA,PWR,AC INP	 $54.81 
39010039000A	CA,PWR,AC INP,IEC320 CONN	 $32.40 
29009919000A	CA,PWR,AC JMPR	 $8.92 
29010996000A	CA,PWR,AC,006 CKT	 $19.22 
29016686000A	CA,PWR,AC,125V	 $31.00 
41015274000T	CA,PWR,AC,125V,6 FT	 $28.71 
49242638000A	CA,PWR,AC,125V,PWR SPLY	 $17.64 
39012686000A	CA,PWR,AC,AC DISTR	 $10.25 
39006261000A	CA,PWR,AC,ALRM,OPT #2	 $42.37 
11037226000A	CA,PWR,AC,AUSTL	 $55.32 
39005296000A	CA,PWR,AC,BLO PKG	 $22.60 
31019688000B	CA,PWR,AC,BLOWER	 $11.53 
41019396000A	CA,PWR,AC,BLWR,CNTRL	 $30.66 
21015519000B	CA,PWR,AC,BTRY	 $11.41 
49205814000A	CA,PWR,AC,CPU MT	 $17.21 
29012170000A	CA,PWR,AC,DISTR PNL	 $2.30 
49006178000A	CA,PWR,AC,DISTR PNL,FR LOAD	 $91.03 
39012036000A	CA,PWR,AC,DISTR,ALRM	 $838.04 
11037224000A	CA,PWR,AC,EUROPE	 $57.33 
19020146000A	CA,PWR,AC,EXTN	 $27.09 
31018316000A	CA,PWR,AC,FAN	 $29.43 
49007772000B	CA,PWR,AC,HTR INP	 $60.30 
49010880000A	CA,PWR,AC,HTR THRMST	 $72.47 
41015639000D	CA,PWR,AC,HTR,24VAC,19W	 $447.07 
00104793000R	CA,PWR,AC,INLET,CHINA	 $34.02 
00104793000A	CA,PWR,AC,INLET,CONT EUR	 $33.13 
00104793000G	CA,PWR,AC,INLET,GT BRIT	 $31.50 
00104793000D	CA,PWR,AC,INLET,ISR	 $45.50 
00104793000J	CA,PWR,AC,INLET,N AMER	 $37.56 
00104793000K	CA,PWR,AC,INLET,TWLK,N AMER	 $125.54 
39007705000A	CA,PWR,AC,INP	 $75.75 
39005947000A	CA,PWR,AC,JMPR,120VAC	 $25.13 
29010999000A	CA,PWR,AC,JMPR,BLK	 $6.28 
39007190000B	CA,PWR,AC,LIGHT	 $71.37 
39013250000A	CA,PWR,AC,LMP	 $49.07 
31018684000A	CA,PWR,AC,LOW VOLT,TELLER,CM CCTV	 $45.90 
39014471000A	CA,PWR,AC,MAIN	 $124.09 
49211519000A	CA,PWR,AC,OUTLET	 $22.11 
49211591000A	CA,PWR,AC,OUTLET	 $14.22 
49212575000A	CA,PWR,AC,P4	 $26.85 
39013164000A	CA,PWR,AC,PRI	 $44.60 
38020329000A	CA,PWR,AC,PWR & AUD MDL,120V	 $131.24 
39017303000A	CA,PWR,AC,PWR SPLY	 $17.84 
49007817000A	CA,PWR,AC,PWR SPLY	 $55.63 
49008189000A	CA,PWR,AC,PWR SPLY	 $34.79 
49211781000A	CA,PWR,AC,PWR SPLY,FL	 $74.76 
29013318000A	CA,PWR,AC,SIGNAGE LIGHT	 $15.87 
28020727000A	CA,PWR,AC,SOL	 $15.71 
11037225000A	CA,PWR,AC,UK	 $66.53 
39007726000B	CA,PWR,AC,UPR CHEST,HTR	 $17.84 
29006084000B	CA,PWR,AC,VRIS	 $117.93 
31017426000A	CA,PWR,AUD MUTE COIL	 $13.41 
ULKB5CABAN00	CA,PWR,BD CAMR,W/BNC	 $26.31 
41020883000A	CA,PWR,BLOWER,VAT 21	 $22.60 
NO1821000000	CA,PWR,CAMR,18AWG,2 COND,1000 FT SPOOL	 $200.06 
NO182T100000	CA,PWR,CAMR,PLENUM,18AWG,2 COND,1000 FT SPOOL	 $293.24 
49211529000A	CA,PWR,CAP	 $18.92 
29012986000A	CA,PWR,CD-ROM	 $66.98 
49017698000A	CA,PWR,CSP LMP ASSY	 $18.56 
49256193000A	CA,PWR,DC 24V,ECRM	 $19.21 
49256193000C	CA,PWR,DC 24V,ECRM	 $11.08 
49245752000A	CA,PWR,DC,24V	 $14.06 
49250362000A	CA,PWR,DC,24V	 $30.61 
49250914000B	CA,PWR,DC,24V	 $12.72 
49226644000A	CA,PWR,DC,24V,ADPTR	 $14.14 
49211497000B	CA,PWR,DC,24V,BULK	 $26.51 
49212599000A	CA,PWR,DC,24V,EXTN,DIP RDR	 $21.02 
41025488000A	CA,PWR,DC,24V,HUB	 $31.48 
49216627000A	CA,PWR,DC,24V,Y	 $16.23 
49248961000A	CA,PWR,DC,38V	 $47.30 
49248962000A	CA,PWR,DC,38V	 $53.56 
49211502000D	CA,PWR,DC,48V	 $7.97 
49214430000B	CA,PWR,DC,48V,EXTN=500MM	 $14.87 
49245615000A	CA,PWR,DC,5V,USB HUB	 $5.35 
39017307000A	CA,PWR,DC,AUDIO	 $89.21 
29006327000A	CA,PWR,DC,CAP	 $5.81 
39017382000A	CA,PWR,DC,CMPTR SPLTR	 $1.58 
31017865000A	CA,PWR,DC,DR MOT,VERT VAT	 $100.12 
29008378000A	CA,PWR,DC,FAN	 $8.00 
49211636000B	CA,PWR,DC,FAN	 $47.25 
41016959000A	CA,PWR,DC,IR SNSR,STALN	 $59.00 
41016958000A	CA,PWR,DC,IR SNSR,Y	 $55.80 
39009043000A	CA,PWR,DC,MOT	 $17.84 
39009407000C	CA,PWR,DC,MOT	 $33.27 
49211603000A	CA,PWR,DC,SIGNAGE	 $11.02 
49211604000A	CA,PWR,DC,SIGNAGE CNTRL	 $16.78 
49211500000A	CA,PWR,DC,TCM	 $10.77 
29009171000A	CA,PWR,DIO	 $18.68 
29008880000A	CA,PWR,DISTR PNL	 $7.48 
49252735000B	CA,PWR,EPP LIGHT	 $7.89 
49210324000A	CA,PWR,FAN	 $31.49 
29009148000A	CA,PWR,FUSE	 $7.40 
29009148000B	CA,PWR,FUSE	 $18.56 
29016422000B	CA,PWR,FUSE	 $5.18 
29005954000A	CA,PWR,GND,DISTR PNL	 $11.41 
49018387000A	CA,PWR,HARD DRV,FLOPPY	 $98.93 
39016919000A	CA,PWR,HDDSK,SATA,M 150.00	 $6.88 
49021159000A	CA,PWR,INTL 12.0V W/BRKT	 $13.78 
49205645000A	CA,PWR,INTL,12.0V TO CHAS	 $11.59 
49211426000A	CA,PWR,INVERTER LGC CCA	 $15.29 
49211426000B	CA,PWR,INVERTER LGC CCA	 $15.29 
49211431000A	CA,PWR,INVERTER PWR SPLY CCA	 $24.44 
49214769000C	CA,PWR,INVERTER,CONS DSPL,LCD,08.4 IN	 $22.30 
31018847000A	CA,PWR,IR,CARR,TELLER	 $112.80 
39011681000A	CA,PWR,JMPR,IBPC	 $4.19 
49256197000A	CA,PWR,JUMPER	 $8.11 
21017165000F	CA,PWR,MIC,EXT	 $56.98 
21017165000G	CA,PWR,MIC,EXT	 $75.82 
49011404000A	CA,PWR,MM INTFC	 $60.56 
49220940000A	CA,PWR,MODULE	 $25.64 
49202781000A	CA,PWR,MOT,385mm	 $4.05 
49202781000B	CA,PWR,MOT,670mm	 $5.51 
49207979000C	CA,PWR,MOTOR,185MM	 $4.51 
49207979000A	CA,PWR,MOTOR,385mm	 $4.09 
49207979000D	CA,PWR,MOTOR,795mm	 $10.76 
49215628000A	CA,PWR,MTR,SPOOL	 $37.85 
31018651000A	CA,PWR,NIA	 $62.64 
39000787000A	CA,PWR,PATCH,CL-35 CAMR	 $140.85 
39012619000B	CA,PWR,PATCH,MAIN AC	 $312.15 
39018455000A	CA,PWR,PTR	 $19.99 
19048349000A	CA,PWR,REMOTE MON	 $55.24 
49255808000A	CA,PWR,SATA,VOYAGER	 $6.88 
19046623000A	CA,PWR,SCSI,6FT	 $109.62 
29010745000A	CA,PWR,SOL,COV,UDM	 $5.54 
39018454000A	CA,PWR,SYS	 $42.82 
19056511000A	CA,PWR,TEFLON,14 GAUGE,2 COND	 $295.59 
19056507000A	CA,PWR,TEFLON,18 GAUGE,2 COND	 $147.79 
49273502000A	CA,PWR/LGC,ANT	 $31.50 
ULKB5RIBAN00	CA,RBN,BD CAMR	 $15.79 
19054978000A	CA,RCA MALE TO PIGTAIL,6FT	 $15.42 
19047459000A	CA,RCDR VID CNTRL	 $67.57 
DM3562000000	CA,RJ11,2FT	 $4.66 
19054992000A	CA,RJ45,PATCH,10FT,CROSSOVER	 $27.03 
19049173000A	CA,RS232 TO USB,THERMAL CAMR	 $137.03 
19049172000A	CA,RS232,THERMAL CAMR	 $137.03 
19047033000A	CA,RTU,4-RIM	 $51.35 
UL081290000A	CA,RTU,4-RIMS,C4-RTU	 $82.22 
19047032000A	CA,RTU,8-RIM	 $109.62 
UL081310000A	CA,RTU,8-RIMS,C8-RTU	 $191.84 
21018883000A	CA,SER W/BRKT,COM2 CONN	 $37.87 
49220935000C	CA,SNSR,CHEST XPORT	 $71.90 
49225534000A	CA,SNSR,CTR STACK,EFFC,RL	 $55.58 
49215627000A	CA,SNSR,EMT/DET	 $26.72 
49220922000B	CA,SNSR,EMT/DET	 $49.16 
49217332000B	CA,SNSR,ESCROW,UPR	 $88.48 
49220937000C	CA,SNSR,REJECT PATH	 $120.34 
31020026000A	CA,SOLENOID	 $332.70 
49250365000C	CA,SPEAKER	 $9.53 
11047213000A	CA,SRVC MON,ZCD-4000 SERIES	 $19.19 
41025460000B	CA,SRVS INTFC	 $36.52 
41025910000A	CA,SRVS INTFC LED	 $14.06 
49267160000A	CA,STKR,SNSR	 $26.46 
49220927000A	CA,SW,CASS PRES	 $28.11 
49221139000A	CA,SW,MDL DOCKED	 $9.72 
49217635000A	CA,SWITCH	 $21.92 
19041670000A	CA,T1 VMS/T1 INTFC	 $40.55 
21019698000A	CA,THERMO	 $6.34 
49208528000A	CA,TOP SCAN	 $27.29 
TSN82493000A	CA,TRANSPORT INTFC-DB9F	 $61.92 
49223796000A	CA,TTL,08.4 IN SVD	 $92.33 
19068181000A	CA,UNSHIELDED,TW PAIR,16-CHAN PASSIVE VID HUB	 $342.57 
19068180000A	CA,UNSHIELDED,TW PAIR,8-CHAN PASSIVE VID HUB	 $205.54 
19064618000A	CA,UNSHIELDED,TW PAIR,UTP MDL	 $25.74 
19042276000A	CA,USB,15FT	 $44.42 
49016717000A	CA,VALIDATOR LED	 $15.35 
49020686000A	CA,VALIDATOR,LED	 $21.11 
31020128000C	CA,VID PATCH,OPR DSPL	 $36.97 
31020128000D	CA,VID PATCH,OPR DSPL	 $36.97 
19063641000A	CA,VID,4-CHAN,E-SERIES/S-SERIES	 $54.05 
19063642000A	CA,VID,8-CHAN,E-SERIES/S-SERIES	 $54.05 
39009697000C	CA,VID,ANLG	 $62.00 
49010224000A	CA,VID,ANLG,ADPTR	 $64.49 
39010232000A	CA,VID,ANLG,EXTN	 $38.23 
39010232000B	CA,VID,ANLG,EXTN	 $60.22 
39010232000D	CA,VID,ANLG,EXTN	 $61.10 
NOQ116991200	CA,VID,DATA,GILBARCO	 $512.48 
39013342000A	CA,VID,DSUB/MINI-DIN	 $35.69 
39013342000B	CA,VID,DSUB/MINI-DIN,8 PIN	 $223.02 
11037563000A	CA,VID,FLASHPOINT,CV & SV	 $150.82 
39013735000A	CA,VID,LVDS,RCPT-RCPT	 $76.19 
39014088000A	CA,VID,MON,VGA,15 FT	 $15.05 
19049171000A	CA,VID,THERMAL CAMR	 $40.55 
TSN82183000A	CA,VIDEO EXTENSION 5FT	 $76.36 
TE002624010D	CA,WEAR,BLOWER,VAT 40 SYSTEM TEST	 $148.16 
TSN64413000A	CA,WRG-T-U-IF-CS	 $82.54 
49208525000A	CA,XPORT	 $27.06 
NO2404001600	CA,Y	 $107.59 
19019903000A	CA.ASM.,BATTERY CHARGER	 $6.54 
49247838000H	CA.PWR&USB,CURRENT,LOW	 $29.10 
89029224000A	CA-5 BOARD ASM    # 636-027-43	 $106.58 
MSN85505000A	CABINET ASSB., CASH STORAGE -	 $869.02 
41013680077A	CABINET DOOR ASM	 $189.53 
41013680088A	CABINET DOOR ASM	 $155.93 
41013685000B	CABINET DOOR ASM	 $107.87 
41013681077B	CABINET DR	 $231.53 
41014263000A	CABINET DR,W/COMB LK	 $244.89 
41015585088A	CABINET DR,W/COMB LK	 $256.40 
41015586088A	CABINET DR,W/COMB LK	 $256.40 
41015057077A	CABINET DR,W/DUAL KEYLOCKS	 $265.32 
19036057000A	CABINET KIT,TMPR	 $47.23 
2101712800B0	CABINET LOCK,UNDCNTR (0-BITTED)	 $32.62 
19058860000A	CABINET PANEL,BACK SIDE,809	 $457.70 
19058859000A	CABINET PANEL,BACK SIDE,826	 $783.10 
19058857000A	CABINET PANEL,LEFT SIDE,826/809	 $804.55 
19058858000A	CABINET PANEL,RIGHT SIDE,826/809	 $804.55 
19036546000A	CABINET,ATCK RES	 $72.77 
49007932000A	CABINET,ELECT	 $234.90 
NOVSC2800000	CABINET,LOCKING,CCTV,W/15 TAPE RACK	 $945.48 
19036311000A	CABINET,RMT RLY	 $770.99 
NOESVSC00000	CABINET,SHELF,LOCKING,CCTV,EXTRA	 $120.58 
21018142000A	CABINET,VIDEO SCRTY	 $852.30 
NZ0000002592	cabinetry harness	 $1,315.44 
11036566000A	CABLE	 $78.30 
29001587000A	CABLE	 $526.57 
29001589000A	CABLE	 $29.60 
29001591000A	CABLE	 $651.54 
29001994000A	CABLE	 $36.89 
MSN86795000A	CABLE	 $19.46 
11038355000A	Cable  -  DSP16	 $28.22 
11036886000A	CABLE   14 PIN X 6 FT	 $179.06 
11035654000A	CABLE   2 FT COIL VIDEO W\ PAI	 $91.23 
19036210000A	CABLE   50 FT PRINTER   D8135	 $66.15 
11035797000A	CABLE   MS125 TO MS171  06-100	 $44.37 
39003427000A	CABLE  14 FT.  ATM	 $54.07 
11035654000B	CABLE  4 FT COIL VIDEO CAM PWR	 $58.01 
29001786000A	CABLE - BILL TRAP	 $27.45 
11035798000A	CABLE  MS125 TO MS172   06-100	 $26.10 
11035801000A	CABLE  PIGTAIL          09-113	 $26.10 
11032051000A	CABLE & TACH SENSOR #4832794 C	 $35.34 
11043526000A	CABLE 12FT LOW LOSS TELULAR	 $54.81 
11033514000A	CABLE 6X SAFE #19005	 $0.78 
NZ0000002195	CABLE ASM - 5675	 $164.43 
NZ4450619586	CABLE ASM - 5675	 $164.43 
39007650000B	CABLE ASM FOR ATM CAMERA 14.33	 $82.58 
11032052000A	CABLE ASM.  TACH SENSOR FLYWHE	 $58.99 
29000170000A	CABLE ASM.-BANK DOOR	 $52.03 
MSN65522000A	CABLE ASSB.,FUSE HOLDER *TIDEL	 $0.00 
11031281000A	CABLE ASSEMBLY KIT	 $70.16 
28000950000A	CABLE ASSM	 $11.41 
39002929000A	CABLE ASSY	 $211.29 
FJUSA0206240	CABLE ASSY CA710011437	 $0.05 
11041167000A	CABLE ASSY FIELD DEVICE 6 FT	 $109.62 
41027269000A	CABLE ASSY, 13 INCH, SAFEWIZARD	 $19.55 
41027149000A	CABLE ASSY, 30"; SAFEWIZ SPLIT LOOM	 $39.96 
41027148000A	CABLE ASSY, 40"; SAFEWIZ SPLIT LOOM	 $53.28 
41027147000A	CABLE ASSY, 72"; SAFEWIZ, SPLIT LOOM	 $79.92 
11041159000A	CABLE ASSY, FIELD DEVICE	 $109.62 
39002332000A	CABLE BASE	 $17.19 
11066468000A	Cable Call Extension 10 Ft.	 $118.02 
NZ0000002636	CABLE CHANNEL	 $41.11 
38020513000N	CABLE CONNECTOR 16 PIN FEMALE	 $8.45 
11029951000A	CABLE CONNECTOR 8 PIN PLUG	 $23.72 
39002333000A	CABLE COVER	 $26.67 
11042281000A	CABLE DUCT	 $2.24 
11042188000A	CABLE DUCT MAIN PLUG	 $56.34 
11044771000A	CABLE DYNAKEY 5962	 $356.49 
11062982000A	CABLE EXTENDER USB 6 in MALE TO FEMALE	 $17.02 
NZ0000002664	CABLE FLEX PPD ASSY	 $43.85 
NZ0000003464	CABLE HARNESS	 $52.61 
NZ0000003458	CABLE HARNESS RS232 SWIPREADER	 $124.97 
NZ0000004289	Cable Harness SCPM to Interlock	 $33.72 
41027297000A	CABLE HARNESS, BF, LH	 $97.74 
11041822000A	Cable KVM Extender Module 7'	 $103.42 
39017495164A	CABLE MOTOR CONTROLLER BOARD	 $53.35 
11035804000A	CABLE OCTOPUS FOR DIGIBOARD 76	 $274.05 
39007863000B	CABLE OPTION FOR LINING	 $21.14 
NZ0000003156	CABLE PICK CONT TTW PRESENTER	 $40.56 
11066319000A	Cable Printer Programming	 $53.53 
TE002349000A	CABLE PROTECTOR, 40 PIN	 $95.64 
NZ0000001943	CABLE PRT HD FOR JOURNAL PRINT	 $79.91 
NZ9980869179	cable prt hd for journal print	 $79.91 
31016961000A	CABLE RETAINER	 $0.86 
BRP01002000A	CABLE SERAL ADAPTR DB9 TO DB15	 $0.05 
BRP01001000A	CABLE SERIAL ADAPTR DB9 TO USB	 $0.05 
BRP00800000A	CABLE SHIPMENT SHELF	 $0.05 
BRP00162000A	CABLE STRAP	 $0.05 
89029207000A	CABLE TIE W/ SCREW TAP	 $0.62 
49208021146A	CABLE TIES	 $0.23 
WN1750175858	cable USB2.0 A - Mini_B_angled 0.25M	 $24.94 
11042530000A	CABLE VICO 5 INT TTL 26 PIN	 $42.75 
MSN66658000A	CABLE, #22AWG/STRANDED/6 PR. T	 $1.26 
MSN66017000A	CABLE, 10P/26 LG. RIBBON	 $15.10 
MSN67633000A	CABLE, 12 COND. - W/CONNECTOR	 $79.35 
MSN66669000A	CABLE, 12 IN. LG. RIBBON - W/C	 $48.54 
MSN68789000A	CABLE, 15 COND. *BELDEN #8468*	 $2.43 
MSN72587000A	CABLE, 2 COND SHIELDED *BELDEN	 $1.10 
MSN61393000A	CABLE, 20 COND./22 AWG (1000 F	 $0.97 
MSN67132000A	CABLE, 22 AWG 25 PAIR *COMMUNI	 $0.00 
MSN67127000A	CABLE, 4 COND. *BELDEN #8732*	 $0.27 
MSN64025000A	CABLE, 40P/13 LG. RIBBON - W/C	 $41.65 
11043441000A	CABLE, 6153-037-002	 $51.71 
MSN86692000A	CABLE, 74 1/8 LG. STEEL - W/FI	 $0.00 
MSN68069000A	CABLE, 8 IN. BATTERY - BLUE W/	 $30.42 
NZ0000003950	CABLE, AUDIO	 $25.91 
MSN66394000A	CABLE, CARD READER - W/CONNECT	 $0.00 
MSN94529000A	CABLE, CELLULAR POWER	 $61.88 
MSN80041000A	CABLE, DLU TO LAN	 $179.25 
39002252000A	CABLE, FOOTRAIL	 $191.84 
NZ0000002083	CABLE, I/F PCB, PICK UNIT	 $14.25 
NZ0000001728	CABLE, I/F RIBBON 40 PIN	 $40.56 
NZ0000002618	cable, keybd - 5685	 $986.58 
28020950000A	CABLE, LED ASSY	 $9.14 
19039159000A	CABLE, LOGIC TERM I/O TO SUPV	 $33.41 
41027273000A	CABLE, M LOCK TO TERMINAL BOARD	 $4.89 
MSN88021000A	CABLE, MONEY SCOOP DRIVE	 $72.68 
NZ0000002461	CABLE, MONITOR	 $0.02 
11044770000A	CABLE, POS PRINTER, SERIAL	 $258.65 
MSZ17711490A	CABLE, PRINT HEAD	 $32.64 
MSN81703000A	CABLE, PULL	 $84.83 
39003619000A	CABLE, PWR DIST	 $82.94 
MSN72151000A	CABLE, RG-58-U COAXIAL *BELDEN	 $0.54 
19015271000A	CABLE, SWITCH	 $2.03 
19015271000B	CABLE, SWITCH	 $4.92 
38001214000A	CABLE, SWITCH *3682	 $96.89 
MSN94251000A	CABLE, TRANSCEIVER/PANEL	 $61.88 
TSN63160000A	CABLE,AC BLACK	 $165.39 
49017280000B	CABLE,ASSY,SPOOL WP,SENSORS	 $71.37 
39007650000A	CABLE,CAMR	 $45.14 
BRPT0017000A	CABLE,DISTR EXTRNL NETWRK 25FT	 $0.05 
49211576000J	CABLE,GND	 $3.40 
49211576000K	CABLE,GND	 $4.66 
11066064000A	CABLE,GRND,DM DIST	 $5.47 
29003435000A	CABLE,INPUT POWER	 $40.97 
49203169000B	CABLE,MIXER TO ECKI,EXTENSION	 $28.42 
11044751000A	CABLE,PINPAD 9PIN NCR7453/7456	 $73.90 
19015734000A	CABLE,POWER CORD	 $33.79 
11040185000A	CABLE,RELAY	 $7.56 
29003311000A	CABLE,VIDEO,TIMER/SCHED	 $86.69 
TSN64414000A	CABLE,WRG-DC-DP-555	 $0.00 
31017865000C	CABLE/MOTOR ASSY. VERT VAT	 $105.00 
11065488000A	CABLE-A 2PR,1000FT,RS 485 DATA	 $0.50 
MSZ60005030A	CABLE-BATTERY	 $16.87 
29001930000A	CABLE-BUS	 $253.01 
29001931000E	CABLE-BUS	 $36.28 
39002431000A	CABLE-BUS	 $123.97 
39001947000A	CABLE-CAMERA	 $25.96 
11065489000A	CABLE-F RG 59 COAXIAL - TEFLON	 $0.68 
11065171000A	CADDY FASTNERS	 $405.62 
NZ0000004111	CAFU NLX HARNESS	 $18.71 
19049603000B	CALIBRATION DOC,SCANNER,IDM5	 $173.83 
11043706000A	CALL BUTTON	 $145.37 
11043646000A	CALL BUTTON 400DD DRAWER	 $145.37 
11041175000A	CALL BUTTON REPLACEMENT KIT	 $224.45 
11051587000A	CALL CORD	 $363.39 
11051588000A	CALL CORD	 $374.90 
11050057000A	CALL CORD SIG PUSH BUTTON 6FT	 $43.52 
11051728000A	CALL EXTENSION RELAY	 $74.46 
11050060000A	CALL IN SWITCH W PRIVACY 1G	 $46.67 
11038509000A	CALL PUSH BUTTON	 $501.80 
30001970000	CAM	 $8.24 
03002239000A	CAM	 $41.63 
18020541000A	CAM	 $1.00 
21014546000A	CAM	 $15.55 
21016240000C	CAM	 $78.36 
21019696000A	CAM	 $44.77 
29004827000A	CAM	 $18.92 
29005608000B	CAM	 $8.21 
31016344000A	CAM	 $0.41 
41013774000A	CAM	 $7.70 
49201057000D	CAM	 $14.20 
49246999000D	CAM	 $39.48 
81014365000A	CAM	 $0.17 
MH2060280000	CAM	 $19.38 
NZ0000002814	CAM	 $18.09 
11033583000A	CAM & RELOCKER   ISM	 $217.51 
18000519000A	CAM *02912	 $0.43 
49249397000A	CAM , LOCK , DOOR , SAFE	 $4.97 
11019354000A	CAM ASSY	 $15.27 
MSZ89136130A	CAM ASSY	 $13.52 
10575520000	CAM BAFFLE	 $53.11 
39006765000C	CAM CASSETTE LATCH	 $14.02 
19062983000A	CAM CLOS WALL/CEILING MT,HI-RESOLN CLR CAM	 $660.54 
41020704000U	CAM DETENT	 $17.24 
41027284000A	CAM DETENT CE/F/BF GUN  SAFES	 $19.55 
10850520000	CAM FOLLOWER	 $8.62 
89028123000A	CAM FOLLOWER          REACT	 $20.32 
NZ0000002081	CAM FOLLWER, PRESENTER - 56XX	 $6.58 
MSZ89017780A	CAM FRONT LOCK	 $3.76 
89028121000A	CAM GEAR	 $4.82 
19039144000A	CAM GEAR - 5081	 $32.89 
19039207000A	CAM GEAR - 5085	 $2.20 
21019765000A	CAM IN/OUT	 $43.97 
11050782000A	CAM KIT, FOR MEDECO LOCKS	 $208.55 
49016235000A	CAM LINK	 $6.95 
L20001450000	CAM LINK	 $13.64 
11065744000A	CAM LOCK W/MOUNTING HARDWARE	 $9.61 
49018196000A	CAM LOCK, DOOR	 $3.51 
30003090000	CAM LOCKING SPRING F	 $2.41 
19039206000A	CAM MOTOR W/GEAR	 $219.24 
NZ0000002146	CAM NEW STYLE SHUTTER ASSY	 $16.99 
11032331000A	CAM PL	 $13.57 
29001496000A	CAM PLATE	 $12.98 
MSN78831000A	CAM PLATE	 $15.49 
11050066000A	CAM POWER SUPPY 4AMP 1 OUTPUT	 $271.76 
11018907000A	CAM SPACER	 $7.54 
89030959000A	CAM, CATCHER	 $21.55 
11043741000A	CAM, DS3 ABF VAN DOME W/ LENS	 $1,385.85 
49266338000A	CAM, GATE, DRV W/MAGNETS	 $18.77 
39012728000A	CAM, LK,HSG,FL,1064IX	 $2.42 
49204275000A	CAM, LOCK	 $6.42 
MSN83937000A	CAM, LOCK *CORBIN #114F21-2*	 $3.32 
MSN82752000A	CAM, LOCK *MEDECO #CT-L01*	 $2.87 
19041417000A	CAM, LOCK, FL	 $40.11 
NZ0000002453	CAM, TWIN TRACK	 $0.02 
49215794000A	CAM,ALIGN,BCA	 $52.37 
49215716000A	CAM,BIN 2 LOCK	 $4.87 
49213785000A	CAM,BIN LOCK	 $5.48 
39009205000A	CAM,DVRT	 $9.90 
29013368000A	CAM,FLUSH LOCK	 $7.39 
49239906000C	CAM,GATE,DRV	 $6.68 
49022787000A	CAM,GATE,GUIDE	 $8.48 
49020231000B	CAM,GATE,LEFT	 $10.71 
49020231000A	CAM,GATE,RIGHT	 $10.71 
11037216000A	CAM,HD LIFTER	 $2.38 
49022847000B	CAM,LATCH,OFFSET	 $10.77 
19000332000A	CAM,LK	 $5.90 
39014242000C	CAM,LK	 $11.23 
49200739000G	CAM,LK,CAB	 $7.64 
49201416000C	CAM,LK,CAB	 $7.26 
49204157000D	CAM,LK,CASH DISPENSER,FL	 $7.26 
49204445000A	CAM,LK,LWR DR	 $11.31 
49204445000B	CAM,LK,LWR DR	 $4.82 
49213508000B	CAM,LK,REAR DR	 $4.73 
39007735000A	CAM,LKG CHST	 $38.38 
19021478000A	CAM,LOCK	 $2.92 
39008409000A	CAM,LOCK	 $2.06 
49008544000B	CAM,LOCK	 $13.07 
49024538000C	CAM,LOCK	 $16.39 
49219809000A	CAM,LOCK	 $13.80 
49247262000E	CAM,LOCK	 $3.06 
49208253000C	CAM,LOCK BIN	 $4.98 
29011607000C	CAM,LOCK,0.50 IN. CHST,LWR FASCIA,RCD	 $7.68 
49208720000A	CAM,LOCK,CAB	 $3.99 
49278167000A	CAM,LOCK,CONN,522	 $13.88 
39012728000B	CAM,LOCK,HSG,F/L,1064IX	 $1.31 
29011607000A	CAM,LOCK,LWR FACIA,RCD	 $3.21 
49013845000B	CAM,LOCK,UPR ENCL,CSP 200/400	 $1.85 
49013845000A	CAM,LOCK,UPR ENCL,ENHANCED CSP	 $3.27 
49200310000B	CAM,PICK FLOOR	 $6.19 
39010062000B	CAM,REAR LK	 $122.87 
49202703000A	CAM,SECURE LOCK	 $12.47 
49220835000A	CAM,STOP,TRAIL EDGE	 $11.23 
21019874000A	CAM,UNIVERSAL	 $7.50 
41020905000A	CAM,UNIVERSAL	 $6.65 
29011050000A	CAM,YOKE,DRVR	 $75.83 
19064522000K	CAM/SD22X/A - 1/4" Super HAD CCD, 22x optical(3.9-85.8mm), 11x digital, 480TVL, 1.0lux(color), 0.02lux(sens-up)	 $2,259.54 
19064524000K	CAM/SD26X/A - 1/4" Ex-view CCD, 26x optical(2.5-91mm), 12x digital, Day/night(ICR), 480TVL, 1.0lux(color), 0.01lux(sens-up)	 $3,389.32 
19064523000K	CAM/SDAF3/A - Ceiling flush mount housing( Flush dome housing with black Can), Zero degree view	 $326.97 
19064526000K	CAM/SDAO/A - Speed dome outdoor housing, Wall/ceiling mount bracket, built-in blower/heater/sun-shield kit	 $770.90 
19064525000K	CAM/SDARM/A - Roof and Parapet mount kit	 $789.51 
19071684000A	CAM-24Z704USB-N-SYS INCLUDES CAMERA WITH STAND,POWER SUPPLY AND 6 FT USB CABLE,TWAIN DATA SOURCE AND CAMERA CONTROL/SET UP SOFTWARE	 $3,738.69 
19049915000A	CAMCLOSURE ICS110 PENDANT MOUNT ADAPTER	 $56.00 
11050061000A	CAMCLOSURE IN CEILING CIR NO C	 $227.13 
ULKD6QDCN100	CAME,ENCL,PKG,W/PLUG-IN PWR SPLY,W/GOLD TRIM	 $4,807.94 
11051554000A	CAMERA	 $137.03 
BLENVC120C00	Camera	 $4,672.56 
00041283000A	CAMERA #	 $4,526.83 
BTC651B00000	CAMERA 1/2" B\W 110V   NO LENS	 $417.60 
BTC651B60000	CAMERA 1/2" B\W 110V W\6MM F/6	 $566.06 
IKICD4624000	CAMERA 1/2" B\W CCD 24VAC 575	 $1,417.23 
IKICD40VP000	CAMERA 1/2" CCD B\W VIA PB-40	 $694.26 
BTC281600000	CAMERA 1/2" HI RES COLOR 110V	 $1,618.20 
BTC282600000	CAMERA 1/2" HI RES COLOR 24V W	 $1,618.20 
BTC382000000	CAMERA 1/2" HI RES COLOR,24V,N	 $1,233.23 
BTC271000000	CAMERA 1/3" COLOR 110V   NO LE	 $1,030.95 
BTC272000000	CAMERA 1/3" COLOR 24V   NO LEN	 $1,030.95 
IKICD31AC240	CAMERA 1/3" EL IRIS 24VAC CS M	 $381.06 
BTC301E16000	CAMERA 2/3" HI RES B\W 110V 16	 $2,362.05 
BTC305EC0000	CAMERA 2/3" HI RES B\W 12VDC N	 $1,918.35 
BTC302E00000	CAMERA 2/3" HI RES B\W 24V  NO	 $1,918.35 
BTC302E16000	CAMERA 2/3" HI RES B\W 24V 16M	 $2,362.05 
31020076000C	CAMERA ASSEMBLY RTS VIDEO	 $1,012.02 
49006800000A	CAMERA CASE	 $1,325.25 
11031853000A	CAMERA COVER   OLD STYLE	 $39.62 
41020713000A	CAMERA COVER RTS VIDEO	 $15.35 
11044701000A	CAMERA DOME SYS INDOOR PENDANT	 $2,753.98 
11044702000A	CAMERA DOME SYS OUTDR PENDANT	 $2,891.89 
11044699000A	CAMERA DOME SYSTEM COLOR NTSC	 $2,672.87 
19049801000A	CAMERA DOME,BUBBLE,TINTED	 $25.74 
19049683000A	CAMERA DOME,MINI,INDOOR/OUTDOOR,COLOR,FIXED	 $920.10 
11038382000A	Camera Drive Unit f\SC camera	 $424.78 
NZ0000002067	CAMERA FASCIA-5088	 $1,425.06 
19066354000A	CAMERA FLEXIDOME-XF, COLOR NTSC, 540TVL, 12VDC/24VAC 60HZ, 9-22MM F1.4 VF LENS, WHITE SMB	 $1,003.02 
19066351000A	CAMERA FLEXIDOME-XT+,COLOR NTSC, 540TVL, 12VDC/24VAC 60HZ, 9-22MM F1.4 VF LENS, WHITE	 $663.20 
11043498000A	CAMERA FOR EXIT VIEW HGT STRIP	 $218.69 
NZ0000002962	camera harness	 $75.60 
19064947000A	Camera Hood for Pedestal Mount   "USPS only"	 $205.45 
11050065000A	CAMERA HOUSING	 $372.71 
11036524000A	CAMERA HOUSING #LK4500	 $23.81 
IKICD31K0000	CAMERA KIT 1/3" B\W, 3.5-8 LEN	 $602.91 
31022011000S	CAMERA LENS,12.0MM	 $57.08 
11035753000A	CAMERA MASTER        CCTV TOOL	 $1,918.35 
89020248000A	Camera Mt Plate,inc.w/DSR-C100	 $31.55 
IKWH30000000	CAMERA MT, CEIL\WALL, LT DUTY	 $80.91 
IKH3A0000000	CAMERA MT, LIGHT DUTY, WALL,12	 $23.49 
IKWH20000000	CAMERA MT, LT DUTY, CEIL\WALL	 $34.02 
IKWH40000000	CAMERA MT, MED DUTY, CEIL\WALL	 $31.32 
QS4200NCRKIT	Camera Port kit for 4200	 $205.54 
QS5201TCNCRK	Camera Port kit for 5201TC	 $205.54 
QS6200TCNCRK	Camera Port kit for 6200TC	 $68.52 
QS8150TCNCRK	Camera Port kit for 8150TC	 $205.54 
QS8200TCNCRK	Camera Port kit for 8200TC	 $205.54 
19065154000A	Camera Scan Assembly -  35X true day/night - HD6 PTZ   Service Part	 $4,028.54 
19065153000A	Camera Scan Assembly - 26X Wide Dynamic Range and True Day Night - ACUIX PTZ  Service Part	 $3,740.79 
00041281000A	CAMERA SLIDE MOUNT #	 $1,979.28 
18000066000A	CAMERA SUPPORT	 $29.10 
11034288000A	CAMERA SWITCHER BD.  VSS302	 $104.40 
11041814000A	CAMERA W/DRIVE MECH AND DOME	 $4,108.01 
NZ0000002521	CAMERA WINDOW	 $0.02 
BRP00926000A	CAMERA(NOT USED BY HESS)	 $0.05 
49205025000A	camera, 1/3 color hi res.	 $1,090.72 
11038421000A	Camera, 1/4" DSP Color	 $435.74 
MSN64022000A	CAMERA, CCD COLOR-W/DRIVE UNIT	 $0.00 
49001400000A	CAMERA, CL16   412-16	 $1,010.59 
49000458000A	CAMERA, CL35 # 412-35	 $862.53 
49002195000A	CAMERA,#16MM 60HZ 1/50SEC ATM	 $1,729.60 
49003224000A	CAMERA,#16MM 60HZ 1/50SEC ATM	 $1,632.15 
BTC362120000	CAMERA,1/2" COLOR,24V,W\12MM A	 $1,018.71 
49252560000A	CAMERA,USB,C270	 $305.64 
31020044000B	CAMERA,VIDEO,.25 IN NTSC,12V DC	 $919.51 
11062254000A	CAMMNG GAUG/FRK BLOC GAUG WHEL	 $3,662.82 
TP821432001A	CAMPAIGN OFFICE INTEGRATION	 $26.10 
TP821442001A	CAMPAIGN OFFICE SERVER INSTL GUIDE	 $21.60 
00155785000B	Campaign Office Server v5.0.0 Media Pkg	 $38.80 
00155786000A	Campaign Office v5.0.0 Agent License	 $2.16 
00155765000A	Campaign v5 Base (1-20) Lic	 $2.16 
00155768000A	Campaign v5 Base (201-400) Lic	 $2.20 
00155766000A	Campaign v5 Base (21-60) Lic	 $2.20 
00155769000A	Campaign v5 Base (401+) Lic	 $2.16 
00155767000A	Campaign v5 Base (61-200) Lic	 $2.20 
00155770000A	Campaign v5 LdMgt (1-20) Lic	 $2.16 
00155773000A	Campaign v5 LdMgt (201-400) Lic	 $2.16 
00155771000A	Campaign v5 LdMgt (21-60) Lic	 $2.16 
00155774000A	Campaign v5 LdMgt (401+) Lic	 $2.16 
00155772000A	Campaign v5 LdMgt (61-200) Lic	 $2.16 
00155775000A	Campaign v5 Prsnl (1-20) Lic	 $2.16 
00155778000A	Campaign v5 Prsnl (201-400) Lic	 $2.16 
00155776000A	Campaign v5 Prsnl (21-60) Lic	 $2.16 
00155779000A	Campaign v5 Prsnl (401+) Lic	 $2.16 
00155777000A	Campaign v5 Prsnl (61-200) Lic	 $2.16 
00155780000A	Campaign v5 Sgmnt (1-20) Lic	 $2.16 
00155783000A	Campaign v5 Sgmnt (201-400) Lic	 $2.16 
00155781000A	Campaign v5 Sgmnt (21-60) Lic	 $2.16 
00155784000A	Campaign v5 Sgmnt (401+) Lic	 $2.16 
00155782000A	Campaign v5 Sgmnt (61-200) Lic	 $2.16 
PLMCC1300H20	CAMR B&W HI-RES 0.33IN COMPACT 24V NTSC	 $379.23 
49001401000A	CAMR CASE	 $1,291.77 
ULCSC40AMN00	CAMR CONVERT,0.33 IN,B&W,380 TVL,WALL CLOCK	 $360.59 
ULCSC30AMN00	CAMR COVERT,0.33 IN,CCD,B&W,380 TVL ,CEILING SPKR	 $444.46 
ULCSC70AMN00	CAMR COVERT,0.33 IN,CCD,B&W,380 TVL SMOKE DETECTOR	 $282.28 
19049210000A	CAMR DOME ASSY,0.25IN,HI-RES,CLR,2.1MM,FXD,12V/24V	 $411.08 
19049208000A	CAMR DOME ASSY,0.25IN,STD-RES,CLR,2.1MM,FXD,12V/24V	 $328.86 
19049142000A	CAMR DOME ASSY,22X,HI-RES,COLOR,PTZ,SURF MT	 $2,737.76 
19049143000A	CAMR DOME ASSY,23X,HI-RES,DAY/NIGHT,PTZ,SURF MT	 $3,559.91 
19061045000A	CAMR DOME ASSY,CLEAR,W/LINER,HI-RES,UTP,480TVL,INDR/OUTDR,DAY/NIGHT,WDR,SURF/FLUSH MT,NTSC	 $1,467.54 
19047994000A	CAMR DOME ASSY,HI-RES,CLR,12.0MM,FXD LENS,FLUSH MT	 $868.74 
19056875000A	CAMR DOME ASSY,HI-RES,CLR,3-9MM,BLK/CLEAR,SURF/FLUSH MT	 $551.57 
19047993000A	CAMR DOME ASSY,HI-RES,CLR,8.0MM,FXD LENS,FLUSH MT	 $868.74 
19049211000A	CAMR DOME ASSY,HI-RES,DAY/NIGHT,2.8-5.8MM,A/I,12V/24V	 $1,123.61 
19047989000A	CAMR DOME ASSY,STD-RES,CLR,12.0MM,FXD LENS,FLUSH MT	 $693.35 
19047987000A	CAMR DOME ASSY,STD-RES,CLR,6.0MM LENS,FLUSH MT	 $693.35 
19056864000A	CAMR DOME ASSY,WDR CLR,2.8-12MM,DC,A/I,FLUSH MT,INDOOR,SMK	 $1,190.42 
19056864000B	CAMR DOME ASSY,WDR CLR,5-50MM DC A/I,FLUSH MT,INDOOR,SMK	 $1,303.98 
19048309000A	CAMR DOME ASSY,WIDE DYNAMIC,CLR,5-50MM,A/I,SURF/FLUSH MT	 $1,288.04 
19048311000A	CAMR DOME ASSY,WIDE DYNAMIC,CLR,5-50MM,A/I,SURF/FLUSH MT,1/2 TINT	 $1,288.04 
19048310000A	CAMR DOME ASSY,WIDE DYNAMIC,CLR,5-50MM,A/I,SURF/FLUSH MT,UTP MDL	 $1,356.55 
19048312000A	CAMR DOME ASSY,WIDE DYNAMIC,CLR,5-50MM,A/I,SURF/FLUSH MT,UTP MDL,1/2 TINT	 $1,356.55 
19048314000A	CAMR DOME ASSY,WIDE DYNAMIC,DAY/NIGHT,5-50MM,A/I,SURF/FLUSH MT,UTP MDL,CLR	 $1,436.02 
19048316000A	CAMR DOME ASSY,WIDE DYNAMIC,DAY/NIGHT,CLR,5-50MM,A/I,SURF/FLUSH MT,UTP MDL	 $1,436.02 
PLDD53M22000	CAMR DOME DRIVE,MONOCHROME,SPECTRA III PREM	 $3,096.71 
19058318000A	CAMR DOME HSG MDL,INDOOR/OUTDOOR,FLUSH MT,METAL	 $380.93 
19058320000A	CAMR DOME HSG MDL,INDOOR/OUTDOOR,FLUSH MT,STAINLESS STEEL	 $482.33 
19058333000A	CAMR DOME HSG MDL,INDOOR/OUTDOOR,SURF MT,BLK	 $164.43 
19058335000A	CAMR DOME HSG MDL,INDOOR/OUTDOOR,SURF MT,BLK,W/SUNSHADE	 $167.18 
19058316000A	CAMR DOME HSG MDL,INDOOR/OUTDOOR,SURF MT,METAL	 $402.86 
19058317000A	CAMR DOME HSG MDL,INDOOR/OUTDOOR,SURF MT,STAINLESS STEEL	 $441.23 
19058334000A	CAMR DOME HSG MDL,INDOOR/OUTDOOR,SURF MT,WHT,W/SUNSHADE	 $167.18 
19058314000A	CAMR DOME HSG MDL,INDOOR/OUTDOOR,SURF/FLUSH MT,METAL	 $359.01 
19058322000A	CAMR DOME HSG MDL,INDOOR/OUTDOOR,SURF/FLUSH MT,WHT	 $213.76 
19058324000A	CAMR DOME HSG MDL,INDOOR/OUTDOOR,SURF/FLUSH MT,WHT,W/SUNSHADE	 $213.76 
19057042000A	CAMR DOME HSG,W/O CAMR,BLK/CLEAR	 $233.22 
19056489000A	CAMR DOME KIT,OUTDOOR,ULTRA VII D/N	 $4,928.90 
19061049000A	CAMR DOME OPTION,HALF TINT	 $115.05 
11046593000A	CAMR DOME REPL BUBBLE,C-14	 $21.73 
11047222000A	CAMR DOME,0.33IN,CLR,HI-RES,2.8-12.0MM,A/I,VARI,540TVL,UTP MDL,BLK HSG	 $600.17 
11047218000A	CAMR DOME,0.33IN,CLR,HI-RES,5.0-50.0MM,A/I,VARI,540TVL,BLK HSG	 $728.19 
19064164000B	CAMR DOME,0.33IN,HI-RES,9.0-20.0MM,INDR/OUTDR,VANDAL RES,540TVL,12/24V	 $537.84 
19058838000A	CAMR DOME,0.33IN,STD-RES,DAY/NIGHT,4-9MM,A/I,21 IR LED,BLK/CLEAR	 $572.77 
39015231000A	CAMR DOME,12IN,TINTED,INDOOR	 $221.99 
19064163000A	CAMR DOME,BLK,0.33IN,HI-RES,4.0-9.0MM,INDR,TRUE DAY/NIGHT,14 IR ILLUM,12/24V	 $510.81 
19055621000B	CAMR DOME,DAY/NIGHT,OUTDOOR,PTZ,W/FOM,PNDNT POLE MT,WHT/CLEAR,120VAC	 $6,303.15 
11045620000A	CAMR DOME,DUMMY CAMR,INDR,SURF MT	 $95.92 
39016693000A	CAMR DOME,ENVIR,25X,DAY/NIGHT,OUTDOOR,PNDNT CORNER MT,CLR,FIBER OPTIC,120VAC	 $6,303.15 
39016696000A	CAMR DOME,ENVIR,25X,DAY/NIGHT,OUTDOOR,PNDNT PARAPET MT,CLR,FIBER OPTIC,120VA	 $6,577.20 
39016697000A	CAMR DOME,ENVIR,25X,DAY/NIGHT,OUTDOOR,PNDNT WALL MT,CLR,FIBER OPTIC,120VAC	 $6,303.15 
39016690000A	CAMR DOME,ENVIR,DAY/NIGHT,OUTDOOR,PNDNT PIPE MT,CLR,FIBER OPTIC,120VAC	 $6,029.10 
39016689000A	CAMR DOME,ENVIR,DAY/NIGHT,OUTDOOR,PNDNT POLE MT,CLR,FIBER OPTIC,120VAC	 $6,029.10 
39016683000A	CAMR DOME,ENVIR,W/TRKR,25X,DAY/NIGHT,OUTDOOR,PNDNT CORNER MT,CLR,120VAC	 $6,166.13 
39016703000A	CAMR DOME,ENVIR,W/TRKR,25X,DAY/NIGHT,OUTDOOR,PNDNT CORNER MT,CLR,FIBER OPTIC	 $7,536.38 
39016686000A	CAMR DOME,ENVIR,W/TRKR,25X,DAY/NIGHT,OUTDOOR,PNDNT PARAPET MT,CLR,120VAC	 $6,440.18 
39016681000A	CAMR DOME,ENVIR,W/TRKR,25X,DAY/NIGHT,OUTDOOR,PNDNT PARAPET MT,CLR,24VAC	 $6,166.13 
39016685000A	CAMR DOME,ENVIR,W/TRKR,25X,DAY/NIGHT,OUTDOOR,PNDNT PIPE MT,CLR,120VAC	 $6,166.13 
39016680000A	CAMR DOME,ENVIR,W/TRKR,25X,DAY/NIGHT,OUTDOOR,PNDNT PIPE MT,CLR,24VAC	 $5,892.08 
39016705000A	CAMR DOME,ENVIR,W/TRKR,25X,DAY/NIGHT,OUTDOOR,PNDNT PIPE MT,CLR,FIBER OPTIC,1	 $7,536.38 
39016684000A	CAMR DOME,ENVIR,W/TRKR,25X,DAY/NIGHT,OUTDOOR,PNDNT POLE MT,CLR,120VAC	 $6,166.13 
39016679000A	CAMR DOME,ENVIR,W/TRKR,25X,DAY/NIGHT,OUTDOOR,PNDNT POLE MT,CLR,24VAC	 $5,892.08 
39016704000A	CAMR DOME,ENVIR,W/TRKR,25X,DAY/NIGHT,OUTDOOR,PNDNT POLE MT,CLR,FIBER OPTIC,1	 $7,536.38 
39016687000A	CAMR DOME,ENVIR,W/TRKR,25X,DAY/NIGHT,OUTDOOR,PNDNT WALL MT,CLR,120VAC	 $6,166.13 
39016682000A	CAMR DOME,ENVIR,W/TRKR,25X,DAY/NIGHT,OUTDOOR,PNDNT WALL MT,CLR,24VAC	 $5,892.08 
39016707000A	CAMR DOME,ENVIR,W/TRKR,25X,DAY/NIGHT,OUTDOOR,PNDNT WALL MT,CLR,FIBER OPTIC,1	 $7,536.38 
11045639000A	CAMR DOME,ENVIRO/MAST,CLEAR,NTSC,2.7-13.5MM,24VAC,ANALOG/FIBER	 $3,548.95 
39016517000A	CAMR DOME,G3,25X,DAY/NIGHT,INDOOR,PNDNT PIPE MT,CLEAR,24VAC	 $4,521.83 
11044394000A	CAMR DOME,HI-RES,CLR,0.33 IN,540TVL,2.3-5MM,A/I,VARI	 $654.98 
11044390000A	CAMR DOME,HI-RES,CLR,0.33 IN,540TVL,2.8-12MM,A/I,VARI,TRUE DAY/NIGHT	 $654.98 
11044392000A	CAMR DOME,HI-RES,CLR,0.33 IN,540TVL,2.9-8.2MM,A/I,VARI	 $572.77 
11044391000A	CAMR DOME,HI-RES,CLR,0.33 IN,540TVL,8.5-40MM,A/I,VARI,TRUE DAY/NIGHT	 $728.19 
19058292000A	CAMR DOME,HI-RES,CLR,4-9MM,A/I,INDOOR,3 IN,12/24V	 $501.52 
29016361000A	CAMR DOME,HI-RES,WDR CLR,2.8-12MM LENS,OUTDOOR,PNDNT MT	 $1,877.90 
19057498000A	CAMR DOME,MINI,FXD,DAY/NIGHT	 $1,004.81 
11046808000A	CAMR DOME,MINI,OFF-WHT,0.33IN,3.8MM,FXD	 $150.07 
11046811000A	CAMR DOME,MINI,OFF-WHT,0.33IN,4.0MM,FXD,12VDC	 $206.51 
11046809000A	CAMR DOME,MINI,RUGGED,OFF-WHT,0.33IN,3.8MM,FXD	 $208.16 
11046813000A	CAMR DOME,MINI,RUGGED,OFF-WHT,0.33IN,4.0MM,550TVL,12VDC	 $364.21 
39016655000A	CAMR DOME,PRESSURE,25X,DAY/NIGHT,W/OUTDOOR PIPE MT,120VAC	 $7,399.35 
39016651000A	CAMR DOME,PRESSURE,25X,DAY/NIGHT,W/OUTDOOR PIPE MT,24VAC	 $7,125.30 
19058832000A	CAMR DOME,PTZ,DAY/NIGHT,18X ZOOM,INDOOR FLUSH MT,BLK/CLEAR	 $3,973.73 
19058828000A	CAMR DOME,PTZ,DAY/NIGHT,18X ZOOM,INDOOR FLUSH MT,BLK/SMK	 $3,906.31 
19058833000A	CAMR DOME,PTZ,DAY/NIGHT,18X ZOOM,INDOOR FLUSH MT,CAT 5/COAX,BLK/CLEAR	 $4,234.08 
19058829000A	CAMR DOME,PTZ,DAY/NIGHT,18X ZOOM,INDOOR FLUSH MT,CAT 5/COAX,BLK/SMK	 $4,234.08 
19058831000A	CAMR DOME,PTZ,DAY/NIGHT,18X ZOOM,INDOOR FLUSH MT,CAT 5/COAX,WHT/SMK	 $4,234.08 
19058834000A	CAMR DOME,PTZ,DAY/NIGHT,18X ZOOM,INDOOR FLUSH MT,WHT/CLEAR	 $3,973.73 
19058830000A	CAMR DOME,PTZ,DAY/NIGHT,18X ZOOM,INDOOR FLUSH MT,WHT/SMK	 $3,973.73 
19057351000A	CAMR DOME,SMK,ULTRA,I/O CCA,OUTDOOR,RUGGEDIZED,HSG	 $1,254.05 
19064427000A	CAMR DOWN ROD MOUNT 12in	 $116.20 
19057329000A	CAMR ENCL KIT,INDOOR/OUTDOOR,W/HTR	 $2,907.13 
19049192000A	CAMR ENCL KIT,OUTDOOR,0.50IN,HI-RES,CLR,4.5-10MM,MT,SS	 $2,041.68 
19049193000A	CAMR ENCL KIT,OUTDOOR,0.50IN,HI-RES,CLR,7.5-75MM,MT,SS	 $2,329.43 
19056746000A	CAMR ENCL KIT,OUTDOOR,THERMAL IMAGING,10MM	 $35,670.35 
19056747000A	CAMR ENCL KIT,OUTDOOR,THERMAL IMAGING,17MM	 $27,503.66 
19057339000A	CAMR ENCL,CLR,480TVL,4-9MM,A/I,INDOOR,RECESS/SURF,NTSC,DOME	 $602.91 
ULZD26HD1N2K	CAMR ENCL,DOME,DROP CEILING,HI-RES	 $1,912.87 
19048765000A	CAMR ENCL,DOME,FIXED,W/CAMR,A/I	 $948.32 
ULVK44RVAC00	CAMR ENCL,DOME,FLUSH,B&W,STD,4IN,CLEAR	 $641.28 
ULVK74RVAC00	CAMR ENCL,DOME,FLUSH,CLR,HI-RES,4IN,CLEAR,4-8MM,A/I,VARI,24VAC	 $821.72 
ULKDM520CN00	CAMR ENCL,DOME,INDOOR,B&W,3.6MM,SMK	 $315.16 
PLLD5F100000	CAMR ENCL,DOME,LOWER,CLEAR,IN-CEILING,SPECTRA III PREM	 $271.75 
PLLD53SMW100	CAMR ENCL,DOME,LOWER,CLEAR,SURF MT,SPECTRA III PREM	 $279.86 
PLLD53PB1000	CAMR ENCL,DOME,LOWER,PENDANT,SPECTRA III PREM	 $334.61 
PLLD5F000000	CAMR ENCL,DOME,LOWER,SMK,IN-CEILING,SPECTRA III PREM	 $279.86 
PLLD53SMB000	CAMR ENCL,DOME,LOWER,SMK,SURF MT,SPECTRA III PREM	 $271.75 
PLLD53SMW000	CAMR ENCL,DOME,LOWER,SMK,SURF MT,SPECTRA III PREM	 $271.75 
PLLD53SMB100	CAMR ENCL,DOME,LOWER,SURF MT,SPECTRA III PREM	 $271.75 
ULKD6BW1N400	CAMR ENCL,DOME,OUTDOOR,W/CAMR,CLR/B&W,HI-RES,ZOOM,18X,HTR/BLWR,CAT5,SMK	 $4,604.04 
ULKD6BW4N100	CAMR ENCL,DOME,OUTDOOR,W/CAMR,CLR/B&W,HI-RES,ZOOM,18X,HTR/BLWR,CLEAR	 $4,340.95 
ULKD6BW1N100	CAMR ENCL,DOME,OUTDOOR,W/CAMR,CLR/B&W,HI-RES,ZOOM,18X,HTR/BLWR,SMK	 $4,521.83 
ULZD28HWSN2K	CAMR ENCL,DOME,PENDANT,HI-RES	 $2,306.13 
ULKD6AP5N400	CAMR ENCL,DOME,PNDNT/WALL,W/CAMR,CLR,HI-RES,ZOOM,18X,CAT5,CLEAR	 $3,809.30 
ULKD6AP1N400	CAMR ENCL,DOME,PNDNT/WALL,W/CAMR,CLR,HI-RES,ZOOM,18X,CAT5,SMK	 $3,809.30 
ULKD6AP2N400	CAMR ENCL,DOME,PNDNT/WALL,W/CAMR,CLR,HI-RES,ZOOM,18X,CAT5,SMK	 $3,809.30 
ULKD6AP4N100	CAMR ENCL,DOME,PNDNT/WALL,W/CAMR,CLR,HI-RES,ZOOM,18X,CLEAR	 $3,548.95 
ULKD6AP5N100	CAMR ENCL,DOME,PNDNT/WALL,W/CAMR,CLR,HI-RES,ZOOM,18X,CLEAR	 $3,548.95 
ULKD6AP4N400	CAMR ENCL,DOME,PNDNT/WALL,W/CAMR,CLR,HI-RES,ZOOM,18X,CLEAR,CAT5	 $3,809.30 
ULKD6AW4N400	CAMR ENCL,DOME,PNDNT/WALL,W/CAMR,CLR,HI-RES,ZOOM,18X,HTR/BLWR,CAT5,CLEAR	 $4,357.40 
ULKD6AW1N400	CAMR ENCL,DOME,PNDNT/WALL,W/CAMR,CLR,HI-RES,ZOOM,18X,HTR/BLWR,CAT5,SMK	 $4,357.40 
ULKD6AW4N100	CAMR ENCL,DOME,PNDNT/WALL,W/CAMR,CLR,HI-RES,ZOOM,18X,HTR/BLWR,CLEAR	 $4,097.05 
ULKD6AW1N100	CAMR ENCL,DOME,PNDNT/WALL,W/CAMR,CLR,HI-RES,ZOOM,18X,HTR/BLWR,SMK	 $3,933.16 
ULKD6AP1N100	CAMR ENCL,DOME,PNDNT/WALL,W/CAMR,CLR,HI-RES,ZOOM,18X,SMK	 $3,548.95 
ULKD6AP2N100	CAMR ENCL,DOME,PNDNT/WALL,W/CAMR,CLR,HI-RES,ZOOM,18X,SMK	 $3,406.99 
ULKD6AP2N40K	CAMR ENCL,DOME,PNDNT/WALL,W/CAMR,CLR,HI-RES,ZOOM,18X,SMK,CAT5,KROGER	 $3,104.99 
ULKD6SR4N40K	CAMR ENCL,DOME,PTZ,HI-RES,CLR,MT,CAT-5	 $3,561.58 
ULKD6SR4NJ0K	CAMR ENCL,DOME,PTZ,HI-RES,CLR,MT,CAT-5	 $3,993.26 
ULKD6AR4NJ0K	CAMR ENCL,DOME,RUGGEDIZED,HI-RES,CLR,18X ZOOM,PNDNT/WALL MT,W/HTR,W/BLWR	 $3,993.26 
ULKD6AR4N400	CAMR ENCL,DOME,RUGGEDIZED,PNDNT/WALL,W/CAMR,CLR,HI-RES,ZOOM,18X,CAT5,CLEAR	 $4,590.34 
ULKD6AR4N40K	CAMR ENCL,DOME,RUGGEDIZED,PNDNT/WALL,W/CAMR,CLR,HI-RES,ZOOM,18X,CAT5,CLEAR,K	 $3,561.58 
ULKD6AR1N400	CAMR ENCL,DOME,RUGGEDIZED,PNDNT/WALL,W/CAMR,CLR,HI-RES,ZOOM,18X,CAT5,SMK	 $4,316.29 
ULKD6AR4N100	CAMR ENCL,DOME,RUGGEDIZED,PNDNT/WALL,W/CAMR,CLR,HI-RES,ZOOM,18X,CLEAR	 $4,143.64 
ULKD6AR4NJ00	CAMR ENCL,DOME,RUGGEDIZED,PNDNT/WALL,W/CAMR,CLR,HI-RES,ZOOM,18X,HTR/BLWR,CAT	 $4,809.58 
ULKD6AR4NH00	CAMR ENCL,DOME,RUGGEDIZED,PNDNT/WALL,W/CAMR,CLR,HI-RES,ZOOM,18X,HTR/BLWR,CLE	 $4,354.11 
ULKD6AR1NH00	CAMR ENCL,DOME,RUGGEDIZED,PNDNT/WALL,W/CAMR,CLR,HI-RES,ZOOM,18X,HTR/BLWR,SMK	 $4,535.53 
ULKD6BR1NJ00	CAMR ENCL,DOME,RUGGEDIZED,PNDNT/WALL,W/CAMR,CLR/B&W,HI-RES,ZOOM,18X,CAT5	 $5,083.63 
ULKD6BR4N400	CAMR ENCL,DOME,RUGGEDIZED,PNDNT/WALL,W/CAMR,CLR/B&W,HI-RES,ZOOM,18X,CAT5,CLE	 $4,864.39 
ULKD6BR1N400	CAMR ENCL,DOME,RUGGEDIZED,PNDNT/WALL,W/CAMR,CLR/B&W,HI-RES,ZOOM,18X,CAT5,SMK	 $4,864.39 
ULKD6BR4N100	CAMR ENCL,DOME,RUGGEDIZED,PNDNT/WALL,W/CAMR,CLR/B&W,HI-RES,ZOOM,18X,CLEAR	 $4,590.34 
ULKD6BR1NH00	CAMR ENCL,DOME,RUGGEDIZED,PNDNT/WALL,W/CAMR,CLR/B&W,HI-RES,ZOOM,18X,HTR/BLWR	 $4,809.58 
ULKD6BR4NH00	CAMR ENCL,DOME,RUGGEDIZED,PNDNT/WALL,W/CAMR,CLR/B&W,HI-RES,ZOOM,18X,HTR/BLWR	 $4,809.58 
ULKD6BR4NJ00	CAMR ENCL,DOME,RUGGEDIZED,PNDNT/WALL,W/CAMR,CLR/B&W,HI-RES,ZOOM,18X,HTR/BLWR	 $5,083.63 
ULKD6BR1N100	CAMR ENCL,DOME,RUGGEDIZED,PNDNT/WALL,W/CAMR,CLR/B&W,HI-RES,ZOOM,18X,SMK	 $4,590.34 
19042999000A	CAMR ENCL,DOME,SURF/FLUSH MT,CLEAR,5.6 DIA,FXD	 $195.95 
19043000000A	CAMR ENCL,DOME,SURF/FLUSH MT,CLEAR,5.6 DIA,VARI	 $241.22 
ULVK44DVAC00	CAMR ENCL,DOME,SURFACE,B&W,STD,4IN,CLEAR	 $615.63 
ULKD6AD4N100	CAMR ENCL,DOME,W/CAMR,CLR,HI-RES,ZOOM,18X,CLEAR	 $3,548.95 
ULKD6AD5N100	CAMR ENCL,DOME,W/CAMR,CLR,HI-RES,ZOOM,18X,CLEAR	 $3,548.95 
ULKD6AD4N400	CAMR ENCL,DOME,W/CAMR,CLR,HI-RES,ZOOM,18X,CLEAR,CAT5	 $3,809.30 
ULKD6AD5N400	CAMR ENCL,DOME,W/CAMR,CLR,HI-RES,ZOOM,18X,CLEAR,CAT5	 $3,809.30 
ULKD6AD1N100	CAMR ENCL,DOME,W/CAMR,CLR,HI-RES,ZOOM,18X,SMK	 $3,548.95 
ULKD6AD1N400	CAMR ENCL,DOME,W/CAMR,CLR,HI-RES,ZOOM,18X,SMK	 $3,809.30 
ULKD6AD2N100	CAMR ENCL,DOME,W/CAMR,CLR,HI-RES,ZOOM,18X,SMK	 $3,548.95 
ULKD6AD2N400	CAMR ENCL,DOME,W/CAMR,CLR,HI-RES,ZOOM,18X,SMK,CAT5	 $3,809.30 
PLEH4718L200	CAMR ENCL,MED,ALUM,18IN,PREWIRED,24VAC HTR/BLWR	 $616.50 
19049445000A	CAMR ENCL,MINI-DOME,DAY/NIGHT,2.8-5.8MM,UTP MDL	 $1,233.23 
ULKD6SP2N40K	CAMR ENCL,PENDANT DOME,HI-RES,CLR,CAT-5	 $3,105.89 
19056870000A	CAMR HSG KIT,WDR,CLR,5-50MM,OUTDOOR,HTR/BLWR,MT,SS	 $1,334.40 
19048482000A	CAMR HSG,15IN,OUTDOOR,HTR/BLWR,MT	 $98.66 
19048236000A	CAMR HSG,15IN,SUNSHIELD,W/HTR & BLWR	 $301.34 
19047298000A	CAMR HSG,CORNER MT,INDOOR,STAINLESS STEEL	 $1,123.61 
19047299000A	CAMR HSG,CORNER MT,MAX SECURITY	 $369.97 
19047309000A	CAMR HSG,DROP CEILING MT,DOME,INDOOR,7IN,TINTED	 $246.65 
19047295000A	CAMR HSG,INDOOR,CEILING SURF MT	 $164.43 
19047293000A	CAMR HSG,INDOOR,DROP CEILING MT,TAMPER RES	 $191.84 
39014433000A	CAMR HSG,INDOOR/OUTDOOR	 $109.62 
39014434000A	CAMR HSG,INDOOR/OUTDOOR,W/HTR	 $122.85 
19047333000A	CAMR HSG,OUTDOOR,UP TO 10.5IN,120VAC	 $424.78 
19047332000A	CAMR HSG,OUTDOOR,UP TO 10.5IN,24VAC	 $424.78 
19047323000A	CAMR HSG,OUTDOOR,UP TO 13IN,24VAC,HTR/BLWR	 $342.57 
19047324000A	CAMR HSG,OUTDOOR,UP TO 14IN,120VAC,HTR	 $301.46 
19047312000A	CAMR HSG,PNDNT MT,DOME,INDOOR,12IN,TINTED	 $274.05 
19057332000A	CAMR HSG,VANDAL RESISTANT,480TVL,2.6-6MM,FLUSH,CLR,DOME,INDOOR,NTSC	 $890.67 
11047239000A	CAMR HSG,W/HTR,WALL BRKT,SUNSHIELD,CA	 $271.31 
11047240000A	CAMR HSG,W/HTR,WALL BRKT,SUNSHIELD,UTP CA	 $326.12 
19047303000A	CAMR HSG,WALL/CEILING MT,MAX SECURITY	 $369.97 
19047304000A	CAMR HSG,WALL/CEILING MT,MAX SECURITY,W/KEYLOCK	 $424.78 
19047296000A	CAMR HSG,WEDGE,INDOOR,DROP CEILING MT	 $315.16 
19047291000A	CAMR HSG,WEDGE,INDOOR,DROP CEILING MT,TAMPER RES	 $400.82 
29007234000A	CAMR KIT	 $1,509.39 
29013947000A	CAMR KIT,0.33IN,B&W,HI-RES,12VDC,CCIR	 $287.76 
29013947000B	CAMR KIT,0.33IN,B&W,HI-RES,12VDC,CCIR	 $479.59 
29013947000C	CAMR KIT,0.33IN,B&W,HI-RES,12VDC,CCIR	 $419.30 
29013955000A	CAMR KIT,0.33IN,B&W,HI-RES,230VAC,CCIR	 $279.53 
29013955000B	CAMR KIT,0.33IN,B&W,HI-RES,230VAC,CCIR	 $386.42 
29013955000C	CAMR KIT,0.33IN,B&W,HI-RES,230VAC,CCIR	 $411.08 
29013951000C	CAMR KIT,0.33IN,B&W,HI-RES,24VAC,CCIR	 $427.52 
29013951000B	CAMR KIT,0.33IN,B&W,H-RES,24VAC,CCIR	 $487.81 
29013949000A	CAMR KIT,0.33IN,B&W,STD-RES,12VDC,CCIR	 $186.35 
29013949000B	CAMR KIT,0.33IN,B&W,STD-RES,12VDC,CCIR	 $405.59 
29013957000A	CAMR KIT,0.33IN,B&W,STD-RES,230VAC,CCIR	 $197.32 
29013957000B	CAMR KIT,0.33IN,B&W,STD-RES,230VAC,CCIR	 $389.15 
29013957000C	CAMR KIT,0.33IN,B&W,STD-RES,230VAC,CCIR	 $328.86 
29013953000A	CAMR KIT,0.33IN,B&W,STD-RES,24VAC,CCIR	 $213.76 
29013953000B	CAMR KIT,0.33IN,B&W,STD-RES,24VAC,CCIR	 $405.59 
29013953000C	CAMR KIT,0.33IN,B&W,STD-RES,24VAC,CCIR	 $345.30 
29013946000B	CAMR KIT,0.33IN,CLR,HI-RES,12VDC,PAL	 $638.54 
29013954000A	CAMR KIT,0.33IN,CLR,HI-RES,230VAC,PAL	 $452.19 
29013954000B	CAMR KIT,0.33IN,CLR,HI-RES,230VAC,PAL	 $644.02 
29013954000C	CAMR KIT,0.33IN,CLR,HI-RES,230VAC,PAL	 $583.73 
29013950000B	CAMR KIT,0.33IN,CLR,HI-RES,24VAC,PAL	 $660.47 
29013950000C	CAMR KIT,0.33IN,CLR,HI-RES,24VAC,PAL	 $493.29 
29013948000A	CAMR KIT,0.33IN,CLR,STD-RES,12VDC,PAL	 $353.53 
29013948000B	CAMR KIT,0.33IN,CLR,STD-RES,12VDC,PAL	 $545.36 
29013948000C	CAMR KIT,0.33IN,CLR,STD-RES,12VDC,PAL	 $485.07 
29013956000A	CAMR KIT,0.33IN,CLR,STD-RES,230VAC,PAL	 $345.30 
29013956000B	CAMR KIT,0.33IN,CLR,STD-RES,230VAC,PAL	 $537.14 
29013952000A	CAMR KIT,0.33IN,CLR,STD-RES,24VAC,PAL	 $361.75 
29013952000B	CAMR KIT,0.33IN,CLR,STD-RES,24VAC,PAL	 $553.58 
29013952000C	CAMR KIT,0.33IN,CLR,STD-RES,24VAC,PAL	 $493.29 
49205474000X	CAMR KIT,720/560/520,CLR,0.33IN,HI-R,PAL	 $523.44 
49254484000A	CAMR KIT,COUNTING,USB	 $1.81 
49254483000A	CAMR KIT,FACE,USB	 $1.73 
39015396000A	CAMR KIT,FLEET BANK,HI-RES,CLR,470TVL,2.8-12MM,MNL IRIS	 $594.69 
19042610000A	CAMR KIT,FLEET,0.33IN,CLR,CUBE,A/I,470TVL,1.5LUX,3.5-8MM	 $633.06 
19042609000A	CAMR KIT,FLEET,0.33IN,CLR,CUBE,MNL,470TVL,1.5LUX,3.5-8MM	 $553.58 
19056750000A	CAMR KIT,HANDHELD THERMAL IMAGING,10MM	 $37,232.43 
19056751000A	CAMR KIT,HANDHELD THERMAL IMAGING,17MM	 $23,294.25 
19056518000A	CAMR KIT,HANDHELD THERMAL IMAGING,50MM,GERMANIUM LENS	 $29,556.30 
19056518000B	CAMR KIT,HANDHELD THERMAL IMAGING,50MM,GERMANIUM LENS,TEMP OUTPUT	 $40,455.26 
19056858000A	CAMR KIT,HI-RES,CLR,2.8-12MM,DC,A/I LENS	 $598.55 
49205474000C	CAMR KIT,OPTEVA 720/560/520,CLR,0.33I...	 $648.95 
19056744000A	CAMR KIT,THERMAL IMAGING,10MM LENS	 $27,942.14 
19056745000A	CAMR KIT,THERMAL IMAGING,17MM LENS	 $20,416.73 
11040058000A	CAMR KIT,VID,0.33 IN,PAL	 $1,018.71 
19036594000A	CAMR KIT,VID,0.50 IN,CCIR,HRES	 $1,512.76 
19036598000A	CAMR KIT,VID,0.50 IN,PAL	 $2,351.35 
19036674000A	CAMR KIT,VID,0.50 IN,STARLIGHT,B&W	 $5,589.68 
21016202000A	CAMR KIT,VID,CCD,0.50 IN,HRES,50HZ	 $979.97 
19055626000A	CAMR MDL,26X,DAY/NIGHT,OUTDOOR,PNDNT MT,CAMR DOME,WHT/CLEAR,24VAC	 $4,529.25 
11046415000A	CAMR MDL,35X,TRUE DAY/NIGHT	 $4,306.01 
29014236000A	CAMR MDL,CCIR,0.33IN,HI-RES,B&W,W/U BRKT,INTL	 $572.77 
29014237000A	CAMR MDL,CCIR,0.33IN,STD-RES,B&W,W/U BRKT,INTL	 $517.96 
19058330000A	CAMR MDL,DAY/NIGHT,4MM,FXD	 $545.36 
19058338000A	CAMR MDL,DAY/NIGHT,4MM,FXD	 $457.67 
19047335000A	CAMR MDL,ENVIRODOME,DAY/NIGHT,24VAC,SMK	 $4,521.83 
19047968000A	CAMR MDL,INDOOR,HI-RES,B&W	 $306.94 
19047970000A	CAMR MDL,INDOOR,HI-RES,CLR	 $374.08 
19047967000A	CAMR MDL,INDOOR,STD-RES,B&W	 $200.06 
19047969000A	CAMR MDL,INDOOR,STD-RES,CLR	 $239.80 
19047971000A	CAMR MDL,INDOOR,STD-RES,TRUE DAY/NIGHT	 $561.81 
29014234000A	CAMR MDL,PAL,0.33IN,HI-RES,CLR,W/U BRKT,INTL	 $657.72 
29014235000A	CAMR MDL,PAL,0.33IN,STD-RES,CLR,W/U BRKT,INTL	 $575.51 
19058326000A	CAMR MDL,STD-RES,B&W,3.8MM,FXD	 $219.24 
19058336000A	CAMR MDL,STD-RES,B&W,3.8MM,FXD	 $178.14 
19058328000A	CAMR MDL,STD-RES,CLR,3.8MM,FXD	 $326.12 
11046403000A	CAMR MDL,TRUE DAY/NIGHT,18X,HD6 PTZ DOMES	 $920.81 
11046405000A	CAMR MDL,TRUE DAY/NIGHT,23X,WDR,HD6 PTZ DOMES	 $1,569.98 
11046404000A	CAMR MDL,TRUE DAY/NIGHT,25X,HD6 PTZ DOMES	 $1,012.89 
ULVK44C36S00	CAMR MT,CORNER,3.6MM,B&W,24VAC	 $418.31 
19047163000A	CAMR MT,LONG,EXTRA CAMR	 $40.55 
19047164000A	CAMR MT,SHORT,EXTRA CAMR	 $40.55 
39009461000A	CAMR MT,UNIV	 $14.03 
ULVK44W36S00	CAMR MT,WEDGE,3.6MM,B&W,24VAC	 $435.74 
11038903000A	CAMR MTG,SWIVEL HD,SGL GANG WALL	 $28.35 
19061795000A	CAMR ONLY OPTION,3-9.5MM,DAY/NIGHT,NTSC,NO ENCL	 $786.85 
19061796000A	CAMR ONLY OPTION,WDR,3-9.5MM,DAY/NIGHT,NO ENCL	 $815.24 
19058609000B	CAMR SYS,HI-RES,CLR,2.9MM FXD LENS,INDOOR/OUTDOOR,TRACK LIGHT	 $656.00 
LX12T16CAMUP	CAMR UPGR,12 TO 16,NETDVR	 $391.50 
LX8T12CAMUPG	CAMR UPGR,8 TO 12,RETAIL	 $391.50 
LX8T16CAMUPG	CAMR UPGR,8 TO 16,NETDVR	 $783.00 
LXMCRRTHR000	CAMR UPGR,FCTY ONLY,HI-RES,RCDR,DIG,MICRO,RETAIL	 $652.50 
11046336000B	CAMR, 0.33IN, 4-9MM, BLACK	 $644.02 
41018167000C	CAMR, VID, 0.33 IN,CCD,CLR	 $1,209.01 
CHCMH512GL38	CAMR,0.25IN,CLR,HI-RES,W/3.8MM LENS,12VDC	 $534.40 
CHCXHNV36A00	CAMR,0.25IN,CLR,HI-RES,WEATHERPROOF,W/A/I,DC	 $682.39 
11046354000A	CAMR,0.25IN,STD-RES,WATERPROOF,FXD,12VDC	 $315.16 
CHFCH6200000	CAMR,0.33IN,B&W,HI-RES,ADV BLC	 $207.18 
19047624000A	CAMR,0.33IN,B&W,W/IR FILTER,570TVL,DSP,12VDC/24VAC	 $641.72 
19059433000A	CAMR,0.33IN,DAY/NIGHT,12/24V	 $689.45 
11046348000A	CAMR,0.33IN,DAY/NIGHT,DNR,C/CS MT,NO LENS	 $463.15 
11046341000A	CAMR,0.33IN,DAY/NIGHT,DNR,HI-RES,2.6-6.0MM,VARI,A/I	 $589.21 
11046342000A	CAMR,0.33IN,DAY/NIGHT,DNR,HI-RES,2.8-10.0MM,VARI,A/I	 $644.02 
11046343000A	CAMR,0.33IN,DAY/NIGHT,DNR,HI-RES,9.0-22.0MM,VARI,A/I	 $671.43 
11046340000A	CAMR,0.33IN,DAY/NIGHT,HI-RES,2.6-6.0MM,VARI,A/I,BLK	 $808.45 
11046340000B	CAMR,0.33IN,DAY/NIGHT,HI-RES,2.6-6.0MM,VARI,A/I,IVORY	 $808.45 
11046338000A	CAMR,0.33IN,DAY/NIGHT,HI-RES,4.0-9.0MM,VARI,A/I,IVORY	 $808.45 
11046339000A	CAMR,0.33IN,DAY/NIGHT,STD-RES,2.6-6.0MM,VARI,A/I,BLK	 $764.60 
11046339000B	CAMR,0.33IN,DAY/NIGHT,STD-RES,2.6-6.0MM,VARI,A/I,IVORY	 $764.60 
11046333000A	CAMR,0.33IN,DAY/NIGHT,STD-RES,2.6-6.0MM,VARI,A/I,WHT	 $572.77 
11046335000A	CAMR,0.33IN,DAY/NIGHT,STD-RES,2.6-6.0MM,VARI,A/I,WHT	 $616.62 
11046337000A	CAMR,0.33IN,DAY/NIGHT,STD-RES,4.0-9.0MM,VARI,A/I,IVORY	 $764.60 
11046334000A	CAMR,0.33IN,DAY/NIGHT,STD-RES,4.0-9.0MM,VARI,A/I,WHT	 $572.77 
11046336000A	CAMR,0.33IN,DAY/NIGHT,STD-RES,4.0-9.0MM,VARI,A/I,WHT	 $644.02 
11046351000A	CAMR,0.33IN,HI-RES,2.6-6.0MM,VARI,A/I	 $523.03 
11046352000A	CAMR,0.33IN,HI-RES,4.0-9.0MM,VARI,A/I	 $517.96 
19055579000A	CAMR,0.33IN,HI-RES,B&W,570TVL,0.04 LUX,12VDC/24VAC	 $371.12 
19055578000A	CAMR,0.33IN,HI-RES,B&W,570TVL,0.07 LUX,12VDC/24VAC	 $333.33 
19059432000A	CAMR,0.33IN,HI-RES,CLR,480TVL	 $661.83 
19055569000A	CAMR,0.33IN,HI-RES,CLR,480TVL,0.07 LUX,12VDC/24VAC	 $403.56 
19048594000B	CAMR,0.33IN,HI-RES,CLR,540TVL,COMPACT BODY,12/24V	 $459.08 
19058843000B	CAMR,0.33IN,HI-RES,DAY/NIGHT,6.0MM,A/I,BULLET STYLE,49 IR LEDS	 $534.40 
11046353000A	CAMR,0.33IN,LOW LUX,3.6MM,FXD,WEATHERPROOF,FLUSH/SURF MT,12VDC	 $260.35 
11046349000A	CAMR,0.33IN,STD-RES,2.6-6.0MM,VARI,A/I	 $479.59 
11046350000A	CAMR,0.33IN,STD-RES,4.0-9.0MM,VARI,A/I	 $479.59 
19055580000A	CAMR,0.33IN,STD-RES,B&W,380TVL,0.06 LUX,12VDC/24VAC	 $127.43 
19059380000A	CAMR,0.50IN,HI-RES,B&W,COMPACT CUBE SIZE,12/24V	 $650.87 
39016910000B	CAMR,0.50IN,HI-RES,CLR,540TVL,12/24V	 $1,013.99 
ULKO10000000	CAMR,AMPIFIER LINE	 $313.08 
19048737000A	CAMR,ANTI-VANDAL DOME	 $952.57 
ULKO1242CPUA	CAMR,B & W,0.33 IN,SRVLNC SYS	 $740.75 
39014177000B	CAMR,B&W,0.33IN,12VDC,CCIR	 $142.51 
39014177000D	CAMR,B&W,0.33IN,230VAC,CCIR	 $169.91 
39014177000C	CAMR,B&W,0.33IN,24VAC,CCIR	 $169.91 
CHMC10000000	CAMR,B&W,0.33IN,CS-MT,12VDC/24VAC	 $189.10 
39014175000B	CAMR,B&W,0.33IN,HI-RES,12VDC,CCIR	 $243.91 
39014175000D	CAMR,B&W,0.33IN,HI-RES,230VAC,CCIR	 $252.13 
39014175000C	CAMR,B&W,0.33IN,HI-RES,24VAC,CCIR	 $252.13 
ULKB4P36EN00	CAMR,B&W,0.33IN,STD RES,W/3.6MM PINHOLE LENS & ENCL,EIA	 $178.46 
CHBCR4241100	CAMR,B&W,0.33IN,W/BLC,380 LINES	 $224.72 
39014201000A	CAMR,B&W,DOME,3.6MM,PAL	 $232.95 
39014205000A	CAMR,B&W,DOME,3.6MM,PAL	 $172.66 
39014209000A	CAMR,B&W,DOME,4-9MM,A/I,PAL	 $408.34 
39014213000A	CAMR,B&W,DOME,4-9MM,A/I,PAL	 $348.05 
CHFC62EX0000	CAMR,B&W,HIGH SENSITIVITY,0.01 LUX@F0.8	 $353.53 
19058294000A	CAMR,B&W,HI-RES,12VDC/24VAC	 $337.09 
CHLCHE36A000	CAMR,B&W,HI-RES,3.6MM,A/I,VARIF	 $430.26 
39014199000A	CAMR,B&W,HI-RES,DOME,3.6MM,PAL	 $309.68 
39014203000A	CAMR,B&W,HI-RES,DOME,3.6MM,PAL	 $252.13 
39014207000A	CAMR,B&W,HI-RES,DOME,4-9MM,A/I,PAL	 $485.07 
39014211000A	CAMR,B&W,HI-RES,DOME,4-9MM,A/I,PAL	 $427.52 
ULKD5K000800	CAMR,B&W,NO LENS	 $274.05 
19058295000A	CAMR,B&W,STD-RES,12VDC/24VAC	 $197.32 
CHCECEV48A00	CAMR,B&W,WTHPRF,W/4-8MM A/I LENS	 $819.41 
19048641000A	CAMR,B&W/CLR,0.33 IN,CCD	 $997.49 
ULKB4P36BN00	CAMR,BD,0.33IN,B&W,W/3.6MM PINHOLE,EIA	 $109.62 
ULBC710W8000	CAMR,BD,1/3IN,CLR,330TVL,12VDC,W/8.0MM LENS	 $612.17 
ULB161900000	CAMR,BD,ACCESSORIES,16.0MM,F1.9 LENS	 $95.04 
ULB251900000	CAMR,BD,ACCESSORIES,2.5MM,F1.9 LENS	 $111.82 
ULB363500000	CAMR,BD,ACCESSORIES,3.6MM,F3.5 LENS	 $67.09 
ULB604000000	CAMR,BD,ACCESSORIES,6.0MM,F3.5 LENS	 $95.04 
ULB803500000	CAMR,BD,ACCESSORIES,8.0MM,F1.9 LENS	 $95.04 
ULKB4T16BN00	CAMR,BD,B&W,0.33IN,STD RES,W/16MM LENS,EIA	 $134.29 
ULKB4W24BN00	CAMR,BD,B&W,0.33IN,STD RES,W/2.45MM LENS,EIA	 $134.29 
ULKB4T25BN00	CAMR,BD,B&W,0.33IN,STD RES,W/25MM LENS,EIA	 $163.06 
ULKB4W36BN00	CAMR,BD,B&W,0.33IN,STD RES,W/3.6MM LENS,EIA	 $108.25 
ULKB4S06BN00	CAMR,BD,B&W,0.33IN,STD RES,W/6MM LENS,EIA	 $134.29 
ULKB4S08BN00	CAMR,BD,B&W,0.33IN,STD RES,W/8MM LENS,EIA	 $134.29 
ULKB4000BN00	CAMR,BD,B&W,0.33IN,STD RES,W/O LENS,EIA	 $108.25 
CHMMH112L380	CAMR,BD,HI-RES,B&W,0.25IN,3.8MM,FXD LENS	 $216.50 
CHMMH112L600	CAMR,BD,HI-RES,B&W,0.25IN,6.0MM,FXD LENS	 $216.50 
CHCMH112L600	CAMR,BD,HI-RES,CLR,0.25IN,6.0MM,FXD LENS	 $353.53 
ULKB5T16BN00	CAMR,BD,STD RES,0.33IN,CLR,W/16MM LENS,NTSC	 $298.72 
ULKB5T25BN00	CAMR,BD,STD RES,0.33IN,CLR,W/25MM LENS,NTSC	 $298.72 
ULKB5S06BN00	CAMR,BD,STD RES,0.33IN,CLR,W/6MM PINHOLE LENS,NTSC	 $298.72 
ULKB5S08BN00	CAMR,BD,STD RES,0.33IN,CLR,W/8MM LENS,NTSC	 $298.72 
ULKB5W24BN00	CAMR,BD,STD RES,0.33IN,W/2.45MM LENS,NTSC	 $298.72 
ULKB5P36BN00	CAMR,BD,STD RES,0.33IN,W/3.6MM PINHOLE LENS,NTSC	 $298.72 
ULKB5C00BN00	CAMR,BD,STD RES,0.33IN,W/C/CS LENS MT,NTSC	 $298.72 
ULKB5000BN00	CAMR,BD,STD RES,W/O LENS,CLR,0.33IN,NTSC	 $298.72 
CHMM112L3800	CAMR,BD,STD,B&W,0.25IN,3.8MM,FXD LENS	 $161.69 
CHMM112L6000	CAMR,BD,STD,B&W,0.25IN,6.0MM FXD LENS	 $161.69 
CHCM112L2500	CAMR,BD,STD,CLR,0.25IN,2.5MM,FXD LENS	 $216.50 
CHCM112L6000	CAMR,BD,STD,CLR,0.25IN,6.0MM,FXD LENS	 $243.91 
11046816000A	CAMR,BULLET,0.33IN,IR,DAY/NIGHT,380TVL,6.0MM,DRK GREY,12VDC,WEATHERPROOF	 $270.98 
11046815000A	CAMR,BULLET,0.33IN,IR,DAY/NIGHT,380TVL,SILVER,12VDC,WEATHERPROOF	 $213.24 
11046818000A	CAMR,BULLET,0.33IN,IR,DAY/NIGHT,530TVL,4.3MM,DRK GREY,12VDC	 $270.98 
11046819000A	CAMR,BULLET,0.33IN,IR,DAY/NIGHT,530TVL,4.3MM,SILVER,12VDC,WEATHERPROOF	 $270.98 
11046820000A	CAMR,BULLET,0.33IN,IR,DAY/NIGHT,530TVL,4.3MM,WHT,12VDC,WEATHERPROOF	 $270.98 
ULCA40BMN000	CAMR,BULLET,B&W,3.6MM,WEATHERPROOF	 $142.51 
39016965000A	CAMR,BULLET,B&W,STD-RES,12MM,WALL/CEILING MT	 $375.17 
39016965000B	CAMR,BULLET,B&W,STD-RES,2.9MM,WALL/CEILING MT	 $665.17 
39016965000E	CAMR,BULLET,B&W,STD-RES,8MM,WALL/CEILING MT	 $375.17 
39016963000A	CAMR,BULLET,CLR,HI-RES,12MM,A/I,WALL/CEILING MT	 $736.16 
39016963000C	CAMR,BULLET,CLR,HI-RES,6MM,A/I,WALL/CEILING MT	 $736.16 
39016963000E	CAMR,BULLET,CLR,HI-RES,8MM,A/I,WALL/CEILING MT	 $736.16 
39016962000A	CAMR,BULLET,CLR,STD-RES,12MM,A/I,WALL/CEILING MT	 $588.11 
39016962000B	CAMR,BULLET,CLR,STD-RES,2.9MM,A/I,WALL/CEILING MT	 $531.32 
39016962000C	CAMR,BULLET,CLR,STD-RES,6MM,A/I,WALL/CEILING MT	 $588.11 
19048622000A	CAMR,BULLLET,CLR,HRES,3.6MM,W/MTG BRKT	 $353.53 
CHLCN24A0000	CAMR,CLR,0.25IN,W/INTEGRATED 2-4MM,A/I LENS	 $559.06 
CHLCN49A0000	CAMR,CLR,0.25IN,W/INTEGRATED 4-9MM,A/I LENS	 $559.06 
ULKO1442CCPA	CAMR,CLR,0.33 IN, SRVLNC SYS	 $1,425.61 
ULKO1442CCPB	CAMR,CLR,0.33 IN,SRVLNC SYS	 $1,425.61 
39014176000B	CAMR,CLR,0.33IN,12VDC,PAL	 $309.68 
39014176000D	CAMR,CLR,0.33IN,230VAC,PAL	 $260.35 
ULKD720BCN00	CAMR,CLR,0.33IN,470TVL,0.8LUX	 $682.39 
19057500000A	CAMR,CLR,0.33IN,480TVL	 $912.59 
41020835000A	CAMR,CLR,0.33IN,HI-RES,2.6MM,FXD,BULLET TYPE,NTSC,W/ATM BRKT	 $298.72 
41020836000X	CAMR,CLR,0.33IN,HI-RES,2.6MM,FXD,BULLET TYPE,PAL,W/ATM BRKT	 $298.72 
19064160000A	CAMR,CLR,0.33IN,HI-RES,4.0-9.0MM,INDR/OUTDR,BULLET,480TVL,12/24V	 $510.81 
CHYCH3000000	CAMR,CLR,0.33IN,HI-RES,HIGH SENSITIVITY MODE	 $589.21 
19070556000A	CAMR,CLR,BULLET,600TVL,2.8-12.0MM,VARI,NO LEDS	 $602.91 
19070555000A	CAMR,CLR,BULLET,600TVL,5.0-50.0MM,VARI,NO LEDS	 $753.64 
ULRCAM000000	CAMR,CLR,DIG,RMT,BADGING,SYSTEM	 $2,055.38 
ULRCAZ000000	CAMR,CLR,DIG,RMT,BADGING,W/ZOOM,SYS	 $2,877.53 
39014212000A	CAMR,CLR,DSP,4-9MM,A/I,PAL	 $523.44 
39014200000A	CAMR,CLR,DSP,DOME,3.6MM,PAL	 $405.59 
39014204000A	CAMR,CLR,DSP,DOME,3.6MM,PAL	 $348.05 
19048319000A	CAMR,CLR,HEIGHT STRIP,BLK HSG	 $598.53 
19048318000A	CAMR,CLR,HEIGHT STRIP,SILVER HSG	 $555.66 
39014174000B	CAMR,CLR,HI-RES,0.33IN,12VAC,PAL	 $402.86 
39014174000D	CAMR,CLR,HI-RES,0.33IN,230VAC,PAL	 $424.78 
19048347000A	CAMR,CLR,HI-RES,3-6MM,A/I,W/O ENCL	 $532.03 
19057501000A	CAMR,CLR,MINI,FXD,DAY/NIGHT	 $1,123.61 
ULKD5K000100	CAMR,CLR,NO LENS	 $455.81 
19057482000A	CAMR,CLR,VARIFOCAL,W/HSG,VANDAL RESISTANT	 $545.36 
19057503000A	CAMR,CLR,WATERPROOF/BULLETPROOF,DAY/NIGHT	 $365.45 
ULCSC20AMN00	CAMR,COVERT,0.33 IN,CCD,B&W,380 TVL,0.1 LUX,W/AUD	 $545.09 
UL4700752020	CAMR,CS-MT,B&W,HI-RES	 $526.18 
UL4707751020	CAMR,CS-MT,B&W,STD RES	 $309.68 
UL4700753020	CAMR,CS-MT,CLR,STD RES	 $802.88 
ULB141000000	CAMR,DIG,REMOTE,W/ZOOM LENS	 $2,877.53 
ULKD5D4012A0	CAMR,DOME,0.50 IN,CLEAR,A/I	 $947.61 
ULKD5D4021A0	CAMR,DOME,0.50 IN,CLEAR,A/I	 $1,171.23 
ULKD5D4022A0	CAMR,DOME,0.50 IN,CLEAR,A/I	 $947.61 
ULKD5D4112A0	CAMR,DOME,0.50 IN,SMKD,A/I	 $853.72 
ULKD5D4121A0	CAMR,DOME,0.50 IN,SMKD,A/I	 $1,171.23 
ULKD5D4122A0	CAMR,DOME,0.50 IN,SMKD,A/I	 $947.61 
ULKD5H401110	CAMR,DOME,5IN,CLEAR	 $1,059.42 
ULKD5H4011E0	CAMR,DOME,5IN,CLEAR	 $1,171.23 
ULKD5H401210	CAMR,DOME,5IN,CLEAR	 $787.95 
ULKD5H4012E0	CAMR,DOME,5IN,CLEAR	 $947.61 
ULKD5H402110	CAMR,DOME,5IN,CLEAR	 $1,059.42 
ULKD5H4021E0	CAMR,DOME,5IN,CLEAR	 $1,171.23 
ULKD5H402210	CAMR,DOME,5IN,CLEAR	 $835.79 
ULKD5H4022E0	CAMR,DOME,5IN,CLEAR	 $947.61 
ULKD5S4013E0	CAMR,DOME,5IN,CLEAR,STD RES	 $1,003.52 
ULKD5S4014E0	CAMR,DOME,5IN,CLEAR,STD RES	 $656.90 
ULKD5S402310	CAMR,DOME,5IN,CLEAR,STD RES	 $891.70 
ULKD5S4023E0	CAMR,DOME,5IN,CLEAR,STD RES	 $1,003.52 
ULKD5S402410	CAMR,DOME,5IN,CLEAR,STD RES	 $545.09 
ULKD5S4024E0	CAMR,DOME,5IN,CLEAR,STD RES	 $656.90 
ULKD5H4121E0	CAMR,DOME,5IN,SMKD	 $1,171.23 
ULKD5H4122E0	CAMR,DOME,5IN,SMKD	 $947.61 
ULKD5S4123E0	CAMR,DOME,5IN,SMKD,STD RES	 $1,003.52 
ULKD5S412410	CAMR,DOME,5IN,SMKD,STD RES	 $545.09 
ULKD5S4124E0	CAMR,DOME,5IN,SMKD,STD RES	 $656.90 
ULKD5N401000	CAMR,DOME,5IN,SMKD,W/O CAMR&LENS	 $164.93 
ULKD5N402000	CAMR,DOME,5IN,SMKD,W/O CAMR&LENS	 $164.93 
39014163000B	CAMR,DOME,B&W,2.5-6MM,A/I,12VAC,PAL	 $460.40 
39014167000A	CAMR,DOME,B&W,2.5-6MM,A/I,12VDC,PAL	 $380.93 
39014163000A	CAMR,DOME,B&W,2.5-6MM,A/I,24VAC,PAL	 $517.96 
39014165000A	CAMR,DOME,B&W,2.5-6MM,A/I,24VAC,PAL	 $441.23 
39014171000B	CAMR,DOME,B&W,3.5-8MM,MAN IRIS,12VAC,PAL	 $309.68 
39014171000A	CAMR,DOME,B&W,3.5-8MM,MAN IRIS,24VAC,PAL	 $369.97 
39014162000B	CAMR,DOME,CLR,2.5-6MM,A/I,12VDC,PAL	 $633.06 
39014162000A	CAMR,DOME,CLR,2.5-6MM,A/I,24VAC,PAL	 $693.35 
39014164000A	CAMR,DOME,CLR,2.5-6MM,A/I,24VAC,PAL	 $613.87 
39014170000B	CAMR,DOME,CLR,3.5-8MM,MAN IRIS,12VAC,PAL	 $485.07 
39014170000A	CAMR,DOME,CLR,3.5-8MM,MAN IRIS,24VAC,PAL	 $542.62 
39014210000A	CAMR,DOME,CLR,4-9MM,A/I,PAL	 $600.17 
39014202000A	CAMR,DOME,CLR,HIGH-RES,3.6MM,PAL	 $424.78 
39014206000A	CAMR,DOME,CLR,HIGH-RES,4-9MM,A/I,PAL	 $660.47 
39014198000A	CAMR,DOME,CLR,HIGH-RES,4-9MM,PAL	 $485.07 
ULVK44D36C00	CAMR,DOME,ENCL,SURFACE,B&W,3.6MM,24VAC	 $435.74 
39014173000A	CAMR,DOME,HI-RES,B&W,3.5-8MM,MAN IRIS,12VDC,PAL	 $389.15 
39014172000A	CAMR,DOME,HI-RES,CLR,3.5-8,MAN IRIS,12VDC,PAL	 $561.81 
39014168000A	CAMR,DOME,HI-RES,CLR,3.5-8MM,MAN IRIS,24VAC,PAL	 $622.10 
ULKD5NB12000	CAMR,ENCL,DOME,PENDANT,5IN,SMKD/BLK,W/O LENS	 $332.64 
ULVK44D08C00	CAMR,ENCL,DOME,SURFACE,B&W,8.0MM,24VAC	 $435.74 
ULVK44R36C00	CAMR,ENCL,DOME,W/CAMR,B&W,3.6MM,24VAC	 $435.74 
ULVK44R08C00	CAMR,ENCL,DOME,W/CAMR,B&W,8.0MM,24VAC	 $435.74 
ULKD5H501110	CAMR,ENCL,FLAT,5IN,CLEAR,HI-RES,CLR	 $1,059.42 
ULKD5H502110	CAMR,ENCL,FLAT,5IN,CLEAR,HI-RES,CLR	 $1,059.42 
ULKD5S501310	CAMR,ENCL,FLAT,5IN,CLEAR,STD RES,CLR	 $891.70 
ULKD5S502310	CAMR,ENCL,FLAT,5IN,CLEAR,STD RES,CLR	 $891.70 
ULKD5H511110	CAMR,ENCL,FLAT,5IN,SMKD,HI-RES,CLR	 $1,059.42 
ULKD5H512110	CAMR,ENCL,FLAT,5IN,SMKD,HI-RES,CLR	 $1,059.42 
ULKD5S512310	CAMR,ENCL,FLAT,5IN,SMKD,STD RES,CLR	 $891.70 
ULKD5DB022A0	CAMR,ENCL,PENDANT,0.50 IN,CLEAR,HI-RES,B&W	 $1,087.37 
ULKD5DB021A0	CAMR,ENCL,PENDANT,0.50 IN,CLEAR,HI-RES,CLR	 $1,338.95 
ULKD5DB122A0	CAMR,ENCL,PENDANT,0.50 IN,SMKD,HI-RES,B&W	 $1,087.37 
ULKD5DB121A0	CAMR,ENCL,PENDANT,0.50 IN,SMKD,HI-RES,CLR	 $1,312.70 
ULKD5HB02210	CAMR,ENCL,PENDANT,5IN,CLEAR,HI-RES,B&W	 $1,031.47 
ULKD5HB02110	CAMR,ENCL,PENDANT,5IN,CLEAR,HI-RES,CLR	 $1,199.19 
ULKD5SB02410	CAMR,ENCL,PENDANT,5IN,CLEAR,STD RES,B&W	 $751.94 
ULKD5SB02310	CAMR,ENCL,PENDANT,5IN,CLEAR,STD RES,CLR	 $1,031.47 
ULKD5NB01000	CAMR,ENCL,PENDANT,5IN,CLEAR,W/O CAMR&LENS	 $332.64 
ULKD5NB02000	CAMR,ENCL,PENDANT,5IN,CLEAR,W/O CAMR&LENS	 $332.64 
ULKD5NB11000	CAMR,ENCL,PENDANT,5IN,SMKD,W/O CAMR&LENS	 $332.64 
ULS9PCXT0000	CAMR,ENCL,PKG,CLEAR,9IN,W/LINER	 $4,875.02 
ULS9PCXTL000	CAMR,ENCL,PKG,CLEAR,9IN,W/LINER,HTR,BLWR	 $5,213.25 
ULS9PCDT0000	CAMR,ENCL,PKG,CLEAR,D/C,9 INCH,W/LINER	 $4,500.45 
ULS9PCST0000	CAMR,ENCL,PKG,CLEAR,PENDANT,W/LINER	 $4,710.10 
ULS9PCDS0000	CAMR,ENCL,PKG,SMOKED,D/C,9 INCH	 $4,332.74 
ULS9PCSS0000	CAMR,ENCL,PKG,SMOKED,PENDANT	 $4,542.38 
ULKD6QD2N100	CAMR,ENCL,PKG,W/HTR/BLO CLR,SMOKE,W/WHT TRIM	 $4,682.14 
ULKD6SDAN100	CAMR,ENCL,PKG,W/PLUG-IN PWR SPLY,1/2 GOLD,W/BLK	 $4,458.52 
ULKD6QP4N100	CAMR,ENCL,PKG,W/PLUG-IN PWR SPLY,CLEAR,W/BLK TRIM	 $4,891.80 
ULKD6SD4N100	CAMR,ENCL,PKG,W/PLUG-IN PWR SPLY,CLEAR,W/BLK TRIM	 $4,332.74 
ULKD6QD4N100	CAMR,ENCL,PKG,W/PLUG-IN PWR SPLY,CLR,W/BLK TRIM	 $4,682.14 
ULKD6QD5N100	CAMR,ENCL,PKG,W/PLUG-IN PWR SPLY,CLR,W/WHT TRIM	 $4,682.14 
ULKD6SD5N100	CAMR,ENCL,PKG,W/PLUG-IN PWR SPLY,CLR,W/WHT TRIM	 $4,332.74 
ULKD6QP2N100	CAMR,ENCL,PKG,W/PLUG-IN PWR SPLY,SMOKE,W/WHT TRIM	 $3,973.73 
ULKD6QDAN100	CAMR,ENCL,PKG,W/PLUG-IN PWR SPLY,W/BLK TRIM	 $4,807.94 
ULKD6QP1N100	CAMR,ENCL,PKG,W/PLUG-IN PWR SPLY,W/BLK TRIM	 $4,891.80 
ULKD6QP5N100	CAMR,ENCL,PKG,W/PLUG-IN,PWR SPLY,CLR,WWHT TRIM	 $4,891.80 
19049165000B	CAMR,HANDHELD,THERMAL IMAGING,20MM LENS,TEMP OUTPUT	 $34,437.12 
19058299000A	CAMR,HI-RES,TRUE DAY/NIGHT,W/IR CUT FILTER & RS485,12/24V	 $718.01 
19058298000A	CAMR,HI-RES,TRUE DAY/NIGHT,W/IR CUT FILTER,12/24V	 $624.83 
19049216000A	CAMR,IP,2-CHAN,0.25IN,HI-RES,CLR,12V/24V/120V	 $1,562.09 
19063632000A	CAMR,IP,MINI DOME,NTSC,DAY TO NIGHT,VANDAL RESISTANT	 $1,274.34 
19041960000A	CAMR,LENS,MNL IRIS,3.5-8MM	 $92.61 
CHEX15CS0000	CAMR,MT,1.5X EXTNDR,CS MT	 $104.14 
CHEX2CS00000	CAMR,MT,2X EXTNDR,CS MT	 $123.33 
ULKB5T16EN00	CAMR,STD RES,0.33IN,CLR,W/16MM LENS & ENCL,NTSC	 $369.97 
ULKB5T25EN00	CAMR,STD RES,0.33IN,CLR,W/25MM LENS & ENCL,NTSC	 $369.97 
ULKB5S06EN00	CAMR,STD RES,0.33IN,CLR,W/6MM LENS & ENCL,NTSC	 $369.97 
ULKB5S08EN00	CAMR,STD RES,0.33IN,CLR,W/8MM LENS & ENCL,NTSC	 $355.17 
19058297000A	CAMR,STD-RES,DAY/NIGHT,12VDC/24VAC	 $364.49 
19047974000A	CAMR,STD-RES,DAY/NIGHT,6.0MM,FXD LENS,12VDC	 $731.72 
19058648000A	CAMR,TRACK LIGHT STYLE,B&W,2.8-10MM,A/I,INDOOR/OUTDOOR,ALUM HSG	 $572.77 
19058651000A	CAMR,TRACK LIGHT STYLE,HI-RES,DAY/NIGHT,3-9MM,A/I,INDOOR/OUTDOOR,ALUM HSG	 $737.20 
ULBC730W1600	CAMR,VID,1/3IN,BD,CLR,330TVL,12VDC,W/16MM LENS	 $612.17 
ULBC730W2500	CAMR,VID,1/3IN,BD,CLR,330TVL,12VDC,W/25MM LENS	 $612.17 
ULBC73000000	CAMR,VID,1/3IN,BD,CLR,330TVL,12VDC,W/5.6MM LENS	 $572.77 
ULBC730W8000	CAMR,VID,1/3IN,BD,CLR,330TVL,12VDC,W/8.0MM LENS	 $584.22 
31019540000A	CAMR,VID,B/W,HI-RES,W/MOTION DETECTOR	 $1,027.69 
31019538000A	CAMR,VID,B/W,LOW COST	 $254.87 
31019541000A	CAMR,VID,COLOR,W/RS485	 $1,507.28 
19059255000A	CAMR,VID,DIG,HI-SPEED,USB	 $330.92 
39014051000A	CAMR,VID,HI-RES,B&W	 $177.30 
11044420000A	CAMR,VID,IR,OUTDR,W/3-9MM LENS,A/I,480TVL,12VDC/24VAC	 $490.55 
29015690000A	CAMR/HSG KIT,DAY-NIGHT,HI-RES,2.8-10MM,MT,24VAC	 $1,274.34 
29015692000A	CAMR/HSG KIT,DAY-NIGHT,HI-RES,5-50MM,MT,SUNSHIELD,24VAC	 $1,699.11 
29015681000A	CAMR/HSG KIT,INDOOR,HI-RES,B&W,2.8-10MM,MT,24VAC	 $781.05 
29015687000A	CAMR/HSG KIT,INDOOR,HI-RES,CLR,2.8-10MM,MT,24VAC	 $904.37 
29015684000A	CAMR/HSG KIT,INDOOR,STD-RES,CLR,2.8-10MM,MT,24VAC	 $808.45 
29015682000A	CAMR/HSG KIT,OUTDOOR,HI-RES,B&W,2.8-10MM,MT,SUNSHIELD,24VAC	 $1,000.29 
29015683000A	CAMR/HSG KIT,OUTDOOR,HI-RES,B&W,5-50MM,MT,SUNSHIELD,24VAC	 $1,123.61 
29015680000A	CAMR/HSG KIT,OUTDOOR,STD-RES,B&W,5-50MM,MT,SUNSHIELD,24VAC	 $986.58 
29015686000A	CAMR/HSG KIT,OUTDOOR,STD-RES,CLR,5-50MM,MT,SUNSHIELD,24VAC	 $1,151.01 
11003362L000	CAMS	 $21.67 
39009204000A	CAN STOP,DVRT	 $17.83 
MSN51390000A	CAN, OIL *MCMASTER-CARR #1037K	 $27.10 
TP799102IB05	CANADIAN FRENCH/1062 FL OPERAT	 $20.86 
TP799424IB05	CANADIAN FRENCH/1062 INSTAL IN	 $4.99 
BRP00999000A	CANISTER TOP ASSEMBLY C/W FLAP	 $0.05 
190142640XXB	CANOPY (REWORKED) BACK	 $84.96 
190142640XXA	CANOPY (REWORKED) FRONT	 $84.96 
49254446XMQB	CANOPY,FASCIA,TTW	 $22.50 
49254446XXXB	CANOPY,FASCIA,TTW	 $22.50 
00051991000G	CANVAS COIN BAG 9X15X5 200/CTN	 $2.81 
8000G018000B	CAP -.1MF-100V-10%************	 $1.03 